{"type": "FeatureCollection", "features": [{"type": "Feature", "geometry": {"type": "MultiPolygon", "coordinates": [[[[85.06346209043963, 27.856080303884223], [85.0632590640174, 27.856077452914114], [85.06325585610654, 27.85625789907419], [85.06345888286455, 27.856260750065942], [85.06346209043963, 27.856080303884223]]], [[[85.11171753079716, 27.860539820301664], [85.11151449033265, 27.860537039936112], [85.11151136173177, 27.860717491075558], [85.11171440253217, 27.860720271462213], [85.11171753079716, 27.860539820301664]]], [[[85.1526819705909, 27.935819792422617], [85.15267890043893, 27.936000245837015], [85.1528820865739, 27.936002972359514], [85.15287594685911, 27.936363879214476], [85.15307913369695, 27.936366605478717], [85.15307606413414, 27.936547058919295], [85.15327925133765, 27.936549784904617], [85.15327618208362, 27.93673023836079], [85.15367948864238, 27.936916142966453], [85.15367335134114, 27.937277049936178], [85.15387653997887, 27.937279775105367], [85.15387347162286, 27.937460228603307], [85.15407666062625, 27.937462953493558], [85.15407359257907, 27.937643407007098], [85.1542767819481, 27.937646131618404], [85.15427371420976, 27.937826585147533], [85.15447690394447, 27.9378293094799], [85.15467395949466, 27.938192940638356], [85.15508034045513, 27.938198387887685], [85.15507727398058, 27.938378841484223], [85.15528046484069, 27.93838156468012], [85.15527739867498, 27.938562018292238], [85.15548058990075, 27.938564741209177], [85.15547752404393, 27.93874519483688], [85.15568071563536, 27.938747917474846], [85.15587777680541, 27.939111547135976], [85.15668748234836, 27.939302887394682], [85.15647816100677, 27.939661073609066], [85.15668135442651, 27.939663794852102], [85.15667829042303, 27.93984424857325], [85.15708161466492, 27.94003014395904], [85.15707548786524, 27.940391051458565], [85.15727868271927, 27.940393771885187], [85.15727255648068, 27.94075467940576], [85.15747575203768, 27.940757399573975], [85.15726643012863, 27.941115586906168], [85.15767282262023, 27.94112102702537], [85.15766976007627, 27.941301480809216], [85.15746656347898, 27.94129876087883], [85.15746043763134, 27.9416596683902], [85.15766363490327, 27.941662388361788], [85.15745431167024, 27.9420205758814], [85.15786070759174, 27.942026015607336], [85.15785152046129, 27.942567376929922], [85.15764832147437, 27.942564657154985], [85.15763607022068, 27.943286472098805], [85.15783927055698, 27.94328919195614], [85.15783620801, 27.94346964570009], [85.158039408712, 27.943472365278364], [85.15823648561272, 27.943835992112145], [85.15925249306342, 27.943849584216256], [85.15924943279285, 27.94403003808921], [85.1596588962421, 27.943855018960267], [85.15964665768874, 27.94457683458647], [85.15984986067005, 27.944579551591282], [85.15983456352768, 27.945481821113507], [85.16003776822421, 27.94548453792152], [85.16002859061096, 27.94602589963609], [85.16043194352713, 27.946211786412405], [85.16042582626957, 27.946572694269115], [85.16022261949199, 27.94656997793705], [85.16021956048331, 27.946750431837273], [85.16042276759832, 27.946753148189902], [85.16041665017082, 27.947114056016375], [85.16061985798896, 27.947116772110448], [85.16061679957014, 27.94729722603669], [85.16082000775404, 27.947299941851618], [85.16081694964431, 27.947480395793384], [85.16122030930872, 27.947666280543096], [85.16121419429737, 27.948027188483678], [85.16141740391593, 27.948029903481718], [85.16141434670521, 27.948210357465015], [85.16121113674923, 27.948207642446413], [85.16120807917277, 27.9483880964041], [85.1614112894662, 27.948390811443257], [85.16140211757927, 27.948932173347764], [85.16160532891334, 27.948934888148877], [85.16160227189852, 27.949115342127513], [85.161399060227, 27.949112627305844], [85.16139294543751, 27.9494735352069], [85.1617963133964, 27.94965941861681], [85.16177797222818, 27.950742142415418], [85.16198118699351, 27.950744856822602], [85.16197813037054, 27.95092531079196], [85.16177491526773, 27.95092259636422], [85.1617688012619, 27.951283504246682], [85.1619720170397, 27.95128621871553], [85.16196590359561, 27.951647126618937], [85.16176268714284, 27.951644412108983], [85.16175963004083, 27.951824866032574], [85.16196284683112, 27.951827580563084], [85.16195367636777, 27.952368942365265], [85.16215689419887, 27.952371656657665], [85.16215383765865, 27.952552110602202], [85.16195061949004, 27.952549396289253], [85.16194450564967, 27.9529103041221], [85.16174128683434, 27.952907589468268], [85.16171988513858, 27.954170766580543], [85.16151666398886, 27.954168051483038], [85.16151360615297, 27.954348505315505], [85.16171682764022, 27.95435122043356], [85.16150137452622, 27.955070320594942], [85.16170459736367, 27.955073035795223], [85.16169542435897, 27.955614397263542], [85.16189864823741, 27.95561711222569], [85.1618925334345, 27.95597801988714], [85.16168930888091, 27.955975304883882], [85.1616831932896, 27.956336212484057], [85.16127368440381, 27.95651123524727], [85.16126756729227, 27.95687214273496], [85.1616740196903, 27.956877573846505], [85.16167707758504, 27.956697120064067], [85.16188030348893, 27.956699835149543], [85.16188336101779, 27.9565193813415], [85.16208658661242, 27.956522096106607], [85.16208964377539, 27.956341642272974], [85.16229286906074, 27.956344356717697], [85.1625022072651, 27.955986163098007], [85.16290865662704, 27.955991590406175], [85.16290560087097, 27.956172044332078], [85.16310882593196, 27.956174757556976], [85.16310271501011, 27.95653566543474], [85.16330594077453, 27.956538378400904], [85.16330288560876, 27.956718832352763], [85.16309965950676, 27.956716119366067], [85.16309354841515, 27.95707702721359], [85.16329677519234, 27.95707974024137], [85.16329371994168, 27.9572601941781], [85.16349694708477, 27.95726290692659], [85.16349389214342, 27.957443360878827], [85.16369711965237, 27.957446073348006], [85.16389423857247, 27.957809693488848], [85.16450392337947, 27.95781782832104], [85.1645008700413, 27.95799828236081], [85.1649073273959, 27.95800370412412], [85.16510445138009, 27.958367322743555], [85.16571413973442, 27.958375452363246], [85.16571108833713, 27.95855590651101], [85.1659143181827, 27.958558615805053], [85.16611144652765, 27.958922233161672], [85.16652095781386, 27.95874719611282], [85.16651790771056, 27.958927650332527], [85.16672113834436, 27.958930358468166], [85.16671808855043, 27.95911081270334], [85.16692131955011, 27.959113520559626], [85.16691827006557, 27.95929397481025], [85.16732168398738, 27.95947984395082], [85.16731558622766, 27.959840752508864], [85.16751881866259, 27.95984345954754], [85.16751577007803, 27.960023913839493], [85.16791918777035, 27.96020978138612], [85.16791309181069, 27.960570690026792], [85.1681163256809, 27.96057339624781], [85.16810413477356, 27.961295213550617], [85.16830737002262, 27.961297919553697], [85.16830127507497, 27.961658828215825], [85.16809803915055, 27.961656122171778], [85.16809499129673, 27.961836576474802], [85.16829822755881, 27.96183928253933], [85.16829213244185, 27.962200191171224], [85.1680888955044, 27.962197485065722], [85.1680858475659, 27.962377939353622], [85.16849232214439, 27.9623833513057], [85.16828298955477, 27.962741554081273], [85.16868641853037, 27.9629274198497], [85.16867727733086, 27.963468782822147], [85.16847403797311, 27.963466077173084], [85.16847099051249, 27.963646531466676], [85.16867423020793, 27.963649237136224], [85.16866813587744, 27.964010145749242], [85.16907461670382, 27.9640155562705], [85.16907157017168, 27.96419601061041], [85.16948109764304, 27.964020965592074], [85.16947805178634, 27.964201419972927], [85.16988453351381, 27.96420682813574], [85.16988148830434, 27.964387282552494], [85.17089769480498, 27.964400797813163], [85.17089465125594, 27.964581252327182], [85.17109789297835, 27.964583954499986], [85.17109484973886, 27.964764409029414], [85.17129809182718, 27.964767110922743], [85.17129504889725, 27.964947565467583], [85.17169849155123, 27.965133422976034], [85.171686322139, 27.96585524124843], [85.17188956633828, 27.96585794236463], [85.17187435562798, 27.96676021519398], [85.1720776015442, 27.966762916112447], [85.1720745596554, 27.96694337068364], [85.17268429858635, 27.966951471700614], [85.1726812576827, 27.96713192632808], [85.1728845043871, 27.967134626087585], [85.17288146379308, 27.967315080730454], [85.17308471086339, 27.96731778021043], [85.17328187804048, 27.967681388742783], [85.17348512584266, 27.967684087663674], [85.17348816547965, 27.967503632969596], [85.17450440322372, 27.967517122972414], [85.17450136527565, 27.967697577768604], [85.17470461324663, 27.96770027488967], [85.17470157560821, 27.967880729701232], [85.17490482394511, 27.967883426542745], [85.17490178661636, 27.96806388136968], [85.17510503531918, 27.96806657793163], [85.17530221065938, 27.968430183913984], [85.17570870955677, 27.968435575619615], [85.17570567349485, 27.96861603051306], [85.17590892332349, 27.968618725936302], [85.17569960128665, 27.968976940284833], [85.17590285179091, 27.968979635748877], [85.17610003135388, 27.96934324074616], [85.17691303646687, 27.96935401856565], [85.17691607061435, 27.969173563569985], [85.17711932162503, 27.969176257254492], [85.17711628781534, 27.969356712270542], [85.17752279059657, 27.969362098780344], [85.17751975743444, 27.96954255383212], [85.17812951283032, 27.969550631408], [85.17813254497902, 27.969370176295087], [85.17853904804103, 27.969375559804945], [85.17853601656796, 27.969556014958606], [85.17893948959238, 27.969741852498576], [85.17894555121529, 27.96938094211482], [85.17914880284451, 27.969383632819767], [85.17915183327607, 27.969203177599965], [85.17935508459553, 27.969205867984556], [85.17935811466121, 27.969025412739356], [85.17976764607069, 27.968850337276884], [85.17977067540464, 27.968669881980894], [85.17916092440235, 27.968661811910348], [85.17916395472169, 27.968481356670395], [85.17896070478149, 27.968478666067277], [85.17917001527614, 27.968120446175387], [85.17876351677502, 27.96811506475062], [85.17876654768577, 27.967934609536297], [85.1789697965845, 27.967937300378303], [85.17897282712937, 27.96775684513857], [85.17938235417671, 27.967581770596436], [85.17938841377506, 27.967220860010332], [85.17918516617134, 27.96721816984973], [85.17918819626621, 27.967037714569486], [85.17898494902833, 27.967035024129274], [85.17898797943292, 27.96685456886436], [85.17878473256087, 27.96685187814455], [85.17878776327518, 27.96667142289496], [85.17858451676896, 27.966668731895556], [85.17858754779299, 27.966488276661295], [85.17838430165259, 27.96648558538231], [85.1783873329863, 27.96630513016338], [85.17818408721175, 27.966302438604803], [85.17818711885515, 27.966121983401216], [85.17778366035662, 27.965936144257068], [85.17778972485411, 27.96557523390621], [85.17758648051479, 27.96557254152928], [85.17758951305917, 27.96539208636668], [85.17738626908567, 27.965389393710186], [85.17738930193971, 27.965208938562924], [85.17718605833205, 27.965206245626867], [85.17718909149575, 27.965025790494956], [85.17698584825392, 27.965023097279342], [85.17698888172727, 27.96484264216278], [85.17678563885126, 27.964839948667624], [85.17678867263426, 27.964659493566405], [85.17658543012406, 27.964656799791697], [85.17638825647462, 27.96429319558108], [85.17517184262546, 27.964096570126284], [85.17517487899785, 27.963916115168107], [85.17476839715707, 27.963910722683096], [85.17477143417679, 27.963730267760692], [85.17436191542873, 27.963905328998393], [85.17436495312391, 27.96372487411682], [85.17416171263964, 27.963722176845], [85.17396454884032, 27.963358569576673], [85.17355806936331, 27.96335317361512], [85.17336090823751, 27.962989565590277], [85.17295139033358, 27.963164622669698], [85.17295443028017, 27.962984167910943], [85.1727511913437, 27.96298146862141], [85.17275423159984, 27.962801013878046], [85.17255099302923, 27.962798314309044], [85.17235383626537, 27.96243470502003], [85.17194431906512, 27.962609759135923], [85.17194736061572, 27.962429304464234], [85.17174412283313, 27.962426603736485], [85.17174716469326, 27.962246149080197], [85.17195040213817, 27.962248849787507], [85.17195952653651, 27.9617074857271], [85.17175629010465, 27.961704785081125], [85.17196560932794, 27.961346576328307], [85.17156217987191, 27.961160720152172], [85.17156826384502, 27.960799810804918], [85.17116483711848, 27.9606139535777], [85.17097377437271, 27.959889433325152], [85.17057035206382, 27.95970357453937], [85.17058252574881, 27.95898175607251], [85.17037929457898, 27.958979053634167], [85.17018215146123, 27.958615441714144], [85.16997892102303, 27.958612738717008], [85.16997587668754, 27.95879319328997], [85.16956941522042, 27.9587877863552], [85.16957246023117, 27.958607331823167], [85.16916904520988, 27.958421469233784], [85.16897799894983, 27.957696946804834], [85.16877477036887, 27.95769424211095], [85.16877781656086, 27.957513787630578], [85.16857458834572, 27.957511082657337], [85.1685776348471, 27.9573306281924], [85.16837440699774, 27.957327922939797], [85.16837745380853, 27.957147468490305], [85.168174226325, 27.957144762958357], [85.16817727344515, 27.9569643085243], [85.16797404632743, 27.956961602712994], [85.16777691474394, 27.95659798780058], [85.16716723567032, 27.95658986779113], [85.16717028439376, 27.956409413444412], [85.16676383249433, 27.95640399864664], [85.16656670597462, 27.956040382212436], [85.16636348077066, 27.95603767410499], [85.16636043075337, 27.956218128379795], [85.16615720524008, 27.95621541995203], [85.16616025559493, 27.95603496569773], [85.16555058023728, 27.956026838677026], [85.16555363157659, 27.95584638447922], [85.16514718215457, 27.95584096500735], [85.16515023414078, 27.955660510845533], [85.16494700980972, 27.95565780068039], [85.16495006210525, 27.955477346534053], [85.16454666714544, 27.95529147123504], [85.16455277294538, 27.954930562999248], [85.16434955004938, 27.954927852016773], [85.16435565641135, 27.954566943801876], [85.16415243421872, 27.954564232560646], [85.16436176266023, 27.954206035566813], [85.16415854114268, 27.954203324366638], [85.16416770131659, 27.95366196203783], [85.16396448083992, 27.953659250599447], [85.16397974891855, 27.952756980053273], [85.1637765301578, 27.952754268417763], [85.16377958402622, 27.95257381431394], [85.16398280244944, 27.952576525928926], [85.16399196287247, 27.95203516352562], [85.16378874546176, 27.952032451972233], [85.16379179921705, 27.951851997848244], [85.16399501629026, 27.951854709381106], [85.164001123041, 27.951493801076957], [85.1637979066428, 27.951491089585165], [85.16380401395543, 27.951130181301917], [85.16400722967866, 27.95113289275265], [85.16401028295508, 27.95095243858294], [85.16380706756932, 27.950949727152732], [85.16381928174214, 27.9502279105056], [85.16402249577797, 27.95023062185368], [85.16403776117043, 27.94932835082872], [85.16383454882194, 27.94932563958329], [85.16383760215307, 27.949145185383703], [85.16424707883137, 27.94897015328811], [85.16425928906047, 27.948248336255002], [85.16405607870838, 27.948245625432463], [85.16405913153243, 27.94806517118211], [85.16385592154606, 27.948062460080386], [85.16386202778418, 27.947701551605636], [85.16365881850096, 27.94769884024525], [85.16386813390922, 27.947340643110717], [85.16366492530084, 27.9473379317914], [85.16366797865837, 27.947157477556914], [85.16326156220128, 27.947152054060226], [85.16327072412871, 27.946610691449738], [85.16306751695483, 27.946607979313452], [85.16307057121148, 27.94642752512041], [85.1628673644033, 27.94642481270496], [85.16287347350654, 27.94606390434485], [85.16247011650864, 27.945878024550506], [85.16247622679172, 27.94551711624234], [85.16267943185635, 27.945519829154456], [85.16268248661807, 27.945339374972264], [85.16247928189084, 27.94533666208069], [85.16248539200417, 27.944975753742277], [85.16208203967312, 27.944789873006606], [85.16209731769358, 27.943887602252655], [85.16189411575023, 27.94388488862644], [85.16190022743504, 27.94352398033068], [85.16169702619472, 27.94352126644591], [85.16170925057412, 27.942799449876134], [85.1615060507115, 27.94279673577392], [85.16132119064518, 27.941711296612876], [85.16091479510948, 27.941705867156923], [85.16092702375386, 27.94098405071449], [85.16072382737774, 27.940981335619313], [85.16072994220465, 27.940620427408977], [85.16052674653149, 27.940617712055303], [85.16053897719472, 27.939895895656434], [85.16033578289904, 27.93989318008541], [85.16033884083134, 27.939712725993658], [85.16013564690128, 27.939710010143582], [85.16013870514256, 27.939529556067367], [85.1597353769295, 27.939343669469423], [85.15974149461952, 27.938982761374078], [85.15893178495733, 27.93879143893717], [85.15873471380473, 27.93842781317297], [85.1583283311482, 27.938422376667702], [85.15833139222657, 27.938241922741426], [85.15812820127809, 27.93823920405999], [85.15813126266536, 27.938058750149267], [85.15792807208251, 27.93805603118884], [85.15793113377869, 27.93787557729367], [85.15752781571486, 27.937689684656227], [85.15753394031444, 27.93732877692307], [85.15733075116566, 27.93732605714628], [85.15733687632627, 27.93696514943416], [85.15713368788033, 27.936962429399], [85.15713981360194, 27.93660152170794], [85.1573430013734, 27.936604241701897], [85.15734606385445, 27.936423787828193], [85.15714287642021, 27.936421067854837], [85.1571490019716, 27.93606016013353], [85.1573521887314, 27.936062880065688], [85.15735525112733, 27.935882426176864], [85.15715206470476, 27.935879706265315], [85.15716125273401, 27.935338344630427], [85.15695806735147, 27.935335624481123], [85.15697031900882, 27.9346138089798], [85.15676713500346, 27.934611088613373], [85.15657620492745, 27.933886552530286], [85.15637302232759, 27.933883831647208], [85.15637608606909, 27.933703377800942], [85.15617290383479, 27.933700656638944], [85.15617596788508, 27.933520202808253], [85.15597278601633, 27.93351748136733], [85.15597585037544, 27.93333702755221], [85.15557255240252, 27.9331511300341], [85.15557868232746, 27.932790222461133], [85.15537550189256, 27.932787500204114], [85.15537856714961, 27.932607046430686], [85.15497527294231, 27.932421147322117], [85.15498140466308, 27.93206023983257], [85.15477822566199, 27.932057516759496], [85.15478129181693, 27.931877063027798], [85.15437800137511, 27.931691162328896], [85.15438413489154, 27.931330254922795], [85.15458731248724, 27.93133297851236], [85.15479662216559, 27.930974794293636], [85.15540615318544, 27.930982962243043], [85.15540921815857, 27.930802508419216], [85.15561239488484, 27.93080523044941], [85.15560933024884, 27.93098568429385], [85.15581250734063, 27.93098840604516], [85.1558155716395, 27.930807952180093], [85.15601874842253, 27.93081067361129], [85.15601568446078, 27.930991127496977], [85.15642203878626, 27.930996569502106], [85.15681614248871, 27.931723826131336], [85.15742567840563, 27.931731985343035], [85.15742874012088, 27.93155153133326], [85.15722556179068, 27.931548811916137], [85.1572286238147, 27.931368357921922], [85.15702544585002, 27.9313656382259], [85.15702850818285, 27.93118518424725], [85.15682533058366, 27.931182464272325], [85.15682839322524, 27.931002010309243], [85.15662521599157, 27.930999290055418], [85.15642816533284, 27.93063566164325], [85.15602181235589, 27.930630219720566], [85.15602487626087, 27.9304497658248], [85.1556185240717, 27.930444322745387], [85.15561545949245, 27.930624776599917], [85.15541228310332, 27.930622054590348], [85.15541534801967, 27.93044160075644], [85.15500899600083, 27.930436155880074], [85.15500593041023, 27.930616609672736], [85.15378687301249, 27.930600267732068], [85.15378994062586, 27.9304198140632], [85.15318041332192, 27.93041163911165], [85.15318348191823, 27.930231185499682], [85.15216760533245, 27.930217554693908], [85.15216453505056, 27.930398008202616], [85.15175818394106, 27.93039255374258], [85.15175511295648, 27.930573007204934], [85.15053298525227, 27.930737089846392], [85.15054220427422, 27.93019572983139], [85.15033902927, 27.93019300037589], [85.15034517581653, 27.929832093715362], [85.15054835014654, 27.92983482312951], [85.15056064154959, 27.929113009665254], [85.15035746856802, 27.929110280333816], [85.15036054168472, 27.92892982697582], [85.15056371432921, 27.92893255628658], [85.15056985980303, 27.92857164951413], [85.1507730318018, 27.928574378484072], [85.15078224878783, 27.928033018225538], [85.1509854198038, 27.928035746834002], [85.15098849173849, 27.927855293383747], [85.15119166244584, 27.927858021672076], [85.15119780555568, 27.927497114715084], [85.15160721654557, 27.927322116783337], [85.15141018905754, 27.926958482127343], [85.15161335813644, 27.92696120971344], [85.15161642888923, 27.92678075617093], [85.15202583650847, 27.926605756814592], [85.15203811642498, 27.925883942408696], [85.15183494931149, 27.925881215545445], [85.15184415996137, 27.925339854750067], [85.15164099388744, 27.925337127649378], [85.15165634608691, 27.924434859659577], [85.15185951047573, 27.924437586656964], [85.1518717903753, 27.923715772091754], [85.15166862733454, 27.923713045177013], [85.15167169757535, 27.923532591543765], [85.15187486027911, 27.923535318437843], [85.1518810000014, 27.923174411114918], [85.15167783797162, 27.92317168426215], [85.15168397825414, 27.922810776960386], [85.15128072640049, 27.92262486882221], [85.15149002814823, 27.922266688921088], [85.15068045886532, 27.92207532416163], [85.15068353053505, 27.92189487058636], [85.15048037103486, 27.921892142081937], [85.15048344301309, 27.921711688522297], [85.15028028387832, 27.921708959739178], [85.15028335616506, 27.921528506195173], [85.15008019739572, 27.921525777133343], [85.14988318449082, 27.921162140751743], [85.14947379486468, 27.921337134685302], [85.14947686844233, 27.921156681213944], [85.1492737104608, 27.921153950995997], [85.14907670092546, 27.920790313603586], [85.1488735436748, 27.92078758282827], [85.14887046914322, 27.920968036247654], [85.14866731158409, 27.920965305152283], [85.14867038645261, 27.920784851753606], [85.1482640720937, 27.92077938870616], [85.14826714760765, 27.920598935343836], [85.14785775784875, 27.920773924461244], [85.14786083403659, 27.920593471140332], [85.14765767729381, 27.920590738589535], [85.1476607537901, 27.92041028528428], [85.14745759741278, 27.920407552454833], [85.1472605953188, 27.92004391278322], [85.146651128465, 27.92003571172491], [85.14665420656047, 27.919855258508093], [85.14624789614105, 27.91984978968055], [85.14625097488187, 27.91966933650013], [85.14584158583571, 27.9198443196556], [85.1458446652504, 27.919663866516633], [85.14543835573303, 27.91965839533573], [85.14524136178251, 27.919294753127563], [85.14483197274178, 27.91946973327891], [85.14483505378405, 27.919289280233507], [85.14463189982763, 27.919286543337467], [85.14463498117829, 27.919106090307768], [85.14422867402493, 27.919100615659133], [85.14403168512824, 27.918736971935733], [85.14342222671952, 27.918728756944194], [85.143425310006, 27.918548304023847], [85.14322215759714, 27.91854556511542], [85.14322524119196, 27.918365112210783], [85.14302208914856, 27.918362373023772], [85.14302517305171, 27.91818192013485], [85.14282202137379, 27.918179180669263], [85.14262503879264, 27.917815535194425], [85.14221565173366, 27.91799050766563], [85.14201867153938, 27.91762686142808], [85.14140922005213, 27.917618637830362], [85.14141230653614, 27.917438185087406], [85.14120915643446, 27.9174354433103], [85.14121224322676, 27.917254990583075], [85.14100909349057, 27.917252248527433], [85.14101218059116, 27.91707179581594], [85.14080903122046, 27.91706905348176], [85.14081211862933, 27.916888600786006], [85.14060896962408, 27.9168858581733], [85.14061205734124, 27.916705405493285], [85.14040890870149, 27.916702662602045], [85.14021193678632, 27.916339014119497], [85.1396024931458, 27.916330782876756], [85.13960558246147, 27.91615033028556], [85.13940243497541, 27.91614758596017], [85.13940552459931, 27.915967133384733], [85.13920237747874, 27.91596438878084], [85.13900541089616, 27.91560073879484], [85.13819591706869, 27.91540930388978], [85.1381990085992, 27.915228851418995], [85.13799586299784, 27.91522610510256], [85.13799895483655, 27.91504565264754], [85.13759575687722, 27.91485970673999], [85.1376019417588, 27.914498801887998], [85.13719565345134, 27.914493307326655], [85.13719874652283, 27.914312854934735], [85.13699560274891, 27.914310107225965], [85.13699869612856, 27.914129654849823], [85.13659550336502, 27.91394370623658], [85.13660169132832, 27.913582801542372], [85.13639854898769, 27.913580053019096], [85.13640164326317, 27.913399600685256], [85.13660478526698, 27.913402349187706], [85.1366109730583, 27.91304144446324], [85.13702034898374, 27.912866488075572], [85.13682339487877, 27.91250283543774], [85.13702653525587, 27.91250558323753], [85.13702962834896, 27.91232513081095], [85.1372327684179, 27.91232787829066], [85.13723586114554, 27.91214742583821], [85.13743900090637, 27.912150172997855], [85.13744209326855, 27.911969720519537], [85.13764523272124, 27.911972467359114], [85.13764832471797, 27.91179201485493], [85.13785146386252, 27.91179476137445], [85.13785455549382, 27.911614308844406], [85.13805769433021, 27.91161705504386], [85.1380607855961, 27.911436602487967], [85.13847015324491, 27.91126164134496], [85.13827319673983, 27.910897990606994], [85.13847633428638, 27.910900736124717], [85.13847942476417, 27.910720283507032], [85.13868256200259, 27.91072302870472], [85.13868565211497, 27.91054257606118], [85.13909501541437, 27.910367612827073], [85.1391042834733, 27.909826254726266], [85.13930741911378, 27.909828998922258], [85.13931050807277, 27.9096485461911], [85.13971986702293, 27.909473580866045], [85.13972604345079, 27.90911267529534], [85.13992917783013, 27.909115418510495], [85.13973221976424, 27.90875176970446], [85.13993535347008, 27.908754512878044], [85.13993844124715, 27.908574060054246], [85.14014157464487, 27.90857680290782], [85.14014466205658, 27.908396350058197], [85.14034779514618, 27.908399092591775], [85.14035088219256, 27.90821863971633], [85.14076023412842, 27.908043670922247], [85.14076949298985, 27.907502312125807], [85.14097262448162, 27.907505053657875], [85.14097571037486, 27.907324600694864], [85.14117884155851, 27.907327341906953], [85.14118501258578, 27.906966435924243], [85.14159435848934, 27.906791464327306], [85.1415974432581, 27.906611011281804], [85.14139431336412, 27.906608270751185], [85.14140048348929, 27.906247364686585], [85.14119735429729, 27.906244623898335], [85.14120043965369, 27.906064170879255], [85.141403568509, 27.90606691164673], [85.14140973846268, 27.90570600555189], [85.14120661028076, 27.905703264825956], [85.14121278079345, 27.9053423587525], [85.14100965331346, 27.90533961776895], [85.14101273886364, 27.905159164745434], [85.14121586600695, 27.905161905708205], [85.14122203634814, 27.904800999604504], [85.14101890987816, 27.904798258683286], [85.14102508077835, 27.904437352600954], [85.14122820657498, 27.904440093480616], [85.14123129164554, 27.904259640411123], [85.14102816618556, 27.904256899552234], [85.14103125156419, 27.90407644649847], [85.14123437668749, 27.90407918733658], [85.14123746170087, 27.903898734256995], [85.14164679567142, 27.90372376186805], [85.14165296420866, 27.903362855600587], [85.1414498403748, 27.903360115443867], [85.14145909397625, 27.902818756067166], [85.14125597118088, 27.902816015673622], [85.141465262901, 27.90245784979083], [85.14126214077888, 27.90245510943884], [85.14126522553501, 27.90227465631388], [85.1408620674506, 27.902088721665603], [85.14086823816642, 27.90172781547359], [85.14066511747657, 27.901725074307322], [85.1406682031282, 27.901544621224534], [85.14046508280356, 27.90154187977993], [85.1404681687632, 27.90136142671288], [85.14026504880377, 27.901358684989937], [85.1400681020529, 27.900995036901808], [85.13965877637453, 27.90117000503748], [85.13966186362342, 27.900989552043505], [85.1394587444516, 27.90098680916568], [85.1394618320085, 27.900806356187456], [85.13925871320187, 27.900803613031318], [85.13926180106674, 27.900623160068836], [85.138858652722, 27.90043721997493], [85.13886482965505, 27.900076314107963], [85.13866171228067, 27.90007357013771], [85.13868642156078, 27.898629946634603], [85.13848330690757, 27.898627202531685], [85.13848948461452, 27.898266296647094], [85.1380863462239, 27.898080354719006], [85.13809252510531, 27.897719448887393], [85.13829563801849, 27.89772219348443], [85.13830490511629, 27.897180834636778], [85.13850801704847, 27.897183578872333], [85.13851419429746, 27.89682267290708], [85.13831108303835, 27.896819928713136], [85.13832343853903, 27.89609811680535], [85.13812032865464, 27.896095372395585], [85.13812650690626, 27.895734466453053], [85.13792339772351, 27.895731721785854], [85.1379264871429, 27.895551268827834], [85.13812959598913, 27.895554013474225], [85.13833888227087, 27.895195851807184], [85.13915440267895, 27.895026372941782], [85.13916057722213, 27.894665466730732], [85.13936368455758, 27.894668209478887], [85.13936677144976, 27.89448775634501], [85.1391636644508, 27.89448501361765], [85.13937911873245, 27.89376594375907], [85.13917601307944, 27.893763201114897], [85.13897908227065, 27.89339955193166], [85.1387759773478, 27.893396808731037], [85.13877288961783, 27.893577261832775], [85.13856978438713, 27.893574518312334], [85.13857287245358, 27.893394065231398], [85.13816666275096, 27.89338857733508], [85.13817592879741, 27.89284721818686], [85.138379032625, 27.892849962222115], [85.13838520917326, 27.892489056056483], [85.13858831235656, 27.892491799751117], [85.13859140025131, 27.89231134663994], [85.13838829740446, 27.892308602966107], [85.13839447378102, 27.891947696770234], [85.1381913716357, 27.891944952839015], [85.13819754857066, 27.891584046664583], [85.13840065004311, 27.891586790554193], [85.13840373813123, 27.891406337438617], [85.13820063699521, 27.891403593569812], [85.13820990209715, 27.89086223425524], [85.13841300222386, 27.89086497806162], [85.13841917814254, 27.8905040717851], [85.13821607868869, 27.89050132802032], [85.13821916694151, 27.890320874895306], [85.13842226605897, 27.890323618639275], [85.13843461743848, 27.889601806005558], [85.13823151966668, 27.889599062344814], [85.1382346077764, 27.889418609194582], [85.1384377052118, 27.889421352834535], [85.13844388067264, 27.88906044647735], [85.13824078391004, 27.889057702879015], [85.13824695992919, 27.888696796543282], [85.13804386386799, 27.8886940526876], [85.13804695217104, 27.88851359953298], [85.13764076080727, 27.888508110966367], [85.13764384975445, 27.88832765784833], [85.137234569558, 27.888502621203948], [85.13723765917797, 27.88832216812753], [85.13703456393267, 27.88831942281871], [85.13703765386038, 27.888138969758074], [85.13683455898008, 27.88813622417112], [85.13683764921554, 27.88795577112627], [85.13663455470027, 27.887953025261197], [85.1364376419441, 27.88758937307563], [85.13582836067434, 27.88758113291486], [85.13583145250571, 27.88740067995901], [85.13542835828397, 27.88721473214626], [85.13543763553832, 27.886673373358356], [85.1348283597438, 27.886665129026085], [85.13483145311366, 27.88648467614922], [85.13462836157584, 27.886481927461457], [85.13463145525337, 27.886301474600398], [85.13442836408056, 27.88629872563455], [85.13423146155084, 27.885935070715927], [85.13362219030857, 27.885926821253197], [85.13362528558177, 27.88574636848127], [85.13321910556968, 27.885740867386577], [85.13302220808502, 27.88537721095703], [85.13261602959041, 27.88537170815231], [85.13261912645919, 27.885191255469564], [85.13241603759127, 27.88518850363971], [85.13262532011065, 27.884830350088958], [85.13242223191537, 27.88482759830084], [85.13222533863069, 27.884463940896516], [85.13181916372892, 27.884458435909256], [85.13182226179943, 27.88427798328479], [85.13161917472792, 27.884275230363688], [85.13162227310603, 27.884094777755056], [85.13141918639954, 27.88409202455594], [85.13142228508524, 27.883911571963154], [85.13121919874378, 27.88390881848602], [85.13122229773705, 27.883728365909068], [85.1310192117606, 27.883725612153928], [85.13102231106146, 27.883545159592824], [85.13081922545003, 27.883542405559684], [85.13082232505846, 27.883361953014422], [85.13061923981205, 27.88335919870328], [85.13062233972803, 27.88317874617386], [85.13041925484664, 27.88317599158473], [85.13022237108491, 27.88281233170633], [85.12981310160727, 27.882987273573168], [85.12981620281094, 27.882806821117246], [85.12961311871706, 27.88280406537438], [85.12961622022827, 27.882623612934314], [85.12941313649941, 27.88262085691348], [85.12941623831816, 27.88244040448927], [85.12901317408178, 27.882254439205354], [85.12882250201937, 27.88152987281316], [85.12841944218319, 27.881343905982646], [85.12843185520572, 27.88062209653253], [85.12822877534825, 27.88061933894852], [85.12823498235943, 27.88025843423503], [85.12803190320321, 27.88025567639401], [85.12803500700188, 27.880075224050614], [85.12823808582188, 27.880077981870723], [85.12824118925555, 27.879897529501367], [85.12803811077178, 27.87989477170218], [85.12804742190892, 27.87935341462662], [85.1278443444626, 27.879350656591352], [85.12784744845366, 27.879170204243664], [85.12805052556376, 27.879172962258014], [85.12805673278717, 27.878812057505677], [85.12785365634949, 27.878809299533163], [85.12786607179592, 27.878087490051637], [85.12766299673183, 27.87808473186398], [85.12766920495483, 27.8777238271348], [85.1274661305919, 27.87772106869018], [85.12748165232684, 27.87681880688361], [85.1272785796736, 27.876816048244798], [85.12729410237009, 27.87591378641677], [85.12709103142645, 27.875911027583797], [85.12730031124724, 27.87555288165027], [85.12770645187618, 27.875558398336164], [85.12771265929365, 27.87519749346579], [85.12730652000931, 27.875191976863594], [85.12730962434719, 27.875011524462682], [85.12710655508432, 27.87500876573434], [85.12690969578424, 27.874645101974], [85.12650355874696, 27.874639583107157], [85.12630670210719, 27.874275918597778], [85.12589746001146, 27.874450850296594], [85.1257006057534, 27.874087185027406], [85.12488833651865, 27.87407613917948], [85.1248914447174, 27.87389568699958], [85.12448220207412, 27.874070614462934], [85.12448531094513, 27.873890162324948], [85.12407917728811, 27.873884636455255], [85.12408228680255, 27.873704184354143], [85.12367304374638, 27.87387910939053], [85.12367615393305, 27.87369865733134], [85.12347308754156, 27.8736958933718], [85.1234761980355, 27.87351544132854], [85.12307006601122, 27.873509912555118], [85.12307628825711, 27.873149008537347], [85.12267015769264, 27.873143478652814], [85.12247331660082, 27.87277980935031], [85.1218641230736, 27.872771511512507], [85.12186723611222, 27.872591059611846], [85.12166417199695, 27.872588293089404], [85.12146733524558, 27.8722246225357], [85.12105809417847, 27.872399539907875], [85.12086125980862, 27.872035868594807], [85.12045513391216, 27.872030332389755], [85.12045824918796, 27.871849880615862], [85.12025518661913, 27.87184711208623], [85.12026141775628, 27.871486208565315], [85.12005835588849, 27.871483439778967], [85.12006147174982, 27.871302988031943], [85.11985841024699, 27.87130021896787], [85.1198615264155, 27.871119767236813], [85.11945852098042, 27.87093377656042], [85.11946475451731, 27.870572873157116], [85.11926169444541, 27.870570103280922], [85.11926481150658, 27.870389651592713], [85.11906175179965, 27.870386881438815], [85.11906486916797, 27.87020642976658], [85.11886180982599, 27.870203659334983], [85.11866498650708, 27.869839985329143], [85.1174497552382, 27.869642903407517], [85.1174528751793, 27.8694624518833], [85.11704675967516, 27.869456906110305], [85.11704988025942, 27.869276454623122], [85.11684682288679, 27.86927368130962], [85.11665000796896, 27.86891000479207], [85.11624077284193, 27.86908490816884], [85.11624389471247, 27.868904456755736], [85.11604083812763, 27.86890168228953], [85.1158440265701, 27.868538004767494], [85.1150318033242, 27.868526902889407], [85.11504742203394, 27.867624646329396], [85.11484436797492, 27.86762187021847], [85.11485061592813, 27.86726096760127], [85.11444763384617, 27.8670749632936], [85.11465693529071, 27.86671683733334], [85.11425083067748, 27.866711283828764], [85.11446013197721, 27.866353158146985], [85.11405715389817, 27.866167152872226], [85.1140634040759, 27.86580625034283], [85.11386035352162, 27.86580347294925], [85.11386660425542, 27.865442570441807], [85.11366355440205, 27.86543979279172], [85.11367293129335, 27.86489843905595], [85.11326995993373, 27.864712431773093], [85.1132762123356, 27.86435152933157], [85.11287324369259, 27.86416552100767], [85.11287949726434, 27.863804618620197], [85.11267645057947, 27.863801839666635], [85.1126795776578, 27.86362138848642], [85.11247653133785, 27.86361860925531], [85.11247965872315, 27.863438158091135], [85.11227661276811, 27.863435378582498], [85.11227974046035, 27.863254927434365], [85.11187677764421, 27.863068916452416], [85.11188616247551, 27.86252756308915], [85.11168311828709, 27.86252478279013], [85.11168624684211, 27.862344331680045], [85.11128328842196, 27.86215831915543], [85.11129267584141, 27.861616965906364], [85.11149571829228, 27.861619746697105], [85.11149258951737, 27.86180019780628], [85.11189867517791, 27.861805758534157], [85.1118955470458, 27.86198620968047], [85.11230163349417, 27.86199176925613], [85.11230476095444, 27.861811318067627], [85.11190180328101, 27.86162530738279], [85.11171127423816, 27.860900722617714], [85.11150823310187, 27.860897942209963], [85.11151136173177, 27.860717491075558], [85.11130832096036, 27.860714710390315], [85.11131144989713, 27.86053425927197], [85.11090849869265, 27.860348245966748], [85.11091475776468, 27.859987343789236], [85.11071171842381, 27.85998456229266], [85.11071484825217, 27.859804111217436], [85.1105118092762, 27.859801329443393], [85.1103150312424, 27.859437645289635], [85.10990895477902, 27.859432080333114], [85.1099152169195, 27.85907117831625], [85.11052432964296, 27.859079525176483], [85.11052119959479, 27.859259976250783], [85.11092727556056, 27.85926553937366], [85.110930404937, 27.859085088257146], [85.11194559367976, 27.859098990733862], [85.11194872134793, 27.85891853950681], [85.11235166937985, 27.859104549634576], [85.1123547963763, 27.858924098365335], [85.11255783393396, 27.85892687734675], [85.11256096056557, 27.85874642605138], [85.11297016102706, 27.85857153173375], [85.11318570009047, 27.85785250427219], [85.11338873574898, 27.857855281932874], [85.11339186086333, 27.8576748305229], [85.11379793159561, 27.85768038490644], [85.11380105600932, 27.857499933449272], [85.11400409108306, 27.85750271017215], [85.1140009670052, 27.857683161650385], [85.11623435842148, 27.857713686129323], [85.11623123800887, 27.85789413783415], [85.11664042996428, 27.857719232153396], [85.11683722693992, 27.858082908248473], [85.1172432999996, 27.858088452565376], [85.11724641876192, 27.857908000760382], [85.11764937317493, 27.858093995688037], [85.11765249126557, 27.857913543840983], [85.11805856388484, 27.857919085727357], [85.11806168127491, 27.85773863383321], [85.11907686164957, 27.857752483219294], [85.11907997733154, 27.857572031215003], [85.12050122871827, 27.857591407669144], [85.12049811538716, 27.857771859820478], [85.12090107545517, 27.85795784549352], [85.12089484999206, 27.858318749854963], [85.12109788742102, 27.858321516212488], [85.12109477498203, 27.85850196840664], [85.1212978127757, 27.85850473448658], [85.12149462697711, 27.858868404725094], [85.12190381520539, 27.858693483208086], [85.12190070405212, 27.858873935476097], [85.12230678124251, 27.858879465032814], [85.12230367073215, 27.859059917337753], [85.12291278774157, 27.859068209496467], [85.12290967820996, 27.859248661859276], [85.12331575703215, 27.859254188514157], [85.123318865892, 27.859073736109405], [85.12372494415773, 27.85907926152804], [85.12372183596958, 27.859259713974723], [85.12392487548153, 27.85926247625714], [85.1239279833338, 27.859082023789497], [85.12433406177239, 27.859087547416692], [85.12433716892411, 27.858907094902086], [85.12474324680619, 27.858912617293072], [85.1247463532574, 27.85873216473152], [85.12555850802366, 27.85874320584681], [85.12556161310262, 27.85856275319644], [85.12535857470371, 27.858559993386418], [85.12536168008974, 27.858379540751944], [85.1251586420555, 27.858376780664297], [85.12516174774858, 27.858196328045725], [85.12495871007899, 27.858193567680456], [85.12476188508138, 27.857829901848156], [85.12455884814108, 27.85782714092767], [85.12455574149803, 27.858007593493475], [85.12394662984237, 27.85799930887777], [85.12394352216297, 27.858179761375656], [85.12354055554933, 27.857993784307823], [85.1235343388183, 27.85835468921472], [85.1233313010433, 27.85835192643998], [85.12333440975907, 27.85817147401001], [85.12313137234874, 27.85816871095767], [85.1231282632971, 27.858349163366665], [85.1227221878912, 27.858343636324353], [85.12272529761452, 27.85816318395729], [85.12211618572947, 27.85815489121751], [85.1221192964315, 27.85797443890835], [85.12191625953, 27.857971674085608], [85.12191937053905, 27.857791221792386], [85.12171633400223, 27.857788456692074], [85.12171944531828, 27.857608004414786], [85.12151640914615, 27.8576052390369], [85.12151952076918, 27.85742478677556], [85.12131648496174, 27.8574220211201], [85.12131959689178, 27.857241568874713], [85.12111656144901, 27.857238802941694], [85.12091975115193, 27.856875132288177], [85.12051056853836, 27.85705005118488], [85.120513681754, 27.856869599013375], [85.12010761247153, 27.85686406454439], [85.12011072632997, 27.856683612409842], [85.11990769206784, 27.856680844748535], [85.1199045778736, 27.856861296862085], [85.11868637089235, 27.856844684498792], [85.11868325465427, 27.857025136481226], [85.11827718521997, 27.8570195965964], [85.11828030212969, 27.856839144656007], [85.11807726779172, 27.8568363742868], [85.11807415054615, 27.857016826206166], [85.11746504669813, 27.857008513244207], [85.11746192841618, 27.857188965095435], [85.11725889352215, 27.857186193489994], [85.11726201213992, 27.85700574165979], [85.11705897761064, 27.85700296977683], [85.11705585865704, 27.857183421586004], [85.11340123603253, 27.857133476262714], [85.11340436103099, 27.85695302483257], [85.11320132705163, 27.856950247277286], [85.11319820171735, 27.85713069868636], [85.1127921331739, 27.857125142638004], [85.11278900713899, 27.857305593999868], [85.1125859725749, 27.85730281550679], [85.11258284617517, 27.857483266842525], [85.11237981130425, 27.857480488029807], [85.11237668453971, 27.857660939339414], [85.11196748674796, 27.857835832038525], [85.11196123173059, 27.858196734548137], [85.11094605138408, 27.858182832598903], [85.11094918058645, 27.858002381452117], [85.11054310932256, 27.857996818624745], [85.11053997944852, 27.858177269729325], [85.11033694352425, 27.858174487846696], [85.11034007373415, 27.85799403676323], [85.10993400264437, 27.85798847214454], [85.10993087176278, 27.85816892318578], [85.1091187285882, 27.858157790281275], [85.10911559633425, 27.858338241232982], [85.10769434454592, 27.858318747007832], [85.10769747915077, 27.858138296204064], [85.10728827286788, 27.858313174542218], [85.1072914081444, 27.85813272378073], [85.10566712528187, 27.858110422145298], [85.10567026321603, 27.857929971548003], [85.10546722832493, 27.857927182521248], [85.10546409005494, 27.858107633097383], [85.10505801968833, 27.858102054105903], [85.10506115862998, 27.857921603572102], [85.10424901958935, 27.857910442091224], [85.10425215984522, 27.85772999163708], [85.10384295024369, 27.857904859559486], [85.10384609117122, 27.85772440914771], [85.10303395417267, 27.85771324058642], [85.1030370964144, 27.85753279025435], [85.10263102876154, 27.857527204224827], [85.10262788584816, 27.85770765451451], [85.1022218176402, 27.85770206724841], [85.10222496122522, 27.857521617001133], [85.10202192750077, 27.85751882294147], [85.10201878357994, 27.85769927316755], [85.10161271554684, 27.85769368411019], [85.1016095709252, 27.85787413428881], [85.10120350233706, 27.857868543994847], [85.1012003570146, 27.858048994126], [85.10079743386555, 27.857862952506707], [85.10079428787144, 27.858043402595428], [85.0999790025685, 27.858212665950482], [85.09976967232912, 27.858570768461902], [85.09956663693964, 27.858567970692363], [85.09956978503628, 27.85838752074614], [85.09916371501659, 27.85838192435387], [85.09916056624827, 27.858562374257623], [85.09875449567366, 27.858556776628674], [85.09875134620447, 27.858737226484898], [85.09814223955402, 27.85872882773858], [85.09814539003072, 27.858548377946097], [85.09794235487483, 27.85854557778813], [85.09793920406229, 27.85872602755937], [85.0969240270418, 27.858712022184978], [85.09692087452082, 27.858892471844896], [85.09631176765167, 27.85888406497382], [85.09630861409394, 27.859064514564892], [85.09590254232234, 27.85905890844886], [85.09589938806369, 27.859239357992333], [85.09549331573734, 27.85923375063951], [85.09549016077774, 27.859414200135387], [85.0950840878967, 27.859408591545776], [85.09508093223614, 27.859589040994035], [85.09487789550366, 27.859586236230104], [85.09488105150005, 27.85940578680312], [85.09447497879454, 27.85940017642213], [85.09447182212644, 27.859580625806547], [85.09406574886627, 27.859575014188735], [85.09406890620608, 27.859394564846905], [85.09386586995575, 27.859391758611444], [85.0938627122801, 27.859572207931983], [85.09264449337786, 27.859555364121658], [85.09264765306862, 27.859374914928942], [85.09244461702326, 27.859372106603562], [85.09244145699665, 27.859552555774968], [85.09203538432214, 27.859546938185908], [85.09203854502044, 27.859366489057127], [85.09163247313482, 27.859360870316458], [85.09163563447551, 27.859180421225265], [85.0914325989125, 27.859177611428407], [85.09143576055973, 27.858997162353486], [85.09103285248294, 27.858811092869423], [85.09104866349116, 27.857908847606975], [85.09084563036693, 27.85790603706375], [85.09105498768925, 27.85754794946663], [85.09085195523664, 27.857545138966056], [85.09085827998909, 27.85718424084816], [85.09065524823744, 27.857181430091714], [85.09065208554006, 27.85736187913186], [85.0904490534819, 27.85735906805555], [85.09045221651509, 27.857178619036734], [85.09004615315837, 27.857172996031192], [85.09004931683384, 27.856992547049995], [85.08984628553529, 27.856989735120766], [85.08985261346986, 27.856628837185887], [85.08964958287224, 27.85662602500081], [85.08965274713132, 27.856445576047136], [85.08944971689883, 27.856442763584884], [85.089253016469, 27.856079052986967], [85.08884379195031, 27.856253875533643], [85.08864709390035, 27.855890164179517], [85.08824103577288, 27.855884536099417], [85.08824420226512, 27.855704087274976], [85.0880411735812, 27.855701272808513], [85.08804750714916, 27.855340375187186], [85.08764461862398, 27.85515429666866], [85.08765095335887, 27.854793399102462], [85.08724489955429, 27.854787768293626], [85.08704820932805, 27.854424054983255], [85.08684518317071, 27.854421238875336], [85.08684201453364, 27.85460168758559], [85.08643596163559, 27.854596054431518], [85.08643913094417, 27.85441560576401], [85.08522097496981, 27.85439869926621], [85.08521780364669, 27.85457914780541], [85.08501477741808, 27.85457632898966], [85.08501160572979, 27.854756777502416], [85.0846055526893, 27.85475113893263], [85.08460238030005, 27.854931587397548], [85.08439935348817, 27.85492876764351], [85.08439618073376, 27.855109216081967], [85.08419315361552, 27.855106396008033], [85.08418998049592, 27.85528684442004], [85.08398695307133, 27.855284024026194], [85.08377757800561, 27.855642100057075], [85.08276243811339, 27.8556279919037], [85.08275926255511, 27.85580844015066], [85.08154109364133, 27.855791500387344], [85.08154427121427, 27.85561105226894], [85.08134124350083, 27.855608227951706], [85.08134759922989, 27.855247331742593], [85.08155062627178, 27.855250156016954], [85.08155380375634, 27.855069707883377], [85.08135077705022, 27.85506688363045], [85.0813571326025, 27.854705987391], [85.0815601586371, 27.854708811601064], [85.08136348803694, 27.854345091131325], [85.08116046270331, 27.85434226666564], [85.08115410659735, 27.85470316288244], [85.08095108062167, 27.85470033807539], [85.08094790218874, 27.85488078615477], [85.08013261743224, 27.855049931844395], [85.08013579723769, 27.854869483855847], [85.07993277107362, 27.854866657534885], [85.0797361058045, 27.85450293500895], [85.07932687387729, 27.854677728873213], [85.0793300549668, 27.854497280960356], [85.07892400424707, 27.854491625717802], [85.07892718597859, 27.854311177842813], [85.07872416099872, 27.854308349795264], [85.07873052504476, 27.853947454073033], [85.07832765916676, 27.85376134934257], [85.07833402437875, 27.853400453675864], [85.07793116121614, 27.85321434790806], [85.077937527594, 27.8528534522969], [85.07773450544757, 27.852850622928703], [85.07773768892795, 27.85267017513701], [85.07753466714674, 27.852667345491817], [85.07753785093333, 27.852486897716535], [85.07733482951735, 27.85248406779436], [85.07733801361015, 27.852303620035507], [85.07713499255941, 27.852300789836352], [85.07693834097805, 27.851937063891768], [85.07652911499044, 27.852111849770107], [85.07653230036703, 27.85193140208708], [85.0757202194994, 27.851920074896213], [85.07572340618927, 27.851739627294098], [85.07531736660412, 27.85173396195093], [85.07510797143235, 27.85209202390186], [85.07470511907964, 27.8519059091924], [85.07470193068168, 27.85208635668196], [85.07429589004926, 27.85208068826822], [85.07429270095034, 27.8522611357097], [85.07388665976475, 27.852255466059116], [85.07388346996484, 27.8524359134525], [85.07348061869747, 27.852249795214693], [85.0732712165645, 27.852607853997387], [85.07225611120481, 27.852593669955723], [85.07225291866, 27.852774117166796], [85.07184687605185, 27.852768441417815], [85.07163746759946, 27.853126497373353], [85.07123142382606, 27.85312081974742], [85.07102201265828, 27.85347887461496], [85.07061596771966, 27.853473195112013], [85.07061916306868, 27.85329274809354], [85.07041614097956, 27.85328990791591], [85.07041294529479, 27.853470354912833], [85.06939783361494, 27.853456149439857], [85.06939463622192, 27.853636596323902], [85.068988591086, 27.853630912002274], [85.06898539299186, 27.853811358838126], [85.06817330173288, 27.853799986526887], [85.06817010226618, 27.853980433271374], [85.06674894135496, 27.85396052008433], [85.06674253763221, 27.85432141325587], [85.06653951409213, 27.854318567277765], [85.06653631185048, 27.854499013834346], [85.06633328800434, 27.85449616753615], [85.06612385827258, 27.854854213951057], [85.06571780938579, 27.85484851977585], [85.06571460571209, 27.855028966230833], [85.06530855627258, 27.855023270818457], [85.06509912214636, 27.85538131542965], [85.06469307154211, 27.85537561813987], [85.06468986610051, 27.855556064471592], [85.0644868405072, 27.855553215357347], [85.0642774026282, 27.855911258506385], [85.06387135024714, 27.85590555869891], [85.06386814337331, 27.856086004928954], [85.06366511689161, 27.856083154555844], [85.06345567525972, 27.856441196242596], [85.06305282937828, 27.85625504778394], [85.06304962110191, 27.85643549391732], [85.06284659406761, 27.856432642306928], [85.06284017675408, 27.856793534515226], [85.06263714907797, 27.856790682563044], [85.06242770265598, 27.85714872241382], [85.06181861788075, 27.857140163740798], [85.06181219697137, 27.857501055692133], [85.0616091681009, 27.857498202160798], [85.06160595726578, 27.857678648107207], [85.0614029280893, 27.8576757942557], [85.0613997168886, 27.857856240175398], [85.06119668740608, 27.857853386003708], [85.06098723411945, 27.858211423271065], [85.06058117396009, 27.858205713348426], [85.06057796132689, 27.85838615916629], [85.06037493095607, 27.85838330373551], [85.06037814392508, 27.85820285793932], [85.05997208394443, 27.85819714622553], [85.05997529755525, 27.858016700467616], [85.05956602408294, 27.858191433317643], [85.05957566684083, 27.857650096158764], [85.05937263796217, 27.85764723932207], [85.059375852491, 27.857466793613995], [85.05896979549466, 27.85746107908842], [85.05897301066527, 27.857280633418643], [85.05876998254759, 27.857277775729774], [85.05877319802418, 27.85709733007662], [85.05857017027209, 27.85709447211092], [85.05857338605465, 27.8569140264744], [85.05837035866816, 27.856911168231875], [85.05837357475667, 27.856730722611974], [85.05817054773577, 27.85672786409264], [85.05817376413025, 27.856547418489367], [85.05797073747493, 27.856544559693223], [85.05797395417537, 27.856364114106583], [85.05777092788564, 27.856361255033633], [85.05777414489204, 27.856180809463627], [85.0575711189679, 27.856177950113874], [85.05757433628021, 27.855997504560495], [85.05717150314698, 27.85581133949387], [85.0569813508446, 27.855086697268078], [85.0567783270543, 27.855083836854583], [85.05678154553065, 27.854903391357634], [85.0563754987111, 27.854897669678618], [85.05637871782909, 27.854717224220032], [85.05617569479982, 27.854714362954514], [85.05618213361772, 27.85435347206558], [85.05597911128977, 27.854350610545012], [85.05578252903311, 27.853986857903653], [85.05557950743632, 27.85398399582958], [85.0555762870948, 27.854164441221553], [85.05537326519213, 27.854161578827295], [85.05537648586939, 27.85398113345704], [85.05497044282508, 27.853975407816563], [85.05497366414392, 27.853794962484695], [85.05477064300227, 27.85379209923848], [85.05477708622179, 27.853431208603016], [85.05416802499043, 27.853422617203986], [85.05417124756252, 27.853242171943858], [85.0537652075624, 27.853236442895668], [85.05376843077605, 27.853055997673955], [85.05356541115653, 27.853053132723918], [85.05336883924736, 27.852689377103783], [85.05295957700385, 27.852864090943285], [85.05296280150056, 27.85268364579843], [85.05255676387331, 27.852677913299267], [85.05255998901153, 27.852497468192844], [85.05235697057846, 27.85249460151735], [85.05235374510455, 27.85267504660201], [85.0521507263657, 27.8526721796063], [85.05215395217529, 27.852491734543396], [85.05113886060813, 27.852477395196935], [85.0511420880663, 27.852296950237786], [85.0507328241907, 27.85247165736922], [85.05073605232025, 27.85229121245362], [85.05033001669392, 27.852285473475668], [85.05033324546493, 27.852105028598565], [85.04992398118732, 27.85227973330395], [85.04972742300515, 27.85191597314184], [85.04932138902095, 27.85191023126661], [85.04931815860144, 27.852090676039847], [85.04891212406567, 27.852084932927273], [85.04891535515655, 27.85190448819762], [85.04871233826928, 27.851901616215468], [85.04870910684272, 27.85208206092332], [85.04850608964972, 27.852079188620934], [85.04851255314425, 27.85171829924374], [85.04770048735739, 27.851706807224218], [85.04770372040244, 27.851526362615243], [85.04750070436631, 27.851523488886084], [85.04730415570305, 27.851159725712577], [85.0468981251234, 27.851153976849357], [85.0469013594212, 27.85097353231243], [85.04649209466372, 27.851148226792425], [85.04649532963285, 27.85096778229914], [85.04608929996445, 27.850962031092145], [85.04609253557491, 27.850781586637442], [85.04528047794079, 27.85077008072969], [85.04527724098767, 27.850950525097062], [85.04507422631849, 27.85094764785223], [85.04507746360727, 27.85076720350669], [85.04446842078681, 27.850758570047176], [85.04446518249104, 27.850939014327196], [85.04406239238995, 27.850752812915392], [85.04405915342284, 27.850933257151713], [85.04385613893379, 27.850930378116338], [85.04385289960099, 27.851110822325747], [85.04344363000749, 27.851285507476646], [85.04343714984904, 27.85164639578269], [85.04323413410742, 27.851643515764625], [85.04323089364746, 27.851823959888186], [85.04282162042163, 27.851998642987795], [85.04280541416408, 27.852900863285633], [85.04300843219542, 27.85290374405361], [85.04279893145073, 27.85326175136929], [85.0432017281559, 27.853447956772182], [85.04319524660508, 27.85380884491288], [85.04339826637504, 27.853811725193243], [85.04339502589026, 27.853992169277852], [85.04359804602598, 27.853995049281615], [85.04379458647495, 27.854358817228338], [85.04359156563775, 27.854355937479323], [85.04358832539859, 27.854536381570576], [85.04338530425572, 27.854533501501237], [85.04317580123151, 27.8548915092133], [85.04236047205119, 27.855060428527356], [85.04235722967745, 27.855240872467157], [85.04155162803914, 27.854868455176117], [85.04155811532215, 27.85450756744616], [85.04135509447984, 27.854504684392143], [85.04135833841197, 27.854324240541438], [85.04095554206249, 27.854138029769775], [85.04096203111921, 27.85377714213055], [85.04055923748552, 27.853590930324913], [85.0405657277046, 27.85323004274282], [85.04036270936267, 27.853227158349714], [85.04036595476276, 27.85304671457295], [85.03995991884058, 27.85304094493517], [85.03976339364873, 27.852677172231246], [85.03956037643425, 27.85267428671003], [85.03955712975154, 27.852854730409348], [85.03915109474151, 27.852848958427796], [85.03915434209559, 27.85266851477228], [85.03895132497142, 27.85266562835575], [85.03874181179631, 27.853023628859102], [85.03833577635577, 27.853017854446176], [85.03833252759868, 27.853198298003914], [85.03792649160721, 27.853192522353368], [85.03792324214861, 27.8533729658622], [85.03752045573624, 27.853186745509035], [85.03751720560624, 27.853367188974026], [85.03528400677826, 27.853335394749944], [85.03528075292542, 27.853515837968573], [85.03507773469538, 27.85351294577193], [85.0350809888839, 27.853332502575245], [85.03467495318574, 27.85332671733051], [85.03467820801549, 27.853146274172655], [85.03386613832406, 27.853134700189646], [85.03386939446641, 27.85295425711456], [85.03346010365944, 27.853128911407477], [85.03346336047318, 27.852948468376322], [85.03305732660073, 27.852942678444315], [85.03306058405565, 27.852762235452026], [85.03265780907147, 27.852576001416796], [85.03266432517303, 27.852215115494765], [85.03246130968523, 27.85221221957212], [85.03248085927905, 27.851129561816155], [85.03227784583547, 27.851126665726966], [85.03228762123153, 27.85058533684645], [85.03208460882512, 27.850582440524793], [85.03189463257257, 27.849857772168885], [85.03169162156915, 27.849854875338348], [85.03169488086014, 27.849674432413693], [85.03129211954729, 27.849488195015642], [85.03129863932072, 27.849127309228937], [85.03109562975047, 27.849124411591166], [85.03109888992748, 27.848943968712195], [85.03069287154891, 27.848938172585463], [85.03049638468198, 27.84857438843334], [85.02928159758758, 27.848376548669403], [85.02928486066416, 27.848196105968174], [85.02908185307436, 27.848193205456568], [85.02908511645629, 27.848012762772278], [85.0286791020387, 27.848006960897948], [85.02868236606155, 27.84782651825263], [85.02827308774215, 27.848001157830115], [85.02827635243621, 27.847820715228842], [85.02807334566891, 27.847817813269383], [85.02807661066831, 27.84763737068507], [85.0278736042669, 27.847634468449264], [85.0278768695716, 27.847454025881902], [85.02767386353607, 27.847451123369755], [85.02767712914608, 27.84727068081934], [85.02747412347641, 27.847267778030865], [85.02747738939175, 27.84708733549741], [85.02727438408793, 27.847084432432602], [85.02707791189655, 27.84672064407545], [85.02666863558558, 27.846895278997618], [85.02667190278267, 27.846714836542176], [85.02646889827116, 27.84671193232799], [85.02627242943556, 27.846348142977522], [85.02586642190633, 27.846342333145568], [85.02586969035482, 27.84616189076309], [85.02546368361794, 27.846156079781824], [85.02546695270726, 27.845975637438382], [85.02506094676275, 27.845969825307833], [85.02506421649288, 27.845789383003428], [85.0246549409395, 27.845964011983877], [85.02465821134075, 27.845783569723604], [85.02425220630991, 27.845777755250396], [85.02425547735196, 27.845597313029177], [85.02405247521759, 27.84559440536713], [85.02405574656485, 27.8454139631629], [85.02385274479636, 27.84541105522458], [85.02365628700396, 27.84504726265255], [85.02304728398481, 27.845038536284985], [85.02305055691882, 27.84485809417593], [85.02284755630868, 27.844855184812154], [85.02285410275671, 27.844494300622976], [85.02265110284799, 27.844491391005043], [85.02265437636203, 27.84431094892493], [85.02245137681918, 27.844308039030754], [85.0224546506384, 27.844127596967656], [85.02205192677476, 27.843941334304517], [85.02205847560352, 27.843580450241305], [85.02185547749384, 27.843577539540536], [85.0218587521982, 27.843397097523415], [85.02145603208601, 27.8432108332931], [85.02146258268495, 27.84284994932188], [85.02125958600841, 27.842847037814554], [85.02126941268558, 27.842305711885956], [85.02106641704593, 27.84230280014664], [85.02108279591123, 27.841400590274667], [85.02230076013993, 27.841418055573154], [85.0223073074477, 27.841057171323673], [85.02251030092111, 27.841060081118563], [85.022513574194, 27.840879638964125], [85.02271656736228, 27.840882548438646], [85.02271984026935, 27.84070210625704], [85.02312909823179, 27.84052748203621], [85.0231487308293, 27.839444828544607], [85.02355798333342, 27.839270202741886], [85.02356125462558, 27.83908976042629], [85.0233582646905, 27.839086852365682], [85.02336480785473, 27.83872596776344], [85.02356779711891, 27.838728875779896], [85.0235710683201, 27.838548433449088], [85.02336807939135, 27.83854552545471], [85.02337789381917, 27.838004198498062], [85.02358088174164, 27.83800710642621], [85.0235841528215, 27.837826664075106], [85.02338116523444, 27.837823756169033], [85.02338770797398, 27.837462871495756], [85.0235906948902, 27.837465779357675], [85.02359396587906, 27.83728533699135], [85.02339097929826, 27.83728242915151], [85.02340406429201, 27.836560659723776], [85.02360704953121, 27.836563567475313], [85.02361359117529, 27.836202682686856], [85.0234106066069, 27.836199774979473], [85.02341387771885, 27.83601933259971], [85.02361686195185, 27.836022240285015], [85.02362340341396, 27.83566135546612], [85.02342041985175, 27.83565844782496], [85.02342696186331, 27.835297563029922], [85.02362994475477, 27.83530047062693], [85.02363321537969, 27.835120028199718], [85.0234302328236, 27.835117120624787], [85.02343677465319, 27.83475623579931], [85.02384600865275, 27.834581608098173], [85.02384927882099, 27.834401165628595], [85.02364629757606, 27.83439825844017], [85.02385581906651, 27.83404028067424], [85.0236528384923, 27.834037373529952], [85.02346948198134, 27.832951811367533], [85.0230635250087, 27.832945995852917], [85.02306679624537, 27.832765553425997], [85.0228638181399, 27.83276264524349], [85.02307333862774, 27.832404668556922], [85.0228703611929, 27.83240176041858], [85.02267392739073, 27.832037967181037], [85.02226797401407, 27.83203214950182], [85.02247749483882, 27.831674173713363], [85.0222745188363, 27.831671264768836], [85.02228106353715, 27.831310380015577], [85.0220780882356, 27.83130747081707], [85.02208463348566, 27.83094658608768], [85.02188165888506, 27.830943676635194], [85.02190456865145, 27.8296805800772], [85.02170159642823, 27.829677670481207], [85.02170814247317, 27.82931678574888], [85.02150517095086, 27.82931387589894], [85.02151171754494, 27.828952991190512], [85.02130874672352, 27.82895008108663], [85.02131856739277, 27.828408754052234], [85.02111559760748, 27.82840584371652], [85.02092572433523, 27.827681163809274], [85.0207227559517, 27.827678252965722], [85.02072603033169, 27.827497810656787], [85.02052306231374, 27.827494899537232], [85.02052961165313, 27.827134014948363], [85.0201269523439, 27.82694774964552], [85.02033646912305, 27.826589776719874], [85.020133502842, 27.826586865114646], [85.01994363856392, 27.825862184177137], [85.0197406736845, 27.825859272064157], [85.01974394943691, 27.82567882981505], [85.01954098492308, 27.825675917426093], [85.01954753700718, 27.82531503295688], [85.01934457319415, 27.825312120314077], [85.01955408896978, 27.824954148467377], [85.01935112582714, 27.824951235868816], [85.01935767833858, 27.824590351403252], [85.0191547158967, 27.824587438550846], [85.01916782189573, 27.823865669647333], [85.018964860825, 27.823862756585346], [85.01897141431255, 27.823501872147386], [85.01876845394253, 27.823498958831586], [85.01877500797885, 27.82313807441759], [85.01857204830957, 27.82313516084798], [85.01878156189362, 27.8227771899833], [85.01837564392608, 27.822771362634523], [85.01837892150819, 27.82259092045403], [85.01858188014161, 27.822593834255308], [85.01858843454433, 27.82223294983484], [85.01838547658122, 27.822230036077816], [85.01839203153266, 27.821869151681305], [85.01859498882548, 27.82187206539407], [85.01860154298507, 27.821511180933012], [85.01839858636252, 27.8215082672645], [85.01840186373187, 27.82132782504849], [85.01860482001928, 27.821330738694872], [85.01860809702309, 27.82115029645166], [85.01820218514892, 27.821144468905118], [85.0184116956575, 27.820786498370023], [85.01820874040587, 27.820783584492], [85.01821201798876, 27.820603142277818], [85.01780938646965, 27.82041687149698], [85.0178224990565, 27.81969510274634], [85.01761954590674, 27.819692188107055], [85.01761626747053, 27.819872630280187], [85.01741331401608, 27.819869715320753], [85.01741003521435, 27.820050157466675], [85.01720708145521, 27.820047242187073], [85.01720380228797, 27.82022768430578], [85.01679461432279, 27.82040229487759], [85.01678805449575, 27.820763179001048], [85.01658509948739, 27.820760262738805], [85.0165818191931, 27.820940704770774], [85.01637886388005, 27.82093778818835], [85.01637558322022, 27.8211182301931], [85.01617262760246, 27.82111531329049], [85.01616934657709, 27.82129575526801], [85.01596639065463, 27.821292838045217], [85.0159631092637, 27.82147327999551], [85.01555391474817, 27.821647886512395], [85.01554735047357, 27.822008770298957], [85.0157503076757, 27.82201168820646], [85.0157470258279, 27.822192130114296], [85.01554406829061, 27.822189212184636], [85.01553750383339, 27.82255009594075], [85.01574046204098, 27.82255301391474], [85.0157338981323, 27.82291389769488], [85.01593685704063, 27.822916815415137], [85.01572733410187, 27.823274781454735], [85.01613325328961, 27.823280616685814], [85.01612997189906, 27.82346105860244], [85.01633293187376, 27.82346397579305], [85.01632308852507, 27.824005301578957], [85.01591388474766, 27.824179908640915], [85.01590732096146, 27.824540792374034], [85.01611028291677, 27.824543709995652], [85.0161070013132, 27.824724151876758], [85.01630996363414, 27.82472706922245], [85.01630668233533, 27.82490751112064], [85.01670932708002, 27.825093786899515], [85.01670604639075, 27.82527422883186], [85.01650308300337, 27.825271312015868], [85.01649652086314, 27.825632195821033], [85.01629355683579, 27.825629278662642], [85.01629027538483, 27.82580972053546], [85.0158810645992, 27.825984327103544], [85.01587121796113, 27.82652565254338], [85.01566825234903, 27.826522734379935], [85.01585808868424, 27.827247419725445], [85.01565512173123, 27.82724450147336], [85.01565183900067, 27.827424943234018], [85.01585480628891, 27.827427861508273], [85.01585152386315, 27.82760830328603], [85.01626074095674, 27.82743369716244], [85.01625745920146, 27.82761413898451], [85.01646042691625, 27.82761705638658], [85.01645714546578, 27.827797498225728], [85.01666011354624, 27.82780041535184], [85.01665683240057, 27.827980857208065], [85.01685980084672, 27.827983774058207], [85.01705620828167, 27.828347574396055], [85.01725917745915, 27.828350490694255], [85.01726245765992, 27.828170048781733], [85.01746542653258, 27.828172964759666], [85.01746214666706, 27.82835340669433], [85.01786808517411, 27.828359237800107], [85.01786480594869, 27.82853967977398], [85.0180677755831, 27.828542594901823], [85.01826418804687, 27.828906393752582], [85.01867012880874, 27.828912222606167], [85.01866685083313, 27.829092664653334], [85.01886982159493, 27.829095578655057], [85.0188665439242, 27.829276020719288], [85.01926920917894, 27.82946228997598], [85.01905968286295, 27.82982026067361], [85.01946562722068, 27.829826087363365], [85.01946235043422, 27.830006529473668], [85.01925937790489, 27.83000361625574], [85.01925610075274, 27.830184058338844], [85.01945907361737, 27.830186971578893], [85.01945251989251, 27.830547855774125], [85.01965549345812, 27.830550768760258], [85.01965221688539, 27.830731210872383], [85.01985519081667, 27.830734123582477], [85.01984863825069, 27.831095007835746], [85.02005161288294, 27.83109792029192], [85.02004833688967, 27.83127836243305], [85.0204510115629, 27.83146462867543], [85.02044446076573, 27.83182551302077], [85.02064743683034, 27.831828424670903], [85.02043790984706, 27.83218639734582], [85.02064088658231, 27.832189309040164], [85.02063433621281, 27.832550193389128], [85.02103701655606, 27.832736458182808], [85.02103046734565, 27.833097342589756], [85.02143315040198, 27.833283606352303], [85.02142987639154, 27.833464048587288], [85.02122689718749, 27.833461137930936], [85.02122034840485, 27.833822022341497], [85.02061140896281, 27.833813288450692], [85.02061468437535, 27.833632846314256], [85.02020872556986, 27.833627022273635], [85.02021200162274, 27.83344658017635], [85.01818221277198, 27.833417442303055], [85.01798579344614, 27.83305364315265], [85.0171738815615, 27.833041978638477], [85.01716731948676, 27.833402862184393], [85.01737029808297, 27.833405778804497], [85.01736701733529, 27.833586220591986], [85.01776969518225, 27.833772494808628], [85.01776313487622, 27.834133378446797], [85.01796611490506, 27.834136294260897], [85.01796283504179, 27.83431673609451], [85.01836551663844, 27.8345030087452], [85.01835895810123, 27.834863892475592], [85.018967902577, 27.83487263660509], [85.01896462426889, 27.83505307852906], [85.01997953401329, 27.83506764622472], [85.01997625735164, 27.83524808825422], [85.02017923972706, 27.83525100092084], [85.02017596337039, 27.83543144296738], [85.02037894611158, 27.835434355357897], [85.0203756700599, 27.835614797421478], [85.02057865316684, 27.835617709535896], [85.02057537742017, 27.835798151616505], [85.02077836089286, 27.835801063454817], [85.02097479415303, 27.836164859229335], [85.02138403705766, 27.835990239344383], [85.0213643898071, 27.837072892221553], [85.02116140389555, 27.837069981123197], [85.02115157885413, 27.837611307426975], [85.0209485919667, 27.837608395964075], [85.02094204111641, 27.837969280097013], [85.02053278994947, 27.838143898202695], [85.02031014264709, 27.839223637627384], [85.02010715286232, 27.8392207247725], [85.02010387583724, 27.839401166707397], [85.01990088574739, 27.83939825353213], [85.01989433093517, 27.83975913734247], [85.01969134020484, 27.839756223824708], [85.0198877760014, 27.84012002113251], [85.01968478460016, 27.84011710757052], [85.01968150675222, 27.840297549435803], [85.01927224482073, 27.84047216318872], [85.01926568763103, 27.84083304680544], [85.01946868031335, 27.84083596105247], [85.01946540200838, 27.841016402875333], [85.01926240899058, 27.841013488606176], [85.0192492941248, 27.8417352557584], [85.0190462997955, 27.841732341102464], [85.01903974150923, 27.84209322460387], [85.01924273650951, 27.842096139304058], [85.01923945765625, 27.84227658106927], [85.01903646232049, 27.842273666346955], [85.01902990385179, 27.842634549817912], [85.01923289985855, 27.842637464584474], [85.0192296209141, 27.84281790633446], [85.01902662457184, 27.84281499154577], [85.01902006592071, 27.84317587498626], [85.01881706893784, 27.843172959855014], [85.01880394992864, 27.843894726586583], [85.01920666745166, 27.844080998442255], [85.01919027120925, 27.844983206938416], [85.0193932716082, 27.844986121694287], [85.01938671356949, 27.845347005101466], [85.01958971466992, 27.845349919603255], [85.01958643594051, 27.84553036132135], [85.01978943740689, 27.845533275546927], [85.01978615898263, 27.845713717282067], [85.02018888489415, 27.845899986656722], [85.02018560708022, 27.84608042842595], [85.01998260454639, 27.846077514730705], [85.0201790513612, 27.846441311949167], [85.02058505786229, 27.846447138533055], [85.02058178062833, 27.84662758033128], [85.02098778792211, 27.846633405765978], [85.0209845113289, 27.84681384760334], [85.02159352350412, 27.846822583584032], [85.02159024788727, 27.847003025482625], [85.0219962568271, 27.84700884802216], [85.02199298185103, 27.84718928995987], [85.02260199649521, 27.84719802159775], [85.02259872249553, 27.847378463596666], [85.02340747110071, 27.847570543773934], [85.02360393204015, 27.84793433676715], [85.02400994494288, 27.847940153560216], [85.02400667317096, 27.848120595693395], [85.02461569375932, 27.848129318711408], [85.02461242296386, 27.848309760905718], [85.02501843751227, 27.848315574803312], [85.0250151673577, 27.848496017036673], [85.02521817501297, 27.84849892355996], [85.0252149051637, 27.84867936581031], [85.02562092123642, 27.84868517800586], [85.02581739154245, 27.84904896827387], [85.02622340913948, 27.849054778767318], [85.02643295374558, 27.848696798816356], [85.02724498673948, 27.84870841485271], [85.02744146265766, 27.84907220308634], [85.02784748073937, 27.849078008805563], [85.02784421516219, 27.84925845132728], [85.02804722458406, 27.849261353761335], [85.02804395931224, 27.8494417963], [85.0282469691, 27.849444698457688], [85.02824370413353, 27.84962514101331], [85.0284467142872, 27.849628042894636], [85.02844344962608, 27.8498084854672], [85.02884620667537, 27.849994730990232], [85.02883967854434, 27.850355616198083], [85.02904269013135, 27.850358517272287], [85.02902963484875, 27.85108028771519], [85.02923264780861, 27.851083188579054], [85.02922612065709, 27.851444073814097], [85.0294291343185, 27.851446974423567], [85.02942587103303, 27.851627417055493], [85.02922285703593, 27.85162451642401], [85.02921632970285, 27.851985401628614], [85.02941934437128, 27.851988302304125], [85.02941608099502, 27.85216874492084], [85.02921306599093, 27.8521658442233], [85.02940302718747, 27.85289051533693], [85.02960604356454, 27.85289341582407], [85.0298025342293, 27.853257201278435], [85.03020856847745, 27.85326300084856], [85.03020204395668, 27.853623886181943], [85.03060807966857, 27.853629684646304], [85.03060481803422, 27.85381012734939], [85.0310075935453, 27.853996367405966], [85.03099781038438, 27.854537695601557], [85.03120083002469, 27.854540593899138], [85.0311975692463, 27.854721036642847], [85.031606869396, 27.854546389598926], [85.03160360928905, 27.854726832386614], [85.03180662935576, 27.854729729810806], [85.03200313049099, 27.855093512584656], [85.03281521386661, 27.85510509827876], [85.03281195568336, 27.855285541183132], [85.03301497693852, 27.855288436882464], [85.03301823478604, 27.855107993956118], [85.03342427671551, 27.85511378441542], [85.03362078401464, 27.855477565176816], [85.03443287104248, 27.855489141495614], [85.0344296154847, 27.855669584565586], [85.03503868207969, 27.855678263736564], [85.03503542749894, 27.855858706867323], [85.03544147271795, 27.85586449153282], [85.0354447266272, 27.855684048358167], [85.03564774894622, 27.855686940221258], [85.0356444953727, 27.855867383417852], [85.03605054077269, 27.855873166292472], [85.03626006862036, 27.855515170752156], [85.03686913502253, 27.855523841798444], [85.03686588349359, 27.855704285131736], [85.03706890602366, 27.855707174905476], [85.03726542677855, 27.85607095111982], [85.03767472357862, 27.855896285851745], [85.03767147333238, 27.856076729262597], [85.03807752000672, 27.856082506211443], [85.03807427040185, 27.856262949661065], [85.03888636545501, 27.85627450006459], [85.03888311716304, 27.8564549435968], [85.03908614133736, 27.856457830473367], [85.03908938929361, 27.856277386919256], [85.0394954370611, 27.856283159733124], [85.03949218977637, 27.856463603331044], [85.03969521404103, 27.85646648931215], [85.03969846099001, 27.856286045692325], [85.0405105570066, 27.856297586544258], [85.04050731140063, 27.856478030251658], [85.04091336026097, 27.856483798930462], [85.04110989544866, 27.85684757035304], [85.04171897106957, 27.856856220368382], [85.04171572738794, 27.857036664191867], [85.04232480428678, 27.85704531158636], [85.04232156158238, 27.857225755470406], [85.04272761367012, 27.857231518951313], [85.04273085570298, 27.857051075023534], [85.0431369072394, 27.857056837266708], [85.04313366587809, 27.85723728123821], [85.04333669202714, 27.857240161933913], [85.04333993305269, 27.85705971794054], [85.0437459847694, 27.857065478392713], [85.0437427444154, 27.857245922429794], [85.0453669551697, 27.85726895247323], [85.04537019283752, 27.85708850826139], [85.04557321898115, 27.857091385651724], [85.04556998164908, 27.8572718298854], [85.04577300815849, 27.85727470699906], [85.04577624515477, 27.857094262743555], [85.0459792713584, 27.857097139536876], [85.04598250798891, 27.856916695254476], [85.04639179574363, 27.856742003570847], [85.04639826751158, 27.85638111489339], [85.04660129246216, 27.856383990703918], [85.04661099888183, 27.855842657584265], [85.04701704685844, 27.855848408178918], [85.04702028160018, 27.855667963751923], [85.0472233052977, 27.8556708385797], [85.04723300833578, 27.85512950520287], [85.04743603105607, 27.855132379666724], [85.04743279707577, 27.85531282415255], [85.04763582016177, 27.855315698339734], [85.04763905380632, 27.8551352538321], [85.048248122237, 27.85514387453736], [85.04844468047399, 27.85550763669347], [85.04885395930725, 27.85533293719476], [85.04885072764718, 27.85551338182815], [85.04925677494022, 27.8555191257689], [85.04925354392168, 27.85569957044082], [85.05067471274087, 27.855719664983667], [85.05067794140916, 27.855539220159258], [85.0508809653102, 27.855542089592507], [85.05087773697765, 27.855722534438687], [85.051283785541, 27.855728272453288], [85.05128055785005, 27.85590871733795], [85.05188963192673, 27.85591732218649], [85.05188640521311, 27.85609776713138], [85.05208943030094, 27.856100634839002], [85.05208620389317, 27.85628107980059], [85.05249225483006, 27.85628681436388], [85.05268882945269, 27.856650571236308], [85.0534977103439, 27.856842480859605], [85.05349448616691, 27.857022925953206], [85.05369751317276, 27.857025791381602], [85.05369428930166, 27.857206236491876], [85.05389731667319, 27.857209101643505], [85.05389409310798, 27.857389546770467], [85.05409712084517, 27.857392411645332], [85.05429370273532, 27.85775616654735], [85.05490278823049, 27.85776475861574], [85.05489956625459, 27.857945203836177], [85.05510259514851, 27.857948067283665], [85.05510581678861, 27.8577676220415], [85.05551187399448, 27.85777334799748], [85.05550865302595, 27.857953793283098], [85.05632076913913, 27.857965241699734], [85.05631754948392, 27.85814568706716], [85.05652057892263, 27.85814854844673], [85.05651735957339, 27.858328993830806], [85.05672038937774, 27.85833185493357], [85.05671717033447, 27.8585123003343], [85.05692020050445, 27.858515161160238], [85.05691698176715, 27.8586956065776], [85.05712001230278, 27.858698467126732], [85.05731660664735, 27.859062218283686], [85.05772266921105, 27.859067937976103], [85.05771945172748, 27.859248383465083], [85.05792248338989, 27.85925124288519], [85.05791926621231, 27.859431688390806], [85.05812229824035, 27.85943454753407], [85.05811908136877, 27.859614993056315], [85.05832211376247, 27.859617851922728], [85.05831889719688, 27.85979829746161], [85.05852192995623, 27.859801156051173], [85.0587185308681, 27.86016490549152], [85.06013976592844, 27.860184905472952], [85.06013655229592, 27.86036535119177], [85.060339586331, 27.860368207159446], [85.06034279962766, 27.86018776141896], [85.06074886711548, 27.860193472415325], [85.06074565449049, 27.860373918199148], [85.06358813494114, 27.860413862039103], [85.06359134286438, 27.860233415952184], [85.06379437706958, 27.86023626682282], [85.06379116948219, 27.860416712931375], [85.06419723865346, 27.86042241382025], [85.06420044556918, 27.860241967668443], [85.06460651418767, 27.86024766731985], [85.06460330794366, 27.86042811351491], [85.06480634263335, 27.8604309629144], [85.06480954854152, 27.860250516697718], [85.06521561733835, 27.860256214557808], [85.06521241210184, 27.860436660817726], [85.06663365617746, 27.860456594074833], [85.06663045326218, 27.860637040480935], [85.06703972618061, 27.86046228660414], [85.06703652393703, 27.86064273305344], [85.06744259473062, 27.8606484244317], [85.06743939312905, 27.860828870919125], [85.06784226375352, 27.861015007671867], [85.06785506741365, 27.860293221539337], [85.06765203261435, 27.86029037663978], [85.06765523379104, 27.860109930115577], [85.0678582682545, 27.860112774993553], [85.06786146906568, 27.8599323284427], [85.06765843493805, 27.859929483586324], [85.06766803820106, 27.859388143968182], [85.06787107132118, 27.859390988759802], [85.06787427201367, 27.85921054218872], [85.06807730482764, 27.85921338666021], [85.06807410447097, 27.85939383325288], [85.06827713765041, 27.859396677447414], [85.06828033767127, 27.85921623083316], [85.06848337054456, 27.859219074707568], [85.06848017085954, 27.859399521343402], [85.06888623736677, 27.859405208239743], [85.06888943638013, 27.859224761560757], [85.06929550233431, 27.859230447219772], [85.06929870064636, 27.85905000049258], [85.06990779879253, 27.85905852667733], [85.06991099606746, 27.85887807988038], [85.07052009347292, 27.85888660331358], [85.07052328971075, 27.858706156446893], [85.07092615855805, 27.85889228410968], [85.07092935412426, 27.858711837199884], [85.07133861352116, 27.85853706980077], [85.07134500316218, 27.858176175869684], [85.07154803446515, 27.858179015136663], [85.07155122890542, 27.85799856814199], [85.07175425990219, 27.85800140708889], [85.07175745397704, 27.85782096006761], [85.07196048466763, 27.857823798694444], [85.07196367837707, 27.857643351646562], [85.07216670876146, 27.857646189953332], [85.07216990210549, 27.857465742878848], [85.07237293218368, 27.85746858086556], [85.07237612516231, 27.857288133764484], [85.07278537701335, 27.857113361650068], [85.07278856926118, 27.856932914495815], [85.07258554013117, 27.856930077170748], [85.07259192520966, 27.856569182890123], [85.0727949536681, 27.856572020172123], [85.07279814582715, 27.856391573002696], [85.07259511770451, 27.85638873574223], [85.07259831016977, 27.85620828858927], [85.07219544779201, 27.856022166100914], [85.07220183391762, 27.85566127185584], [85.07199880722686, 27.855658433785994], [85.07221460581363, 27.854939483304985], [85.07262065659785, 27.854945158376907], [85.07262384882634, 27.854764711183478], [85.07302989905742, 27.854770385018377], [85.07303309058483, 27.854589937776833], [85.07506334015754, 27.854618288826746], [85.07506015198767, 27.854798736283453], [85.07587225398754, 27.854810068431735], [85.07606890649056, 27.855173795835803], [85.07667798540388, 27.85518229104631], [85.07667479983144, 27.85536273865981], [85.0770808532595, 27.85536840068396], [85.07727751079898, 27.855732126589007], [85.0778865932657, 27.85574061661985], [85.07788022594342, 27.8561015120692], [85.07828628241191, 27.85610717068312], [85.07828309937807, 27.856287618443154], [85.07848612799236, 27.856290447323822], [85.07868279182308, 27.856654171496725], [85.07909203229205, 27.856479380015575], [85.0792886985028, 27.85684310343305], [85.08010081775637, 27.856854411451817], [85.08009763762664, 27.857034859384747], [85.08050687756005, 27.856860063670076], [85.08050369810191, 27.857040511645906], [85.0809097586951, 27.857046162712965], [85.081106432046, 27.85740988386384], [85.08151567199727, 27.857235085152595], [85.0815124941592, 27.857415533225502], [85.08191855639024, 27.85742118139305], [85.08191537919431, 27.857601629503762], [85.0823246187391, 27.857426828366492], [85.08232144221479, 27.857607276520056], [85.08333660028124, 27.857621388836485], [85.08333342540655, 27.857801837092083], [85.08353645744397, 27.85780465868119], [85.08353963198286, 27.857624210404172], [85.08394569547436, 27.857629852643964], [85.08394886931218, 27.857449404319077], [85.08516705847786, 27.857466323745253], [85.08517023027143, 27.857285875286927], [85.08537326156618, 27.857288694125042], [85.08537009010841, 27.857469142604756], [85.0857761534577, 27.85747477942817], [85.08577298264215, 27.857655227945617], [85.08617904678064, 27.857660863617678], [85.08617587660733, 27.857841312172834], [85.08658194153502, 27.85784694669351], [85.08657877200396, 27.85802739528637], [85.08678180484769, 27.85803021212028], [85.08678497404293, 27.857849763506046], [85.08698800658024, 27.857852580020044], [85.08698483772079, 27.858033028655647], [85.08739090355516, 27.858038660830772], [85.087387735338, 27.858219109504066], [85.08759076863505, 27.858221925165182], [85.08758760072435, 27.85840237385479], [85.08779063438661, 27.858405189238727], [85.08798733351202, 27.85876890177363], [85.08839340232666, 27.858774531134213], [85.08839023567118, 27.858954979894108], [85.08859327045838, 27.858957794147937], [85.08858377132334, 27.859499140461338], [85.08878680714743, 27.859501954480677], [85.08878047491567, 27.85986285204039], [85.08898351144079, 27.859865665803866], [85.08897717976333, 27.86022656338606], [85.08918021698952, 27.860229376893674], [85.08917705144263, 27.86040982569854], [85.08897401388059, 27.860407012169578], [85.08896768202705, 27.860767909721456], [85.08876464382263, 27.86076509585122], [85.08875514481457, 27.86130644207708], [85.08855210563188, 27.86130362784421], [85.08854893890128, 27.861484076554703], [85.08895501796778, 27.861489704764566], [85.08874564554235, 27.86184778825745], [85.08894868576205, 27.861850602255796], [85.08894551961515, 27.862031050993835], [85.08914856020009, 27.86203386471494], [85.0891517260111, 27.861853415955558], [85.08955780659723, 27.8618590424593], [85.089554641458, 27.862039491261385], [85.08975768213098, 27.862042304086714], [85.0897545172983, 27.862222752905083], [85.08995755833651, 27.862225565453162], [85.09015427099428, 27.862589275409583], [85.09056035456094, 27.86259489909812], [85.09055719098384, 27.862775347986677], [85.09035414884995, 27.86277253627037], [85.09055086374173, 27.863136245748628], [85.09115999233481, 27.86314467923391], [85.09116315496281, 27.86296423029147], [85.09157240209318, 27.862789402089174], [85.0915692401663, 27.862969851079313], [85.09177228281202, 27.862972661025324], [85.09176912119175, 27.863153110031732], [85.09197216420269, 27.86315591970046], [85.09216888525813, 27.86351962715351], [85.0929810603994, 27.86353086181841], [85.09298422006279, 27.863350412694235], [85.0931872635854, 27.863353220592625], [85.09339662503257, 27.86299512984367], [85.09379955261944, 27.863181193281704], [85.09380586911247, 27.862820294837668], [85.09420879684573, 27.863006357086316], [85.0942119544058, 27.862825907819193], [85.09441499709637, 27.86282871386205], [85.09441815429123, 27.862648264568573], [85.09421511193658, 27.86264545854701], [85.09422774176701, 27.86192366140775], [85.09443078277806, 27.861926467344155], [85.09464013721444, 27.86156837429686], [85.0950430620277, 27.861754433979193], [85.09504937402167, 27.86139353519886], [85.09565849447075, 27.86140194833764], [85.0956616494162, 27.861221498876056], [85.0958646892885, 27.861224302637204], [85.09586784386883, 27.86104385314929], [85.0962739230294, 27.86104945973329], [85.09627707690873, 27.860869010197774], [85.0970892342372, 27.860880219697716], [85.09709238674378, 27.860699770072102], [85.09810758238253, 27.860713775122676], [85.09811073318052, 27.860533325385735], [85.09851681096875, 27.860538925273417], [85.09851996106579, 27.86035847548893], [85.09892603829908, 27.86036407413982], [85.09892918769519, 27.860183624307805], [85.09933526437354, 27.86018922172191], [85.09933841306872, 27.860008771842377], [85.09994752729754, 27.860017165660533], [85.09995067495596, 27.859836715712255], [85.10096586424159, 27.859850699331624], [85.1009690101915, 27.85967024927218], [85.1013750854382, 27.859675840587514], [85.10137823068725, 27.859495390480593], [85.10178430537886, 27.859500980559226], [85.10178744992703, 27.859320530404833], [85.10199048698071, 27.8593233249751], [85.1019873427684, 27.8595037751507], [85.10239341763491, 27.859509363437923], [85.10239656117552, 27.859328913219926], [85.1028026354869, 27.859334500270485], [85.10279949261799, 27.859514950530883], [85.10300253015325, 27.859517743629517], [85.10300567268628, 27.859337293347924], [85.10442693389756, 27.859356836530118], [85.10443007405047, 27.859176386095182], [85.10463311114698, 27.859179176762908], [85.10462997132991, 27.859359627219018], [85.10584819653523, 27.85937636508254], [85.10584505870422, 27.85955681566062], [85.10625113467712, 27.859562392602236], [85.10624486027127, 27.85992329382789], [85.10644789897307, 27.859926081893157], [85.1064447620624, 27.860106532519566], [85.10664780112916, 27.86010932030742], [85.10684456765989, 27.860473009118966], [85.10725064728229, 27.860478583286366], [85.10724751162788, 27.860659033982238], [85.10745055181856, 27.86066182063921], [85.10744741647096, 27.86084227135118], [85.1076504570266, 27.86084505773071], [85.10764732198581, 27.861025508458766], [85.10805026945798, 27.86121153112964], [85.1080440005747, 27.861572432645097], [85.10824704256106, 27.861575218213407], [85.10823764002593, 27.862116570512143], [85.10844068304907, 27.86211935584526], [85.10843128126017, 27.862660708161968], [85.10863432532008, 27.86266349325988], [85.10842501325564, 27.863021609681205], [85.10862805798739, 27.86302439482138], [85.10882483597118, 27.86338808124652], [85.10923092692364, 27.863393650118297], [85.10922152855586, 27.86393500258257], [85.10942457508345, 27.8639377866339], [85.10962135726012, 27.86430147208871], [85.11002745180429, 27.864307038782712], [85.11002432024264, 27.864487489668427], [85.11022736789423, 27.864490272588593], [85.1102242366395, 27.86467072349038], [85.11042728465604, 27.86467350613303], [85.11042415370825, 27.864853957050883], [85.11062720208979, 27.864856739416], [85.11062407144892, 27.865037190349916], [85.11082712019542, 27.8650399724375], [85.11082398986152, 27.865220423387477], [85.11122695842249, 27.865406437696073], [85.11122069895345, 27.865767339655214], [85.1116236702312, 27.8659533529229], [85.11141436071765, 27.86631147389545], [85.11182046317536, 27.866317035678225], [85.11181107651697, 27.866858388723557], [85.11201412879728, 27.866861169230244], [85.112007871552, 27.867222071277425], [85.11241084954949, 27.867408082537374], [85.11240459347421, 27.867768984638648], [85.11260764752153, 27.867771764354778], [85.1126045197764, 27.867952215418935], [85.11280757418874, 27.867954994857474], [85.11280131928353, 27.86831589701282], [85.11300437439688, 27.86831867619485], [85.11300124723681, 27.868499127286032], [85.11279819178745, 27.868496348082918], [85.11298873830668, 27.869220931600317], [85.11319179512915, 27.869223710589075], [85.11318866816018, 27.869404161676112], [85.11339172534765, 27.86940694038726], [85.11338859868575, 27.86958739149033], [85.1137915878009, 27.869773399198866], [85.11377283107954, 27.870856105933957], [85.1135697711457, 27.87085332765159], [85.11355413806733, 27.871755583020008], [85.11375719968152, 27.871758361407757], [85.11375094691945, 27.87211926356195], [85.1135478846331, 27.872116485132054], [85.11354475787252, 27.872296936180497], [85.11374782049496, 27.87229971463147], [85.11394463088263, 27.87266339494978], [85.11435075761673, 27.872668950442336], [85.11434763211359, 27.872849401559943], [85.1145506958602, 27.87285217887918], [85.11454132018525, 27.873393532264927], [85.11474438496913, 27.873396309348614], [85.11474750988698, 27.87321585820402], [85.11515051462378, 27.873401862619765], [85.11515988727382, 27.872860509044447], [85.1155660150277, 27.87286606099424], [85.11556913851427, 27.872685609750263], [85.11597526571175, 27.87269116046298], [85.11597214289739, 27.872871611749073], [85.11638139302502, 27.87269670998073], [85.11657821308397, 27.873060386984914], [85.1171874063743, 27.873068708251], [85.11718428551866, 27.87324915965326], [85.11759041519572, 27.873254705712323], [85.11758729498338, 27.873435157151608], [85.11779036020141, 27.87343792975405], [85.11778724029624, 27.87361838120933], [85.11799030587929, 27.87362115353404], [85.11818713293866, 27.87398482853954], [85.11859326559379, 27.873990371779303], [85.11859014694636, 27.874170823303544], [85.11879321365342, 27.87417359449631], [85.1187900953132, 27.87435404603653], [85.1189931623853, 27.874356816951547], [85.1189900443523, 27.87453726850775], [85.11919311178941, 27.874540039145025], [85.11918999406365, 27.874720490717188], [85.11939306186578, 27.874723261076713], [85.11958989550317, 27.875086934350723], [85.12019910118643, 27.87509524286641], [85.12019598505468, 27.8752756945285], [85.12060212299356, 27.875281232087094], [85.12059900750522, 27.87546168378614], [85.12100826104795, 27.87528676845058], [85.1210051462319, 27.875467220191616], [85.12141128507406, 27.875472755401987], [85.12140817090143, 27.87565320717997], [85.12262659013746, 27.875669805766265], [85.12262970229318, 27.87548935386237], [85.12303584159702, 27.875494884292266], [85.12303273011361, 27.8756753362381], [85.12323580014493, 27.875678101025844], [85.12323268896883, 27.875858552987616], [85.12343575936515, 27.875861317497545], [85.12343264849636, 27.87604176947524], [85.12383567982255, 27.87622774965526], [85.12382945928546, 27.87658865366929], [85.12403253111293, 27.87659141736671], [85.12402320109965, 27.87713277341282], [85.12422627396445, 27.877135536874338], [85.12442312804984, 27.877499204126412], [85.12482927526828, 27.877504729639252], [85.1248261664933, 27.877685181718277], [85.12522920636796, 27.877871158193674], [85.12521988180087, 27.878412514511066], [85.1254229571919, 27.8784152763264], [85.12541674134219, 27.878776180554677], [85.12561981743445, 27.87877894211308], [85.12561360214195, 27.879139846363067], [85.12581667893544, 27.879142607664544], [85.1258135715822, 27.879323059802918], [85.1256104944525, 27.879320298480504], [85.12560117121133, 27.87986165480252], [85.12580424934968, 27.879864416187772], [85.125798034384, 27.88022532041913], [85.12600111322362, 27.880228081547422], [85.12599800603381, 27.880408533676476], [85.12579492685796, 27.88040577252724], [85.12579181930312, 27.88058622463031], [85.12599489881522, 27.880588985800486], [85.12598557698661, 27.881130342142256], [85.12618865753623, 27.881133103076404], [85.12597936229021, 27.881491246344876], [85.12618244351235, 27.88149400732091], [85.12617622937327, 27.881854911545236], [85.12657928680875, 27.88204088483095], [85.12657307384197, 27.882401789108766], [85.12697613399638, 27.88258776135135], [85.12696992220197, 27.882948665682637], [85.1271730062582, 27.882951425331807], [85.1271699006541, 27.883131877510813], [85.1273729850754, 27.883134636882033], [85.1273698797788, 27.883315089076923], [85.12757296456516, 27.88331784817019], [85.12756985957606, 27.883498300380964], [85.12777294472748, 27.88350105919627], [85.12776984004591, 27.883681511422925], [85.12797292556242, 27.88368426996027], [85.12796982118836, 27.883864722202794], [85.12817290706992, 27.88386748046217], [85.1281698030034, 27.884047932720577], [85.12837288925003, 27.884050690701972], [85.12836978549106, 27.88423114297625], [85.12877285562806, 27.884417110395265], [85.12876664931152, 27.88477801500225], [85.12896973698966, 27.88478077217062], [85.12896663412455, 27.88496122448745], [85.12916972216779, 27.88496398137783], [85.12916661961025, 27.88514443371053], [85.12936970801854, 27.8851471903229], [85.12956659259953, 27.88551085137027], [85.12997587217491, 27.885335910777854], [85.12997277090516, 27.885516363184085], [85.13017586010109, 27.885519118642623], [85.13017275913894, 27.88569957106469], [85.13037584869993, 27.885702326245223], [85.13037274804537, 27.88588277868315], [85.13057583797143, 27.885885533585654], [85.13077272787626, 27.886249193133537], [85.13118200858406, 27.886074249016104], [85.1311789092174, 27.88625470152751], [85.13138199993104, 27.88625745527611], [85.131378900872, 27.88643790780334], [85.13178508305815, 27.88644341444556], [85.13178198464306, 27.886623867009504], [85.13198507611555, 27.8866266199031], [85.13198197800811, 27.886807072482895], [85.13218506984566, 27.886809825098435], [85.13238196675634, 27.887173482642982], [85.13359742709021, 27.88737044324711], [85.13359433155883, 27.887550895973657], [85.1337974249714, 27.88755364628119], [85.1337943297477, 27.887734099023557], [85.13359123599876, 27.887731348695166], [85.13358814040998, 27.887911801411637], [85.1337912344953, 27.887914551760883], [85.13378504390447, 27.8882754572204], [85.13398813869124, 27.888278207312407], [85.13398504368917, 27.888458660055463], [85.13439432835078, 27.888283706599584], [85.13459123520904, 27.888647361400913], [85.13499742638618, 27.88865285897778], [85.13499433300868, 27.888833311814977], [85.13539743223987, 27.889019261111553], [85.13539124668712, 27.889380166844113], [85.13579434863814, 27.88956611509642], [85.13579125646292, 27.889746567991764], [85.135588158727, 27.889743820423618], [85.13557269573899, 27.890646084720554], [85.13536959634966, 27.89064333674926], [85.13536341028097, 27.891004242391077], [85.13556651034317, 27.89100699040404], [85.13556341760226, 27.891187443238223], [85.13596961848546, 27.891192938408885], [85.13616653542086, 27.891556591323962], [85.13596343426339, 27.89155384414545], [85.1359603421094, 27.89173429700618], [85.13555104635205, 27.89190925452452], [85.13553867464324, 27.892631065730153], [85.13574177776205, 27.892633813631658], [85.13573868509965, 27.89281426644129], [85.13553558164438, 27.89281151851895], [85.1355293955607, 27.893172424081428], [85.13573249968887, 27.893175172045442], [85.1357294069405, 27.893355624839955], [85.13552630247584, 27.89335287685511], [85.13552011622016, 27.893713782387334], [85.13572322135775, 27.893716530413855], [85.13571703566039, 27.89407743596758], [85.13551392984984, 27.89407468789938], [85.13550465007937, 27.894616046129652], [85.13530154328802, 27.894613297699923], [85.13529535595805, 27.894974203119883], [85.1350922485224, 27.894971454349445], [85.13508915447792, 27.895151907031018], [85.1354953700509, 27.89515740431455], [85.13549227665077, 27.895337857032757], [85.13528916851342, 27.895335108519674], [85.13528607474812, 27.895515561211997], [85.13548918322195, 27.89551830974592], [85.13548299627831, 27.89587921515714], [85.13527988713147, 27.895876466581534], [85.13527679328016, 27.896056919258736], [85.1354799027635, 27.896059667855177], [85.1354675284176, 27.896781478596917], [85.13526441758816, 27.89677872991712], [85.13526132359348, 27.89695918256911], [85.13546443475946, 27.89696193126975], [85.13545824735718, 27.897322836600278], [85.13586137805018, 27.89750878588709], [85.13585828495044, 27.897689238581428], [85.13565517238099, 27.89768649039556], [85.13564898542245, 27.89804739572743], [85.13585209866498, 27.898050143954958], [85.13584900547927, 27.898230596634157], [85.13605211908703, 27.898233344583453], [85.13604593330271, 27.8985942499684], [85.13624904761222, 27.898596997660277], [85.13622121319332, 27.900221071830398], [85.13642433056064, 27.90022381941066], [85.13641814549216, 27.900584724767988], [85.13662126356134, 27.900587472090805], [85.13660580207166, 27.901489735500014], [85.13680892185249, 27.901492482627848], [85.1368058298052, 27.901672935315386], [85.13721207012603, 27.901678428715353], [85.13720897872332, 27.901858881439498], [85.13741209926332, 27.901861627711618], [85.13740591704521, 27.902222533186414], [85.13760903828708, 27.90222527920105], [85.13760594747168, 27.902405731951696], [85.13800910054383, 27.902591675912447], [85.13800292011636, 27.90295258147178], [85.13820604279066, 27.90295532667228], [85.13819986292195, 27.90331623225307], [85.13799673957438, 27.903313487010948], [85.13799364926044, 27.903493939772964], [85.13758431096204, 27.903668901065036], [85.13758121991754, 27.903849353775342], [85.13778434421776, 27.90385209967818], [85.1375750377426, 27.90421025918082], [85.13798128771832, 27.90421575077062], [85.1379781972612, 27.904396203507417], [85.13777507192236, 27.904393457841284], [85.1377688902489, 27.904754363258146], [85.13797201626107, 27.904757108965907], [85.13795965391719, 27.905478919822357], [85.13816278130469, 27.905481665314202], [85.13815660063429, 27.905842570753798], [85.13835972872378, 27.905845315988092], [85.13835663868232, 27.90602576872113], [85.13815351025613, 27.906023023466023], [85.13815041984935, 27.906203476173218], [85.13754103373253, 27.906195238550417], [85.13753485081291, 27.906556143824798], [85.13794110954225, 27.906561635955757], [85.13793801871287, 27.906742088627002], [85.13834427823016, 27.906747579602865], [85.13834118804556, 27.906928032310688], [85.13854431818385, 27.90693077737065], [85.13832264633658, 27.90801074845175], [85.13791947313517, 27.907824804548596], [85.13792565510894, 27.90746389926158], [85.13751939301255, 27.907458406922466], [85.13751630136655, 27.90763885952686], [85.1373131700246, 27.9076361128877], [85.13731007801324, 27.907816565466245], [85.1375132096919, 27.90781931212622], [85.13730389390456, 27.9081774706082], [85.1369007220284, 27.907991523780556], [85.13708529912438, 27.909076986269906], [85.1368821651459, 27.90907423886577], [85.13687288631783, 27.90961559634029], [85.13666975135777, 27.909612848574472], [85.13666356465558, 27.909973753490615], [85.13646042905069, 27.90997100538392], [85.13645114777219, 27.910512362657812], [85.13604178013746, 27.910687317794647], [85.1360263072556, 27.911589579583392], [85.13582316870578, 27.911586830391514], [85.13581388362225, 27.91212818734172], [85.13561074409074, 27.912125437788077], [85.13560764866875, 27.912305890073895], [85.13540450882914, 27.912303140200162], [85.13540141304166, 27.91248359246008], [85.13519827289393, 27.912480842266255], [85.13519517674098, 27.912661294500296], [85.13499203628513, 27.91265854398638], [85.1349889397667, 27.912838996194527], [85.13457956104672, 27.913013946388624], [85.13477650826489, 27.91337760189213], [85.13457336651918, 27.9133748506963], [85.13457026921236, 27.91355530284257], [85.13416088712428, 27.91373025161093], [85.13435783405548, 27.914093907672605], [85.13415469101989, 27.914091155794832], [85.13415159292464, 27.91427160787921], [85.13374220746832, 27.91444655522174], [85.13373291090323, 27.91498791130433], [85.13393605556557, 27.91499066388495], [85.13372671304964, 27.915348815334163], [85.13392985838567, 27.915351567956506], [85.13392675975264, 27.915532019984713], [85.1343299531965, 27.915717976438113], [85.13432375713435, 27.916078880552735], [85.1345269039039, 27.91608163236062], [85.13452380616664, 27.91626208443121], [85.13472695330177, 27.916264835960654], [85.13492390625241, 27.91662849140024], [85.13533020201358, 27.916633993046002], [85.13532091249989, 27.917175349447408], [85.13593035938864, 27.917183599858827], [85.13592726383735, 27.91736405204506], [85.13633356258033, 27.917369550864436], [85.13653052282753, 27.91773320430749], [85.1369368230901, 27.917738701414287], [85.13693372913721, 27.917919153689546], [85.13673057865472, 27.917916405264975], [85.1369275411455, 27.918280058224923], [85.13733384354407, 27.91828555425938], [85.13733693688047, 27.918105101952566], [85.13754008778584, 27.918107849499986], [85.13753080870138, 27.918649206467755], [85.1373276567853, 27.918646458857875], [85.13732456336295, 27.918826911149555], [85.13712141113861, 27.918824163219522], [85.13711831735068, 27.91900461548533], [85.13670891782377, 27.919179570904724], [85.13669963418049, 27.9197209275318], [85.13649648035758, 27.91971817859962], [85.13649029044487, 27.920079082950785], [85.13628713597676, 27.920076333677592], [85.13627784988186, 27.920617690104002], [85.13607469443163, 27.92061494046896], [85.13627165900856, 27.920978594363053], [85.13606850288444, 27.92097584468634], [85.13606231122253, 27.921336748883537], [85.13585915445319, 27.921333998865787], [85.1356498045881, 27.921692152642333], [85.13625927691783, 27.92170040282061], [85.13626237248353, 27.921519950713783], [85.13646552964717, 27.92152270015364], [85.1364779102754, 27.920800891592574], [85.1368873164046, 27.920625937213], [85.1368965994671, 27.92008458059912], [85.1370997540212, 27.92008732897426], [85.1371028479811, 27.919906876738725], [85.13750915650144, 27.919912372549312], [85.13751224975883, 27.91973192026708], [85.13771540372505, 27.919734667702535], [85.13771231080459, 27.919915120005587], [85.1379154651364, 27.919917867162518], [85.13791855771993, 27.91973741483865], [85.13893432812401, 27.91975114602901], [85.13893741899427, 27.919570693596057], [85.13914057282406, 27.919573438915286], [85.13914984425229, 27.91903208152374], [85.14016560877691, 27.919045803317786], [85.14016252001404, 27.919226255890656], [85.14057191478707, 27.91905128994004], [85.14056882669804, 27.919231742554487], [85.14077198008296, 27.91923448543738], [85.14076889230223, 27.919414938067572], [85.14097204605267, 27.919417680671913], [85.14096895858027, 27.919598133317837], [85.14117211269624, 27.919600875643614], [85.14116902553216, 27.919781328305273], [85.14137218001365, 27.919784070352485], [85.14136909315792, 27.919964523029876], [85.14157224800492, 27.91996726479851], [85.14156916145751, 27.920147717491638], [85.14177231667006, 27.9201504589817], [85.14176923043101, 27.920330911690556], [85.14197238600907, 27.92033365290203], [85.14216937039961, 27.92069729929981], [85.14257876799492, 27.92052232752721], [85.14257568304645, 27.920702780309046], [85.14298199580759, 27.920708260120833], [85.14317898427005, 27.9210719052508], [85.14378845573346, 27.92108012194971], [85.14378537272098, 27.921260574840957], [85.14419168784663, 27.921266051184897], [85.1441947701852, 27.92108559825215], [85.1443979274539, 27.92108833595432], [85.14439484545228, 27.921268788907806], [85.1452074761604, 27.921279736805776], [85.14520439547807, 27.921460189837173], [85.1458138698197, 27.921468397679455], [85.14581079011973, 27.92164885076801], [85.14682658294446, 27.921662524621308], [85.14682350490078, 27.92184297780842], [85.14723290027398, 27.921667992066997], [85.14722982290424, 27.92184844529554], [85.14763306429741, 27.92203436485007], [85.14762383395349, 27.922575724614585], [85.14782699440289, 27.92257845739314], [85.14781776481341, 27.9231198171744], [85.14802092630225, 27.92312254971568], [85.14801785005243, 27.92330300298672], [85.14781468822656, 27.923300270424733], [85.14780853496742, 27.92366117691028], [85.14821178399728, 27.92384709509428], [85.14819640357825, 27.92474936140174], [85.1485996572693, 27.924935278647677], [85.14859350619334, 27.925296185208076], [85.1487966718403, 27.925298916800124], [85.14879052132443, 27.92565982338175], [85.14899368767396, 27.925662554715764], [85.14878437069464, 27.92602072994321], [85.14898753771823, 27.926023461318614], [85.14898138764856, 27.926384367901296], [85.14918455537473, 27.926387099018648], [85.14918148063421, 27.926567552323117], [85.148978312571, 27.92656482118507], [85.14896601197592, 27.927286634269763], [85.14916918138735, 27.92728936549057], [85.14916303159305, 27.927650272044055], [85.14895986150745, 27.92764754078186], [85.14875054019379, 27.92800571567075], [85.14834419881677, 27.92800025156631], [85.14834112247159, 27.92818070474262], [85.1479347805344, 27.92817523939895], [85.14793170348656, 27.928355692528818], [85.14752228323871, 27.928530679029308], [85.14750997195164, 27.929252491312514], [85.14730679906029, 27.929249757468313], [85.14729448596864, 27.929971569587988], [85.14709131175738, 27.92996883536146], [85.14708515436625, 27.930329741349613], [85.14749150416574, 27.930335209586033], [85.14728217242077, 27.930693381626977], [85.14748534800901, 27.93069611563687], [85.14747919173824, 27.93105702166753], [85.14768236802925, 27.931059755419348], [85.1476762123187, 27.931420661471257], [85.14787938931248, 27.931423394964998], [85.14787631175157, 27.931603848004094], [85.14767313442066, 27.93160111448965], [85.14766697853905, 27.9319620205113], [85.14787015654426, 27.93196475406716], [85.14785784578753, 27.932686566132787], [85.14806102516982, 27.932689299471956], [85.14805487029474, 27.933050205515922], [85.14825805037988, 27.933052938596987], [85.1482518960651, 27.933413844662187], [85.14845507685307, 27.933416577485136], [85.14824574163632, 27.933774750707215], [85.14864902800666, 27.933960669192736], [85.1486428747556, 27.934321575290312], [85.14884605728645, 27.934324307617686], [85.14884298095537, 27.93450476067961], [85.14965571271244, 27.93451568707654], [85.14965263770162, 27.934696140216186], [85.15026218783008, 27.93470433193078], [85.15025911380236, 27.934884785127423], [85.15046229757266, 27.934887515120558], [85.15045615010621, 27.93524842154008], [85.15065933457937, 27.93525115127502], [85.15085637284952, 27.935614787192463], [85.15126274328699, 27.93562024524728], [85.15125967080297, 27.935800698522087], [85.15146285640161, 27.93580342712083], [85.15146592854842, 27.935622973825353], [85.15228174064816, 27.935453431758955], [85.15227866987865, 27.93563388514212], [85.1526819705909, 27.935819792422617]], [[85.11298266446092, 27.857849726312967], [85.11298579024695, 27.85766927494516], [85.11318882554065, 27.857672052883302], [85.11318570009047, 27.85785250427219], [85.11298266446092, 27.857849726312967]], [[85.13713378600374, 27.918102354105823], [85.13713687964838, 27.917921901814786], [85.1373400301882, 27.917924649640703], [85.13733693688047, 27.918105101952566], [85.13713378600374, 27.918102354105823]], [[85.15248492571462, 27.935456158818607], [85.15268811080952, 27.935458885578697], [85.15268504071443, 27.935639339003174], [85.15248185528232, 27.935636612222428], [85.15248492571462, 27.935456158818607]], [[85.15153043705872, 27.93183345345567], [85.15153350857958, 27.931653000049266], [85.15173668645157, 27.931655727873167], [85.15173361526786, 27.93183618130023], [85.15153043705872, 27.93183345345567]], [[85.15173975760685, 27.931475274441066], [85.15194293517015, 27.931478001944797], [85.15194907672107, 27.93111709502415], [85.15215225363855, 27.931119822187057], [85.15214918321445, 27.931300275670562], [85.1523523604975, 27.93130300255463], [85.15235543058446, 27.93112254905047], [85.15316813865248, 27.931133453509144], [85.15316506991404, 27.931313907095905], [85.15296189251725, 27.93131118140984], [85.15295575428085, 27.93167208852696], [85.15254939822402, 27.931666636173713], [85.15254632838888, 27.93184708968341], [85.15193679350546, 27.93183890884528], [85.15173975760685, 27.931475274441066]], [[85.1098776423349, 27.861236590114647], [85.10988390505595, 27.860875688198718], [85.11028998689332, 27.860881253493073], [85.11028685621909, 27.861061704495786], [85.1104898975172, 27.861064486716188], [85.11048363675346, 27.861425388748714], [85.11007755284268, 27.861419823924866], [85.11008068391085, 27.86123937295335], [85.1098776423349, 27.861236590114647]]]]}, "properties": {"class": "Inundated", "min_depth_m": 0.1, "model": "delft3d", "area_km2": 8.544399999998683}}]}