<?xml version="1.0" encoding="UTF-8"?>
<kml xmlns="http://www.opengis.net/kml/2.2" xmlns:gx="http://www.google.com/kml/ext/2.2">
    <Document id="48">
        <Style id="53">
            <LineStyle id="55">
                <colorMode>normal</colorMode>
                <width>0.5</width>
            </LineStyle>
            <PolyStyle id="54">
                <color>7f00ff00</color>
                <colorMode>normal</colorMode>
                <fill>1</fill>
                <outline>1</outline>
            </PolyStyle>
        </Style>
        <Style id="60">
            <LineStyle id="62">
                <colorMode>normal</colorMode>
                <width>0.5</width>
            </LineStyle>
            <PolyStyle id="61">
                <color>7f00ff00</color>
                <colorMode>normal</colorMode>
                <fill>1</fill>
                <outline>1</outline>
            </PolyStyle>
        </Style>
        <Style id="67">
            <LineStyle id="69">
                <colorMode>normal</colorMode>
                <width>0.5</width>
            </LineStyle>
            <PolyStyle id="68">
                <color>7f00ff00</color>
                <colorMode>normal</colorMode>
                <fill>1</fill>
                <outline>1</outline>
            </PolyStyle>
        </Style>
        <Style id="74">
            <LineStyle id="76">
                <colorMode>normal</colorMode>
                <width>0.5</width>
            </LineStyle>
            <PolyStyle id="75">
                <color>7f00ff00</color>
                <colorMode>normal</colorMode>
                <fill>1</fill>
                <outline>1</outline>
            </PolyStyle>
        </Style>
        <Style id="81">
            <LineStyle id="83">
                <colorMode>normal</colorMode>
                <width>0.5</width>
            </LineStyle>
            <PolyStyle id="82">
                <color>7f00ff00</color>
                <colorMode>normal</colorMode>
                <fill>1</fill>
                <outline>1</outline>
            </PolyStyle>
        </Style>
        <Style id="88">
            <LineStyle id="90">
                <colorMode>normal</colorMode>
                <width>0.5</width>
            </LineStyle>
            <PolyStyle id="89">
                <color>7f00ff00</color>
                <colorMode>normal</colorMode>
                <fill>1</fill>
                <outline>1</outline>
            </PolyStyle>
        </Style>
        <Style id="95">
            <LineStyle id="97">
                <colorMode>normal</colorMode>
                <width>0.5</width>
            </LineStyle>
            <PolyStyle id="96">
                <color>7f00ff00</color>
                <colorMode>normal</colorMode>
                <fill>1</fill>
                <outline>1</outline>
            </PolyStyle>
        </Style>
        <Style id="102">
            <LineStyle id="104">
                <colorMode>normal</colorMode>
                <width>0.5</width>
            </LineStyle>
            <PolyStyle id="103">
                <color>7f00ff00</color>
                <colorMode>normal</colorMode>
                <fill>1</fill>
                <outline>1</outline>
            </PolyStyle>
        </Style>
        <Style id="109">
            <LineStyle id="111">
                <colorMode>normal</colorMode>
                <width>0.5</width>
            </LineStyle>
            <PolyStyle id="110">
                <color>7f00ff00</color>
                <colorMode>normal</colorMode>
                <fill>1</fill>
                <outline>1</outline>
            </PolyStyle>
        </Style>
        <Style id="116">
            <LineStyle id="118">
                <colorMode>normal</colorMode>
                <width>0.5</width>
            </LineStyle>
            <PolyStyle id="117">
                <color>7f00ff00</color>
                <colorMode>normal</colorMode>
                <fill>1</fill>
                <outline>1</outline>
            </PolyStyle>
        </Style>
        <Style id="123">
            <LineStyle id="125">
                <colorMode>normal</colorMode>
                <width>0.5</width>
            </LineStyle>
            <PolyStyle id="124">
                <color>7f00ff00</color>
                <colorMode>normal</colorMode>
                <fill>1</fill>
                <outline>1</outline>
            </PolyStyle>
        </Style>
        <Style id="130">
            <LineStyle id="132">
                <colorMode>normal</colorMode>
                <width>0.5</width>
            </LineStyle>
            <PolyStyle id="131">
                <color>7f00ff00</color>
                <colorMode>normal</colorMode>
                <fill>1</fill>
                <outline>1</outline>
            </PolyStyle>
        </Style>
        <Style id="137">
            <LineStyle id="139">
                <colorMode>normal</colorMode>
                <width>0.5</width>
            </LineStyle>
            <PolyStyle id="138">
                <color>7f00ff00</color>
                <colorMode>normal</colorMode>
                <fill>1</fill>
                <outline>1</outline>
            </PolyStyle>
        </Style>
        <Style id="144">
            <LineStyle id="146">
                <colorMode>normal</colorMode>
                <width>0.5</width>
            </LineStyle>
            <PolyStyle id="145">
                <color>7f00ff00</color>
                <colorMode>normal</colorMode>
                <fill>1</fill>
                <outline>1</outline>
            </PolyStyle>
        </Style>
        <Style id="151">
            <LineStyle id="153">
                <colorMode>normal</colorMode>
                <width>0.5</width>
            </LineStyle>
            <PolyStyle id="152">
                <color>7f00ff00</color>
                <colorMode>normal</colorMode>
                <fill>1</fill>
                <outline>1</outline>
            </PolyStyle>
        </Style>
        <Style id="158">
            <LineStyle id="160">
                <colorMode>normal</colorMode>
                <width>0.5</width>
            </LineStyle>
            <PolyStyle id="159">
                <color>7f00ff00</color>
                <colorMode>normal</colorMode>
                <fill>1</fill>
                <outline>1</outline>
            </PolyStyle>
        </Style>
        <Style id="165">
            <LineStyle id="167">
                <colorMode>normal</colorMode>
                <width>0.5</width>
            </LineStyle>
            <PolyStyle id="166">
                <color>7f00ff00</color>
                <colorMode>normal</colorMode>
                <fill>1</fill>
                <outline>1</outline>
            </PolyStyle>
        </Style>
        <Style id="172">
            <LineStyle id="174">
                <colorMode>normal</colorMode>
                <width>0.5</width>
            </LineStyle>
            <PolyStyle id="173">
                <color>7f00ff00</color>
                <colorMode>normal</colorMode>
                <fill>1</fill>
                <outline>1</outline>
            </PolyStyle>
        </Style>
        <Style id="179">
            <LineStyle id="181">
                <colorMode>normal</colorMode>
                <width>0.5</width>
            </LineStyle>
            <PolyStyle id="180">
                <color>7f00ff00</color>
                <colorMode>normal</colorMode>
                <fill>1</fill>
                <outline>1</outline>
            </PolyStyle>
        </Style>
        <Style id="186">
            <LineStyle id="188">
                <colorMode>normal</colorMode>
                <width>0.5</width>
            </LineStyle>
            <PolyStyle id="187">
                <color>7f00ff00</color>
                <colorMode>normal</colorMode>
                <fill>1</fill>
                <outline>1</outline>
            </PolyStyle>
        </Style>
        <Style id="193">
            <LineStyle id="195">
                <colorMode>normal</colorMode>
                <width>0.5</width>
            </LineStyle>
            <PolyStyle id="194">
                <color>7f00ff00</color>
                <colorMode>normal</colorMode>
                <fill>1</fill>
                <outline>1</outline>
            </PolyStyle>
        </Style>
        <Style id="200">
            <LineStyle id="202">
                <colorMode>normal</colorMode>
                <width>0.5</width>
            </LineStyle>
            <PolyStyle id="201">
                <color>7f00ff00</color>
                <colorMode>normal</colorMode>
                <fill>1</fill>
                <outline>1</outline>
            </PolyStyle>
        </Style>
        <Style id="207">
            <LineStyle id="209">
                <colorMode>normal</colorMode>
                <width>0.5</width>
            </LineStyle>
            <PolyStyle id="208">
                <color>7f00ff00</color>
                <colorMode>normal</colorMode>
                <fill>1</fill>
                <outline>1</outline>
            </PolyStyle>
        </Style>
        <Style id="214">
            <LineStyle id="216">
                <colorMode>normal</colorMode>
                <width>0.5</width>
            </LineStyle>
            <PolyStyle id="215">
                <color>7f00ff00</color>
                <colorMode>normal</colorMode>
                <fill>1</fill>
                <outline>1</outline>
            </PolyStyle>
        </Style>
        <Style id="221">
            <LineStyle id="223">
                <colorMode>normal</colorMode>
                <width>0.5</width>
            </LineStyle>
            <PolyStyle id="222">
                <color>7f00ff00</color>
                <colorMode>normal</colorMode>
                <fill>1</fill>
                <outline>1</outline>
            </PolyStyle>
        </Style>
        <Style id="228">
            <LineStyle id="230">
                <colorMode>normal</colorMode>
                <width>0.5</width>
            </LineStyle>
            <PolyStyle id="229">
                <color>7f00ff00</color>
                <colorMode>normal</colorMode>
                <fill>1</fill>
                <outline>1</outline>
            </PolyStyle>
        </Style>
        <Style id="235">
            <LineStyle id="237">
                <colorMode>normal</colorMode>
                <width>0.5</width>
            </LineStyle>
            <PolyStyle id="236">
                <color>7f00ff00</color>
                <colorMode>normal</colorMode>
                <fill>1</fill>
                <outline>1</outline>
            </PolyStyle>
        </Style>
        <Style id="242">
            <LineStyle id="244">
                <colorMode>normal</colorMode>
                <width>0.5</width>
            </LineStyle>
            <PolyStyle id="243">
                <color>7f00ff00</color>
                <colorMode>normal</colorMode>
                <fill>1</fill>
                <outline>1</outline>
            </PolyStyle>
        </Style>
        <Style id="249">
            <LineStyle id="251">
                <colorMode>normal</colorMode>
                <width>0.5</width>
            </LineStyle>
            <PolyStyle id="250">
                <color>7f00ff00</color>
                <colorMode>normal</colorMode>
                <fill>1</fill>
                <outline>1</outline>
            </PolyStyle>
        </Style>
        <Style id="256">
            <LineStyle id="258">
                <colorMode>normal</colorMode>
                <width>0.5</width>
            </LineStyle>
            <PolyStyle id="257">
                <color>7f00ff00</color>
                <colorMode>normal</colorMode>
                <fill>1</fill>
                <outline>1</outline>
            </PolyStyle>
        </Style>
        <Style id="263">
            <LineStyle id="265">
                <colorMode>normal</colorMode>
                <width>0.5</width>
            </LineStyle>
            <PolyStyle id="264">
                <color>7f00ff00</color>
                <colorMode>normal</colorMode>
                <fill>1</fill>
                <outline>1</outline>
            </PolyStyle>
        </Style>
        <Style id="270">
            <LineStyle id="272">
                <colorMode>normal</colorMode>
                <width>0.5</width>
            </LineStyle>
            <PolyStyle id="271">
                <color>7f00ff00</color>
                <colorMode>normal</colorMode>
                <fill>1</fill>
                <outline>1</outline>
            </PolyStyle>
        </Style>
        <Style id="277">
            <LineStyle id="279">
                <colorMode>normal</colorMode>
                <width>0.5</width>
            </LineStyle>
            <PolyStyle id="278">
                <color>7f00ff00</color>
                <colorMode>normal</colorMode>
                <fill>1</fill>
                <outline>1</outline>
            </PolyStyle>
        </Style>
        <Style id="284">
            <LineStyle id="286">
                <colorMode>normal</colorMode>
                <width>0.5</width>
            </LineStyle>
            <PolyStyle id="285">
                <color>7f00ff00</color>
                <colorMode>normal</colorMode>
                <fill>1</fill>
                <outline>1</outline>
            </PolyStyle>
        </Style>
        <Style id="291">
            <LineStyle id="293">
                <colorMode>normal</colorMode>
                <width>0.5</width>
            </LineStyle>
            <PolyStyle id="292">
                <color>7f00ff00</color>
                <colorMode>normal</colorMode>
                <fill>1</fill>
                <outline>1</outline>
            </PolyStyle>
        </Style>
        <Style id="298">
            <LineStyle id="300">
                <colorMode>normal</colorMode>
                <width>0.5</width>
            </LineStyle>
            <PolyStyle id="299">
                <color>7f00ff00</color>
                <colorMode>normal</colorMode>
                <fill>1</fill>
                <outline>1</outline>
            </PolyStyle>
        </Style>
        <Style id="305">
            <LineStyle id="307">
                <colorMode>normal</colorMode>
                <width>0.5</width>
            </LineStyle>
            <PolyStyle id="306">
                <color>7f00ff00</color>
                <colorMode>normal</colorMode>
                <fill>1</fill>
                <outline>1</outline>
            </PolyStyle>
        </Style>
        <Style id="312">
            <LineStyle id="314">
                <colorMode>normal</colorMode>
                <width>0.5</width>
            </LineStyle>
            <PolyStyle id="313">
                <color>7f00ff00</color>
                <colorMode>normal</colorMode>
                <fill>1</fill>
                <outline>1</outline>
            </PolyStyle>
        </Style>
        <Style id="319">
            <LineStyle id="321">
                <colorMode>normal</colorMode>
                <width>0.5</width>
            </LineStyle>
            <PolyStyle id="320">
                <color>7f00ff00</color>
                <colorMode>normal</colorMode>
                <fill>1</fill>
                <outline>1</outline>
            </PolyStyle>
        </Style>
        <Style id="326">
            <LineStyle id="328">
                <colorMode>normal</colorMode>
                <width>0.5</width>
            </LineStyle>
            <PolyStyle id="327">
                <color>7f00ff00</color>
                <colorMode>normal</colorMode>
                <fill>1</fill>
                <outline>1</outline>
            </PolyStyle>
        </Style>
        <Style id="333">
            <LineStyle id="335">
                <colorMode>normal</colorMode>
                <width>0.5</width>
            </LineStyle>
            <PolyStyle id="334">
                <color>7f00ff00</color>
                <colorMode>normal</colorMode>
                <fill>1</fill>
                <outline>1</outline>
            </PolyStyle>
        </Style>
        <Style id="340">
            <LineStyle id="342">
                <colorMode>normal</colorMode>
                <width>0.5</width>
            </LineStyle>
            <PolyStyle id="341">
                <color>7f00ff00</color>
                <colorMode>normal</colorMode>
                <fill>1</fill>
                <outline>1</outline>
            </PolyStyle>
        </Style>
        <Style id="347">
            <LineStyle id="349">
                <colorMode>normal</colorMode>
                <width>0.5</width>
            </LineStyle>
            <PolyStyle id="348">
                <color>7f00ff00</color>
                <colorMode>normal</colorMode>
                <fill>1</fill>
                <outline>1</outline>
            </PolyStyle>
        </Style>
        <Style id="354">
            <LineStyle id="356">
                <colorMode>normal</colorMode>
                <width>0.5</width>
            </LineStyle>
            <PolyStyle id="355">
                <color>7f00ff00</color>
                <colorMode>normal</colorMode>
                <fill>1</fill>
                <outline>1</outline>
            </PolyStyle>
        </Style>
        <Style id="361">
            <LineStyle id="363">
                <colorMode>normal</colorMode>
                <width>0.5</width>
            </LineStyle>
            <PolyStyle id="362">
                <color>7f00ff00</color>
                <colorMode>normal</colorMode>
                <fill>1</fill>
                <outline>1</outline>
            </PolyStyle>
        </Style>
        <Style id="368">
            <LineStyle id="370">
                <colorMode>normal</colorMode>
                <width>0.5</width>
            </LineStyle>
            <PolyStyle id="369">
                <color>7f00ff00</color>
                <colorMode>normal</colorMode>
                <fill>1</fill>
                <outline>1</outline>
            </PolyStyle>
        </Style>
        <Style id="375">
            <LineStyle id="377">
                <colorMode>normal</colorMode>
                <width>0.5</width>
            </LineStyle>
            <PolyStyle id="376">
                <color>7f00ff00</color>
                <colorMode>normal</colorMode>
                <fill>1</fill>
                <outline>1</outline>
            </PolyStyle>
        </Style>
        <Style id="382">
            <LineStyle id="384">
                <colorMode>normal</colorMode>
                <width>0.5</width>
            </LineStyle>
            <PolyStyle id="383">
                <color>7f00ff00</color>
                <colorMode>normal</colorMode>
                <fill>1</fill>
                <outline>1</outline>
            </PolyStyle>
        </Style>
        <Style id="389">
            <LineStyle id="391">
                <colorMode>normal</colorMode>
                <width>0.5</width>
            </LineStyle>
            <PolyStyle id="390">
                <color>7f00ff00</color>
                <colorMode>normal</colorMode>
                <fill>1</fill>
                <outline>1</outline>
            </PolyStyle>
        </Style>
        <Style id="396">
            <LineStyle id="398">
                <colorMode>normal</colorMode>
                <width>0.5</width>
            </LineStyle>
            <PolyStyle id="397">
                <color>7f00ff00</color>
                <colorMode>normal</colorMode>
                <fill>1</fill>
                <outline>1</outline>
            </PolyStyle>
        </Style>
        <Style id="403">
            <LineStyle id="405">
                <colorMode>normal</colorMode>
                <width>0.5</width>
            </LineStyle>
            <PolyStyle id="404">
                <color>7f00ff00</color>
                <colorMode>normal</colorMode>
                <fill>1</fill>
                <outline>1</outline>
            </PolyStyle>
        </Style>
        <Style id="410">
            <LineStyle id="412">
                <colorMode>normal</colorMode>
                <width>0.5</width>
            </LineStyle>
            <PolyStyle id="411">
                <color>7f00ff00</color>
                <colorMode>normal</colorMode>
                <fill>1</fill>
                <outline>1</outline>
            </PolyStyle>
        </Style>
        <Style id="417">
            <LineStyle id="419">
                <colorMode>normal</colorMode>
                <width>0.5</width>
            </LineStyle>
            <PolyStyle id="418">
                <color>7f00ff00</color>
                <colorMode>normal</colorMode>
                <fill>1</fill>
                <outline>1</outline>
            </PolyStyle>
        </Style>
        <Style id="424">
            <LineStyle id="426">
                <colorMode>normal</colorMode>
                <width>0.5</width>
            </LineStyle>
            <PolyStyle id="425">
                <color>7f00ff00</color>
                <colorMode>normal</colorMode>
                <fill>1</fill>
                <outline>1</outline>
            </PolyStyle>
        </Style>
        <Style id="431">
            <LineStyle id="433">
                <colorMode>normal</colorMode>
                <width>0.5</width>
            </LineStyle>
            <PolyStyle id="432">
                <color>7f00ff00</color>
                <colorMode>normal</colorMode>
                <fill>1</fill>
                <outline>1</outline>
            </PolyStyle>
        </Style>
        <Style id="438">
            <LineStyle id="440">
                <colorMode>normal</colorMode>
                <width>0.5</width>
            </LineStyle>
            <PolyStyle id="439">
                <color>7f00ff00</color>
                <colorMode>normal</colorMode>
                <fill>1</fill>
                <outline>1</outline>
            </PolyStyle>
        </Style>
        <Style id="445">
            <LineStyle id="447">
                <colorMode>normal</colorMode>
                <width>0.5</width>
            </LineStyle>
            <PolyStyle id="446">
                <color>7f00ff00</color>
                <colorMode>normal</colorMode>
                <fill>1</fill>
                <outline>1</outline>
            </PolyStyle>
        </Style>
        <Style id="452">
            <LineStyle id="454">
                <colorMode>normal</colorMode>
                <width>0.5</width>
            </LineStyle>
            <PolyStyle id="453">
                <color>7f00ff00</color>
                <colorMode>normal</colorMode>
                <fill>1</fill>
                <outline>1</outline>
            </PolyStyle>
        </Style>
        <Style id="459">
            <LineStyle id="461">
                <colorMode>normal</colorMode>
                <width>0.5</width>
            </LineStyle>
            <PolyStyle id="460">
                <color>7f00ff00</color>
                <colorMode>normal</colorMode>
                <fill>1</fill>
                <outline>1</outline>
            </PolyStyle>
        </Style>
        <Style id="466">
            <LineStyle id="468">
                <colorMode>normal</colorMode>
                <width>0.5</width>
            </LineStyle>
            <PolyStyle id="467">
                <color>7f00ff00</color>
                <colorMode>normal</colorMode>
                <fill>1</fill>
                <outline>1</outline>
            </PolyStyle>
        </Style>
        <Style id="473">
            <LineStyle id="475">
                <colorMode>normal</colorMode>
                <width>0.5</width>
            </LineStyle>
            <PolyStyle id="474">
                <color>7f00ff00</color>
                <colorMode>normal</colorMode>
                <fill>1</fill>
                <outline>1</outline>
            </PolyStyle>
        </Style>
        <Style id="480">
            <LineStyle id="482">
                <colorMode>normal</colorMode>
                <width>0.5</width>
            </LineStyle>
            <PolyStyle id="481">
                <color>7f00ff00</color>
                <colorMode>normal</colorMode>
                <fill>1</fill>
                <outline>1</outline>
            </PolyStyle>
        </Style>
        <Style id="487">
            <LineStyle id="489">
                <colorMode>normal</colorMode>
                <width>0.5</width>
            </LineStyle>
            <PolyStyle id="488">
                <color>7f00ff00</color>
                <colorMode>normal</colorMode>
                <fill>1</fill>
                <outline>1</outline>
            </PolyStyle>
        </Style>
        <Style id="494">
            <LineStyle id="496">
                <colorMode>normal</colorMode>
                <width>0.5</width>
            </LineStyle>
            <PolyStyle id="495">
                <color>7f00ff00</color>
                <colorMode>normal</colorMode>
                <fill>1</fill>
                <outline>1</outline>
            </PolyStyle>
        </Style>
        <Style id="501">
            <LineStyle id="503">
                <colorMode>normal</colorMode>
                <width>0.5</width>
            </LineStyle>
            <PolyStyle id="502">
                <color>7f00ff00</color>
                <colorMode>normal</colorMode>
                <fill>1</fill>
                <outline>1</outline>
            </PolyStyle>
        </Style>
        <Style id="508">
            <LineStyle id="510">
                <colorMode>normal</colorMode>
                <width>0.5</width>
            </LineStyle>
            <PolyStyle id="509">
                <color>7f00ff00</color>
                <colorMode>normal</colorMode>
                <fill>1</fill>
                <outline>1</outline>
            </PolyStyle>
        </Style>
        <Style id="515">
            <LineStyle id="517">
                <colorMode>normal</colorMode>
                <width>0.5</width>
            </LineStyle>
            <PolyStyle id="516">
                <color>7f00ff00</color>
                <colorMode>normal</colorMode>
                <fill>1</fill>
                <outline>1</outline>
            </PolyStyle>
        </Style>
        <Style id="522">
            <LineStyle id="524">
                <colorMode>normal</colorMode>
                <width>0.5</width>
            </LineStyle>
            <PolyStyle id="523">
                <color>7f00ff00</color>
                <colorMode>normal</colorMode>
                <fill>1</fill>
                <outline>1</outline>
            </PolyStyle>
        </Style>
        <Style id="529">
            <LineStyle id="531">
                <colorMode>normal</colorMode>
                <width>0.5</width>
            </LineStyle>
            <PolyStyle id="530">
                <color>7f00ff00</color>
                <colorMode>normal</colorMode>
                <fill>1</fill>
                <outline>1</outline>
            </PolyStyle>
        </Style>
        <Style id="536">
            <LineStyle id="538">
                <colorMode>normal</colorMode>
                <width>0.5</width>
            </LineStyle>
            <PolyStyle id="537">
                <color>7f00ff00</color>
                <colorMode>normal</colorMode>
                <fill>1</fill>
                <outline>1</outline>
            </PolyStyle>
        </Style>
        <Style id="543">
            <LineStyle id="545">
                <colorMode>normal</colorMode>
                <width>0.5</width>
            </LineStyle>
            <PolyStyle id="544">
                <color>7f00ff00</color>
                <colorMode>normal</colorMode>
                <fill>1</fill>
                <outline>1</outline>
            </PolyStyle>
        </Style>
        <Style id="550">
            <LineStyle id="552">
                <colorMode>normal</colorMode>
                <width>0.5</width>
            </LineStyle>
            <PolyStyle id="551">
                <color>7f00ff00</color>
                <colorMode>normal</colorMode>
                <fill>1</fill>
                <outline>1</outline>
            </PolyStyle>
        </Style>
        <Style id="557">
            <LineStyle id="559">
                <colorMode>normal</colorMode>
                <width>0.5</width>
            </LineStyle>
            <PolyStyle id="558">
                <color>7f00ff00</color>
                <colorMode>normal</colorMode>
                <fill>1</fill>
                <outline>1</outline>
            </PolyStyle>
        </Style>
        <Style id="564">
            <LineStyle id="566">
                <colorMode>normal</colorMode>
                <width>0.5</width>
            </LineStyle>
            <PolyStyle id="565">
                <color>7f00ff00</color>
                <colorMode>normal</colorMode>
                <fill>1</fill>
                <outline>1</outline>
            </PolyStyle>
        </Style>
        <Style id="571">
            <LineStyle id="573">
                <colorMode>normal</colorMode>
                <width>0.5</width>
            </LineStyle>
            <PolyStyle id="572">
                <color>7f00ff00</color>
                <colorMode>normal</colorMode>
                <fill>1</fill>
                <outline>1</outline>
            </PolyStyle>
        </Style>
        <Style id="578">
            <LineStyle id="580">
                <colorMode>normal</colorMode>
                <width>0.5</width>
            </LineStyle>
            <PolyStyle id="579">
                <color>7f00ff00</color>
                <colorMode>normal</colorMode>
                <fill>1</fill>
                <outline>1</outline>
            </PolyStyle>
        </Style>
        <Style id="585">
            <LineStyle id="587">
                <colorMode>normal</colorMode>
                <width>0.5</width>
            </LineStyle>
            <PolyStyle id="586">
                <color>7f00ff00</color>
                <colorMode>normal</colorMode>
                <fill>1</fill>
                <outline>1</outline>
            </PolyStyle>
        </Style>
        <Style id="592">
            <LineStyle id="594">
                <colorMode>normal</colorMode>
                <width>0.5</width>
            </LineStyle>
            <PolyStyle id="593">
                <color>7f00ff00</color>
                <colorMode>normal</colorMode>
                <fill>1</fill>
                <outline>1</outline>
            </PolyStyle>
        </Style>
        <Style id="599">
            <LineStyle id="601">
                <colorMode>normal</colorMode>
                <width>0.5</width>
            </LineStyle>
            <PolyStyle id="600">
                <color>7f00ff00</color>
                <colorMode>normal</colorMode>
                <fill>1</fill>
                <outline>1</outline>
            </PolyStyle>
        </Style>
        <Style id="606">
            <LineStyle id="608">
                <colorMode>normal</colorMode>
                <width>0.5</width>
            </LineStyle>
            <PolyStyle id="607">
                <color>7f00ff00</color>
                <colorMode>normal</colorMode>
                <fill>1</fill>
                <outline>1</outline>
            </PolyStyle>
        </Style>
        <Style id="613">
            <LineStyle id="615">
                <colorMode>normal</colorMode>
                <width>0.5</width>
            </LineStyle>
            <PolyStyle id="614">
                <color>7f00ff00</color>
                <colorMode>normal</colorMode>
                <fill>1</fill>
                <outline>1</outline>
            </PolyStyle>
        </Style>
        <Style id="620">
            <LineStyle id="622">
                <colorMode>normal</colorMode>
                <width>0.5</width>
            </LineStyle>
            <PolyStyle id="621">
                <color>7f00ff00</color>
                <colorMode>normal</colorMode>
                <fill>1</fill>
                <outline>1</outline>
            </PolyStyle>
        </Style>
        <Style id="627">
            <LineStyle id="629">
                <colorMode>normal</colorMode>
                <width>0.5</width>
            </LineStyle>
            <PolyStyle id="628">
                <color>7f00ff00</color>
                <colorMode>normal</colorMode>
                <fill>1</fill>
                <outline>1</outline>
            </PolyStyle>
        </Style>
        <Style id="634">
            <LineStyle id="636">
                <colorMode>normal</colorMode>
                <width>0.5</width>
            </LineStyle>
            <PolyStyle id="635">
                <color>7f00ff00</color>
                <colorMode>normal</colorMode>
                <fill>1</fill>
                <outline>1</outline>
            </PolyStyle>
        </Style>
        <Style id="641">
            <LineStyle id="643">
                <colorMode>normal</colorMode>
                <width>0.5</width>
            </LineStyle>
            <PolyStyle id="642">
                <color>7f00ff00</color>
                <colorMode>normal</colorMode>
                <fill>1</fill>
                <outline>1</outline>
            </PolyStyle>
        </Style>
        <Style id="648">
            <LineStyle id="650">
                <colorMode>normal</colorMode>
                <width>0.5</width>
            </LineStyle>
            <PolyStyle id="649">
                <color>7f00ff00</color>
                <colorMode>normal</colorMode>
                <fill>1</fill>
                <outline>1</outline>
            </PolyStyle>
        </Style>
        <Style id="655">
            <LineStyle id="657">
                <colorMode>normal</colorMode>
                <width>0.5</width>
            </LineStyle>
            <PolyStyle id="656">
                <color>7f00ff00</color>
                <colorMode>normal</colorMode>
                <fill>1</fill>
                <outline>1</outline>
            </PolyStyle>
        </Style>
        <Style id="662">
            <LineStyle id="664">
                <colorMode>normal</colorMode>
                <width>0.5</width>
            </LineStyle>
            <PolyStyle id="663">
                <color>7f00ff00</color>
                <colorMode>normal</colorMode>
                <fill>1</fill>
                <outline>1</outline>
            </PolyStyle>
        </Style>
        <Style id="669">
            <LineStyle id="671">
                <colorMode>normal</colorMode>
                <width>0.5</width>
            </LineStyle>
            <PolyStyle id="670">
                <color>7f00ff00</color>
                <colorMode>normal</colorMode>
                <fill>1</fill>
                <outline>1</outline>
            </PolyStyle>
        </Style>
        <Style id="676">
            <LineStyle id="678">
                <colorMode>normal</colorMode>
                <width>0.5</width>
            </LineStyle>
            <PolyStyle id="677">
                <color>7f00ff00</color>
                <colorMode>normal</colorMode>
                <fill>1</fill>
                <outline>1</outline>
            </PolyStyle>
        </Style>
        <Style id="683">
            <LineStyle id="685">
                <colorMode>normal</colorMode>
                <width>0.5</width>
            </LineStyle>
            <PolyStyle id="684">
                <color>7f00ff00</color>
                <colorMode>normal</colorMode>
                <fill>1</fill>
                <outline>1</outline>
            </PolyStyle>
        </Style>
        <Style id="690">
            <LineStyle id="692">
                <colorMode>normal</colorMode>
                <width>0.5</width>
            </LineStyle>
            <PolyStyle id="691">
                <color>7f00ff00</color>
                <colorMode>normal</colorMode>
                <fill>1</fill>
                <outline>1</outline>
            </PolyStyle>
        </Style>
        <Style id="697">
            <LineStyle id="699">
                <colorMode>normal</colorMode>
                <width>0.5</width>
            </LineStyle>
            <PolyStyle id="698">
                <color>7f00ff00</color>
                <colorMode>normal</colorMode>
                <fill>1</fill>
                <outline>1</outline>
            </PolyStyle>
        </Style>
        <Style id="704">
            <LineStyle id="706">
                <colorMode>normal</colorMode>
                <width>0.5</width>
            </LineStyle>
            <PolyStyle id="705">
                <color>7f00ff00</color>
                <colorMode>normal</colorMode>
                <fill>1</fill>
                <outline>1</outline>
            </PolyStyle>
        </Style>
        <Style id="711">
            <LineStyle id="713">
                <colorMode>normal</colorMode>
                <width>0.5</width>
            </LineStyle>
            <PolyStyle id="712">
                <color>7f00ff00</color>
                <colorMode>normal</colorMode>
                <fill>1</fill>
                <outline>1</outline>
            </PolyStyle>
        </Style>
        <Style id="718">
            <LineStyle id="720">
                <colorMode>normal</colorMode>
                <width>0.5</width>
            </LineStyle>
            <PolyStyle id="719">
                <color>7f00ff00</color>
                <colorMode>normal</colorMode>
                <fill>1</fill>
                <outline>1</outline>
            </PolyStyle>
        </Style>
        <Style id="725">
            <LineStyle id="727">
                <colorMode>normal</colorMode>
                <width>0.5</width>
            </LineStyle>
            <PolyStyle id="726">
                <color>7f00ff00</color>
                <colorMode>normal</colorMode>
                <fill>1</fill>
                <outline>1</outline>
            </PolyStyle>
        </Style>
        <Style id="732">
            <LineStyle id="734">
                <colorMode>normal</colorMode>
                <width>0.5</width>
            </LineStyle>
            <PolyStyle id="733">
                <color>7f00ff00</color>
                <colorMode>normal</colorMode>
                <fill>1</fill>
                <outline>1</outline>
            </PolyStyle>
        </Style>
        <Style id="739">
            <LineStyle id="741">
                <colorMode>normal</colorMode>
                <width>0.5</width>
            </LineStyle>
            <PolyStyle id="740">
                <color>7f00ff00</color>
                <colorMode>normal</colorMode>
                <fill>1</fill>
                <outline>1</outline>
            </PolyStyle>
        </Style>
        <Style id="746">
            <LineStyle id="748">
                <colorMode>normal</colorMode>
                <width>0.5</width>
            </LineStyle>
            <PolyStyle id="747">
                <color>7f00ff00</color>
                <colorMode>normal</colorMode>
                <fill>1</fill>
                <outline>1</outline>
            </PolyStyle>
        </Style>
        <Style id="753">
            <LineStyle id="755">
                <colorMode>normal</colorMode>
                <width>0.5</width>
            </LineStyle>
            <PolyStyle id="754">
                <color>7f00ff00</color>
                <colorMode>normal</colorMode>
                <fill>1</fill>
                <outline>1</outline>
            </PolyStyle>
        </Style>
        <Style id="760">
            <LineStyle id="762">
                <colorMode>normal</colorMode>
                <width>0.5</width>
            </LineStyle>
            <PolyStyle id="761">
                <color>7f00ff00</color>
                <colorMode>normal</colorMode>
                <fill>1</fill>
                <outline>1</outline>
            </PolyStyle>
        </Style>
        <Style id="767">
            <LineStyle id="769">
                <colorMode>normal</colorMode>
                <width>0.5</width>
            </LineStyle>
            <PolyStyle id="768">
                <color>7f00ff00</color>
                <colorMode>normal</colorMode>
                <fill>1</fill>
                <outline>1</outline>
            </PolyStyle>
        </Style>
        <Style id="774">
            <LineStyle id="776">
                <colorMode>normal</colorMode>
                <width>0.5</width>
            </LineStyle>
            <PolyStyle id="775">
                <color>7f00ff00</color>
                <colorMode>normal</colorMode>
                <fill>1</fill>
                <outline>1</outline>
            </PolyStyle>
        </Style>
        <Style id="781">
            <LineStyle id="783">
                <colorMode>normal</colorMode>
                <width>0.5</width>
            </LineStyle>
            <PolyStyle id="782">
                <color>7f00ff00</color>
                <colorMode>normal</colorMode>
                <fill>1</fill>
                <outline>1</outline>
            </PolyStyle>
        </Style>
        <Style id="788">
            <LineStyle id="790">
                <colorMode>normal</colorMode>
                <width>0.5</width>
            </LineStyle>
            <PolyStyle id="789">
                <color>7f00ff00</color>
                <colorMode>normal</colorMode>
                <fill>1</fill>
                <outline>1</outline>
            </PolyStyle>
        </Style>
        <Style id="795">
            <LineStyle id="797">
                <colorMode>normal</colorMode>
                <width>0.5</width>
            </LineStyle>
            <PolyStyle id="796">
                <color>7f00ff00</color>
                <colorMode>normal</colorMode>
                <fill>1</fill>
                <outline>1</outline>
            </PolyStyle>
        </Style>
        <Style id="802">
            <LineStyle id="804">
                <colorMode>normal</colorMode>
                <width>0.5</width>
            </LineStyle>
            <PolyStyle id="803">
                <color>7f00ff00</color>
                <colorMode>normal</colorMode>
                <fill>1</fill>
                <outline>1</outline>
            </PolyStyle>
        </Style>
        <Style id="809">
            <LineStyle id="811">
                <colorMode>normal</colorMode>
                <width>0.5</width>
            </LineStyle>
            <PolyStyle id="810">
                <color>7f00ff00</color>
                <colorMode>normal</colorMode>
                <fill>1</fill>
                <outline>1</outline>
            </PolyStyle>
        </Style>
        <Style id="816">
            <LineStyle id="818">
                <colorMode>normal</colorMode>
                <width>0.5</width>
            </LineStyle>
            <PolyStyle id="817">
                <color>7f00ff00</color>
                <colorMode>normal</colorMode>
                <fill>1</fill>
                <outline>1</outline>
            </PolyStyle>
        </Style>
        <Style id="823">
            <LineStyle id="825">
                <colorMode>normal</colorMode>
                <width>0.5</width>
            </LineStyle>
            <PolyStyle id="824">
                <color>7f00ff00</color>
                <colorMode>normal</colorMode>
                <fill>1</fill>
                <outline>1</outline>
            </PolyStyle>
        </Style>
        <Style id="830">
            <LineStyle id="832">
                <colorMode>normal</colorMode>
                <width>0.5</width>
            </LineStyle>
            <PolyStyle id="831">
                <color>7f00ff00</color>
                <colorMode>normal</colorMode>
                <fill>1</fill>
                <outline>1</outline>
            </PolyStyle>
        </Style>
        <Style id="837">
            <LineStyle id="839">
                <colorMode>normal</colorMode>
                <width>0.5</width>
            </LineStyle>
            <PolyStyle id="838">
                <color>7f00ff00</color>
                <colorMode>normal</colorMode>
                <fill>1</fill>
                <outline>1</outline>
            </PolyStyle>
        </Style>
        <Style id="844">
            <LineStyle id="846">
                <colorMode>normal</colorMode>
                <width>0.5</width>
            </LineStyle>
            <PolyStyle id="845">
                <color>7f00ff00</color>
                <colorMode>normal</colorMode>
                <fill>1</fill>
                <outline>1</outline>
            </PolyStyle>
        </Style>
        <Style id="851">
            <LineStyle id="853">
                <colorMode>normal</colorMode>
                <width>0.5</width>
            </LineStyle>
            <PolyStyle id="852">
                <color>7f00ff00</color>
                <colorMode>normal</colorMode>
                <fill>1</fill>
                <outline>1</outline>
            </PolyStyle>
        </Style>
        <Style id="858">
            <LineStyle id="860">
                <colorMode>normal</colorMode>
                <width>0.5</width>
            </LineStyle>
            <PolyStyle id="859">
                <color>7f00ff00</color>
                <colorMode>normal</colorMode>
                <fill>1</fill>
                <outline>1</outline>
            </PolyStyle>
        </Style>
        <Style id="865">
            <LineStyle id="867">
                <colorMode>normal</colorMode>
                <width>0.5</width>
            </LineStyle>
            <PolyStyle id="866">
                <color>7f00ff00</color>
                <colorMode>normal</colorMode>
                <fill>1</fill>
                <outline>1</outline>
            </PolyStyle>
        </Style>
        <Style id="872">
            <LineStyle id="874">
                <colorMode>normal</colorMode>
                <width>0.5</width>
            </LineStyle>
            <PolyStyle id="873">
                <color>7f00ff00</color>
                <colorMode>normal</colorMode>
                <fill>1</fill>
                <outline>1</outline>
            </PolyStyle>
        </Style>
        <Style id="879">
            <LineStyle id="881">
                <colorMode>normal</colorMode>
                <width>0.5</width>
            </LineStyle>
            <PolyStyle id="880">
                <color>7f00ff00</color>
                <colorMode>normal</colorMode>
                <fill>1</fill>
                <outline>1</outline>
            </PolyStyle>
        </Style>
        <Style id="886">
            <LineStyle id="888">
                <colorMode>normal</colorMode>
                <width>0.5</width>
            </LineStyle>
            <PolyStyle id="887">
                <color>7f00ff00</color>
                <colorMode>normal</colorMode>
                <fill>1</fill>
                <outline>1</outline>
            </PolyStyle>
        </Style>
        <Style id="893">
            <LineStyle id="895">
                <colorMode>normal</colorMode>
                <width>0.5</width>
            </LineStyle>
            <PolyStyle id="894">
                <color>7f00ff00</color>
                <colorMode>normal</colorMode>
                <fill>1</fill>
                <outline>1</outline>
            </PolyStyle>
        </Style>
        <Style id="900">
            <LineStyle id="902">
                <colorMode>normal</colorMode>
                <width>0.5</width>
            </LineStyle>
            <PolyStyle id="901">
                <color>7f00ff00</color>
                <colorMode>normal</colorMode>
                <fill>1</fill>
                <outline>1</outline>
            </PolyStyle>
        </Style>
        <Style id="907">
            <LineStyle id="909">
                <colorMode>normal</colorMode>
                <width>0.5</width>
            </LineStyle>
            <PolyStyle id="908">
                <color>7f00ff00</color>
                <colorMode>normal</colorMode>
                <fill>1</fill>
                <outline>1</outline>
            </PolyStyle>
        </Style>
        <Style id="914">
            <LineStyle id="916">
                <colorMode>normal</colorMode>
                <width>0.5</width>
            </LineStyle>
            <PolyStyle id="915">
                <color>7f00ff00</color>
                <colorMode>normal</colorMode>
                <fill>1</fill>
                <outline>1</outline>
            </PolyStyle>
        </Style>
        <Style id="921">
            <LineStyle id="923">
                <colorMode>normal</colorMode>
                <width>0.5</width>
            </LineStyle>
            <PolyStyle id="922">
                <color>7f00ff00</color>
                <colorMode>normal</colorMode>
                <fill>1</fill>
                <outline>1</outline>
            </PolyStyle>
        </Style>
        <Style id="928">
            <LineStyle id="930">
                <colorMode>normal</colorMode>
                <width>0.5</width>
            </LineStyle>
            <PolyStyle id="929">
                <color>7f00ff00</color>
                <colorMode>normal</colorMode>
                <fill>1</fill>
                <outline>1</outline>
            </PolyStyle>
        </Style>
        <Style id="935">
            <LineStyle id="937">
                <colorMode>normal</colorMode>
                <width>0.5</width>
            </LineStyle>
            <PolyStyle id="936">
                <color>7f00ff00</color>
                <colorMode>normal</colorMode>
                <fill>1</fill>
                <outline>1</outline>
            </PolyStyle>
        </Style>
        <Style id="942">
            <LineStyle id="944">
                <colorMode>normal</colorMode>
                <width>0.5</width>
            </LineStyle>
            <PolyStyle id="943">
                <color>7f00ff00</color>
                <colorMode>normal</colorMode>
                <fill>1</fill>
                <outline>1</outline>
            </PolyStyle>
        </Style>
        <Style id="949">
            <LineStyle id="951">
                <colorMode>normal</colorMode>
                <width>0.5</width>
            </LineStyle>
            <PolyStyle id="950">
                <color>7f00ff00</color>
                <colorMode>normal</colorMode>
                <fill>1</fill>
                <outline>1</outline>
            </PolyStyle>
        </Style>
        <Style id="956">
            <LineStyle id="958">
                <colorMode>normal</colorMode>
                <width>0.5</width>
            </LineStyle>
            <PolyStyle id="957">
                <color>7f00ff00</color>
                <colorMode>normal</colorMode>
                <fill>1</fill>
                <outline>1</outline>
            </PolyStyle>
        </Style>
        <Style id="963">
            <LineStyle id="965">
                <colorMode>normal</colorMode>
                <width>0.5</width>
            </LineStyle>
            <PolyStyle id="964">
                <color>7f00ff00</color>
                <colorMode>normal</colorMode>
                <fill>1</fill>
                <outline>1</outline>
            </PolyStyle>
        </Style>
        <Style id="970">
            <LineStyle id="972">
                <colorMode>normal</colorMode>
                <width>0.5</width>
            </LineStyle>
            <PolyStyle id="971">
                <color>7f00ff00</color>
                <colorMode>normal</colorMode>
                <fill>1</fill>
                <outline>1</outline>
            </PolyStyle>
        </Style>
        <Style id="977">
            <LineStyle id="979">
                <colorMode>normal</colorMode>
                <width>0.5</width>
            </LineStyle>
            <PolyStyle id="978">
                <color>7f00ff00</color>
                <colorMode>normal</colorMode>
                <fill>1</fill>
                <outline>1</outline>
            </PolyStyle>
        </Style>
        <Style id="984">
            <LineStyle id="986">
                <colorMode>normal</colorMode>
                <width>0.5</width>
            </LineStyle>
            <PolyStyle id="985">
                <color>7f00ff00</color>
                <colorMode>normal</colorMode>
                <fill>1</fill>
                <outline>1</outline>
            </PolyStyle>
        </Style>
        <Style id="991">
            <LineStyle id="993">
                <colorMode>normal</colorMode>
                <width>0.5</width>
            </LineStyle>
            <PolyStyle id="992">
                <color>7f00ff00</color>
                <colorMode>normal</colorMode>
                <fill>1</fill>
                <outline>1</outline>
            </PolyStyle>
        </Style>
        <Style id="998">
            <LineStyle id="1000">
                <colorMode>normal</colorMode>
                <width>0.5</width>
            </LineStyle>
            <PolyStyle id="999">
                <color>7f00ff00</color>
                <colorMode>normal</colorMode>
                <fill>1</fill>
                <outline>1</outline>
            </PolyStyle>
        </Style>
        <Style id="1005">
            <LineStyle id="1007">
                <colorMode>normal</colorMode>
                <width>0.5</width>
            </LineStyle>
            <PolyStyle id="1006">
                <color>7f00ff00</color>
                <colorMode>normal</colorMode>
                <fill>1</fill>
                <outline>1</outline>
            </PolyStyle>
        </Style>
        <Style id="1012">
            <LineStyle id="1014">
                <colorMode>normal</colorMode>
                <width>0.5</width>
            </LineStyle>
            <PolyStyle id="1013">
                <color>7f00ff00</color>
                <colorMode>normal</colorMode>
                <fill>1</fill>
                <outline>1</outline>
            </PolyStyle>
        </Style>
        <Style id="1019">
            <LineStyle id="1021">
                <colorMode>normal</colorMode>
                <width>0.5</width>
            </LineStyle>
            <PolyStyle id="1020">
                <color>7f00ff00</color>
                <colorMode>normal</colorMode>
                <fill>1</fill>
                <outline>1</outline>
            </PolyStyle>
        </Style>
        <Style id="1026">
            <LineStyle id="1028">
                <colorMode>normal</colorMode>
                <width>0.5</width>
            </LineStyle>
            <PolyStyle id="1027">
                <color>7f00ff00</color>
                <colorMode>normal</colorMode>
                <fill>1</fill>
                <outline>1</outline>
            </PolyStyle>
        </Style>
        <Style id="1033">
            <LineStyle id="1035">
                <colorMode>normal</colorMode>
                <width>0.5</width>
            </LineStyle>
            <PolyStyle id="1034">
                <color>7f00ff00</color>
                <colorMode>normal</colorMode>
                <fill>1</fill>
                <outline>1</outline>
            </PolyStyle>
        </Style>
        <Style id="1040">
            <LineStyle id="1042">
                <colorMode>normal</colorMode>
                <width>0.5</width>
            </LineStyle>
            <PolyStyle id="1041">
                <color>7f00ff00</color>
                <colorMode>normal</colorMode>
                <fill>1</fill>
                <outline>1</outline>
            </PolyStyle>
        </Style>
        <Style id="1047">
            <LineStyle id="1049">
                <colorMode>normal</colorMode>
                <width>0.5</width>
            </LineStyle>
            <PolyStyle id="1048">
                <color>7f00ff00</color>
                <colorMode>normal</colorMode>
                <fill>1</fill>
                <outline>1</outline>
            </PolyStyle>
        </Style>
        <Style id="1054">
            <LineStyle id="1056">
                <colorMode>normal</colorMode>
                <width>0.5</width>
            </LineStyle>
            <PolyStyle id="1055">
                <color>7f00ff00</color>
                <colorMode>normal</colorMode>
                <fill>1</fill>
                <outline>1</outline>
            </PolyStyle>
        </Style>
        <Style id="1061">
            <LineStyle id="1063">
                <colorMode>normal</colorMode>
                <width>0.5</width>
            </LineStyle>
            <PolyStyle id="1062">
                <color>7f00ff00</color>
                <colorMode>normal</colorMode>
                <fill>1</fill>
                <outline>1</outline>
            </PolyStyle>
        </Style>
        <Style id="1068">
            <LineStyle id="1070">
                <colorMode>normal</colorMode>
                <width>0.5</width>
            </LineStyle>
            <PolyStyle id="1069">
                <color>7f00ff00</color>
                <colorMode>normal</colorMode>
                <fill>1</fill>
                <outline>1</outline>
            </PolyStyle>
        </Style>
        <Style id="1075">
            <LineStyle id="1077">
                <colorMode>normal</colorMode>
                <width>0.5</width>
            </LineStyle>
            <PolyStyle id="1076">
                <color>7f00ff00</color>
                <colorMode>normal</colorMode>
                <fill>1</fill>
                <outline>1</outline>
            </PolyStyle>
        </Style>
        <Style id="1082">
            <LineStyle id="1084">
                <colorMode>normal</colorMode>
                <width>0.5</width>
            </LineStyle>
            <PolyStyle id="1083">
                <color>7f00ff00</color>
                <colorMode>normal</colorMode>
                <fill>1</fill>
                <outline>1</outline>
            </PolyStyle>
        </Style>
        <Style id="1089">
            <LineStyle id="1091">
                <colorMode>normal</colorMode>
                <width>0.5</width>
            </LineStyle>
            <PolyStyle id="1090">
                <color>7f00ff00</color>
                <colorMode>normal</colorMode>
                <fill>1</fill>
                <outline>1</outline>
            </PolyStyle>
        </Style>
        <Style id="1096">
            <LineStyle id="1098">
                <colorMode>normal</colorMode>
                <width>0.5</width>
            </LineStyle>
            <PolyStyle id="1097">
                <color>7f00ff00</color>
                <colorMode>normal</colorMode>
                <fill>1</fill>
                <outline>1</outline>
            </PolyStyle>
        </Style>
        <Style id="1103">
            <LineStyle id="1105">
                <colorMode>normal</colorMode>
                <width>0.5</width>
            </LineStyle>
            <PolyStyle id="1104">
                <color>7f00ff00</color>
                <colorMode>normal</colorMode>
                <fill>1</fill>
                <outline>1</outline>
            </PolyStyle>
        </Style>
        <Style id="1110">
            <LineStyle id="1112">
                <colorMode>normal</colorMode>
                <width>0.5</width>
            </LineStyle>
            <PolyStyle id="1111">
                <color>7f00ff00</color>
                <colorMode>normal</colorMode>
                <fill>1</fill>
                <outline>1</outline>
            </PolyStyle>
        </Style>
        <Style id="1117">
            <LineStyle id="1119">
                <colorMode>normal</colorMode>
                <width>0.5</width>
            </LineStyle>
            <PolyStyle id="1118">
                <color>7f00ff00</color>
                <colorMode>normal</colorMode>
                <fill>1</fill>
                <outline>1</outline>
            </PolyStyle>
        </Style>
        <Style id="1124">
            <LineStyle id="1126">
                <colorMode>normal</colorMode>
                <width>0.5</width>
            </LineStyle>
            <PolyStyle id="1125">
                <color>7f00ff00</color>
                <colorMode>normal</colorMode>
                <fill>1</fill>
                <outline>1</outline>
            </PolyStyle>
        </Style>
        <Style id="1131">
            <LineStyle id="1133">
                <colorMode>normal</colorMode>
                <width>0.5</width>
            </LineStyle>
            <PolyStyle id="1132">
                <color>7f00ff00</color>
                <colorMode>normal</colorMode>
                <fill>1</fill>
                <outline>1</outline>
            </PolyStyle>
        </Style>
        <Style id="1138">
            <LineStyle id="1140">
                <colorMode>normal</colorMode>
                <width>0.5</width>
            </LineStyle>
            <PolyStyle id="1139">
                <color>7f00ff00</color>
                <colorMode>normal</colorMode>
                <fill>1</fill>
                <outline>1</outline>
            </PolyStyle>
        </Style>
        <Style id="1145">
            <LineStyle id="1147">
                <colorMode>normal</colorMode>
                <width>0.5</width>
            </LineStyle>
            <PolyStyle id="1146">
                <color>7f00ff00</color>
                <colorMode>normal</colorMode>
                <fill>1</fill>
                <outline>1</outline>
            </PolyStyle>
        </Style>
        <Style id="1152">
            <LineStyle id="1154">
                <colorMode>normal</colorMode>
                <width>0.5</width>
            </LineStyle>
            <PolyStyle id="1153">
                <color>7f00ff00</color>
                <colorMode>normal</colorMode>
                <fill>1</fill>
                <outline>1</outline>
            </PolyStyle>
        </Style>
        <Style id="1159">
            <LineStyle id="1161">
                <colorMode>normal</colorMode>
                <width>0.5</width>
            </LineStyle>
            <PolyStyle id="1160">
                <color>7f00ff00</color>
                <colorMode>normal</colorMode>
                <fill>1</fill>
                <outline>1</outline>
            </PolyStyle>
        </Style>
        <Style id="1166">
            <LineStyle id="1168">
                <colorMode>normal</colorMode>
                <width>0.5</width>
            </LineStyle>
            <PolyStyle id="1167">
                <color>7f00ff00</color>
                <colorMode>normal</colorMode>
                <fill>1</fill>
                <outline>1</outline>
            </PolyStyle>
        </Style>
        <Style id="1173">
            <LineStyle id="1175">
                <colorMode>normal</colorMode>
                <width>0.5</width>
            </LineStyle>
            <PolyStyle id="1174">
                <color>7f00ff00</color>
                <colorMode>normal</colorMode>
                <fill>1</fill>
                <outline>1</outline>
            </PolyStyle>
        </Style>
        <Style id="1180">
            <LineStyle id="1182">
                <colorMode>normal</colorMode>
                <width>0.5</width>
            </LineStyle>
            <PolyStyle id="1181">
                <color>7f00ff00</color>
                <colorMode>normal</colorMode>
                <fill>1</fill>
                <outline>1</outline>
            </PolyStyle>
        </Style>
        <Style id="1187">
            <LineStyle id="1189">
                <colorMode>normal</colorMode>
                <width>0.5</width>
            </LineStyle>
            <PolyStyle id="1188">
                <color>7f00ff00</color>
                <colorMode>normal</colorMode>
                <fill>1</fill>
                <outline>1</outline>
            </PolyStyle>
        </Style>
        <Style id="1194">
            <LineStyle id="1196">
                <colorMode>normal</colorMode>
                <width>0.5</width>
            </LineStyle>
            <PolyStyle id="1195">
                <color>7f00ff00</color>
                <colorMode>normal</colorMode>
                <fill>1</fill>
                <outline>1</outline>
            </PolyStyle>
        </Style>
        <Style id="1201">
            <LineStyle id="1203">
                <colorMode>normal</colorMode>
                <width>0.5</width>
            </LineStyle>
            <PolyStyle id="1202">
                <color>7f00ff00</color>
                <colorMode>normal</colorMode>
                <fill>1</fill>
                <outline>1</outline>
            </PolyStyle>
        </Style>
        <Style id="1208">
            <LineStyle id="1210">
                <colorMode>normal</colorMode>
                <width>0.5</width>
            </LineStyle>
            <PolyStyle id="1209">
                <color>7f00ff00</color>
                <colorMode>normal</colorMode>
                <fill>1</fill>
                <outline>1</outline>
            </PolyStyle>
        </Style>
        <Style id="1215">
            <LineStyle id="1217">
                <colorMode>normal</colorMode>
                <width>0.5</width>
            </LineStyle>
            <PolyStyle id="1216">
                <color>7f00ff00</color>
                <colorMode>normal</colorMode>
                <fill>1</fill>
                <outline>1</outline>
            </PolyStyle>
        </Style>
        <Style id="1222">
            <LineStyle id="1224">
                <colorMode>normal</colorMode>
                <width>0.5</width>
            </LineStyle>
            <PolyStyle id="1223">
                <color>7f00ff00</color>
                <colorMode>normal</colorMode>
                <fill>1</fill>
                <outline>1</outline>
            </PolyStyle>
        </Style>
        <Style id="1229">
            <LineStyle id="1231">
                <colorMode>normal</colorMode>
                <width>0.5</width>
            </LineStyle>
            <PolyStyle id="1230">
                <color>7f00ff00</color>
                <colorMode>normal</colorMode>
                <fill>1</fill>
                <outline>1</outline>
            </PolyStyle>
        </Style>
        <Style id="1236">
            <LineStyle id="1238">
                <colorMode>normal</colorMode>
                <width>0.5</width>
            </LineStyle>
            <PolyStyle id="1237">
                <color>7f00ff00</color>
                <colorMode>normal</colorMode>
                <fill>1</fill>
                <outline>1</outline>
            </PolyStyle>
        </Style>
        <Style id="1243">
            <LineStyle id="1245">
                <colorMode>normal</colorMode>
                <width>0.5</width>
            </LineStyle>
            <PolyStyle id="1244">
                <color>7f00ff00</color>
                <colorMode>normal</colorMode>
                <fill>1</fill>
                <outline>1</outline>
            </PolyStyle>
        </Style>
        <Style id="1250">
            <LineStyle id="1252">
                <colorMode>normal</colorMode>
                <width>0.5</width>
            </LineStyle>
            <PolyStyle id="1251">
                <color>7f00ff00</color>
                <colorMode>normal</colorMode>
                <fill>1</fill>
                <outline>1</outline>
            </PolyStyle>
        </Style>
        <Style id="1257">
            <LineStyle id="1259">
                <colorMode>normal</colorMode>
                <width>0.5</width>
            </LineStyle>
            <PolyStyle id="1258">
                <color>7f00ff00</color>
                <colorMode>normal</colorMode>
                <fill>1</fill>
                <outline>1</outline>
            </PolyStyle>
        </Style>
        <Style id="1264">
            <LineStyle id="1266">
                <colorMode>normal</colorMode>
                <width>0.5</width>
            </LineStyle>
            <PolyStyle id="1265">
                <color>7f00ff00</color>
                <colorMode>normal</colorMode>
                <fill>1</fill>
                <outline>1</outline>
            </PolyStyle>
        </Style>
        <Style id="1271">
            <LineStyle id="1273">
                <colorMode>normal</colorMode>
                <width>0.5</width>
            </LineStyle>
            <PolyStyle id="1272">
                <color>7f00ff00</color>
                <colorMode>normal</colorMode>
                <fill>1</fill>
                <outline>1</outline>
            </PolyStyle>
        </Style>
        <Style id="1278">
            <LineStyle id="1280">
                <colorMode>normal</colorMode>
                <width>0.5</width>
            </LineStyle>
            <PolyStyle id="1279">
                <color>7f00ff00</color>
                <colorMode>normal</colorMode>
                <fill>1</fill>
                <outline>1</outline>
            </PolyStyle>
        </Style>
        <Style id="1285">
            <LineStyle id="1287">
                <colorMode>normal</colorMode>
                <width>0.5</width>
            </LineStyle>
            <PolyStyle id="1286">
                <color>7f00ff00</color>
                <colorMode>normal</colorMode>
                <fill>1</fill>
                <outline>1</outline>
            </PolyStyle>
        </Style>
        <Style id="1292">
            <LineStyle id="1294">
                <colorMode>normal</colorMode>
                <width>0.5</width>
            </LineStyle>
            <PolyStyle id="1293">
                <color>7f00ff00</color>
                <colorMode>normal</colorMode>
                <fill>1</fill>
                <outline>1</outline>
            </PolyStyle>
        </Style>
        <Style id="1299">
            <LineStyle id="1301">
                <colorMode>normal</colorMode>
                <width>0.5</width>
            </LineStyle>
            <PolyStyle id="1300">
                <color>7f00ffff</color>
                <colorMode>normal</colorMode>
                <fill>1</fill>
                <outline>1</outline>
            </PolyStyle>
        </Style>
        <Style id="1306">
            <LineStyle id="1308">
                <colorMode>normal</colorMode>
                <width>0.5</width>
            </LineStyle>
            <PolyStyle id="1307">
                <color>7f00ffff</color>
                <colorMode>normal</colorMode>
                <fill>1</fill>
                <outline>1</outline>
            </PolyStyle>
        </Style>
        <Style id="1313">
            <LineStyle id="1315">
                <colorMode>normal</colorMode>
                <width>0.5</width>
            </LineStyle>
            <PolyStyle id="1314">
                <color>7f00ffff</color>
                <colorMode>normal</colorMode>
                <fill>1</fill>
                <outline>1</outline>
            </PolyStyle>
        </Style>
        <Style id="1320">
            <LineStyle id="1322">
                <colorMode>normal</colorMode>
                <width>0.5</width>
            </LineStyle>
            <PolyStyle id="1321">
                <color>7f00ffff</color>
                <colorMode>normal</colorMode>
                <fill>1</fill>
                <outline>1</outline>
            </PolyStyle>
        </Style>
        <Style id="1327">
            <LineStyle id="1329">
                <colorMode>normal</colorMode>
                <width>0.5</width>
            </LineStyle>
            <PolyStyle id="1328">
                <color>7f00ffff</color>
                <colorMode>normal</colorMode>
                <fill>1</fill>
                <outline>1</outline>
            </PolyStyle>
        </Style>
        <Style id="1334">
            <LineStyle id="1336">
                <colorMode>normal</colorMode>
                <width>0.5</width>
            </LineStyle>
            <PolyStyle id="1335">
                <color>7f00ffff</color>
                <colorMode>normal</colorMode>
                <fill>1</fill>
                <outline>1</outline>
            </PolyStyle>
        </Style>
        <Style id="1341">
            <LineStyle id="1343">
                <colorMode>normal</colorMode>
                <width>0.5</width>
            </LineStyle>
            <PolyStyle id="1342">
                <color>7f00ffff</color>
                <colorMode>normal</colorMode>
                <fill>1</fill>
                <outline>1</outline>
            </PolyStyle>
        </Style>
        <Style id="1348">
            <LineStyle id="1350">
                <colorMode>normal</colorMode>
                <width>0.5</width>
            </LineStyle>
            <PolyStyle id="1349">
                <color>7f00ffff</color>
                <colorMode>normal</colorMode>
                <fill>1</fill>
                <outline>1</outline>
            </PolyStyle>
        </Style>
        <Style id="1355">
            <LineStyle id="1357">
                <colorMode>normal</colorMode>
                <width>0.5</width>
            </LineStyle>
            <PolyStyle id="1356">
                <color>7f00ffff</color>
                <colorMode>normal</colorMode>
                <fill>1</fill>
                <outline>1</outline>
            </PolyStyle>
        </Style>
        <Style id="1362">
            <LineStyle id="1364">
                <colorMode>normal</colorMode>
                <width>0.5</width>
            </LineStyle>
            <PolyStyle id="1363">
                <color>7f00ffff</color>
                <colorMode>normal</colorMode>
                <fill>1</fill>
                <outline>1</outline>
            </PolyStyle>
        </Style>
        <Style id="1369">
            <LineStyle id="1371">
                <colorMode>normal</colorMode>
                <width>0.5</width>
            </LineStyle>
            <PolyStyle id="1370">
                <color>7f00ffff</color>
                <colorMode>normal</colorMode>
                <fill>1</fill>
                <outline>1</outline>
            </PolyStyle>
        </Style>
        <Style id="1376">
            <LineStyle id="1378">
                <colorMode>normal</colorMode>
                <width>0.5</width>
            </LineStyle>
            <PolyStyle id="1377">
                <color>7f00ffff</color>
                <colorMode>normal</colorMode>
                <fill>1</fill>
                <outline>1</outline>
            </PolyStyle>
        </Style>
        <Style id="1383">
            <LineStyle id="1385">
                <colorMode>normal</colorMode>
                <width>0.5</width>
            </LineStyle>
            <PolyStyle id="1384">
                <color>7f00ffff</color>
                <colorMode>normal</colorMode>
                <fill>1</fill>
                <outline>1</outline>
            </PolyStyle>
        </Style>
        <Style id="1390">
            <LineStyle id="1392">
                <colorMode>normal</colorMode>
                <width>0.5</width>
            </LineStyle>
            <PolyStyle id="1391">
                <color>7f00ffff</color>
                <colorMode>normal</colorMode>
                <fill>1</fill>
                <outline>1</outline>
            </PolyStyle>
        </Style>
        <Style id="1397">
            <LineStyle id="1399">
                <colorMode>normal</colorMode>
                <width>0.5</width>
            </LineStyle>
            <PolyStyle id="1398">
                <color>7f00ffff</color>
                <colorMode>normal</colorMode>
                <fill>1</fill>
                <outline>1</outline>
            </PolyStyle>
        </Style>
        <Style id="1404">
            <LineStyle id="1406">
                <colorMode>normal</colorMode>
                <width>0.5</width>
            </LineStyle>
            <PolyStyle id="1405">
                <color>7f00ffff</color>
                <colorMode>normal</colorMode>
                <fill>1</fill>
                <outline>1</outline>
            </PolyStyle>
        </Style>
        <Style id="1411">
            <LineStyle id="1413">
                <colorMode>normal</colorMode>
                <width>0.5</width>
            </LineStyle>
            <PolyStyle id="1412">
                <color>7f00ffff</color>
                <colorMode>normal</colorMode>
                <fill>1</fill>
                <outline>1</outline>
            </PolyStyle>
        </Style>
        <Style id="1418">
            <LineStyle id="1420">
                <colorMode>normal</colorMode>
                <width>0.5</width>
            </LineStyle>
            <PolyStyle id="1419">
                <color>7f00ffff</color>
                <colorMode>normal</colorMode>
                <fill>1</fill>
                <outline>1</outline>
            </PolyStyle>
        </Style>
        <Style id="1425">
            <LineStyle id="1427">
                <colorMode>normal</colorMode>
                <width>0.5</width>
            </LineStyle>
            <PolyStyle id="1426">
                <color>7f00ffff</color>
                <colorMode>normal</colorMode>
                <fill>1</fill>
                <outline>1</outline>
            </PolyStyle>
        </Style>
        <Style id="1432">
            <LineStyle id="1434">
                <colorMode>normal</colorMode>
                <width>0.5</width>
            </LineStyle>
            <PolyStyle id="1433">
                <color>7f00ffff</color>
                <colorMode>normal</colorMode>
                <fill>1</fill>
                <outline>1</outline>
            </PolyStyle>
        </Style>
        <Style id="1439">
            <LineStyle id="1441">
                <colorMode>normal</colorMode>
                <width>0.5</width>
            </LineStyle>
            <PolyStyle id="1440">
                <color>7f00ffff</color>
                <colorMode>normal</colorMode>
                <fill>1</fill>
                <outline>1</outline>
            </PolyStyle>
        </Style>
        <Style id="1446">
            <LineStyle id="1448">
                <colorMode>normal</colorMode>
                <width>0.5</width>
            </LineStyle>
            <PolyStyle id="1447">
                <color>7f00ffff</color>
                <colorMode>normal</colorMode>
                <fill>1</fill>
                <outline>1</outline>
            </PolyStyle>
        </Style>
        <Style id="1453">
            <LineStyle id="1455">
                <colorMode>normal</colorMode>
                <width>0.5</width>
            </LineStyle>
            <PolyStyle id="1454">
                <color>7f00ffff</color>
                <colorMode>normal</colorMode>
                <fill>1</fill>
                <outline>1</outline>
            </PolyStyle>
        </Style>
        <Style id="1460">
            <LineStyle id="1462">
                <colorMode>normal</colorMode>
                <width>0.5</width>
            </LineStyle>
            <PolyStyle id="1461">
                <color>7f00ffff</color>
                <colorMode>normal</colorMode>
                <fill>1</fill>
                <outline>1</outline>
            </PolyStyle>
        </Style>
        <Style id="1467">
            <LineStyle id="1469">
                <colorMode>normal</colorMode>
                <width>0.5</width>
            </LineStyle>
            <PolyStyle id="1468">
                <color>7f00ffff</color>
                <colorMode>normal</colorMode>
                <fill>1</fill>
                <outline>1</outline>
            </PolyStyle>
        </Style>
        <Style id="1474">
            <LineStyle id="1476">
                <colorMode>normal</colorMode>
                <width>0.5</width>
            </LineStyle>
            <PolyStyle id="1475">
                <color>7f00ffff</color>
                <colorMode>normal</colorMode>
                <fill>1</fill>
                <outline>1</outline>
            </PolyStyle>
        </Style>
        <Style id="1481">
            <LineStyle id="1483">
                <colorMode>normal</colorMode>
                <width>0.5</width>
            </LineStyle>
            <PolyStyle id="1482">
                <color>7f00ffff</color>
                <colorMode>normal</colorMode>
                <fill>1</fill>
                <outline>1</outline>
            </PolyStyle>
        </Style>
        <Style id="1488">
            <LineStyle id="1490">
                <colorMode>normal</colorMode>
                <width>0.5</width>
            </LineStyle>
            <PolyStyle id="1489">
                <color>7f00ffff</color>
                <colorMode>normal</colorMode>
                <fill>1</fill>
                <outline>1</outline>
            </PolyStyle>
        </Style>
        <Style id="1495">
            <LineStyle id="1497">
                <colorMode>normal</colorMode>
                <width>0.5</width>
            </LineStyle>
            <PolyStyle id="1496">
                <color>7f00ffff</color>
                <colorMode>normal</colorMode>
                <fill>1</fill>
                <outline>1</outline>
            </PolyStyle>
        </Style>
        <Style id="1502">
            <LineStyle id="1504">
                <colorMode>normal</colorMode>
                <width>0.5</width>
            </LineStyle>
            <PolyStyle id="1503">
                <color>7f00ffff</color>
                <colorMode>normal</colorMode>
                <fill>1</fill>
                <outline>1</outline>
            </PolyStyle>
        </Style>
        <Style id="1509">
            <LineStyle id="1511">
                <colorMode>normal</colorMode>
                <width>0.5</width>
            </LineStyle>
            <PolyStyle id="1510">
                <color>7f00ffff</color>
                <colorMode>normal</colorMode>
                <fill>1</fill>
                <outline>1</outline>
            </PolyStyle>
        </Style>
        <Style id="1516">
            <LineStyle id="1518">
                <colorMode>normal</colorMode>
                <width>0.5</width>
            </LineStyle>
            <PolyStyle id="1517">
                <color>7f00ffff</color>
                <colorMode>normal</colorMode>
                <fill>1</fill>
                <outline>1</outline>
            </PolyStyle>
        </Style>
        <Style id="1523">
            <LineStyle id="1525">
                <colorMode>normal</colorMode>
                <width>0.5</width>
            </LineStyle>
            <PolyStyle id="1524">
                <color>7f00ffff</color>
                <colorMode>normal</colorMode>
                <fill>1</fill>
                <outline>1</outline>
            </PolyStyle>
        </Style>
        <Style id="1530">
            <LineStyle id="1532">
                <colorMode>normal</colorMode>
                <width>0.5</width>
            </LineStyle>
            <PolyStyle id="1531">
                <color>7f00ffff</color>
                <colorMode>normal</colorMode>
                <fill>1</fill>
                <outline>1</outline>
            </PolyStyle>
        </Style>
        <Style id="1537">
            <LineStyle id="1539">
                <colorMode>normal</colorMode>
                <width>0.5</width>
            </LineStyle>
            <PolyStyle id="1538">
                <color>7f00ffff</color>
                <colorMode>normal</colorMode>
                <fill>1</fill>
                <outline>1</outline>
            </PolyStyle>
        </Style>
        <Style id="1544">
            <LineStyle id="1546">
                <colorMode>normal</colorMode>
                <width>0.5</width>
            </LineStyle>
            <PolyStyle id="1545">
                <color>7f00ffff</color>
                <colorMode>normal</colorMode>
                <fill>1</fill>
                <outline>1</outline>
            </PolyStyle>
        </Style>
        <Style id="1551">
            <LineStyle id="1553">
                <colorMode>normal</colorMode>
                <width>0.5</width>
            </LineStyle>
            <PolyStyle id="1552">
                <color>7f00ffff</color>
                <colorMode>normal</colorMode>
                <fill>1</fill>
                <outline>1</outline>
            </PolyStyle>
        </Style>
        <Style id="1558">
            <LineStyle id="1560">
                <colorMode>normal</colorMode>
                <width>0.5</width>
            </LineStyle>
            <PolyStyle id="1559">
                <color>7f00ffff</color>
                <colorMode>normal</colorMode>
                <fill>1</fill>
                <outline>1</outline>
            </PolyStyle>
        </Style>
        <Style id="1565">
            <LineStyle id="1567">
                <colorMode>normal</colorMode>
                <width>0.5</width>
            </LineStyle>
            <PolyStyle id="1566">
                <color>7f00ffff</color>
                <colorMode>normal</colorMode>
                <fill>1</fill>
                <outline>1</outline>
            </PolyStyle>
        </Style>
        <Style id="1572">
            <LineStyle id="1574">
                <colorMode>normal</colorMode>
                <width>0.5</width>
            </LineStyle>
            <PolyStyle id="1573">
                <color>7f00ffff</color>
                <colorMode>normal</colorMode>
                <fill>1</fill>
                <outline>1</outline>
            </PolyStyle>
        </Style>
        <Style id="1579">
            <LineStyle id="1581">
                <colorMode>normal</colorMode>
                <width>0.5</width>
            </LineStyle>
            <PolyStyle id="1580">
                <color>7f00ffff</color>
                <colorMode>normal</colorMode>
                <fill>1</fill>
                <outline>1</outline>
            </PolyStyle>
        </Style>
        <Style id="1586">
            <LineStyle id="1588">
                <colorMode>normal</colorMode>
                <width>0.5</width>
            </LineStyle>
            <PolyStyle id="1587">
                <color>7f00ffff</color>
                <colorMode>normal</colorMode>
                <fill>1</fill>
                <outline>1</outline>
            </PolyStyle>
        </Style>
        <Style id="1593">
            <LineStyle id="1595">
                <colorMode>normal</colorMode>
                <width>0.5</width>
            </LineStyle>
            <PolyStyle id="1594">
                <color>7f00ffff</color>
                <colorMode>normal</colorMode>
                <fill>1</fill>
                <outline>1</outline>
            </PolyStyle>
        </Style>
        <Style id="1600">
            <LineStyle id="1602">
                <colorMode>normal</colorMode>
                <width>0.5</width>
            </LineStyle>
            <PolyStyle id="1601">
                <color>7f00ffff</color>
                <colorMode>normal</colorMode>
                <fill>1</fill>
                <outline>1</outline>
            </PolyStyle>
        </Style>
        <Style id="1607">
            <LineStyle id="1609">
                <colorMode>normal</colorMode>
                <width>0.5</width>
            </LineStyle>
            <PolyStyle id="1608">
                <color>7f00ffff</color>
                <colorMode>normal</colorMode>
                <fill>1</fill>
                <outline>1</outline>
            </PolyStyle>
        </Style>
        <Style id="1614">
            <LineStyle id="1616">
                <colorMode>normal</colorMode>
                <width>0.5</width>
            </LineStyle>
            <PolyStyle id="1615">
                <color>7f00ffff</color>
                <colorMode>normal</colorMode>
                <fill>1</fill>
                <outline>1</outline>
            </PolyStyle>
        </Style>
        <Style id="1621">
            <LineStyle id="1623">
                <colorMode>normal</colorMode>
                <width>0.5</width>
            </LineStyle>
            <PolyStyle id="1622">
                <color>7f00ffff</color>
                <colorMode>normal</colorMode>
                <fill>1</fill>
                <outline>1</outline>
            </PolyStyle>
        </Style>
        <Style id="1628">
            <LineStyle id="1630">
                <colorMode>normal</colorMode>
                <width>0.5</width>
            </LineStyle>
            <PolyStyle id="1629">
                <color>7f00ffff</color>
                <colorMode>normal</colorMode>
                <fill>1</fill>
                <outline>1</outline>
            </PolyStyle>
        </Style>
        <Style id="1635">
            <LineStyle id="1637">
                <colorMode>normal</colorMode>
                <width>0.5</width>
            </LineStyle>
            <PolyStyle id="1636">
                <color>7f00ffff</color>
                <colorMode>normal</colorMode>
                <fill>1</fill>
                <outline>1</outline>
            </PolyStyle>
        </Style>
        <Style id="1642">
            <LineStyle id="1644">
                <colorMode>normal</colorMode>
                <width>0.5</width>
            </LineStyle>
            <PolyStyle id="1643">
                <color>7f00ffff</color>
                <colorMode>normal</colorMode>
                <fill>1</fill>
                <outline>1</outline>
            </PolyStyle>
        </Style>
        <Style id="1649">
            <LineStyle id="1651">
                <colorMode>normal</colorMode>
                <width>0.5</width>
            </LineStyle>
            <PolyStyle id="1650">
                <color>7f00ffff</color>
                <colorMode>normal</colorMode>
                <fill>1</fill>
                <outline>1</outline>
            </PolyStyle>
        </Style>
        <Style id="1656">
            <LineStyle id="1658">
                <colorMode>normal</colorMode>
                <width>0.5</width>
            </LineStyle>
            <PolyStyle id="1657">
                <color>7f00ffff</color>
                <colorMode>normal</colorMode>
                <fill>1</fill>
                <outline>1</outline>
            </PolyStyle>
        </Style>
        <Style id="1663">
            <LineStyle id="1665">
                <colorMode>normal</colorMode>
                <width>0.5</width>
            </LineStyle>
            <PolyStyle id="1664">
                <color>7f00ffff</color>
                <colorMode>normal</colorMode>
                <fill>1</fill>
                <outline>1</outline>
            </PolyStyle>
        </Style>
        <Style id="1670">
            <LineStyle id="1672">
                <colorMode>normal</colorMode>
                <width>0.5</width>
            </LineStyle>
            <PolyStyle id="1671">
                <color>7f00ffff</color>
                <colorMode>normal</colorMode>
                <fill>1</fill>
                <outline>1</outline>
            </PolyStyle>
        </Style>
        <Style id="1677">
            <LineStyle id="1679">
                <colorMode>normal</colorMode>
                <width>0.5</width>
            </LineStyle>
            <PolyStyle id="1678">
                <color>7f00ffff</color>
                <colorMode>normal</colorMode>
                <fill>1</fill>
                <outline>1</outline>
            </PolyStyle>
        </Style>
        <Style id="1684">
            <LineStyle id="1686">
                <colorMode>normal</colorMode>
                <width>0.5</width>
            </LineStyle>
            <PolyStyle id="1685">
                <color>7f00ffff</color>
                <colorMode>normal</colorMode>
                <fill>1</fill>
                <outline>1</outline>
            </PolyStyle>
        </Style>
        <Style id="1691">
            <LineStyle id="1693">
                <colorMode>normal</colorMode>
                <width>0.5</width>
            </LineStyle>
            <PolyStyle id="1692">
                <color>7f00ffff</color>
                <colorMode>normal</colorMode>
                <fill>1</fill>
                <outline>1</outline>
            </PolyStyle>
        </Style>
        <Style id="1698">
            <LineStyle id="1700">
                <colorMode>normal</colorMode>
                <width>0.5</width>
            </LineStyle>
            <PolyStyle id="1699">
                <color>7f00ffff</color>
                <colorMode>normal</colorMode>
                <fill>1</fill>
                <outline>1</outline>
            </PolyStyle>
        </Style>
        <Style id="1705">
            <LineStyle id="1707">
                <colorMode>normal</colorMode>
                <width>0.5</width>
            </LineStyle>
            <PolyStyle id="1706">
                <color>7f00ffff</color>
                <colorMode>normal</colorMode>
                <fill>1</fill>
                <outline>1</outline>
            </PolyStyle>
        </Style>
        <Style id="1712">
            <LineStyle id="1714">
                <colorMode>normal</colorMode>
                <width>0.5</width>
            </LineStyle>
            <PolyStyle id="1713">
                <color>7f00ffff</color>
                <colorMode>normal</colorMode>
                <fill>1</fill>
                <outline>1</outline>
            </PolyStyle>
        </Style>
        <Style id="1719">
            <LineStyle id="1721">
                <colorMode>normal</colorMode>
                <width>0.5</width>
            </LineStyle>
            <PolyStyle id="1720">
                <color>7f00ffff</color>
                <colorMode>normal</colorMode>
                <fill>1</fill>
                <outline>1</outline>
            </PolyStyle>
        </Style>
        <Style id="1726">
            <LineStyle id="1728">
                <colorMode>normal</colorMode>
                <width>0.5</width>
            </LineStyle>
            <PolyStyle id="1727">
                <color>7f00ffff</color>
                <colorMode>normal</colorMode>
                <fill>1</fill>
                <outline>1</outline>
            </PolyStyle>
        </Style>
        <Style id="1733">
            <LineStyle id="1735">
                <colorMode>normal</colorMode>
                <width>0.5</width>
            </LineStyle>
            <PolyStyle id="1734">
                <color>7f00ffff</color>
                <colorMode>normal</colorMode>
                <fill>1</fill>
                <outline>1</outline>
            </PolyStyle>
        </Style>
        <Style id="1740">
            <LineStyle id="1742">
                <colorMode>normal</colorMode>
                <width>0.5</width>
            </LineStyle>
            <PolyStyle id="1741">
                <color>7f00ffff</color>
                <colorMode>normal</colorMode>
                <fill>1</fill>
                <outline>1</outline>
            </PolyStyle>
        </Style>
        <Style id="1747">
            <LineStyle id="1749">
                <colorMode>normal</colorMode>
                <width>0.5</width>
            </LineStyle>
            <PolyStyle id="1748">
                <color>7f00ffff</color>
                <colorMode>normal</colorMode>
                <fill>1</fill>
                <outline>1</outline>
            </PolyStyle>
        </Style>
        <Style id="1754">
            <LineStyle id="1756">
                <colorMode>normal</colorMode>
                <width>0.5</width>
            </LineStyle>
            <PolyStyle id="1755">
                <color>7f00ffff</color>
                <colorMode>normal</colorMode>
                <fill>1</fill>
                <outline>1</outline>
            </PolyStyle>
        </Style>
        <Style id="1761">
            <LineStyle id="1763">
                <colorMode>normal</colorMode>
                <width>0.5</width>
            </LineStyle>
            <PolyStyle id="1762">
                <color>7f00ffff</color>
                <colorMode>normal</colorMode>
                <fill>1</fill>
                <outline>1</outline>
            </PolyStyle>
        </Style>
        <Style id="1768">
            <LineStyle id="1770">
                <colorMode>normal</colorMode>
                <width>0.5</width>
            </LineStyle>
            <PolyStyle id="1769">
                <color>7f00ffff</color>
                <colorMode>normal</colorMode>
                <fill>1</fill>
                <outline>1</outline>
            </PolyStyle>
        </Style>
        <Style id="1775">
            <LineStyle id="1777">
                <colorMode>normal</colorMode>
                <width>0.5</width>
            </LineStyle>
            <PolyStyle id="1776">
                <color>7f00ffff</color>
                <colorMode>normal</colorMode>
                <fill>1</fill>
                <outline>1</outline>
            </PolyStyle>
        </Style>
        <Style id="1782">
            <LineStyle id="1784">
                <colorMode>normal</colorMode>
                <width>0.5</width>
            </LineStyle>
            <PolyStyle id="1783">
                <color>7f00ffff</color>
                <colorMode>normal</colorMode>
                <fill>1</fill>
                <outline>1</outline>
            </PolyStyle>
        </Style>
        <Style id="1789">
            <LineStyle id="1791">
                <colorMode>normal</colorMode>
                <width>0.5</width>
            </LineStyle>
            <PolyStyle id="1790">
                <color>7f00ffff</color>
                <colorMode>normal</colorMode>
                <fill>1</fill>
                <outline>1</outline>
            </PolyStyle>
        </Style>
        <Style id="1796">
            <LineStyle id="1798">
                <colorMode>normal</colorMode>
                <width>0.5</width>
            </LineStyle>
            <PolyStyle id="1797">
                <color>7f00ffff</color>
                <colorMode>normal</colorMode>
                <fill>1</fill>
                <outline>1</outline>
            </PolyStyle>
        </Style>
        <Style id="1803">
            <LineStyle id="1805">
                <colorMode>normal</colorMode>
                <width>0.5</width>
            </LineStyle>
            <PolyStyle id="1804">
                <color>7f00ffff</color>
                <colorMode>normal</colorMode>
                <fill>1</fill>
                <outline>1</outline>
            </PolyStyle>
        </Style>
        <Style id="1810">
            <LineStyle id="1812">
                <colorMode>normal</colorMode>
                <width>0.5</width>
            </LineStyle>
            <PolyStyle id="1811">
                <color>7f00ffff</color>
                <colorMode>normal</colorMode>
                <fill>1</fill>
                <outline>1</outline>
            </PolyStyle>
        </Style>
        <Style id="1817">
            <LineStyle id="1819">
                <colorMode>normal</colorMode>
                <width>0.5</width>
            </LineStyle>
            <PolyStyle id="1818">
                <color>7f00ffff</color>
                <colorMode>normal</colorMode>
                <fill>1</fill>
                <outline>1</outline>
            </PolyStyle>
        </Style>
        <Style id="1824">
            <LineStyle id="1826">
                <colorMode>normal</colorMode>
                <width>0.5</width>
            </LineStyle>
            <PolyStyle id="1825">
                <color>7f00ffff</color>
                <colorMode>normal</colorMode>
                <fill>1</fill>
                <outline>1</outline>
            </PolyStyle>
        </Style>
        <Style id="1831">
            <LineStyle id="1833">
                <colorMode>normal</colorMode>
                <width>0.5</width>
            </LineStyle>
            <PolyStyle id="1832">
                <color>7f00ffff</color>
                <colorMode>normal</colorMode>
                <fill>1</fill>
                <outline>1</outline>
            </PolyStyle>
        </Style>
        <Style id="1838">
            <LineStyle id="1840">
                <colorMode>normal</colorMode>
                <width>0.5</width>
            </LineStyle>
            <PolyStyle id="1839">
                <color>7f00ffff</color>
                <colorMode>normal</colorMode>
                <fill>1</fill>
                <outline>1</outline>
            </PolyStyle>
        </Style>
        <Style id="1845">
            <LineStyle id="1847">
                <colorMode>normal</colorMode>
                <width>0.5</width>
            </LineStyle>
            <PolyStyle id="1846">
                <color>7f00ffff</color>
                <colorMode>normal</colorMode>
                <fill>1</fill>
                <outline>1</outline>
            </PolyStyle>
        </Style>
        <Style id="1852">
            <LineStyle id="1854">
                <colorMode>normal</colorMode>
                <width>0.5</width>
            </LineStyle>
            <PolyStyle id="1853">
                <color>7f00ffff</color>
                <colorMode>normal</colorMode>
                <fill>1</fill>
                <outline>1</outline>
            </PolyStyle>
        </Style>
        <Style id="1859">
            <LineStyle id="1861">
                <colorMode>normal</colorMode>
                <width>0.5</width>
            </LineStyle>
            <PolyStyle id="1860">
                <color>7f00ffff</color>
                <colorMode>normal</colorMode>
                <fill>1</fill>
                <outline>1</outline>
            </PolyStyle>
        </Style>
        <Style id="1866">
            <LineStyle id="1868">
                <colorMode>normal</colorMode>
                <width>0.5</width>
            </LineStyle>
            <PolyStyle id="1867">
                <color>7f00ffff</color>
                <colorMode>normal</colorMode>
                <fill>1</fill>
                <outline>1</outline>
            </PolyStyle>
        </Style>
        <Style id="1873">
            <LineStyle id="1875">
                <colorMode>normal</colorMode>
                <width>0.5</width>
            </LineStyle>
            <PolyStyle id="1874">
                <color>7f00ffff</color>
                <colorMode>normal</colorMode>
                <fill>1</fill>
                <outline>1</outline>
            </PolyStyle>
        </Style>
        <Style id="1880">
            <LineStyle id="1882">
                <colorMode>normal</colorMode>
                <width>0.5</width>
            </LineStyle>
            <PolyStyle id="1881">
                <color>7f00ffff</color>
                <colorMode>normal</colorMode>
                <fill>1</fill>
                <outline>1</outline>
            </PolyStyle>
        </Style>
        <Style id="1887">
            <LineStyle id="1889">
                <colorMode>normal</colorMode>
                <width>0.5</width>
            </LineStyle>
            <PolyStyle id="1888">
                <color>7f00ffff</color>
                <colorMode>normal</colorMode>
                <fill>1</fill>
                <outline>1</outline>
            </PolyStyle>
        </Style>
        <Style id="1894">
            <LineStyle id="1896">
                <colorMode>normal</colorMode>
                <width>0.5</width>
            </LineStyle>
            <PolyStyle id="1895">
                <color>7f00ffff</color>
                <colorMode>normal</colorMode>
                <fill>1</fill>
                <outline>1</outline>
            </PolyStyle>
        </Style>
        <Style id="1901">
            <LineStyle id="1903">
                <colorMode>normal</colorMode>
                <width>0.5</width>
            </LineStyle>
            <PolyStyle id="1902">
                <color>7f00ffff</color>
                <colorMode>normal</colorMode>
                <fill>1</fill>
                <outline>1</outline>
            </PolyStyle>
        </Style>
        <Style id="1908">
            <LineStyle id="1910">
                <colorMode>normal</colorMode>
                <width>0.5</width>
            </LineStyle>
            <PolyStyle id="1909">
                <color>7f00ffff</color>
                <colorMode>normal</colorMode>
                <fill>1</fill>
                <outline>1</outline>
            </PolyStyle>
        </Style>
        <Style id="1915">
            <LineStyle id="1917">
                <colorMode>normal</colorMode>
                <width>0.5</width>
            </LineStyle>
            <PolyStyle id="1916">
                <color>7f00ffff</color>
                <colorMode>normal</colorMode>
                <fill>1</fill>
                <outline>1</outline>
            </PolyStyle>
        </Style>
        <Style id="1922">
            <LineStyle id="1924">
                <colorMode>normal</colorMode>
                <width>0.5</width>
            </LineStyle>
            <PolyStyle id="1923">
                <color>7f00ffff</color>
                <colorMode>normal</colorMode>
                <fill>1</fill>
                <outline>1</outline>
            </PolyStyle>
        </Style>
        <Style id="1929">
            <LineStyle id="1931">
                <colorMode>normal</colorMode>
                <width>0.5</width>
            </LineStyle>
            <PolyStyle id="1930">
                <color>7f00ffff</color>
                <colorMode>normal</colorMode>
                <fill>1</fill>
                <outline>1</outline>
            </PolyStyle>
        </Style>
        <Style id="1936">
            <LineStyle id="1938">
                <colorMode>normal</colorMode>
                <width>0.5</width>
            </LineStyle>
            <PolyStyle id="1937">
                <color>7f00ffff</color>
                <colorMode>normal</colorMode>
                <fill>1</fill>
                <outline>1</outline>
            </PolyStyle>
        </Style>
        <Style id="1943">
            <LineStyle id="1945">
                <colorMode>normal</colorMode>
                <width>0.5</width>
            </LineStyle>
            <PolyStyle id="1944">
                <color>7f00ffff</color>
                <colorMode>normal</colorMode>
                <fill>1</fill>
                <outline>1</outline>
            </PolyStyle>
        </Style>
        <Style id="1950">
            <LineStyle id="1952">
                <colorMode>normal</colorMode>
                <width>0.5</width>
            </LineStyle>
            <PolyStyle id="1951">
                <color>7f00ffff</color>
                <colorMode>normal</colorMode>
                <fill>1</fill>
                <outline>1</outline>
            </PolyStyle>
        </Style>
        <Style id="1957">
            <LineStyle id="1959">
                <colorMode>normal</colorMode>
                <width>0.5</width>
            </LineStyle>
            <PolyStyle id="1958">
                <color>7f00ffff</color>
                <colorMode>normal</colorMode>
                <fill>1</fill>
                <outline>1</outline>
            </PolyStyle>
        </Style>
        <Style id="1964">
            <LineStyle id="1966">
                <colorMode>normal</colorMode>
                <width>0.5</width>
            </LineStyle>
            <PolyStyle id="1965">
                <color>7f00ffff</color>
                <colorMode>normal</colorMode>
                <fill>1</fill>
                <outline>1</outline>
            </PolyStyle>
        </Style>
        <Style id="1971">
            <LineStyle id="1973">
                <colorMode>normal</colorMode>
                <width>0.5</width>
            </LineStyle>
            <PolyStyle id="1972">
                <color>7f00ffff</color>
                <colorMode>normal</colorMode>
                <fill>1</fill>
                <outline>1</outline>
            </PolyStyle>
        </Style>
        <Style id="1978">
            <LineStyle id="1980">
                <colorMode>normal</colorMode>
                <width>0.5</width>
            </LineStyle>
            <PolyStyle id="1979">
                <color>7f00ffff</color>
                <colorMode>normal</colorMode>
                <fill>1</fill>
                <outline>1</outline>
            </PolyStyle>
        </Style>
        <Style id="1985">
            <LineStyle id="1987">
                <colorMode>normal</colorMode>
                <width>0.5</width>
            </LineStyle>
            <PolyStyle id="1986">
                <color>7f00ffff</color>
                <colorMode>normal</colorMode>
                <fill>1</fill>
                <outline>1</outline>
            </PolyStyle>
        </Style>
        <Style id="1992">
            <LineStyle id="1994">
                <colorMode>normal</colorMode>
                <width>0.5</width>
            </LineStyle>
            <PolyStyle id="1993">
                <color>7f00ffff</color>
                <colorMode>normal</colorMode>
                <fill>1</fill>
                <outline>1</outline>
            </PolyStyle>
        </Style>
        <Style id="1999">
            <LineStyle id="2001">
                <colorMode>normal</colorMode>
                <width>0.5</width>
            </LineStyle>
            <PolyStyle id="2000">
                <color>7f00ffff</color>
                <colorMode>normal</colorMode>
                <fill>1</fill>
                <outline>1</outline>
            </PolyStyle>
        </Style>
        <Style id="2006">
            <LineStyle id="2008">
                <colorMode>normal</colorMode>
                <width>0.5</width>
            </LineStyle>
            <PolyStyle id="2007">
                <color>7f00ffff</color>
                <colorMode>normal</colorMode>
                <fill>1</fill>
                <outline>1</outline>
            </PolyStyle>
        </Style>
        <Style id="2013">
            <LineStyle id="2015">
                <colorMode>normal</colorMode>
                <width>0.5</width>
            </LineStyle>
            <PolyStyle id="2014">
                <color>7f00ffff</color>
                <colorMode>normal</colorMode>
                <fill>1</fill>
                <outline>1</outline>
            </PolyStyle>
        </Style>
        <Style id="2020">
            <LineStyle id="2022">
                <colorMode>normal</colorMode>
                <width>0.5</width>
            </LineStyle>
            <PolyStyle id="2021">
                <color>7f00ffff</color>
                <colorMode>normal</colorMode>
                <fill>1</fill>
                <outline>1</outline>
            </PolyStyle>
        </Style>
        <Style id="2027">
            <LineStyle id="2029">
                <colorMode>normal</colorMode>
                <width>0.5</width>
            </LineStyle>
            <PolyStyle id="2028">
                <color>7f00ffff</color>
                <colorMode>normal</colorMode>
                <fill>1</fill>
                <outline>1</outline>
            </PolyStyle>
        </Style>
        <Style id="2034">
            <LineStyle id="2036">
                <colorMode>normal</colorMode>
                <width>0.5</width>
            </LineStyle>
            <PolyStyle id="2035">
                <color>7f00ffff</color>
                <colorMode>normal</colorMode>
                <fill>1</fill>
                <outline>1</outline>
            </PolyStyle>
        </Style>
        <Style id="2041">
            <LineStyle id="2043">
                <colorMode>normal</colorMode>
                <width>0.5</width>
            </LineStyle>
            <PolyStyle id="2042">
                <color>7f00ffff</color>
                <colorMode>normal</colorMode>
                <fill>1</fill>
                <outline>1</outline>
            </PolyStyle>
        </Style>
        <Style id="2048">
            <LineStyle id="2050">
                <colorMode>normal</colorMode>
                <width>0.5</width>
            </LineStyle>
            <PolyStyle id="2049">
                <color>7f00ffff</color>
                <colorMode>normal</colorMode>
                <fill>1</fill>
                <outline>1</outline>
            </PolyStyle>
        </Style>
        <Style id="2055">
            <LineStyle id="2057">
                <colorMode>normal</colorMode>
                <width>0.5</width>
            </LineStyle>
            <PolyStyle id="2056">
                <color>7f00ffff</color>
                <colorMode>normal</colorMode>
                <fill>1</fill>
                <outline>1</outline>
            </PolyStyle>
        </Style>
        <Style id="2062">
            <LineStyle id="2064">
                <colorMode>normal</colorMode>
                <width>0.5</width>
            </LineStyle>
            <PolyStyle id="2063">
                <color>7f00ffff</color>
                <colorMode>normal</colorMode>
                <fill>1</fill>
                <outline>1</outline>
            </PolyStyle>
        </Style>
        <Style id="2069">
            <LineStyle id="2071">
                <colorMode>normal</colorMode>
                <width>0.5</width>
            </LineStyle>
            <PolyStyle id="2070">
                <color>7f00ffff</color>
                <colorMode>normal</colorMode>
                <fill>1</fill>
                <outline>1</outline>
            </PolyStyle>
        </Style>
        <Style id="2076">
            <LineStyle id="2078">
                <colorMode>normal</colorMode>
                <width>0.5</width>
            </LineStyle>
            <PolyStyle id="2077">
                <color>7f00ffff</color>
                <colorMode>normal</colorMode>
                <fill>1</fill>
                <outline>1</outline>
            </PolyStyle>
        </Style>
        <Style id="2083">
            <LineStyle id="2085">
                <colorMode>normal</colorMode>
                <width>0.5</width>
            </LineStyle>
            <PolyStyle id="2084">
                <color>7f00ffff</color>
                <colorMode>normal</colorMode>
                <fill>1</fill>
                <outline>1</outline>
            </PolyStyle>
        </Style>
        <Style id="2090">
            <LineStyle id="2092">
                <colorMode>normal</colorMode>
                <width>0.5</width>
            </LineStyle>
            <PolyStyle id="2091">
                <color>7f00ffff</color>
                <colorMode>normal</colorMode>
                <fill>1</fill>
                <outline>1</outline>
            </PolyStyle>
        </Style>
        <Style id="2097">
            <LineStyle id="2099">
                <colorMode>normal</colorMode>
                <width>0.5</width>
            </LineStyle>
            <PolyStyle id="2098">
                <color>7f00ffff</color>
                <colorMode>normal</colorMode>
                <fill>1</fill>
                <outline>1</outline>
            </PolyStyle>
        </Style>
        <Style id="2104">
            <LineStyle id="2106">
                <colorMode>normal</colorMode>
                <width>0.5</width>
            </LineStyle>
            <PolyStyle id="2105">
                <color>7f00ffff</color>
                <colorMode>normal</colorMode>
                <fill>1</fill>
                <outline>1</outline>
            </PolyStyle>
        </Style>
        <Style id="2111">
            <LineStyle id="2113">
                <colorMode>normal</colorMode>
                <width>0.5</width>
            </LineStyle>
            <PolyStyle id="2112">
                <color>7f00ffff</color>
                <colorMode>normal</colorMode>
                <fill>1</fill>
                <outline>1</outline>
            </PolyStyle>
        </Style>
        <Style id="2118">
            <LineStyle id="2120">
                <colorMode>normal</colorMode>
                <width>0.5</width>
            </LineStyle>
            <PolyStyle id="2119">
                <color>7f00ffff</color>
                <colorMode>normal</colorMode>
                <fill>1</fill>
                <outline>1</outline>
            </PolyStyle>
        </Style>
        <Style id="2125">
            <LineStyle id="2127">
                <colorMode>normal</colorMode>
                <width>0.5</width>
            </LineStyle>
            <PolyStyle id="2126">
                <color>7f00ffff</color>
                <colorMode>normal</colorMode>
                <fill>1</fill>
                <outline>1</outline>
            </PolyStyle>
        </Style>
        <Style id="2132">
            <LineStyle id="2134">
                <colorMode>normal</colorMode>
                <width>0.5</width>
            </LineStyle>
            <PolyStyle id="2133">
                <color>7f00ffff</color>
                <colorMode>normal</colorMode>
                <fill>1</fill>
                <outline>1</outline>
            </PolyStyle>
        </Style>
        <Style id="2139">
            <LineStyle id="2141">
                <colorMode>normal</colorMode>
                <width>0.5</width>
            </LineStyle>
            <PolyStyle id="2140">
                <color>7f00ffff</color>
                <colorMode>normal</colorMode>
                <fill>1</fill>
                <outline>1</outline>
            </PolyStyle>
        </Style>
        <Style id="2146">
            <LineStyle id="2148">
                <colorMode>normal</colorMode>
                <width>0.5</width>
            </LineStyle>
            <PolyStyle id="2147">
                <color>7f00ffff</color>
                <colorMode>normal</colorMode>
                <fill>1</fill>
                <outline>1</outline>
            </PolyStyle>
        </Style>
        <Style id="2153">
            <LineStyle id="2155">
                <colorMode>normal</colorMode>
                <width>0.5</width>
            </LineStyle>
            <PolyStyle id="2154">
                <color>7f00ffff</color>
                <colorMode>normal</colorMode>
                <fill>1</fill>
                <outline>1</outline>
            </PolyStyle>
        </Style>
        <Style id="2160">
            <LineStyle id="2162">
                <colorMode>normal</colorMode>
                <width>0.5</width>
            </LineStyle>
            <PolyStyle id="2161">
                <color>7f00ffff</color>
                <colorMode>normal</colorMode>
                <fill>1</fill>
                <outline>1</outline>
            </PolyStyle>
        </Style>
        <Style id="2167">
            <LineStyle id="2169">
                <colorMode>normal</colorMode>
                <width>0.5</width>
            </LineStyle>
            <PolyStyle id="2168">
                <color>7f00ffff</color>
                <colorMode>normal</colorMode>
                <fill>1</fill>
                <outline>1</outline>
            </PolyStyle>
        </Style>
        <Style id="2174">
            <LineStyle id="2176">
                <colorMode>normal</colorMode>
                <width>0.5</width>
            </LineStyle>
            <PolyStyle id="2175">
                <color>7f00ffff</color>
                <colorMode>normal</colorMode>
                <fill>1</fill>
                <outline>1</outline>
            </PolyStyle>
        </Style>
        <Style id="2181">
            <LineStyle id="2183">
                <colorMode>normal</colorMode>
                <width>0.5</width>
            </LineStyle>
            <PolyStyle id="2182">
                <color>7f00ffff</color>
                <colorMode>normal</colorMode>
                <fill>1</fill>
                <outline>1</outline>
            </PolyStyle>
        </Style>
        <Style id="2188">
            <LineStyle id="2190">
                <colorMode>normal</colorMode>
                <width>0.5</width>
            </LineStyle>
            <PolyStyle id="2189">
                <color>7f00ffff</color>
                <colorMode>normal</colorMode>
                <fill>1</fill>
                <outline>1</outline>
            </PolyStyle>
        </Style>
        <Style id="2195">
            <LineStyle id="2197">
                <colorMode>normal</colorMode>
                <width>0.5</width>
            </LineStyle>
            <PolyStyle id="2196">
                <color>7f00ffff</color>
                <colorMode>normal</colorMode>
                <fill>1</fill>
                <outline>1</outline>
            </PolyStyle>
        </Style>
        <Style id="2202">
            <LineStyle id="2204">
                <colorMode>normal</colorMode>
                <width>0.5</width>
            </LineStyle>
            <PolyStyle id="2203">
                <color>7f00ffff</color>
                <colorMode>normal</colorMode>
                <fill>1</fill>
                <outline>1</outline>
            </PolyStyle>
        </Style>
        <Style id="2209">
            <LineStyle id="2211">
                <colorMode>normal</colorMode>
                <width>0.5</width>
            </LineStyle>
            <PolyStyle id="2210">
                <color>7f00ffff</color>
                <colorMode>normal</colorMode>
                <fill>1</fill>
                <outline>1</outline>
            </PolyStyle>
        </Style>
        <Style id="2216">
            <LineStyle id="2218">
                <colorMode>normal</colorMode>
                <width>0.5</width>
            </LineStyle>
            <PolyStyle id="2217">
                <color>7f00ffff</color>
                <colorMode>normal</colorMode>
                <fill>1</fill>
                <outline>1</outline>
            </PolyStyle>
        </Style>
        <Style id="2223">
            <LineStyle id="2225">
                <colorMode>normal</colorMode>
                <width>0.5</width>
            </LineStyle>
            <PolyStyle id="2224">
                <color>7f00ffff</color>
                <colorMode>normal</colorMode>
                <fill>1</fill>
                <outline>1</outline>
            </PolyStyle>
        </Style>
        <Style id="2230">
            <LineStyle id="2232">
                <colorMode>normal</colorMode>
                <width>0.5</width>
            </LineStyle>
            <PolyStyle id="2231">
                <color>7f00ffff</color>
                <colorMode>normal</colorMode>
                <fill>1</fill>
                <outline>1</outline>
            </PolyStyle>
        </Style>
        <Style id="2237">
            <LineStyle id="2239">
                <colorMode>normal</colorMode>
                <width>0.5</width>
            </LineStyle>
            <PolyStyle id="2238">
                <color>7f00ffff</color>
                <colorMode>normal</colorMode>
                <fill>1</fill>
                <outline>1</outline>
            </PolyStyle>
        </Style>
        <Style id="2244">
            <LineStyle id="2246">
                <colorMode>normal</colorMode>
                <width>0.5</width>
            </LineStyle>
            <PolyStyle id="2245">
                <color>7f00ffff</color>
                <colorMode>normal</colorMode>
                <fill>1</fill>
                <outline>1</outline>
            </PolyStyle>
        </Style>
        <Style id="2251">
            <LineStyle id="2253">
                <colorMode>normal</colorMode>
                <width>0.5</width>
            </LineStyle>
            <PolyStyle id="2252">
                <color>7f00ffff</color>
                <colorMode>normal</colorMode>
                <fill>1</fill>
                <outline>1</outline>
            </PolyStyle>
        </Style>
        <Style id="2258">
            <LineStyle id="2260">
                <colorMode>normal</colorMode>
                <width>0.5</width>
            </LineStyle>
            <PolyStyle id="2259">
                <color>7f00ffff</color>
                <colorMode>normal</colorMode>
                <fill>1</fill>
                <outline>1</outline>
            </PolyStyle>
        </Style>
        <Style id="2265">
            <LineStyle id="2267">
                <colorMode>normal</colorMode>
                <width>0.5</width>
            </LineStyle>
            <PolyStyle id="2266">
                <color>7f00ffff</color>
                <colorMode>normal</colorMode>
                <fill>1</fill>
                <outline>1</outline>
            </PolyStyle>
        </Style>
        <Style id="2272">
            <LineStyle id="2274">
                <colorMode>normal</colorMode>
                <width>0.5</width>
            </LineStyle>
            <PolyStyle id="2273">
                <color>7f00ffff</color>
                <colorMode>normal</colorMode>
                <fill>1</fill>
                <outline>1</outline>
            </PolyStyle>
        </Style>
        <Style id="2279">
            <LineStyle id="2281">
                <colorMode>normal</colorMode>
                <width>0.5</width>
            </LineStyle>
            <PolyStyle id="2280">
                <color>7f00ffff</color>
                <colorMode>normal</colorMode>
                <fill>1</fill>
                <outline>1</outline>
            </PolyStyle>
        </Style>
        <Style id="2286">
            <LineStyle id="2288">
                <colorMode>normal</colorMode>
                <width>0.5</width>
            </LineStyle>
            <PolyStyle id="2287">
                <color>7f00ffff</color>
                <colorMode>normal</colorMode>
                <fill>1</fill>
                <outline>1</outline>
            </PolyStyle>
        </Style>
        <Style id="2293">
            <LineStyle id="2295">
                <colorMode>normal</colorMode>
                <width>0.5</width>
            </LineStyle>
            <PolyStyle id="2294">
                <color>7f00ffff</color>
                <colorMode>normal</colorMode>
                <fill>1</fill>
                <outline>1</outline>
            </PolyStyle>
        </Style>
        <Style id="2300">
            <LineStyle id="2302">
                <colorMode>normal</colorMode>
                <width>0.5</width>
            </LineStyle>
            <PolyStyle id="2301">
                <color>7f00ffff</color>
                <colorMode>normal</colorMode>
                <fill>1</fill>
                <outline>1</outline>
            </PolyStyle>
        </Style>
        <Style id="2307">
            <LineStyle id="2309">
                <colorMode>normal</colorMode>
                <width>0.5</width>
            </LineStyle>
            <PolyStyle id="2308">
                <color>7f00ffff</color>
                <colorMode>normal</colorMode>
                <fill>1</fill>
                <outline>1</outline>
            </PolyStyle>
        </Style>
        <Style id="2314">
            <LineStyle id="2316">
                <colorMode>normal</colorMode>
                <width>0.5</width>
            </LineStyle>
            <PolyStyle id="2315">
                <color>7f00ffff</color>
                <colorMode>normal</colorMode>
                <fill>1</fill>
                <outline>1</outline>
            </PolyStyle>
        </Style>
        <Style id="2321">
            <LineStyle id="2323">
                <colorMode>normal</colorMode>
                <width>0.5</width>
            </LineStyle>
            <PolyStyle id="2322">
                <color>7f00ffff</color>
                <colorMode>normal</colorMode>
                <fill>1</fill>
                <outline>1</outline>
            </PolyStyle>
        </Style>
        <Style id="2328">
            <LineStyle id="2330">
                <colorMode>normal</colorMode>
                <width>0.5</width>
            </LineStyle>
            <PolyStyle id="2329">
                <color>7f00ffff</color>
                <colorMode>normal</colorMode>
                <fill>1</fill>
                <outline>1</outline>
            </PolyStyle>
        </Style>
        <Style id="2335">
            <LineStyle id="2337">
                <colorMode>normal</colorMode>
                <width>0.5</width>
            </LineStyle>
            <PolyStyle id="2336">
                <color>7f00ffff</color>
                <colorMode>normal</colorMode>
                <fill>1</fill>
                <outline>1</outline>
            </PolyStyle>
        </Style>
        <Style id="2342">
            <LineStyle id="2344">
                <colorMode>normal</colorMode>
                <width>0.5</width>
            </LineStyle>
            <PolyStyle id="2343">
                <color>7f00ffff</color>
                <colorMode>normal</colorMode>
                <fill>1</fill>
                <outline>1</outline>
            </PolyStyle>
        </Style>
        <Style id="2349">
            <LineStyle id="2351">
                <colorMode>normal</colorMode>
                <width>0.5</width>
            </LineStyle>
            <PolyStyle id="2350">
                <color>7f00ffff</color>
                <colorMode>normal</colorMode>
                <fill>1</fill>
                <outline>1</outline>
            </PolyStyle>
        </Style>
        <Style id="2356">
            <LineStyle id="2358">
                <colorMode>normal</colorMode>
                <width>0.5</width>
            </LineStyle>
            <PolyStyle id="2357">
                <color>7f00ffff</color>
                <colorMode>normal</colorMode>
                <fill>1</fill>
                <outline>1</outline>
            </PolyStyle>
        </Style>
        <Style id="2363">
            <LineStyle id="2365">
                <colorMode>normal</colorMode>
                <width>0.5</width>
            </LineStyle>
            <PolyStyle id="2364">
                <color>7f00ffff</color>
                <colorMode>normal</colorMode>
                <fill>1</fill>
                <outline>1</outline>
            </PolyStyle>
        </Style>
        <Style id="2370">
            <LineStyle id="2372">
                <colorMode>normal</colorMode>
                <width>0.5</width>
            </LineStyle>
            <PolyStyle id="2371">
                <color>7f00ffff</color>
                <colorMode>normal</colorMode>
                <fill>1</fill>
                <outline>1</outline>
            </PolyStyle>
        </Style>
        <Style id="2377">
            <LineStyle id="2379">
                <colorMode>normal</colorMode>
                <width>0.5</width>
            </LineStyle>
            <PolyStyle id="2378">
                <color>7f00ffff</color>
                <colorMode>normal</colorMode>
                <fill>1</fill>
                <outline>1</outline>
            </PolyStyle>
        </Style>
        <Style id="2384">
            <LineStyle id="2386">
                <colorMode>normal</colorMode>
                <width>0.5</width>
            </LineStyle>
            <PolyStyle id="2385">
                <color>7f00ffff</color>
                <colorMode>normal</colorMode>
                <fill>1</fill>
                <outline>1</outline>
            </PolyStyle>
        </Style>
        <Style id="2391">
            <LineStyle id="2393">
                <colorMode>normal</colorMode>
                <width>0.5</width>
            </LineStyle>
            <PolyStyle id="2392">
                <color>7f00ffff</color>
                <colorMode>normal</colorMode>
                <fill>1</fill>
                <outline>1</outline>
            </PolyStyle>
        </Style>
        <Style id="2398">
            <LineStyle id="2400">
                <colorMode>normal</colorMode>
                <width>0.5</width>
            </LineStyle>
            <PolyStyle id="2399">
                <color>7f00ffff</color>
                <colorMode>normal</colorMode>
                <fill>1</fill>
                <outline>1</outline>
            </PolyStyle>
        </Style>
        <Style id="2405">
            <LineStyle id="2407">
                <colorMode>normal</colorMode>
                <width>0.5</width>
            </LineStyle>
            <PolyStyle id="2406">
                <color>7f00ffff</color>
                <colorMode>normal</colorMode>
                <fill>1</fill>
                <outline>1</outline>
            </PolyStyle>
        </Style>
        <Style id="2412">
            <LineStyle id="2414">
                <colorMode>normal</colorMode>
                <width>0.5</width>
            </LineStyle>
            <PolyStyle id="2413">
                <color>7f00ffff</color>
                <colorMode>normal</colorMode>
                <fill>1</fill>
                <outline>1</outline>
            </PolyStyle>
        </Style>
        <Style id="2419">
            <LineStyle id="2421">
                <colorMode>normal</colorMode>
                <width>0.5</width>
            </LineStyle>
            <PolyStyle id="2420">
                <color>7f00ffff</color>
                <colorMode>normal</colorMode>
                <fill>1</fill>
                <outline>1</outline>
            </PolyStyle>
        </Style>
        <Style id="2426">
            <LineStyle id="2428">
                <colorMode>normal</colorMode>
                <width>0.5</width>
            </LineStyle>
            <PolyStyle id="2427">
                <color>7f00ffff</color>
                <colorMode>normal</colorMode>
                <fill>1</fill>
                <outline>1</outline>
            </PolyStyle>
        </Style>
        <Style id="2433">
            <LineStyle id="2435">
                <colorMode>normal</colorMode>
                <width>0.5</width>
            </LineStyle>
            <PolyStyle id="2434">
                <color>7f00ffff</color>
                <colorMode>normal</colorMode>
                <fill>1</fill>
                <outline>1</outline>
            </PolyStyle>
        </Style>
        <Style id="2440">
            <LineStyle id="2442">
                <colorMode>normal</colorMode>
                <width>0.5</width>
            </LineStyle>
            <PolyStyle id="2441">
                <color>7f00ffff</color>
                <colorMode>normal</colorMode>
                <fill>1</fill>
                <outline>1</outline>
            </PolyStyle>
        </Style>
        <Style id="2447">
            <LineStyle id="2449">
                <colorMode>normal</colorMode>
                <width>0.5</width>
            </LineStyle>
            <PolyStyle id="2448">
                <color>7f00ffff</color>
                <colorMode>normal</colorMode>
                <fill>1</fill>
                <outline>1</outline>
            </PolyStyle>
        </Style>
        <Style id="2454">
            <LineStyle id="2456">
                <colorMode>normal</colorMode>
                <width>0.5</width>
            </LineStyle>
            <PolyStyle id="2455">
                <color>7f00ffff</color>
                <colorMode>normal</colorMode>
                <fill>1</fill>
                <outline>1</outline>
            </PolyStyle>
        </Style>
        <Style id="2461">
            <LineStyle id="2463">
                <colorMode>normal</colorMode>
                <width>0.5</width>
            </LineStyle>
            <PolyStyle id="2462">
                <color>7f00ffff</color>
                <colorMode>normal</colorMode>
                <fill>1</fill>
                <outline>1</outline>
            </PolyStyle>
        </Style>
        <Style id="2468">
            <LineStyle id="2470">
                <colorMode>normal</colorMode>
                <width>0.5</width>
            </LineStyle>
            <PolyStyle id="2469">
                <color>7f00ffff</color>
                <colorMode>normal</colorMode>
                <fill>1</fill>
                <outline>1</outline>
            </PolyStyle>
        </Style>
        <Style id="2475">
            <LineStyle id="2477">
                <colorMode>normal</colorMode>
                <width>0.5</width>
            </LineStyle>
            <PolyStyle id="2476">
                <color>7f00ffff</color>
                <colorMode>normal</colorMode>
                <fill>1</fill>
                <outline>1</outline>
            </PolyStyle>
        </Style>
        <Style id="2482">
            <LineStyle id="2484">
                <colorMode>normal</colorMode>
                <width>0.5</width>
            </LineStyle>
            <PolyStyle id="2483">
                <color>7f00ffff</color>
                <colorMode>normal</colorMode>
                <fill>1</fill>
                <outline>1</outline>
            </PolyStyle>
        </Style>
        <Style id="2489">
            <LineStyle id="2491">
                <colorMode>normal</colorMode>
                <width>0.5</width>
            </LineStyle>
            <PolyStyle id="2490">
                <color>7f00ffff</color>
                <colorMode>normal</colorMode>
                <fill>1</fill>
                <outline>1</outline>
            </PolyStyle>
        </Style>
        <Style id="2496">
            <LineStyle id="2498">
                <colorMode>normal</colorMode>
                <width>0.5</width>
            </LineStyle>
            <PolyStyle id="2497">
                <color>7f00ffff</color>
                <colorMode>normal</colorMode>
                <fill>1</fill>
                <outline>1</outline>
            </PolyStyle>
        </Style>
        <Style id="2503">
            <LineStyle id="2505">
                <colorMode>normal</colorMode>
                <width>0.5</width>
            </LineStyle>
            <PolyStyle id="2504">
                <color>7f00ffff</color>
                <colorMode>normal</colorMode>
                <fill>1</fill>
                <outline>1</outline>
            </PolyStyle>
        </Style>
        <Style id="2510">
            <LineStyle id="2512">
                <colorMode>normal</colorMode>
                <width>0.5</width>
            </LineStyle>
            <PolyStyle id="2511">
                <color>7f00ffff</color>
                <colorMode>normal</colorMode>
                <fill>1</fill>
                <outline>1</outline>
            </PolyStyle>
        </Style>
        <Style id="2517">
            <LineStyle id="2519">
                <colorMode>normal</colorMode>
                <width>0.5</width>
            </LineStyle>
            <PolyStyle id="2518">
                <color>7f00ffff</color>
                <colorMode>normal</colorMode>
                <fill>1</fill>
                <outline>1</outline>
            </PolyStyle>
        </Style>
        <Style id="2524">
            <LineStyle id="2526">
                <colorMode>normal</colorMode>
                <width>0.5</width>
            </LineStyle>
            <PolyStyle id="2525">
                <color>7f00ffff</color>
                <colorMode>normal</colorMode>
                <fill>1</fill>
                <outline>1</outline>
            </PolyStyle>
        </Style>
        <Style id="2531">
            <LineStyle id="2533">
                <colorMode>normal</colorMode>
                <width>0.5</width>
            </LineStyle>
            <PolyStyle id="2532">
                <color>7f00ffff</color>
                <colorMode>normal</colorMode>
                <fill>1</fill>
                <outline>1</outline>
            </PolyStyle>
        </Style>
        <Style id="2538">
            <LineStyle id="2540">
                <colorMode>normal</colorMode>
                <width>0.5</width>
            </LineStyle>
            <PolyStyle id="2539">
                <color>7f00ffff</color>
                <colorMode>normal</colorMode>
                <fill>1</fill>
                <outline>1</outline>
            </PolyStyle>
        </Style>
        <Style id="2545">
            <LineStyle id="2547">
                <colorMode>normal</colorMode>
                <width>0.5</width>
            </LineStyle>
            <PolyStyle id="2546">
                <color>7f00ffff</color>
                <colorMode>normal</colorMode>
                <fill>1</fill>
                <outline>1</outline>
            </PolyStyle>
        </Style>
        <Style id="2552">
            <LineStyle id="2554">
                <colorMode>normal</colorMode>
                <width>0.5</width>
            </LineStyle>
            <PolyStyle id="2553">
                <color>7f00ffff</color>
                <colorMode>normal</colorMode>
                <fill>1</fill>
                <outline>1</outline>
            </PolyStyle>
        </Style>
        <Style id="2559">
            <LineStyle id="2561">
                <colorMode>normal</colorMode>
                <width>0.5</width>
            </LineStyle>
            <PolyStyle id="2560">
                <color>7f00ffff</color>
                <colorMode>normal</colorMode>
                <fill>1</fill>
                <outline>1</outline>
            </PolyStyle>
        </Style>
        <Style id="2566">
            <LineStyle id="2568">
                <colorMode>normal</colorMode>
                <width>0.5</width>
            </LineStyle>
            <PolyStyle id="2567">
                <color>7f00ffff</color>
                <colorMode>normal</colorMode>
                <fill>1</fill>
                <outline>1</outline>
            </PolyStyle>
        </Style>
        <Style id="2573">
            <LineStyle id="2575">
                <colorMode>normal</colorMode>
                <width>0.5</width>
            </LineStyle>
            <PolyStyle id="2574">
                <color>7f00ffff</color>
                <colorMode>normal</colorMode>
                <fill>1</fill>
                <outline>1</outline>
            </PolyStyle>
        </Style>
        <Style id="2580">
            <LineStyle id="2582">
                <colorMode>normal</colorMode>
                <width>0.5</width>
            </LineStyle>
            <PolyStyle id="2581">
                <color>7f00ffff</color>
                <colorMode>normal</colorMode>
                <fill>1</fill>
                <outline>1</outline>
            </PolyStyle>
        </Style>
        <Style id="2587">
            <LineStyle id="2589">
                <colorMode>normal</colorMode>
                <width>0.5</width>
            </LineStyle>
            <PolyStyle id="2588">
                <color>7f00ffff</color>
                <colorMode>normal</colorMode>
                <fill>1</fill>
                <outline>1</outline>
            </PolyStyle>
        </Style>
        <Style id="2594">
            <LineStyle id="2596">
                <colorMode>normal</colorMode>
                <width>0.5</width>
            </LineStyle>
            <PolyStyle id="2595">
                <color>7f00ffff</color>
                <colorMode>normal</colorMode>
                <fill>1</fill>
                <outline>1</outline>
            </PolyStyle>
        </Style>
        <Style id="2601">
            <LineStyle id="2603">
                <colorMode>normal</colorMode>
                <width>0.5</width>
            </LineStyle>
            <PolyStyle id="2602">
                <color>7f00ffff</color>
                <colorMode>normal</colorMode>
                <fill>1</fill>
                <outline>1</outline>
            </PolyStyle>
        </Style>
        <Style id="2608">
            <LineStyle id="2610">
                <colorMode>normal</colorMode>
                <width>0.5</width>
            </LineStyle>
            <PolyStyle id="2609">
                <color>7f00ffff</color>
                <colorMode>normal</colorMode>
                <fill>1</fill>
                <outline>1</outline>
            </PolyStyle>
        </Style>
        <Style id="2615">
            <LineStyle id="2617">
                <colorMode>normal</colorMode>
                <width>0.5</width>
            </LineStyle>
            <PolyStyle id="2616">
                <color>7f00ffff</color>
                <colorMode>normal</colorMode>
                <fill>1</fill>
                <outline>1</outline>
            </PolyStyle>
        </Style>
        <Style id="2622">
            <LineStyle id="2624">
                <colorMode>normal</colorMode>
                <width>0.5</width>
            </LineStyle>
            <PolyStyle id="2623">
                <color>7f00ffff</color>
                <colorMode>normal</colorMode>
                <fill>1</fill>
                <outline>1</outline>
            </PolyStyle>
        </Style>
        <Style id="2629">
            <LineStyle id="2631">
                <colorMode>normal</colorMode>
                <width>0.5</width>
            </LineStyle>
            <PolyStyle id="2630">
                <color>7f00ffff</color>
                <colorMode>normal</colorMode>
                <fill>1</fill>
                <outline>1</outline>
            </PolyStyle>
        </Style>
        <Style id="2636">
            <LineStyle id="2638">
                <colorMode>normal</colorMode>
                <width>0.5</width>
            </LineStyle>
            <PolyStyle id="2637">
                <color>7f00ffff</color>
                <colorMode>normal</colorMode>
                <fill>1</fill>
                <outline>1</outline>
            </PolyStyle>
        </Style>
        <Style id="2643">
            <LineStyle id="2645">
                <colorMode>normal</colorMode>
                <width>0.5</width>
            </LineStyle>
            <PolyStyle id="2644">
                <color>7f00ffff</color>
                <colorMode>normal</colorMode>
                <fill>1</fill>
                <outline>1</outline>
            </PolyStyle>
        </Style>
        <Style id="2650">
            <LineStyle id="2652">
                <colorMode>normal</colorMode>
                <width>0.5</width>
            </LineStyle>
            <PolyStyle id="2651">
                <color>7f00ffff</color>
                <colorMode>normal</colorMode>
                <fill>1</fill>
                <outline>1</outline>
            </PolyStyle>
        </Style>
        <Style id="2657">
            <LineStyle id="2659">
                <colorMode>normal</colorMode>
                <width>0.5</width>
            </LineStyle>
            <PolyStyle id="2658">
                <color>7f00ffff</color>
                <colorMode>normal</colorMode>
                <fill>1</fill>
                <outline>1</outline>
            </PolyStyle>
        </Style>
        <Style id="2664">
            <LineStyle id="2666">
                <colorMode>normal</colorMode>
                <width>0.5</width>
            </LineStyle>
            <PolyStyle id="2665">
                <color>7f00ffff</color>
                <colorMode>normal</colorMode>
                <fill>1</fill>
                <outline>1</outline>
            </PolyStyle>
        </Style>
        <Style id="2671">
            <LineStyle id="2673">
                <colorMode>normal</colorMode>
                <width>0.5</width>
            </LineStyle>
            <PolyStyle id="2672">
                <color>7f00ffff</color>
                <colorMode>normal</colorMode>
                <fill>1</fill>
                <outline>1</outline>
            </PolyStyle>
        </Style>
        <Style id="2678">
            <LineStyle id="2680">
                <colorMode>normal</colorMode>
                <width>0.5</width>
            </LineStyle>
            <PolyStyle id="2679">
                <color>7f00ffff</color>
                <colorMode>normal</colorMode>
                <fill>1</fill>
                <outline>1</outline>
            </PolyStyle>
        </Style>
        <Style id="2685">
            <LineStyle id="2687">
                <colorMode>normal</colorMode>
                <width>0.5</width>
            </LineStyle>
            <PolyStyle id="2686">
                <color>7f00ffff</color>
                <colorMode>normal</colorMode>
                <fill>1</fill>
                <outline>1</outline>
            </PolyStyle>
        </Style>
        <Style id="2692">
            <LineStyle id="2694">
                <colorMode>normal</colorMode>
                <width>0.5</width>
            </LineStyle>
            <PolyStyle id="2693">
                <color>7f00ffff</color>
                <colorMode>normal</colorMode>
                <fill>1</fill>
                <outline>1</outline>
            </PolyStyle>
        </Style>
        <Style id="2699">
            <LineStyle id="2701">
                <colorMode>normal</colorMode>
                <width>0.5</width>
            </LineStyle>
            <PolyStyle id="2700">
                <color>7f00ffff</color>
                <colorMode>normal</colorMode>
                <fill>1</fill>
                <outline>1</outline>
            </PolyStyle>
        </Style>
        <Style id="2706">
            <LineStyle id="2708">
                <colorMode>normal</colorMode>
                <width>0.5</width>
            </LineStyle>
            <PolyStyle id="2707">
                <color>7f00ffff</color>
                <colorMode>normal</colorMode>
                <fill>1</fill>
                <outline>1</outline>
            </PolyStyle>
        </Style>
        <Style id="2713">
            <LineStyle id="2715">
                <colorMode>normal</colorMode>
                <width>0.5</width>
            </LineStyle>
            <PolyStyle id="2714">
                <color>7f00ffff</color>
                <colorMode>normal</colorMode>
                <fill>1</fill>
                <outline>1</outline>
            </PolyStyle>
        </Style>
        <Style id="2720">
            <LineStyle id="2722">
                <colorMode>normal</colorMode>
                <width>0.5</width>
            </LineStyle>
            <PolyStyle id="2721">
                <color>7f00ffff</color>
                <colorMode>normal</colorMode>
                <fill>1</fill>
                <outline>1</outline>
            </PolyStyle>
        </Style>
        <Style id="2727">
            <LineStyle id="2729">
                <colorMode>normal</colorMode>
                <width>0.5</width>
            </LineStyle>
            <PolyStyle id="2728">
                <color>7f00ffff</color>
                <colorMode>normal</colorMode>
                <fill>1</fill>
                <outline>1</outline>
            </PolyStyle>
        </Style>
        <Style id="2734">
            <LineStyle id="2736">
                <colorMode>normal</colorMode>
                <width>0.5</width>
            </LineStyle>
            <PolyStyle id="2735">
                <color>7f00ffff</color>
                <colorMode>normal</colorMode>
                <fill>1</fill>
                <outline>1</outline>
            </PolyStyle>
        </Style>
        <Style id="2741">
            <LineStyle id="2743">
                <colorMode>normal</colorMode>
                <width>0.5</width>
            </LineStyle>
            <PolyStyle id="2742">
                <color>7f00ffff</color>
                <colorMode>normal</colorMode>
                <fill>1</fill>
                <outline>1</outline>
            </PolyStyle>
        </Style>
        <Style id="2748">
            <LineStyle id="2750">
                <colorMode>normal</colorMode>
                <width>0.5</width>
            </LineStyle>
            <PolyStyle id="2749">
                <color>7f00ffff</color>
                <colorMode>normal</colorMode>
                <fill>1</fill>
                <outline>1</outline>
            </PolyStyle>
        </Style>
        <Style id="2755">
            <LineStyle id="2757">
                <colorMode>normal</colorMode>
                <width>0.5</width>
            </LineStyle>
            <PolyStyle id="2756">
                <color>7f00ffff</color>
                <colorMode>normal</colorMode>
                <fill>1</fill>
                <outline>1</outline>
            </PolyStyle>
        </Style>
        <Style id="2762">
            <LineStyle id="2764">
                <colorMode>normal</colorMode>
                <width>0.5</width>
            </LineStyle>
            <PolyStyle id="2763">
                <color>7f00ffff</color>
                <colorMode>normal</colorMode>
                <fill>1</fill>
                <outline>1</outline>
            </PolyStyle>
        </Style>
        <Style id="2769">
            <LineStyle id="2771">
                <colorMode>normal</colorMode>
                <width>0.5</width>
            </LineStyle>
            <PolyStyle id="2770">
                <color>7f00ffff</color>
                <colorMode>normal</colorMode>
                <fill>1</fill>
                <outline>1</outline>
            </PolyStyle>
        </Style>
        <Style id="2776">
            <LineStyle id="2778">
                <colorMode>normal</colorMode>
                <width>0.5</width>
            </LineStyle>
            <PolyStyle id="2777">
                <color>7f00ffff</color>
                <colorMode>normal</colorMode>
                <fill>1</fill>
                <outline>1</outline>
            </PolyStyle>
        </Style>
        <Style id="2783">
            <LineStyle id="2785">
                <colorMode>normal</colorMode>
                <width>0.5</width>
            </LineStyle>
            <PolyStyle id="2784">
                <color>7f00ffff</color>
                <colorMode>normal</colorMode>
                <fill>1</fill>
                <outline>1</outline>
            </PolyStyle>
        </Style>
        <Style id="2790">
            <LineStyle id="2792">
                <colorMode>normal</colorMode>
                <width>0.5</width>
            </LineStyle>
            <PolyStyle id="2791">
                <color>7f00ffff</color>
                <colorMode>normal</colorMode>
                <fill>1</fill>
                <outline>1</outline>
            </PolyStyle>
        </Style>
        <Style id="2797">
            <LineStyle id="2799">
                <colorMode>normal</colorMode>
                <width>0.5</width>
            </LineStyle>
            <PolyStyle id="2798">
                <color>7f00ffff</color>
                <colorMode>normal</colorMode>
                <fill>1</fill>
                <outline>1</outline>
            </PolyStyle>
        </Style>
        <Style id="2804">
            <LineStyle id="2806">
                <colorMode>normal</colorMode>
                <width>0.5</width>
            </LineStyle>
            <PolyStyle id="2805">
                <color>7f00ffff</color>
                <colorMode>normal</colorMode>
                <fill>1</fill>
                <outline>1</outline>
            </PolyStyle>
        </Style>
        <Style id="2811">
            <LineStyle id="2813">
                <colorMode>normal</colorMode>
                <width>0.5</width>
            </LineStyle>
            <PolyStyle id="2812">
                <color>7f00ffff</color>
                <colorMode>normal</colorMode>
                <fill>1</fill>
                <outline>1</outline>
            </PolyStyle>
        </Style>
        <Style id="2818">
            <LineStyle id="2820">
                <colorMode>normal</colorMode>
                <width>0.5</width>
            </LineStyle>
            <PolyStyle id="2819">
                <color>7f00ffff</color>
                <colorMode>normal</colorMode>
                <fill>1</fill>
                <outline>1</outline>
            </PolyStyle>
        </Style>
        <Style id="2825">
            <LineStyle id="2827">
                <colorMode>normal</colorMode>
                <width>0.5</width>
            </LineStyle>
            <PolyStyle id="2826">
                <color>7f00ffff</color>
                <colorMode>normal</colorMode>
                <fill>1</fill>
                <outline>1</outline>
            </PolyStyle>
        </Style>
        <Style id="2832">
            <LineStyle id="2834">
                <colorMode>normal</colorMode>
                <width>0.5</width>
            </LineStyle>
            <PolyStyle id="2833">
                <color>7f00ffff</color>
                <colorMode>normal</colorMode>
                <fill>1</fill>
                <outline>1</outline>
            </PolyStyle>
        </Style>
        <Style id="2839">
            <LineStyle id="2841">
                <colorMode>normal</colorMode>
                <width>0.5</width>
            </LineStyle>
            <PolyStyle id="2840">
                <color>7f00ffff</color>
                <colorMode>normal</colorMode>
                <fill>1</fill>
                <outline>1</outline>
            </PolyStyle>
        </Style>
        <Style id="2846">
            <LineStyle id="2848">
                <colorMode>normal</colorMode>
                <width>0.5</width>
            </LineStyle>
            <PolyStyle id="2847">
                <color>7f00ffff</color>
                <colorMode>normal</colorMode>
                <fill>1</fill>
                <outline>1</outline>
            </PolyStyle>
        </Style>
        <Style id="2853">
            <LineStyle id="2855">
                <colorMode>normal</colorMode>
                <width>0.5</width>
            </LineStyle>
            <PolyStyle id="2854">
                <color>7f00ffff</color>
                <colorMode>normal</colorMode>
                <fill>1</fill>
                <outline>1</outline>
            </PolyStyle>
        </Style>
        <Style id="2860">
            <LineStyle id="2862">
                <colorMode>normal</colorMode>
                <width>0.5</width>
            </LineStyle>
            <PolyStyle id="2861">
                <color>7f00ffff</color>
                <colorMode>normal</colorMode>
                <fill>1</fill>
                <outline>1</outline>
            </PolyStyle>
        </Style>
        <Style id="2867">
            <LineStyle id="2869">
                <colorMode>normal</colorMode>
                <width>0.5</width>
            </LineStyle>
            <PolyStyle id="2868">
                <color>7f00ffff</color>
                <colorMode>normal</colorMode>
                <fill>1</fill>
                <outline>1</outline>
            </PolyStyle>
        </Style>
        <Style id="2874">
            <LineStyle id="2876">
                <colorMode>normal</colorMode>
                <width>0.5</width>
            </LineStyle>
            <PolyStyle id="2875">
                <color>7f00ffff</color>
                <colorMode>normal</colorMode>
                <fill>1</fill>
                <outline>1</outline>
            </PolyStyle>
        </Style>
        <Style id="2881">
            <LineStyle id="2883">
                <colorMode>normal</colorMode>
                <width>0.5</width>
            </LineStyle>
            <PolyStyle id="2882">
                <color>7f00ffff</color>
                <colorMode>normal</colorMode>
                <fill>1</fill>
                <outline>1</outline>
            </PolyStyle>
        </Style>
        <Style id="2888">
            <LineStyle id="2890">
                <colorMode>normal</colorMode>
                <width>0.5</width>
            </LineStyle>
            <PolyStyle id="2889">
                <color>7f00ffff</color>
                <colorMode>normal</colorMode>
                <fill>1</fill>
                <outline>1</outline>
            </PolyStyle>
        </Style>
        <Style id="2895">
            <LineStyle id="2897">
                <colorMode>normal</colorMode>
                <width>0.5</width>
            </LineStyle>
            <PolyStyle id="2896">
                <color>7f00ffff</color>
                <colorMode>normal</colorMode>
                <fill>1</fill>
                <outline>1</outline>
            </PolyStyle>
        </Style>
        <Style id="2902">
            <LineStyle id="2904">
                <colorMode>normal</colorMode>
                <width>0.5</width>
            </LineStyle>
            <PolyStyle id="2903">
                <color>7f00ffff</color>
                <colorMode>normal</colorMode>
                <fill>1</fill>
                <outline>1</outline>
            </PolyStyle>
        </Style>
        <Style id="2909">
            <LineStyle id="2911">
                <colorMode>normal</colorMode>
                <width>0.5</width>
            </LineStyle>
            <PolyStyle id="2910">
                <color>7f00ffff</color>
                <colorMode>normal</colorMode>
                <fill>1</fill>
                <outline>1</outline>
            </PolyStyle>
        </Style>
        <Style id="2916">
            <LineStyle id="2918">
                <colorMode>normal</colorMode>
                <width>0.5</width>
            </LineStyle>
            <PolyStyle id="2917">
                <color>7f00ffff</color>
                <colorMode>normal</colorMode>
                <fill>1</fill>
                <outline>1</outline>
            </PolyStyle>
        </Style>
        <Style id="2923">
            <LineStyle id="2925">
                <colorMode>normal</colorMode>
                <width>0.5</width>
            </LineStyle>
            <PolyStyle id="2924">
                <color>7f00ffff</color>
                <colorMode>normal</colorMode>
                <fill>1</fill>
                <outline>1</outline>
            </PolyStyle>
        </Style>
        <Style id="2930">
            <LineStyle id="2932">
                <colorMode>normal</colorMode>
                <width>0.5</width>
            </LineStyle>
            <PolyStyle id="2931">
                <color>7f00ffff</color>
                <colorMode>normal</colorMode>
                <fill>1</fill>
                <outline>1</outline>
            </PolyStyle>
        </Style>
        <Style id="2937">
            <LineStyle id="2939">
                <colorMode>normal</colorMode>
                <width>0.5</width>
            </LineStyle>
            <PolyStyle id="2938">
                <color>7f00ffff</color>
                <colorMode>normal</colorMode>
                <fill>1</fill>
                <outline>1</outline>
            </PolyStyle>
        </Style>
        <Style id="2944">
            <LineStyle id="2946">
                <colorMode>normal</colorMode>
                <width>0.5</width>
            </LineStyle>
            <PolyStyle id="2945">
                <color>7f00ffff</color>
                <colorMode>normal</colorMode>
                <fill>1</fill>
                <outline>1</outline>
            </PolyStyle>
        </Style>
        <Style id="2951">
            <LineStyle id="2953">
                <colorMode>normal</colorMode>
                <width>0.5</width>
            </LineStyle>
            <PolyStyle id="2952">
                <color>7f00ffff</color>
                <colorMode>normal</colorMode>
                <fill>1</fill>
                <outline>1</outline>
            </PolyStyle>
        </Style>
        <Style id="2958">
            <LineStyle id="2960">
                <colorMode>normal</colorMode>
                <width>0.5</width>
            </LineStyle>
            <PolyStyle id="2959">
                <color>7f00ffff</color>
                <colorMode>normal</colorMode>
                <fill>1</fill>
                <outline>1</outline>
            </PolyStyle>
        </Style>
        <Style id="2965">
            <LineStyle id="2967">
                <colorMode>normal</colorMode>
                <width>0.5</width>
            </LineStyle>
            <PolyStyle id="2966">
                <color>7f00ffff</color>
                <colorMode>normal</colorMode>
                <fill>1</fill>
                <outline>1</outline>
            </PolyStyle>
        </Style>
        <Style id="2972">
            <LineStyle id="2974">
                <colorMode>normal</colorMode>
                <width>0.5</width>
            </LineStyle>
            <PolyStyle id="2973">
                <color>7f00ffff</color>
                <colorMode>normal</colorMode>
                <fill>1</fill>
                <outline>1</outline>
            </PolyStyle>
        </Style>
        <Style id="2979">
            <LineStyle id="2981">
                <colorMode>normal</colorMode>
                <width>0.5</width>
            </LineStyle>
            <PolyStyle id="2980">
                <color>7f00ffff</color>
                <colorMode>normal</colorMode>
                <fill>1</fill>
                <outline>1</outline>
            </PolyStyle>
        </Style>
        <Style id="2986">
            <LineStyle id="2988">
                <colorMode>normal</colorMode>
                <width>0.5</width>
            </LineStyle>
            <PolyStyle id="2987">
                <color>7f00ffff</color>
                <colorMode>normal</colorMode>
                <fill>1</fill>
                <outline>1</outline>
            </PolyStyle>
        </Style>
        <Style id="2993">
            <LineStyle id="2995">
                <colorMode>normal</colorMode>
                <width>0.5</width>
            </LineStyle>
            <PolyStyle id="2994">
                <color>7f00ffff</color>
                <colorMode>normal</colorMode>
                <fill>1</fill>
                <outline>1</outline>
            </PolyStyle>
        </Style>
        <Style id="3000">
            <LineStyle id="3002">
                <colorMode>normal</colorMode>
                <width>0.5</width>
            </LineStyle>
            <PolyStyle id="3001">
                <color>7f00ffff</color>
                <colorMode>normal</colorMode>
                <fill>1</fill>
                <outline>1</outline>
            </PolyStyle>
        </Style>
        <Style id="3007">
            <LineStyle id="3009">
                <colorMode>normal</colorMode>
                <width>0.5</width>
            </LineStyle>
            <PolyStyle id="3008">
                <color>7f00ffff</color>
                <colorMode>normal</colorMode>
                <fill>1</fill>
                <outline>1</outline>
            </PolyStyle>
        </Style>
        <Style id="3014">
            <LineStyle id="3016">
                <colorMode>normal</colorMode>
                <width>0.5</width>
            </LineStyle>
            <PolyStyle id="3015">
                <color>7f00ffff</color>
                <colorMode>normal</colorMode>
                <fill>1</fill>
                <outline>1</outline>
            </PolyStyle>
        </Style>
        <Style id="3021">
            <LineStyle id="3023">
                <colorMode>normal</colorMode>
                <width>0.5</width>
            </LineStyle>
            <PolyStyle id="3022">
                <color>7f00ffff</color>
                <colorMode>normal</colorMode>
                <fill>1</fill>
                <outline>1</outline>
            </PolyStyle>
        </Style>
        <Style id="3028">
            <LineStyle id="3030">
                <colorMode>normal</colorMode>
                <width>0.5</width>
            </LineStyle>
            <PolyStyle id="3029">
                <color>7f00ffff</color>
                <colorMode>normal</colorMode>
                <fill>1</fill>
                <outline>1</outline>
            </PolyStyle>
        </Style>
        <Style id="3035">
            <LineStyle id="3037">
                <colorMode>normal</colorMode>
                <width>0.5</width>
            </LineStyle>
            <PolyStyle id="3036">
                <color>7f00ffff</color>
                <colorMode>normal</colorMode>
                <fill>1</fill>
                <outline>1</outline>
            </PolyStyle>
        </Style>
        <Style id="3042">
            <LineStyle id="3044">
                <colorMode>normal</colorMode>
                <width>0.5</width>
            </LineStyle>
            <PolyStyle id="3043">
                <color>7f00ffff</color>
                <colorMode>normal</colorMode>
                <fill>1</fill>
                <outline>1</outline>
            </PolyStyle>
        </Style>
        <Style id="3049">
            <LineStyle id="3051">
                <colorMode>normal</colorMode>
                <width>0.5</width>
            </LineStyle>
            <PolyStyle id="3050">
                <color>7f00ffff</color>
                <colorMode>normal</colorMode>
                <fill>1</fill>
                <outline>1</outline>
            </PolyStyle>
        </Style>
        <Style id="3056">
            <LineStyle id="3058">
                <colorMode>normal</colorMode>
                <width>0.5</width>
            </LineStyle>
            <PolyStyle id="3057">
                <color>7f00ffff</color>
                <colorMode>normal</colorMode>
                <fill>1</fill>
                <outline>1</outline>
            </PolyStyle>
        </Style>
        <Style id="3063">
            <LineStyle id="3065">
                <colorMode>normal</colorMode>
                <width>0.5</width>
            </LineStyle>
            <PolyStyle id="3064">
                <color>7f00ffff</color>
                <colorMode>normal</colorMode>
                <fill>1</fill>
                <outline>1</outline>
            </PolyStyle>
        </Style>
        <Style id="3070">
            <LineStyle id="3072">
                <colorMode>normal</colorMode>
                <width>0.5</width>
            </LineStyle>
            <PolyStyle id="3071">
                <color>7f00ffff</color>
                <colorMode>normal</colorMode>
                <fill>1</fill>
                <outline>1</outline>
            </PolyStyle>
        </Style>
        <Style id="3077">
            <LineStyle id="3079">
                <colorMode>normal</colorMode>
                <width>0.5</width>
            </LineStyle>
            <PolyStyle id="3078">
                <color>7f00ffff</color>
                <colorMode>normal</colorMode>
                <fill>1</fill>
                <outline>1</outline>
            </PolyStyle>
        </Style>
        <Style id="3084">
            <LineStyle id="3086">
                <colorMode>normal</colorMode>
                <width>0.5</width>
            </LineStyle>
            <PolyStyle id="3085">
                <color>7f00ffff</color>
                <colorMode>normal</colorMode>
                <fill>1</fill>
                <outline>1</outline>
            </PolyStyle>
        </Style>
        <Style id="3091">
            <LineStyle id="3093">
                <colorMode>normal</colorMode>
                <width>0.5</width>
            </LineStyle>
            <PolyStyle id="3092">
                <color>7f00ffff</color>
                <colorMode>normal</colorMode>
                <fill>1</fill>
                <outline>1</outline>
            </PolyStyle>
        </Style>
        <Style id="3098">
            <LineStyle id="3100">
                <colorMode>normal</colorMode>
                <width>0.5</width>
            </LineStyle>
            <PolyStyle id="3099">
                <color>7f00ffff</color>
                <colorMode>normal</colorMode>
                <fill>1</fill>
                <outline>1</outline>
            </PolyStyle>
        </Style>
        <Style id="3105">
            <LineStyle id="3107">
                <colorMode>normal</colorMode>
                <width>0.5</width>
            </LineStyle>
            <PolyStyle id="3106">
                <color>7f00ffff</color>
                <colorMode>normal</colorMode>
                <fill>1</fill>
                <outline>1</outline>
            </PolyStyle>
        </Style>
        <Style id="3112">
            <LineStyle id="3114">
                <colorMode>normal</colorMode>
                <width>0.5</width>
            </LineStyle>
            <PolyStyle id="3113">
                <color>7f00ffff</color>
                <colorMode>normal</colorMode>
                <fill>1</fill>
                <outline>1</outline>
            </PolyStyle>
        </Style>
        <Style id="3119">
            <LineStyle id="3121">
                <colorMode>normal</colorMode>
                <width>0.5</width>
            </LineStyle>
            <PolyStyle id="3120">
                <color>7f00ffff</color>
                <colorMode>normal</colorMode>
                <fill>1</fill>
                <outline>1</outline>
            </PolyStyle>
        </Style>
        <Style id="3126">
            <LineStyle id="3128">
                <colorMode>normal</colorMode>
                <width>0.5</width>
            </LineStyle>
            <PolyStyle id="3127">
                <color>7f00ffff</color>
                <colorMode>normal</colorMode>
                <fill>1</fill>
                <outline>1</outline>
            </PolyStyle>
        </Style>
        <Style id="3133">
            <LineStyle id="3135">
                <colorMode>normal</colorMode>
                <width>0.5</width>
            </LineStyle>
            <PolyStyle id="3134">
                <color>7f00ffff</color>
                <colorMode>normal</colorMode>
                <fill>1</fill>
                <outline>1</outline>
            </PolyStyle>
        </Style>
        <Style id="3140">
            <LineStyle id="3142">
                <colorMode>normal</colorMode>
                <width>0.5</width>
            </LineStyle>
            <PolyStyle id="3141">
                <color>7f00ffff</color>
                <colorMode>normal</colorMode>
                <fill>1</fill>
                <outline>1</outline>
            </PolyStyle>
        </Style>
        <Style id="3147">
            <LineStyle id="3149">
                <colorMode>normal</colorMode>
                <width>0.5</width>
            </LineStyle>
            <PolyStyle id="3148">
                <color>7f00ffff</color>
                <colorMode>normal</colorMode>
                <fill>1</fill>
                <outline>1</outline>
            </PolyStyle>
        </Style>
        <Style id="3154">
            <LineStyle id="3156">
                <colorMode>normal</colorMode>
                <width>0.5</width>
            </LineStyle>
            <PolyStyle id="3155">
                <color>7f0080ff</color>
                <colorMode>normal</colorMode>
                <fill>1</fill>
                <outline>1</outline>
            </PolyStyle>
        </Style>
        <Style id="3161">
            <LineStyle id="3163">
                <colorMode>normal</colorMode>
                <width>0.5</width>
            </LineStyle>
            <PolyStyle id="3162">
                <color>7f0080ff</color>
                <colorMode>normal</colorMode>
                <fill>1</fill>
                <outline>1</outline>
            </PolyStyle>
        </Style>
        <Style id="3168">
            <LineStyle id="3170">
                <colorMode>normal</colorMode>
                <width>0.5</width>
            </LineStyle>
            <PolyStyle id="3169">
                <color>7f0080ff</color>
                <colorMode>normal</colorMode>
                <fill>1</fill>
                <outline>1</outline>
            </PolyStyle>
        </Style>
        <Style id="3175">
            <LineStyle id="3177">
                <colorMode>normal</colorMode>
                <width>0.5</width>
            </LineStyle>
            <PolyStyle id="3176">
                <color>7f0080ff</color>
                <colorMode>normal</colorMode>
                <fill>1</fill>
                <outline>1</outline>
            </PolyStyle>
        </Style>
        <Style id="3182">
            <LineStyle id="3184">
                <colorMode>normal</colorMode>
                <width>0.5</width>
            </LineStyle>
            <PolyStyle id="3183">
                <color>7f0080ff</color>
                <colorMode>normal</colorMode>
                <fill>1</fill>
                <outline>1</outline>
            </PolyStyle>
        </Style>
        <Style id="3189">
            <LineStyle id="3191">
                <colorMode>normal</colorMode>
                <width>0.5</width>
            </LineStyle>
            <PolyStyle id="3190">
                <color>7f0080ff</color>
                <colorMode>normal</colorMode>
                <fill>1</fill>
                <outline>1</outline>
            </PolyStyle>
        </Style>
        <Style id="3196">
            <LineStyle id="3198">
                <colorMode>normal</colorMode>
                <width>0.5</width>
            </LineStyle>
            <PolyStyle id="3197">
                <color>7f0080ff</color>
                <colorMode>normal</colorMode>
                <fill>1</fill>
                <outline>1</outline>
            </PolyStyle>
        </Style>
        <Style id="3203">
            <LineStyle id="3205">
                <colorMode>normal</colorMode>
                <width>0.5</width>
            </LineStyle>
            <PolyStyle id="3204">
                <color>7f0080ff</color>
                <colorMode>normal</colorMode>
                <fill>1</fill>
                <outline>1</outline>
            </PolyStyle>
        </Style>
        <Style id="3210">
            <LineStyle id="3212">
                <colorMode>normal</colorMode>
                <width>0.5</width>
            </LineStyle>
            <PolyStyle id="3211">
                <color>7f0080ff</color>
                <colorMode>normal</colorMode>
                <fill>1</fill>
                <outline>1</outline>
            </PolyStyle>
        </Style>
        <Style id="3217">
            <LineStyle id="3219">
                <colorMode>normal</colorMode>
                <width>0.5</width>
            </LineStyle>
            <PolyStyle id="3218">
                <color>7f0080ff</color>
                <colorMode>normal</colorMode>
                <fill>1</fill>
                <outline>1</outline>
            </PolyStyle>
        </Style>
        <Style id="3224">
            <LineStyle id="3226">
                <colorMode>normal</colorMode>
                <width>0.5</width>
            </LineStyle>
            <PolyStyle id="3225">
                <color>7f0080ff</color>
                <colorMode>normal</colorMode>
                <fill>1</fill>
                <outline>1</outline>
            </PolyStyle>
        </Style>
        <Style id="3231">
            <LineStyle id="3233">
                <colorMode>normal</colorMode>
                <width>0.5</width>
            </LineStyle>
            <PolyStyle id="3232">
                <color>7f0080ff</color>
                <colorMode>normal</colorMode>
                <fill>1</fill>
                <outline>1</outline>
            </PolyStyle>
        </Style>
        <Style id="3238">
            <LineStyle id="3240">
                <colorMode>normal</colorMode>
                <width>0.5</width>
            </LineStyle>
            <PolyStyle id="3239">
                <color>7f0080ff</color>
                <colorMode>normal</colorMode>
                <fill>1</fill>
                <outline>1</outline>
            </PolyStyle>
        </Style>
        <Style id="3245">
            <LineStyle id="3247">
                <colorMode>normal</colorMode>
                <width>0.5</width>
            </LineStyle>
            <PolyStyle id="3246">
                <color>7f0080ff</color>
                <colorMode>normal</colorMode>
                <fill>1</fill>
                <outline>1</outline>
            </PolyStyle>
        </Style>
        <Style id="3252">
            <LineStyle id="3254">
                <colorMode>normal</colorMode>
                <width>0.5</width>
            </LineStyle>
            <PolyStyle id="3253">
                <color>7f0080ff</color>
                <colorMode>normal</colorMode>
                <fill>1</fill>
                <outline>1</outline>
            </PolyStyle>
        </Style>
        <Style id="3259">
            <LineStyle id="3261">
                <colorMode>normal</colorMode>
                <width>0.5</width>
            </LineStyle>
            <PolyStyle id="3260">
                <color>7f0080ff</color>
                <colorMode>normal</colorMode>
                <fill>1</fill>
                <outline>1</outline>
            </PolyStyle>
        </Style>
        <Style id="3266">
            <LineStyle id="3268">
                <colorMode>normal</colorMode>
                <width>0.5</width>
            </LineStyle>
            <PolyStyle id="3267">
                <color>7f0080ff</color>
                <colorMode>normal</colorMode>
                <fill>1</fill>
                <outline>1</outline>
            </PolyStyle>
        </Style>
        <Style id="3273">
            <LineStyle id="3275">
                <colorMode>normal</colorMode>
                <width>0.5</width>
            </LineStyle>
            <PolyStyle id="3274">
                <color>7f0080ff</color>
                <colorMode>normal</colorMode>
                <fill>1</fill>
                <outline>1</outline>
            </PolyStyle>
        </Style>
        <Style id="3280">
            <LineStyle id="3282">
                <colorMode>normal</colorMode>
                <width>0.5</width>
            </LineStyle>
            <PolyStyle id="3281">
                <color>7f0080ff</color>
                <colorMode>normal</colorMode>
                <fill>1</fill>
                <outline>1</outline>
            </PolyStyle>
        </Style>
        <Style id="3287">
            <LineStyle id="3289">
                <colorMode>normal</colorMode>
                <width>0.5</width>
            </LineStyle>
            <PolyStyle id="3288">
                <color>7f0080ff</color>
                <colorMode>normal</colorMode>
                <fill>1</fill>
                <outline>1</outline>
            </PolyStyle>
        </Style>
        <Style id="3294">
            <LineStyle id="3296">
                <colorMode>normal</colorMode>
                <width>0.5</width>
            </LineStyle>
            <PolyStyle id="3295">
                <color>7f0080ff</color>
                <colorMode>normal</colorMode>
                <fill>1</fill>
                <outline>1</outline>
            </PolyStyle>
        </Style>
        <Style id="3301">
            <LineStyle id="3303">
                <colorMode>normal</colorMode>
                <width>0.5</width>
            </LineStyle>
            <PolyStyle id="3302">
                <color>7f0080ff</color>
                <colorMode>normal</colorMode>
                <fill>1</fill>
                <outline>1</outline>
            </PolyStyle>
        </Style>
        <Style id="3308">
            <LineStyle id="3310">
                <colorMode>normal</colorMode>
                <width>0.5</width>
            </LineStyle>
            <PolyStyle id="3309">
                <color>7f0080ff</color>
                <colorMode>normal</colorMode>
                <fill>1</fill>
                <outline>1</outline>
            </PolyStyle>
        </Style>
        <Style id="3315">
            <LineStyle id="3317">
                <colorMode>normal</colorMode>
                <width>0.5</width>
            </LineStyle>
            <PolyStyle id="3316">
                <color>7f0080ff</color>
                <colorMode>normal</colorMode>
                <fill>1</fill>
                <outline>1</outline>
            </PolyStyle>
        </Style>
        <Style id="3322">
            <LineStyle id="3324">
                <colorMode>normal</colorMode>
                <width>0.5</width>
            </LineStyle>
            <PolyStyle id="3323">
                <color>7f0080ff</color>
                <colorMode>normal</colorMode>
                <fill>1</fill>
                <outline>1</outline>
            </PolyStyle>
        </Style>
        <Style id="3329">
            <LineStyle id="3331">
                <colorMode>normal</colorMode>
                <width>0.5</width>
            </LineStyle>
            <PolyStyle id="3330">
                <color>7f0080ff</color>
                <colorMode>normal</colorMode>
                <fill>1</fill>
                <outline>1</outline>
            </PolyStyle>
        </Style>
        <Style id="3336">
            <LineStyle id="3338">
                <colorMode>normal</colorMode>
                <width>0.5</width>
            </LineStyle>
            <PolyStyle id="3337">
                <color>7f0080ff</color>
                <colorMode>normal</colorMode>
                <fill>1</fill>
                <outline>1</outline>
            </PolyStyle>
        </Style>
        <Style id="3343">
            <LineStyle id="3345">
                <colorMode>normal</colorMode>
                <width>0.5</width>
            </LineStyle>
            <PolyStyle id="3344">
                <color>7f0080ff</color>
                <colorMode>normal</colorMode>
                <fill>1</fill>
                <outline>1</outline>
            </PolyStyle>
        </Style>
        <Style id="3350">
            <LineStyle id="3352">
                <colorMode>normal</colorMode>
                <width>0.5</width>
            </LineStyle>
            <PolyStyle id="3351">
                <color>7f0080ff</color>
                <colorMode>normal</colorMode>
                <fill>1</fill>
                <outline>1</outline>
            </PolyStyle>
        </Style>
        <Style id="3357">
            <LineStyle id="3359">
                <colorMode>normal</colorMode>
                <width>0.5</width>
            </LineStyle>
            <PolyStyle id="3358">
                <color>7f0080ff</color>
                <colorMode>normal</colorMode>
                <fill>1</fill>
                <outline>1</outline>
            </PolyStyle>
        </Style>
        <Style id="3364">
            <LineStyle id="3366">
                <colorMode>normal</colorMode>
                <width>0.5</width>
            </LineStyle>
            <PolyStyle id="3365">
                <color>7f0080ff</color>
                <colorMode>normal</colorMode>
                <fill>1</fill>
                <outline>1</outline>
            </PolyStyle>
        </Style>
        <Style id="3371">
            <LineStyle id="3373">
                <colorMode>normal</colorMode>
                <width>0.5</width>
            </LineStyle>
            <PolyStyle id="3372">
                <color>7f0080ff</color>
                <colorMode>normal</colorMode>
                <fill>1</fill>
                <outline>1</outline>
            </PolyStyle>
        </Style>
        <Style id="3378">
            <LineStyle id="3380">
                <colorMode>normal</colorMode>
                <width>0.5</width>
            </LineStyle>
            <PolyStyle id="3379">
                <color>7f0080ff</color>
                <colorMode>normal</colorMode>
                <fill>1</fill>
                <outline>1</outline>
            </PolyStyle>
        </Style>
        <Style id="3385">
            <LineStyle id="3387">
                <colorMode>normal</colorMode>
                <width>0.5</width>
            </LineStyle>
            <PolyStyle id="3386">
                <color>7f0080ff</color>
                <colorMode>normal</colorMode>
                <fill>1</fill>
                <outline>1</outline>
            </PolyStyle>
        </Style>
        <Style id="3392">
            <LineStyle id="3394">
                <colorMode>normal</colorMode>
                <width>0.5</width>
            </LineStyle>
            <PolyStyle id="3393">
                <color>7f0080ff</color>
                <colorMode>normal</colorMode>
                <fill>1</fill>
                <outline>1</outline>
            </PolyStyle>
        </Style>
        <Style id="3399">
            <LineStyle id="3401">
                <colorMode>normal</colorMode>
                <width>0.5</width>
            </LineStyle>
            <PolyStyle id="3400">
                <color>7f0080ff</color>
                <colorMode>normal</colorMode>
                <fill>1</fill>
                <outline>1</outline>
            </PolyStyle>
        </Style>
        <Style id="3406">
            <LineStyle id="3408">
                <colorMode>normal</colorMode>
                <width>0.5</width>
            </LineStyle>
            <PolyStyle id="3407">
                <color>7f0080ff</color>
                <colorMode>normal</colorMode>
                <fill>1</fill>
                <outline>1</outline>
            </PolyStyle>
        </Style>
        <Style id="3413">
            <LineStyle id="3415">
                <colorMode>normal</colorMode>
                <width>0.5</width>
            </LineStyle>
            <PolyStyle id="3414">
                <color>7f0080ff</color>
                <colorMode>normal</colorMode>
                <fill>1</fill>
                <outline>1</outline>
            </PolyStyle>
        </Style>
        <Style id="3420">
            <LineStyle id="3422">
                <colorMode>normal</colorMode>
                <width>0.5</width>
            </LineStyle>
            <PolyStyle id="3421">
                <color>7f0080ff</color>
                <colorMode>normal</colorMode>
                <fill>1</fill>
                <outline>1</outline>
            </PolyStyle>
        </Style>
        <Style id="3427">
            <LineStyle id="3429">
                <colorMode>normal</colorMode>
                <width>0.5</width>
            </LineStyle>
            <PolyStyle id="3428">
                <color>7f0080ff</color>
                <colorMode>normal</colorMode>
                <fill>1</fill>
                <outline>1</outline>
            </PolyStyle>
        </Style>
        <Style id="3434">
            <LineStyle id="3436">
                <colorMode>normal</colorMode>
                <width>0.5</width>
            </LineStyle>
            <PolyStyle id="3435">
                <color>7f0080ff</color>
                <colorMode>normal</colorMode>
                <fill>1</fill>
                <outline>1</outline>
            </PolyStyle>
        </Style>
        <Style id="3441">
            <LineStyle id="3443">
                <colorMode>normal</colorMode>
                <width>0.5</width>
            </LineStyle>
            <PolyStyle id="3442">
                <color>7f0080ff</color>
                <colorMode>normal</colorMode>
                <fill>1</fill>
                <outline>1</outline>
            </PolyStyle>
        </Style>
        <Style id="3448">
            <LineStyle id="3450">
                <colorMode>normal</colorMode>
                <width>0.5</width>
            </LineStyle>
            <PolyStyle id="3449">
                <color>7f0080ff</color>
                <colorMode>normal</colorMode>
                <fill>1</fill>
                <outline>1</outline>
            </PolyStyle>
        </Style>
        <Style id="3455">
            <LineStyle id="3457">
                <colorMode>normal</colorMode>
                <width>0.5</width>
            </LineStyle>
            <PolyStyle id="3456">
                <color>7f0080ff</color>
                <colorMode>normal</colorMode>
                <fill>1</fill>
                <outline>1</outline>
            </PolyStyle>
        </Style>
        <Style id="3462">
            <LineStyle id="3464">
                <colorMode>normal</colorMode>
                <width>0.5</width>
            </LineStyle>
            <PolyStyle id="3463">
                <color>7f0080ff</color>
                <colorMode>normal</colorMode>
                <fill>1</fill>
                <outline>1</outline>
            </PolyStyle>
        </Style>
        <Style id="3469">
            <LineStyle id="3471">
                <colorMode>normal</colorMode>
                <width>0.5</width>
            </LineStyle>
            <PolyStyle id="3470">
                <color>7f0080ff</color>
                <colorMode>normal</colorMode>
                <fill>1</fill>
                <outline>1</outline>
            </PolyStyle>
        </Style>
        <Style id="3476">
            <LineStyle id="3478">
                <colorMode>normal</colorMode>
                <width>0.5</width>
            </LineStyle>
            <PolyStyle id="3477">
                <color>7f0080ff</color>
                <colorMode>normal</colorMode>
                <fill>1</fill>
                <outline>1</outline>
            </PolyStyle>
        </Style>
        <Style id="3483">
            <LineStyle id="3485">
                <colorMode>normal</colorMode>
                <width>0.5</width>
            </LineStyle>
            <PolyStyle id="3484">
                <color>7f0080ff</color>
                <colorMode>normal</colorMode>
                <fill>1</fill>
                <outline>1</outline>
            </PolyStyle>
        </Style>
        <Style id="3490">
            <LineStyle id="3492">
                <colorMode>normal</colorMode>
                <width>0.5</width>
            </LineStyle>
            <PolyStyle id="3491">
                <color>7f0080ff</color>
                <colorMode>normal</colorMode>
                <fill>1</fill>
                <outline>1</outline>
            </PolyStyle>
        </Style>
        <Style id="3497">
            <LineStyle id="3499">
                <colorMode>normal</colorMode>
                <width>0.5</width>
            </LineStyle>
            <PolyStyle id="3498">
                <color>7f0080ff</color>
                <colorMode>normal</colorMode>
                <fill>1</fill>
                <outline>1</outline>
            </PolyStyle>
        </Style>
        <Style id="3504">
            <LineStyle id="3506">
                <colorMode>normal</colorMode>
                <width>0.5</width>
            </LineStyle>
            <PolyStyle id="3505">
                <color>7f0080ff</color>
                <colorMode>normal</colorMode>
                <fill>1</fill>
                <outline>1</outline>
            </PolyStyle>
        </Style>
        <Style id="3511">
            <LineStyle id="3513">
                <colorMode>normal</colorMode>
                <width>0.5</width>
            </LineStyle>
            <PolyStyle id="3512">
                <color>7f0080ff</color>
                <colorMode>normal</colorMode>
                <fill>1</fill>
                <outline>1</outline>
            </PolyStyle>
        </Style>
        <Style id="3518">
            <LineStyle id="3520">
                <colorMode>normal</colorMode>
                <width>0.5</width>
            </LineStyle>
            <PolyStyle id="3519">
                <color>7f0080ff</color>
                <colorMode>normal</colorMode>
                <fill>1</fill>
                <outline>1</outline>
            </PolyStyle>
        </Style>
        <Style id="3525">
            <LineStyle id="3527">
                <colorMode>normal</colorMode>
                <width>0.5</width>
            </LineStyle>
            <PolyStyle id="3526">
                <color>7f0080ff</color>
                <colorMode>normal</colorMode>
                <fill>1</fill>
                <outline>1</outline>
            </PolyStyle>
        </Style>
        <Style id="3532">
            <LineStyle id="3534">
                <colorMode>normal</colorMode>
                <width>0.5</width>
            </LineStyle>
            <PolyStyle id="3533">
                <color>7f0080ff</color>
                <colorMode>normal</colorMode>
                <fill>1</fill>
                <outline>1</outline>
            </PolyStyle>
        </Style>
        <Style id="3539">
            <LineStyle id="3541">
                <colorMode>normal</colorMode>
                <width>0.5</width>
            </LineStyle>
            <PolyStyle id="3540">
                <color>7f0080ff</color>
                <colorMode>normal</colorMode>
                <fill>1</fill>
                <outline>1</outline>
            </PolyStyle>
        </Style>
        <Style id="3546">
            <LineStyle id="3548">
                <colorMode>normal</colorMode>
                <width>0.5</width>
            </LineStyle>
            <PolyStyle id="3547">
                <color>7f0080ff</color>
                <colorMode>normal</colorMode>
                <fill>1</fill>
                <outline>1</outline>
            </PolyStyle>
        </Style>
        <Style id="3553">
            <LineStyle id="3555">
                <colorMode>normal</colorMode>
                <width>0.5</width>
            </LineStyle>
            <PolyStyle id="3554">
                <color>7f0080ff</color>
                <colorMode>normal</colorMode>
                <fill>1</fill>
                <outline>1</outline>
            </PolyStyle>
        </Style>
        <Style id="3560">
            <LineStyle id="3562">
                <colorMode>normal</colorMode>
                <width>0.5</width>
            </LineStyle>
            <PolyStyle id="3561">
                <color>7f0080ff</color>
                <colorMode>normal</colorMode>
                <fill>1</fill>
                <outline>1</outline>
            </PolyStyle>
        </Style>
        <Style id="3567">
            <LineStyle id="3569">
                <colorMode>normal</colorMode>
                <width>0.5</width>
            </LineStyle>
            <PolyStyle id="3568">
                <color>7f0080ff</color>
                <colorMode>normal</colorMode>
                <fill>1</fill>
                <outline>1</outline>
            </PolyStyle>
        </Style>
        <Style id="3574">
            <LineStyle id="3576">
                <colorMode>normal</colorMode>
                <width>0.5</width>
            </LineStyle>
            <PolyStyle id="3575">
                <color>7f0080ff</color>
                <colorMode>normal</colorMode>
                <fill>1</fill>
                <outline>1</outline>
            </PolyStyle>
        </Style>
        <Style id="3581">
            <LineStyle id="3583">
                <colorMode>normal</colorMode>
                <width>0.5</width>
            </LineStyle>
            <PolyStyle id="3582">
                <color>7f0080ff</color>
                <colorMode>normal</colorMode>
                <fill>1</fill>
                <outline>1</outline>
            </PolyStyle>
        </Style>
        <Style id="3588">
            <LineStyle id="3590">
                <colorMode>normal</colorMode>
                <width>0.5</width>
            </LineStyle>
            <PolyStyle id="3589">
                <color>7f0080ff</color>
                <colorMode>normal</colorMode>
                <fill>1</fill>
                <outline>1</outline>
            </PolyStyle>
        </Style>
        <Style id="3595">
            <LineStyle id="3597">
                <colorMode>normal</colorMode>
                <width>0.5</width>
            </LineStyle>
            <PolyStyle id="3596">
                <color>7f0080ff</color>
                <colorMode>normal</colorMode>
                <fill>1</fill>
                <outline>1</outline>
            </PolyStyle>
        </Style>
        <Style id="3602">
            <LineStyle id="3604">
                <colorMode>normal</colorMode>
                <width>0.5</width>
            </LineStyle>
            <PolyStyle id="3603">
                <color>7f0080ff</color>
                <colorMode>normal</colorMode>
                <fill>1</fill>
                <outline>1</outline>
            </PolyStyle>
        </Style>
        <Style id="3609">
            <LineStyle id="3611">
                <colorMode>normal</colorMode>
                <width>0.5</width>
            </LineStyle>
            <PolyStyle id="3610">
                <color>7f0080ff</color>
                <colorMode>normal</colorMode>
                <fill>1</fill>
                <outline>1</outline>
            </PolyStyle>
        </Style>
        <Style id="3616">
            <LineStyle id="3618">
                <colorMode>normal</colorMode>
                <width>0.5</width>
            </LineStyle>
            <PolyStyle id="3617">
                <color>7f0080ff</color>
                <colorMode>normal</colorMode>
                <fill>1</fill>
                <outline>1</outline>
            </PolyStyle>
        </Style>
        <Style id="3623">
            <LineStyle id="3625">
                <colorMode>normal</colorMode>
                <width>0.5</width>
            </LineStyle>
            <PolyStyle id="3624">
                <color>7f0080ff</color>
                <colorMode>normal</colorMode>
                <fill>1</fill>
                <outline>1</outline>
            </PolyStyle>
        </Style>
        <Style id="3630">
            <LineStyle id="3632">
                <colorMode>normal</colorMode>
                <width>0.5</width>
            </LineStyle>
            <PolyStyle id="3631">
                <color>7f0080ff</color>
                <colorMode>normal</colorMode>
                <fill>1</fill>
                <outline>1</outline>
            </PolyStyle>
        </Style>
        <Style id="3637">
            <LineStyle id="3639">
                <colorMode>normal</colorMode>
                <width>0.5</width>
            </LineStyle>
            <PolyStyle id="3638">
                <color>7f0080ff</color>
                <colorMode>normal</colorMode>
                <fill>1</fill>
                <outline>1</outline>
            </PolyStyle>
        </Style>
        <Style id="3644">
            <LineStyle id="3646">
                <colorMode>normal</colorMode>
                <width>0.5</width>
            </LineStyle>
            <PolyStyle id="3645">
                <color>7f0080ff</color>
                <colorMode>normal</colorMode>
                <fill>1</fill>
                <outline>1</outline>
            </PolyStyle>
        </Style>
        <Style id="3651">
            <LineStyle id="3653">
                <colorMode>normal</colorMode>
                <width>0.5</width>
            </LineStyle>
            <PolyStyle id="3652">
                <color>7f0080ff</color>
                <colorMode>normal</colorMode>
                <fill>1</fill>
                <outline>1</outline>
            </PolyStyle>
        </Style>
        <Style id="3658">
            <LineStyle id="3660">
                <colorMode>normal</colorMode>
                <width>0.5</width>
            </LineStyle>
            <PolyStyle id="3659">
                <color>7f0080ff</color>
                <colorMode>normal</colorMode>
                <fill>1</fill>
                <outline>1</outline>
            </PolyStyle>
        </Style>
        <Style id="3665">
            <LineStyle id="3667">
                <colorMode>normal</colorMode>
                <width>0.5</width>
            </LineStyle>
            <PolyStyle id="3666">
                <color>7f0080ff</color>
                <colorMode>normal</colorMode>
                <fill>1</fill>
                <outline>1</outline>
            </PolyStyle>
        </Style>
        <Style id="3672">
            <LineStyle id="3674">
                <colorMode>normal</colorMode>
                <width>0.5</width>
            </LineStyle>
            <PolyStyle id="3673">
                <color>7f0080ff</color>
                <colorMode>normal</colorMode>
                <fill>1</fill>
                <outline>1</outline>
            </PolyStyle>
        </Style>
        <Style id="3679">
            <LineStyle id="3681">
                <colorMode>normal</colorMode>
                <width>0.5</width>
            </LineStyle>
            <PolyStyle id="3680">
                <color>7f0080ff</color>
                <colorMode>normal</colorMode>
                <fill>1</fill>
                <outline>1</outline>
            </PolyStyle>
        </Style>
        <Style id="3686">
            <LineStyle id="3688">
                <colorMode>normal</colorMode>
                <width>0.5</width>
            </LineStyle>
            <PolyStyle id="3687">
                <color>7f0080ff</color>
                <colorMode>normal</colorMode>
                <fill>1</fill>
                <outline>1</outline>
            </PolyStyle>
        </Style>
        <Style id="3693">
            <LineStyle id="3695">
                <colorMode>normal</colorMode>
                <width>0.5</width>
            </LineStyle>
            <PolyStyle id="3694">
                <color>7f0080ff</color>
                <colorMode>normal</colorMode>
                <fill>1</fill>
                <outline>1</outline>
            </PolyStyle>
        </Style>
        <Style id="3700">
            <LineStyle id="3702">
                <colorMode>normal</colorMode>
                <width>0.5</width>
            </LineStyle>
            <PolyStyle id="3701">
                <color>7f0080ff</color>
                <colorMode>normal</colorMode>
                <fill>1</fill>
                <outline>1</outline>
            </PolyStyle>
        </Style>
        <Style id="3707">
            <LineStyle id="3709">
                <colorMode>normal</colorMode>
                <width>0.5</width>
            </LineStyle>
            <PolyStyle id="3708">
                <color>7f0080ff</color>
                <colorMode>normal</colorMode>
                <fill>1</fill>
                <outline>1</outline>
            </PolyStyle>
        </Style>
        <Style id="3714">
            <LineStyle id="3716">
                <colorMode>normal</colorMode>
                <width>0.5</width>
            </LineStyle>
            <PolyStyle id="3715">
                <color>7f0080ff</color>
                <colorMode>normal</colorMode>
                <fill>1</fill>
                <outline>1</outline>
            </PolyStyle>
        </Style>
        <Style id="3721">
            <LineStyle id="3723">
                <colorMode>normal</colorMode>
                <width>0.5</width>
            </LineStyle>
            <PolyStyle id="3722">
                <color>7f0080ff</color>
                <colorMode>normal</colorMode>
                <fill>1</fill>
                <outline>1</outline>
            </PolyStyle>
        </Style>
        <Style id="3728">
            <LineStyle id="3730">
                <colorMode>normal</colorMode>
                <width>0.5</width>
            </LineStyle>
            <PolyStyle id="3729">
                <color>7f0080ff</color>
                <colorMode>normal</colorMode>
                <fill>1</fill>
                <outline>1</outline>
            </PolyStyle>
        </Style>
        <Style id="3735">
            <LineStyle id="3737">
                <colorMode>normal</colorMode>
                <width>0.5</width>
            </LineStyle>
            <PolyStyle id="3736">
                <color>7f0080ff</color>
                <colorMode>normal</colorMode>
                <fill>1</fill>
                <outline>1</outline>
            </PolyStyle>
        </Style>
        <Style id="3742">
            <LineStyle id="3744">
                <colorMode>normal</colorMode>
                <width>0.5</width>
            </LineStyle>
            <PolyStyle id="3743">
                <color>7f0080ff</color>
                <colorMode>normal</colorMode>
                <fill>1</fill>
                <outline>1</outline>
            </PolyStyle>
        </Style>
        <Style id="3749">
            <LineStyle id="3751">
                <colorMode>normal</colorMode>
                <width>0.5</width>
            </LineStyle>
            <PolyStyle id="3750">
                <color>7f0080ff</color>
                <colorMode>normal</colorMode>
                <fill>1</fill>
                <outline>1</outline>
            </PolyStyle>
        </Style>
        <Style id="3756">
            <LineStyle id="3758">
                <colorMode>normal</colorMode>
                <width>0.5</width>
            </LineStyle>
            <PolyStyle id="3757">
                <color>7f0080ff</color>
                <colorMode>normal</colorMode>
                <fill>1</fill>
                <outline>1</outline>
            </PolyStyle>
        </Style>
        <Style id="3763">
            <LineStyle id="3765">
                <colorMode>normal</colorMode>
                <width>0.5</width>
            </LineStyle>
            <PolyStyle id="3764">
                <color>7f0080ff</color>
                <colorMode>normal</colorMode>
                <fill>1</fill>
                <outline>1</outline>
            </PolyStyle>
        </Style>
        <Style id="3770">
            <LineStyle id="3772">
                <colorMode>normal</colorMode>
                <width>0.5</width>
            </LineStyle>
            <PolyStyle id="3771">
                <color>7f0080ff</color>
                <colorMode>normal</colorMode>
                <fill>1</fill>
                <outline>1</outline>
            </PolyStyle>
        </Style>
        <Style id="3777">
            <LineStyle id="3779">
                <colorMode>normal</colorMode>
                <width>0.5</width>
            </LineStyle>
            <PolyStyle id="3778">
                <color>7f0080ff</color>
                <colorMode>normal</colorMode>
                <fill>1</fill>
                <outline>1</outline>
            </PolyStyle>
        </Style>
        <Style id="3784">
            <LineStyle id="3786">
                <colorMode>normal</colorMode>
                <width>0.5</width>
            </LineStyle>
            <PolyStyle id="3785">
                <color>7f0080ff</color>
                <colorMode>normal</colorMode>
                <fill>1</fill>
                <outline>1</outline>
            </PolyStyle>
        </Style>
        <Style id="3791">
            <LineStyle id="3793">
                <colorMode>normal</colorMode>
                <width>0.5</width>
            </LineStyle>
            <PolyStyle id="3792">
                <color>7f0080ff</color>
                <colorMode>normal</colorMode>
                <fill>1</fill>
                <outline>1</outline>
            </PolyStyle>
        </Style>
        <Style id="3798">
            <LineStyle id="3800">
                <colorMode>normal</colorMode>
                <width>0.5</width>
            </LineStyle>
            <PolyStyle id="3799">
                <color>7f0080ff</color>
                <colorMode>normal</colorMode>
                <fill>1</fill>
                <outline>1</outline>
            </PolyStyle>
        </Style>
        <Style id="3805">
            <LineStyle id="3807">
                <colorMode>normal</colorMode>
                <width>0.5</width>
            </LineStyle>
            <PolyStyle id="3806">
                <color>7f0080ff</color>
                <colorMode>normal</colorMode>
                <fill>1</fill>
                <outline>1</outline>
            </PolyStyle>
        </Style>
        <Style id="3812">
            <LineStyle id="3814">
                <colorMode>normal</colorMode>
                <width>0.5</width>
            </LineStyle>
            <PolyStyle id="3813">
                <color>7f0080ff</color>
                <colorMode>normal</colorMode>
                <fill>1</fill>
                <outline>1</outline>
            </PolyStyle>
        </Style>
        <Style id="3819">
            <LineStyle id="3821">
                <colorMode>normal</colorMode>
                <width>0.5</width>
            </LineStyle>
            <PolyStyle id="3820">
                <color>7f0080ff</color>
                <colorMode>normal</colorMode>
                <fill>1</fill>
                <outline>1</outline>
            </PolyStyle>
        </Style>
        <Style id="3826">
            <LineStyle id="3828">
                <colorMode>normal</colorMode>
                <width>0.5</width>
            </LineStyle>
            <PolyStyle id="3827">
                <color>7f0080ff</color>
                <colorMode>normal</colorMode>
                <fill>1</fill>
                <outline>1</outline>
            </PolyStyle>
        </Style>
        <Style id="3833">
            <LineStyle id="3835">
                <colorMode>normal</colorMode>
                <width>0.5</width>
            </LineStyle>
            <PolyStyle id="3834">
                <color>7f0080ff</color>
                <colorMode>normal</colorMode>
                <fill>1</fill>
                <outline>1</outline>
            </PolyStyle>
        </Style>
        <Style id="3840">
            <LineStyle id="3842">
                <colorMode>normal</colorMode>
                <width>0.5</width>
            </LineStyle>
            <PolyStyle id="3841">
                <color>7f0080ff</color>
                <colorMode>normal</colorMode>
                <fill>1</fill>
                <outline>1</outline>
            </PolyStyle>
        </Style>
        <Style id="3847">
            <LineStyle id="3849">
                <colorMode>normal</colorMode>
                <width>0.5</width>
            </LineStyle>
            <PolyStyle id="3848">
                <color>7f0080ff</color>
                <colorMode>normal</colorMode>
                <fill>1</fill>
                <outline>1</outline>
            </PolyStyle>
        </Style>
        <Style id="3854">
            <LineStyle id="3856">
                <colorMode>normal</colorMode>
                <width>0.5</width>
            </LineStyle>
            <PolyStyle id="3855">
                <color>7f0080ff</color>
                <colorMode>normal</colorMode>
                <fill>1</fill>
                <outline>1</outline>
            </PolyStyle>
        </Style>
        <Style id="3861">
            <LineStyle id="3863">
                <colorMode>normal</colorMode>
                <width>0.5</width>
            </LineStyle>
            <PolyStyle id="3862">
                <color>7f0080ff</color>
                <colorMode>normal</colorMode>
                <fill>1</fill>
                <outline>1</outline>
            </PolyStyle>
        </Style>
        <Style id="3868">
            <LineStyle id="3870">
                <colorMode>normal</colorMode>
                <width>0.5</width>
            </LineStyle>
            <PolyStyle id="3869">
                <color>7f0080ff</color>
                <colorMode>normal</colorMode>
                <fill>1</fill>
                <outline>1</outline>
            </PolyStyle>
        </Style>
        <Style id="3875">
            <LineStyle id="3877">
                <colorMode>normal</colorMode>
                <width>0.5</width>
            </LineStyle>
            <PolyStyle id="3876">
                <color>7f0080ff</color>
                <colorMode>normal</colorMode>
                <fill>1</fill>
                <outline>1</outline>
            </PolyStyle>
        </Style>
        <Style id="3882">
            <LineStyle id="3884">
                <colorMode>normal</colorMode>
                <width>0.5</width>
            </LineStyle>
            <PolyStyle id="3883">
                <color>7f0080ff</color>
                <colorMode>normal</colorMode>
                <fill>1</fill>
                <outline>1</outline>
            </PolyStyle>
        </Style>
        <Style id="3889">
            <LineStyle id="3891">
                <colorMode>normal</colorMode>
                <width>0.5</width>
            </LineStyle>
            <PolyStyle id="3890">
                <color>7f0080ff</color>
                <colorMode>normal</colorMode>
                <fill>1</fill>
                <outline>1</outline>
            </PolyStyle>
        </Style>
        <Style id="3896">
            <LineStyle id="3898">
                <colorMode>normal</colorMode>
                <width>0.5</width>
            </LineStyle>
            <PolyStyle id="3897">
                <color>7f0080ff</color>
                <colorMode>normal</colorMode>
                <fill>1</fill>
                <outline>1</outline>
            </PolyStyle>
        </Style>
        <Style id="3903">
            <LineStyle id="3905">
                <colorMode>normal</colorMode>
                <width>0.5</width>
            </LineStyle>
            <PolyStyle id="3904">
                <color>7f0080ff</color>
                <colorMode>normal</colorMode>
                <fill>1</fill>
                <outline>1</outline>
            </PolyStyle>
        </Style>
        <Style id="3910">
            <LineStyle id="3912">
                <colorMode>normal</colorMode>
                <width>0.5</width>
            </LineStyle>
            <PolyStyle id="3911">
                <color>7f0080ff</color>
                <colorMode>normal</colorMode>
                <fill>1</fill>
                <outline>1</outline>
            </PolyStyle>
        </Style>
        <Style id="3917">
            <LineStyle id="3919">
                <colorMode>normal</colorMode>
                <width>0.5</width>
            </LineStyle>
            <PolyStyle id="3918">
                <color>7f0080ff</color>
                <colorMode>normal</colorMode>
                <fill>1</fill>
                <outline>1</outline>
            </PolyStyle>
        </Style>
        <Style id="3924">
            <LineStyle id="3926">
                <colorMode>normal</colorMode>
                <width>0.5</width>
            </LineStyle>
            <PolyStyle id="3925">
                <color>7f0080ff</color>
                <colorMode>normal</colorMode>
                <fill>1</fill>
                <outline>1</outline>
            </PolyStyle>
        </Style>
        <Style id="3931">
            <LineStyle id="3933">
                <colorMode>normal</colorMode>
                <width>0.5</width>
            </LineStyle>
            <PolyStyle id="3932">
                <color>7f0080ff</color>
                <colorMode>normal</colorMode>
                <fill>1</fill>
                <outline>1</outline>
            </PolyStyle>
        </Style>
        <Style id="3938">
            <LineStyle id="3940">
                <colorMode>normal</colorMode>
                <width>0.5</width>
            </LineStyle>
            <PolyStyle id="3939">
                <color>7f0080ff</color>
                <colorMode>normal</colorMode>
                <fill>1</fill>
                <outline>1</outline>
            </PolyStyle>
        </Style>
        <Style id="3945">
            <LineStyle id="3947">
                <colorMode>normal</colorMode>
                <width>0.5</width>
            </LineStyle>
            <PolyStyle id="3946">
                <color>7f0080ff</color>
                <colorMode>normal</colorMode>
                <fill>1</fill>
                <outline>1</outline>
            </PolyStyle>
        </Style>
        <Style id="3952">
            <LineStyle id="3954">
                <colorMode>normal</colorMode>
                <width>0.5</width>
            </LineStyle>
            <PolyStyle id="3953">
                <color>7f0080ff</color>
                <colorMode>normal</colorMode>
                <fill>1</fill>
                <outline>1</outline>
            </PolyStyle>
        </Style>
        <Style id="3959">
            <LineStyle id="3961">
                <colorMode>normal</colorMode>
                <width>0.5</width>
            </LineStyle>
            <PolyStyle id="3960">
                <color>7f0080ff</color>
                <colorMode>normal</colorMode>
                <fill>1</fill>
                <outline>1</outline>
            </PolyStyle>
        </Style>
        <Style id="3966">
            <LineStyle id="3968">
                <colorMode>normal</colorMode>
                <width>0.5</width>
            </LineStyle>
            <PolyStyle id="3967">
                <color>7f0080ff</color>
                <colorMode>normal</colorMode>
                <fill>1</fill>
                <outline>1</outline>
            </PolyStyle>
        </Style>
        <Style id="3973">
            <LineStyle id="3975">
                <colorMode>normal</colorMode>
                <width>0.5</width>
            </LineStyle>
            <PolyStyle id="3974">
                <color>7f0080ff</color>
                <colorMode>normal</colorMode>
                <fill>1</fill>
                <outline>1</outline>
            </PolyStyle>
        </Style>
        <Style id="3980">
            <LineStyle id="3982">
                <colorMode>normal</colorMode>
                <width>0.5</width>
            </LineStyle>
            <PolyStyle id="3981">
                <color>7f0080ff</color>
                <colorMode>normal</colorMode>
                <fill>1</fill>
                <outline>1</outline>
            </PolyStyle>
        </Style>
        <Style id="3987">
            <LineStyle id="3989">
                <colorMode>normal</colorMode>
                <width>0.5</width>
            </LineStyle>
            <PolyStyle id="3988">
                <color>7f0080ff</color>
                <colorMode>normal</colorMode>
                <fill>1</fill>
                <outline>1</outline>
            </PolyStyle>
        </Style>
        <Style id="3994">
            <LineStyle id="3996">
                <colorMode>normal</colorMode>
                <width>0.5</width>
            </LineStyle>
            <PolyStyle id="3995">
                <color>7f0080ff</color>
                <colorMode>normal</colorMode>
                <fill>1</fill>
                <outline>1</outline>
            </PolyStyle>
        </Style>
        <Style id="4001">
            <LineStyle id="4003">
                <colorMode>normal</colorMode>
                <width>0.5</width>
            </LineStyle>
            <PolyStyle id="4002">
                <color>7f0080ff</color>
                <colorMode>normal</colorMode>
                <fill>1</fill>
                <outline>1</outline>
            </PolyStyle>
        </Style>
        <Style id="4008">
            <LineStyle id="4010">
                <colorMode>normal</colorMode>
                <width>0.5</width>
            </LineStyle>
            <PolyStyle id="4009">
                <color>7f0080ff</color>
                <colorMode>normal</colorMode>
                <fill>1</fill>
                <outline>1</outline>
            </PolyStyle>
        </Style>
        <Style id="4015">
            <LineStyle id="4017">
                <colorMode>normal</colorMode>
                <width>0.5</width>
            </LineStyle>
            <PolyStyle id="4016">
                <color>7f0080ff</color>
                <colorMode>normal</colorMode>
                <fill>1</fill>
                <outline>1</outline>
            </PolyStyle>
        </Style>
        <Style id="4022">
            <LineStyle id="4024">
                <colorMode>normal</colorMode>
                <width>0.5</width>
            </LineStyle>
            <PolyStyle id="4023">
                <color>7f0080ff</color>
                <colorMode>normal</colorMode>
                <fill>1</fill>
                <outline>1</outline>
            </PolyStyle>
        </Style>
        <Style id="4029">
            <LineStyle id="4031">
                <colorMode>normal</colorMode>
                <width>0.5</width>
            </LineStyle>
            <PolyStyle id="4030">
                <color>7f0080ff</color>
                <colorMode>normal</colorMode>
                <fill>1</fill>
                <outline>1</outline>
            </PolyStyle>
        </Style>
        <Style id="4036">
            <LineStyle id="4038">
                <colorMode>normal</colorMode>
                <width>0.5</width>
            </LineStyle>
            <PolyStyle id="4037">
                <color>7f0080ff</color>
                <colorMode>normal</colorMode>
                <fill>1</fill>
                <outline>1</outline>
            </PolyStyle>
        </Style>
        <Style id="4043">
            <LineStyle id="4045">
                <colorMode>normal</colorMode>
                <width>0.5</width>
            </LineStyle>
            <PolyStyle id="4044">
                <color>7f0080ff</color>
                <colorMode>normal</colorMode>
                <fill>1</fill>
                <outline>1</outline>
            </PolyStyle>
        </Style>
        <Style id="4050">
            <LineStyle id="4052">
                <colorMode>normal</colorMode>
                <width>0.5</width>
            </LineStyle>
            <PolyStyle id="4051">
                <color>7f0080ff</color>
                <colorMode>normal</colorMode>
                <fill>1</fill>
                <outline>1</outline>
            </PolyStyle>
        </Style>
        <Style id="4057">
            <LineStyle id="4059">
                <colorMode>normal</colorMode>
                <width>0.5</width>
            </LineStyle>
            <PolyStyle id="4058">
                <color>7f0080ff</color>
                <colorMode>normal</colorMode>
                <fill>1</fill>
                <outline>1</outline>
            </PolyStyle>
        </Style>
        <Style id="4064">
            <LineStyle id="4066">
                <colorMode>normal</colorMode>
                <width>0.5</width>
            </LineStyle>
            <PolyStyle id="4065">
                <color>7f0080ff</color>
                <colorMode>normal</colorMode>
                <fill>1</fill>
                <outline>1</outline>
            </PolyStyle>
        </Style>
        <Style id="4071">
            <LineStyle id="4073">
                <colorMode>normal</colorMode>
                <width>0.5</width>
            </LineStyle>
            <PolyStyle id="4072">
                <color>7f0080ff</color>
                <colorMode>normal</colorMode>
                <fill>1</fill>
                <outline>1</outline>
            </PolyStyle>
        </Style>
        <Style id="4078">
            <LineStyle id="4080">
                <colorMode>normal</colorMode>
                <width>0.5</width>
            </LineStyle>
            <PolyStyle id="4079">
                <color>7f0080ff</color>
                <colorMode>normal</colorMode>
                <fill>1</fill>
                <outline>1</outline>
            </PolyStyle>
        </Style>
        <Style id="4085">
            <LineStyle id="4087">
                <colorMode>normal</colorMode>
                <width>0.5</width>
            </LineStyle>
            <PolyStyle id="4086">
                <color>7f0080ff</color>
                <colorMode>normal</colorMode>
                <fill>1</fill>
                <outline>1</outline>
            </PolyStyle>
        </Style>
        <Style id="4092">
            <LineStyle id="4094">
                <colorMode>normal</colorMode>
                <width>0.5</width>
            </LineStyle>
            <PolyStyle id="4093">
                <color>7f0080ff</color>
                <colorMode>normal</colorMode>
                <fill>1</fill>
                <outline>1</outline>
            </PolyStyle>
        </Style>
        <Style id="4099">
            <LineStyle id="4101">
                <colorMode>normal</colorMode>
                <width>0.5</width>
            </LineStyle>
            <PolyStyle id="4100">
                <color>7f0080ff</color>
                <colorMode>normal</colorMode>
                <fill>1</fill>
                <outline>1</outline>
            </PolyStyle>
        </Style>
        <Style id="4106">
            <LineStyle id="4108">
                <colorMode>normal</colorMode>
                <width>0.5</width>
            </LineStyle>
            <PolyStyle id="4107">
                <color>7f0080ff</color>
                <colorMode>normal</colorMode>
                <fill>1</fill>
                <outline>1</outline>
            </PolyStyle>
        </Style>
        <Style id="4113">
            <LineStyle id="4115">
                <colorMode>normal</colorMode>
                <width>0.5</width>
            </LineStyle>
            <PolyStyle id="4114">
                <color>7f0080ff</color>
                <colorMode>normal</colorMode>
                <fill>1</fill>
                <outline>1</outline>
            </PolyStyle>
        </Style>
        <Style id="4120">
            <LineStyle id="4122">
                <colorMode>normal</colorMode>
                <width>0.5</width>
            </LineStyle>
            <PolyStyle id="4121">
                <color>7f0080ff</color>
                <colorMode>normal</colorMode>
                <fill>1</fill>
                <outline>1</outline>
            </PolyStyle>
        </Style>
        <Style id="4127">
            <LineStyle id="4129">
                <colorMode>normal</colorMode>
                <width>0.5</width>
            </LineStyle>
            <PolyStyle id="4128">
                <color>7f0080ff</color>
                <colorMode>normal</colorMode>
                <fill>1</fill>
                <outline>1</outline>
            </PolyStyle>
        </Style>
        <Style id="4134">
            <LineStyle id="4136">
                <colorMode>normal</colorMode>
                <width>0.5</width>
            </LineStyle>
            <PolyStyle id="4135">
                <color>7f0080ff</color>
                <colorMode>normal</colorMode>
                <fill>1</fill>
                <outline>1</outline>
            </PolyStyle>
        </Style>
        <Style id="4141">
            <LineStyle id="4143">
                <colorMode>normal</colorMode>
                <width>0.5</width>
            </LineStyle>
            <PolyStyle id="4142">
                <color>7f0080ff</color>
                <colorMode>normal</colorMode>
                <fill>1</fill>
                <outline>1</outline>
            </PolyStyle>
        </Style>
        <Style id="4148">
            <LineStyle id="4150">
                <colorMode>normal</colorMode>
                <width>0.5</width>
            </LineStyle>
            <PolyStyle id="4149">
                <color>7f0080ff</color>
                <colorMode>normal</colorMode>
                <fill>1</fill>
                <outline>1</outline>
            </PolyStyle>
        </Style>
        <Style id="4155">
            <LineStyle id="4157">
                <colorMode>normal</colorMode>
                <width>0.5</width>
            </LineStyle>
            <PolyStyle id="4156">
                <color>7f0080ff</color>
                <colorMode>normal</colorMode>
                <fill>1</fill>
                <outline>1</outline>
            </PolyStyle>
        </Style>
        <Style id="4162">
            <LineStyle id="4164">
                <colorMode>normal</colorMode>
                <width>0.5</width>
            </LineStyle>
            <PolyStyle id="4163">
                <color>7f0080ff</color>
                <colorMode>normal</colorMode>
                <fill>1</fill>
                <outline>1</outline>
            </PolyStyle>
        </Style>
        <Style id="4169">
            <LineStyle id="4171">
                <colorMode>normal</colorMode>
                <width>0.5</width>
            </LineStyle>
            <PolyStyle id="4170">
                <color>7f0080ff</color>
                <colorMode>normal</colorMode>
                <fill>1</fill>
                <outline>1</outline>
            </PolyStyle>
        </Style>
        <Style id="4176">
            <LineStyle id="4178">
                <colorMode>normal</colorMode>
                <width>0.5</width>
            </LineStyle>
            <PolyStyle id="4177">
                <color>7f0080ff</color>
                <colorMode>normal</colorMode>
                <fill>1</fill>
                <outline>1</outline>
            </PolyStyle>
        </Style>
        <Style id="4183">
            <LineStyle id="4185">
                <colorMode>normal</colorMode>
                <width>0.5</width>
            </LineStyle>
            <PolyStyle id="4184">
                <color>7f0080ff</color>
                <colorMode>normal</colorMode>
                <fill>1</fill>
                <outline>1</outline>
            </PolyStyle>
        </Style>
        <Style id="4190">
            <LineStyle id="4192">
                <colorMode>normal</colorMode>
                <width>0.5</width>
            </LineStyle>
            <PolyStyle id="4191">
                <color>7f0080ff</color>
                <colorMode>normal</colorMode>
                <fill>1</fill>
                <outline>1</outline>
            </PolyStyle>
        </Style>
        <Style id="4197">
            <LineStyle id="4199">
                <colorMode>normal</colorMode>
                <width>0.5</width>
            </LineStyle>
            <PolyStyle id="4198">
                <color>7f0080ff</color>
                <colorMode>normal</colorMode>
                <fill>1</fill>
                <outline>1</outline>
            </PolyStyle>
        </Style>
        <Style id="4204">
            <LineStyle id="4206">
                <colorMode>normal</colorMode>
                <width>0.5</width>
            </LineStyle>
            <PolyStyle id="4205">
                <color>7f0080ff</color>
                <colorMode>normal</colorMode>
                <fill>1</fill>
                <outline>1</outline>
            </PolyStyle>
        </Style>
        <Style id="4211">
            <LineStyle id="4213">
                <colorMode>normal</colorMode>
                <width>0.5</width>
            </LineStyle>
            <PolyStyle id="4212">
                <color>7f0080ff</color>
                <colorMode>normal</colorMode>
                <fill>1</fill>
                <outline>1</outline>
            </PolyStyle>
        </Style>
        <Style id="4218">
            <LineStyle id="4220">
                <colorMode>normal</colorMode>
                <width>0.5</width>
            </LineStyle>
            <PolyStyle id="4219">
                <color>7f0080ff</color>
                <colorMode>normal</colorMode>
                <fill>1</fill>
                <outline>1</outline>
            </PolyStyle>
        </Style>
        <Style id="4225">
            <LineStyle id="4227">
                <colorMode>normal</colorMode>
                <width>0.5</width>
            </LineStyle>
            <PolyStyle id="4226">
                <color>7f0080ff</color>
                <colorMode>normal</colorMode>
                <fill>1</fill>
                <outline>1</outline>
            </PolyStyle>
        </Style>
        <Style id="4232">
            <LineStyle id="4234">
                <colorMode>normal</colorMode>
                <width>0.5</width>
            </LineStyle>
            <PolyStyle id="4233">
                <color>7f0080ff</color>
                <colorMode>normal</colorMode>
                <fill>1</fill>
                <outline>1</outline>
            </PolyStyle>
        </Style>
        <Style id="4239">
            <LineStyle id="4241">
                <colorMode>normal</colorMode>
                <width>0.5</width>
            </LineStyle>
            <PolyStyle id="4240">
                <color>7f0080ff</color>
                <colorMode>normal</colorMode>
                <fill>1</fill>
                <outline>1</outline>
            </PolyStyle>
        </Style>
        <Style id="4246">
            <LineStyle id="4248">
                <colorMode>normal</colorMode>
                <width>0.5</width>
            </LineStyle>
            <PolyStyle id="4247">
                <color>7f0080ff</color>
                <colorMode>normal</colorMode>
                <fill>1</fill>
                <outline>1</outline>
            </PolyStyle>
        </Style>
        <Style id="4253">
            <LineStyle id="4255">
                <colorMode>normal</colorMode>
                <width>0.5</width>
            </LineStyle>
            <PolyStyle id="4254">
                <color>7f0080ff</color>
                <colorMode>normal</colorMode>
                <fill>1</fill>
                <outline>1</outline>
            </PolyStyle>
        </Style>
        <Style id="4260">
            <LineStyle id="4262">
                <colorMode>normal</colorMode>
                <width>0.5</width>
            </LineStyle>
            <PolyStyle id="4261">
                <color>7f0080ff</color>
                <colorMode>normal</colorMode>
                <fill>1</fill>
                <outline>1</outline>
            </PolyStyle>
        </Style>
        <Style id="4267">
            <LineStyle id="4269">
                <colorMode>normal</colorMode>
                <width>0.5</width>
            </LineStyle>
            <PolyStyle id="4268">
                <color>7f0080ff</color>
                <colorMode>normal</colorMode>
                <fill>1</fill>
                <outline>1</outline>
            </PolyStyle>
        </Style>
        <Style id="4274">
            <LineStyle id="4276">
                <colorMode>normal</colorMode>
                <width>0.5</width>
            </LineStyle>
            <PolyStyle id="4275">
                <color>7f0080ff</color>
                <colorMode>normal</colorMode>
                <fill>1</fill>
                <outline>1</outline>
            </PolyStyle>
        </Style>
        <Style id="4281">
            <LineStyle id="4283">
                <colorMode>normal</colorMode>
                <width>0.5</width>
            </LineStyle>
            <PolyStyle id="4282">
                <color>7f0080ff</color>
                <colorMode>normal</colorMode>
                <fill>1</fill>
                <outline>1</outline>
            </PolyStyle>
        </Style>
        <Style id="4288">
            <LineStyle id="4290">
                <colorMode>normal</colorMode>
                <width>0.5</width>
            </LineStyle>
            <PolyStyle id="4289">
                <color>7f0080ff</color>
                <colorMode>normal</colorMode>
                <fill>1</fill>
                <outline>1</outline>
            </PolyStyle>
        </Style>
        <Style id="4295">
            <LineStyle id="4297">
                <colorMode>normal</colorMode>
                <width>0.5</width>
            </LineStyle>
            <PolyStyle id="4296">
                <color>7f0080ff</color>
                <colorMode>normal</colorMode>
                <fill>1</fill>
                <outline>1</outline>
            </PolyStyle>
        </Style>
        <Style id="4302">
            <LineStyle id="4304">
                <colorMode>normal</colorMode>
                <width>0.5</width>
            </LineStyle>
            <PolyStyle id="4303">
                <color>7f0080ff</color>
                <colorMode>normal</colorMode>
                <fill>1</fill>
                <outline>1</outline>
            </PolyStyle>
        </Style>
        <Style id="4309">
            <LineStyle id="4311">
                <colorMode>normal</colorMode>
                <width>0.5</width>
            </LineStyle>
            <PolyStyle id="4310">
                <color>7f0080ff</color>
                <colorMode>normal</colorMode>
                <fill>1</fill>
                <outline>1</outline>
            </PolyStyle>
        </Style>
        <Style id="4316">
            <LineStyle id="4318">
                <colorMode>normal</colorMode>
                <width>0.5</width>
            </LineStyle>
            <PolyStyle id="4317">
                <color>7f0080ff</color>
                <colorMode>normal</colorMode>
                <fill>1</fill>
                <outline>1</outline>
            </PolyStyle>
        </Style>
        <Style id="4323">
            <LineStyle id="4325">
                <colorMode>normal</colorMode>
                <width>0.5</width>
            </LineStyle>
            <PolyStyle id="4324">
                <color>7f0080ff</color>
                <colorMode>normal</colorMode>
                <fill>1</fill>
                <outline>1</outline>
            </PolyStyle>
        </Style>
        <Style id="4330">
            <LineStyle id="4332">
                <colorMode>normal</colorMode>
                <width>0.5</width>
            </LineStyle>
            <PolyStyle id="4331">
                <color>7f0080ff</color>
                <colorMode>normal</colorMode>
                <fill>1</fill>
                <outline>1</outline>
            </PolyStyle>
        </Style>
        <Style id="4337">
            <LineStyle id="4339">
                <colorMode>normal</colorMode>
                <width>0.5</width>
            </LineStyle>
            <PolyStyle id="4338">
                <color>7f0080ff</color>
                <colorMode>normal</colorMode>
                <fill>1</fill>
                <outline>1</outline>
            </PolyStyle>
        </Style>
        <Style id="4344">
            <LineStyle id="4346">
                <colorMode>normal</colorMode>
                <width>0.5</width>
            </LineStyle>
            <PolyStyle id="4345">
                <color>7f0080ff</color>
                <colorMode>normal</colorMode>
                <fill>1</fill>
                <outline>1</outline>
            </PolyStyle>
        </Style>
        <Style id="4351">
            <LineStyle id="4353">
                <colorMode>normal</colorMode>
                <width>0.5</width>
            </LineStyle>
            <PolyStyle id="4352">
                <color>7f0080ff</color>
                <colorMode>normal</colorMode>
                <fill>1</fill>
                <outline>1</outline>
            </PolyStyle>
        </Style>
        <Style id="4358">
            <LineStyle id="4360">
                <colorMode>normal</colorMode>
                <width>0.5</width>
            </LineStyle>
            <PolyStyle id="4359">
                <color>7f0080ff</color>
                <colorMode>normal</colorMode>
                <fill>1</fill>
                <outline>1</outline>
            </PolyStyle>
        </Style>
        <Style id="4365">
            <LineStyle id="4367">
                <colorMode>normal</colorMode>
                <width>0.5</width>
            </LineStyle>
            <PolyStyle id="4366">
                <color>7f0080ff</color>
                <colorMode>normal</colorMode>
                <fill>1</fill>
                <outline>1</outline>
            </PolyStyle>
        </Style>
        <Style id="4372">
            <LineStyle id="4374">
                <colorMode>normal</colorMode>
                <width>0.5</width>
            </LineStyle>
            <PolyStyle id="4373">
                <color>7f0080ff</color>
                <colorMode>normal</colorMode>
                <fill>1</fill>
                <outline>1</outline>
            </PolyStyle>
        </Style>
        <Style id="4379">
            <LineStyle id="4381">
                <colorMode>normal</colorMode>
                <width>0.5</width>
            </LineStyle>
            <PolyStyle id="4380">
                <color>7f0080ff</color>
                <colorMode>normal</colorMode>
                <fill>1</fill>
                <outline>1</outline>
            </PolyStyle>
        </Style>
        <Style id="4386">
            <LineStyle id="4388">
                <colorMode>normal</colorMode>
                <width>0.5</width>
            </LineStyle>
            <PolyStyle id="4387">
                <color>7f0080ff</color>
                <colorMode>normal</colorMode>
                <fill>1</fill>
                <outline>1</outline>
            </PolyStyle>
        </Style>
        <Style id="4393">
            <LineStyle id="4395">
                <colorMode>normal</colorMode>
                <width>0.5</width>
            </LineStyle>
            <PolyStyle id="4394">
                <color>7f0080ff</color>
                <colorMode>normal</colorMode>
                <fill>1</fill>
                <outline>1</outline>
            </PolyStyle>
        </Style>
        <Style id="4400">
            <LineStyle id="4402">
                <colorMode>normal</colorMode>
                <width>0.5</width>
            </LineStyle>
            <PolyStyle id="4401">
                <color>7f0080ff</color>
                <colorMode>normal</colorMode>
                <fill>1</fill>
                <outline>1</outline>
            </PolyStyle>
        </Style>
        <Style id="4407">
            <LineStyle id="4409">
                <colorMode>normal</colorMode>
                <width>0.5</width>
            </LineStyle>
            <PolyStyle id="4408">
                <color>7f0080ff</color>
                <colorMode>normal</colorMode>
                <fill>1</fill>
                <outline>1</outline>
            </PolyStyle>
        </Style>
        <Style id="4414">
            <LineStyle id="4416">
                <colorMode>normal</colorMode>
                <width>0.5</width>
            </LineStyle>
            <PolyStyle id="4415">
                <color>7f0080ff</color>
                <colorMode>normal</colorMode>
                <fill>1</fill>
                <outline>1</outline>
            </PolyStyle>
        </Style>
        <Style id="4421">
            <LineStyle id="4423">
                <colorMode>normal</colorMode>
                <width>0.5</width>
            </LineStyle>
            <PolyStyle id="4422">
                <color>7f0080ff</color>
                <colorMode>normal</colorMode>
                <fill>1</fill>
                <outline>1</outline>
            </PolyStyle>
        </Style>
        <Style id="4428">
            <LineStyle id="4430">
                <colorMode>normal</colorMode>
                <width>0.5</width>
            </LineStyle>
            <PolyStyle id="4429">
                <color>7f0080ff</color>
                <colorMode>normal</colorMode>
                <fill>1</fill>
                <outline>1</outline>
            </PolyStyle>
        </Style>
        <Style id="4435">
            <LineStyle id="4437">
                <colorMode>normal</colorMode>
                <width>0.5</width>
            </LineStyle>
            <PolyStyle id="4436">
                <color>7f0080ff</color>
                <colorMode>normal</colorMode>
                <fill>1</fill>
                <outline>1</outline>
            </PolyStyle>
        </Style>
        <Style id="4442">
            <LineStyle id="4444">
                <colorMode>normal</colorMode>
                <width>0.5</width>
            </LineStyle>
            <PolyStyle id="4443">
                <color>7f0080ff</color>
                <colorMode>normal</colorMode>
                <fill>1</fill>
                <outline>1</outline>
            </PolyStyle>
        </Style>
        <Style id="4449">
            <LineStyle id="4451">
                <colorMode>normal</colorMode>
                <width>0.5</width>
            </LineStyle>
            <PolyStyle id="4450">
                <color>7f0080ff</color>
                <colorMode>normal</colorMode>
                <fill>1</fill>
                <outline>1</outline>
            </PolyStyle>
        </Style>
        <Style id="4456">
            <LineStyle id="4458">
                <colorMode>normal</colorMode>
                <width>0.5</width>
            </LineStyle>
            <PolyStyle id="4457">
                <color>7f0080ff</color>
                <colorMode>normal</colorMode>
                <fill>1</fill>
                <outline>1</outline>
            </PolyStyle>
        </Style>
        <Style id="4463">
            <LineStyle id="4465">
                <colorMode>normal</colorMode>
                <width>0.5</width>
            </LineStyle>
            <PolyStyle id="4464">
                <color>7f0080ff</color>
                <colorMode>normal</colorMode>
                <fill>1</fill>
                <outline>1</outline>
            </PolyStyle>
        </Style>
        <Style id="4470">
            <LineStyle id="4472">
                <colorMode>normal</colorMode>
                <width>0.5</width>
            </LineStyle>
            <PolyStyle id="4471">
                <color>7f0080ff</color>
                <colorMode>normal</colorMode>
                <fill>1</fill>
                <outline>1</outline>
            </PolyStyle>
        </Style>
        <Style id="4477">
            <LineStyle id="4479">
                <colorMode>normal</colorMode>
                <width>0.5</width>
            </LineStyle>
            <PolyStyle id="4478">
                <color>7f0080ff</color>
                <colorMode>normal</colorMode>
                <fill>1</fill>
                <outline>1</outline>
            </PolyStyle>
        </Style>
        <Style id="4484">
            <LineStyle id="4486">
                <colorMode>normal</colorMode>
                <width>0.5</width>
            </LineStyle>
            <PolyStyle id="4485">
                <color>7f0080ff</color>
                <colorMode>normal</colorMode>
                <fill>1</fill>
                <outline>1</outline>
            </PolyStyle>
        </Style>
        <Style id="4491">
            <LineStyle id="4493">
                <colorMode>normal</colorMode>
                <width>0.5</width>
            </LineStyle>
            <PolyStyle id="4492">
                <color>7f0080ff</color>
                <colorMode>normal</colorMode>
                <fill>1</fill>
                <outline>1</outline>
            </PolyStyle>
        </Style>
        <Style id="4498">
            <LineStyle id="4500">
                <colorMode>normal</colorMode>
                <width>0.5</width>
            </LineStyle>
            <PolyStyle id="4499">
                <color>7f0080ff</color>
                <colorMode>normal</colorMode>
                <fill>1</fill>
                <outline>1</outline>
            </PolyStyle>
        </Style>
        <Style id="4505">
            <LineStyle id="4507">
                <colorMode>normal</colorMode>
                <width>0.5</width>
            </LineStyle>
            <PolyStyle id="4506">
                <color>7f0080ff</color>
                <colorMode>normal</colorMode>
                <fill>1</fill>
                <outline>1</outline>
            </PolyStyle>
        </Style>
        <Style id="4512">
            <LineStyle id="4514">
                <colorMode>normal</colorMode>
                <width>0.5</width>
            </LineStyle>
            <PolyStyle id="4513">
                <color>7f0080ff</color>
                <colorMode>normal</colorMode>
                <fill>1</fill>
                <outline>1</outline>
            </PolyStyle>
        </Style>
        <Style id="4519">
            <LineStyle id="4521">
                <colorMode>normal</colorMode>
                <width>0.5</width>
            </LineStyle>
            <PolyStyle id="4520">
                <color>7f0080ff</color>
                <colorMode>normal</colorMode>
                <fill>1</fill>
                <outline>1</outline>
            </PolyStyle>
        </Style>
        <Style id="4526">
            <LineStyle id="4528">
                <colorMode>normal</colorMode>
                <width>0.5</width>
            </LineStyle>
            <PolyStyle id="4527">
                <color>7f0080ff</color>
                <colorMode>normal</colorMode>
                <fill>1</fill>
                <outline>1</outline>
            </PolyStyle>
        </Style>
        <Style id="4533">
            <LineStyle id="4535">
                <colorMode>normal</colorMode>
                <width>0.5</width>
            </LineStyle>
            <PolyStyle id="4534">
                <color>7f0080ff</color>
                <colorMode>normal</colorMode>
                <fill>1</fill>
                <outline>1</outline>
            </PolyStyle>
        </Style>
        <Style id="4540">
            <LineStyle id="4542">
                <colorMode>normal</colorMode>
                <width>0.5</width>
            </LineStyle>
            <PolyStyle id="4541">
                <color>7f0080ff</color>
                <colorMode>normal</colorMode>
                <fill>1</fill>
                <outline>1</outline>
            </PolyStyle>
        </Style>
        <Style id="4547">
            <LineStyle id="4549">
                <colorMode>normal</colorMode>
                <width>0.5</width>
            </LineStyle>
            <PolyStyle id="4548">
                <color>7f0080ff</color>
                <colorMode>normal</colorMode>
                <fill>1</fill>
                <outline>1</outline>
            </PolyStyle>
        </Style>
        <Style id="4554">
            <LineStyle id="4556">
                <colorMode>normal</colorMode>
                <width>0.5</width>
            </LineStyle>
            <PolyStyle id="4555">
                <color>7f0080ff</color>
                <colorMode>normal</colorMode>
                <fill>1</fill>
                <outline>1</outline>
            </PolyStyle>
        </Style>
        <Style id="4561">
            <LineStyle id="4563">
                <colorMode>normal</colorMode>
                <width>0.5</width>
            </LineStyle>
            <PolyStyle id="4562">
                <color>7f0080ff</color>
                <colorMode>normal</colorMode>
                <fill>1</fill>
                <outline>1</outline>
            </PolyStyle>
        </Style>
        <Style id="4568">
            <LineStyle id="4570">
                <colorMode>normal</colorMode>
                <width>0.5</width>
            </LineStyle>
            <PolyStyle id="4569">
                <color>7f0080ff</color>
                <colorMode>normal</colorMode>
                <fill>1</fill>
                <outline>1</outline>
            </PolyStyle>
        </Style>
        <Style id="4575">
            <LineStyle id="4577">
                <colorMode>normal</colorMode>
                <width>0.5</width>
            </LineStyle>
            <PolyStyle id="4576">
                <color>7f0080ff</color>
                <colorMode>normal</colorMode>
                <fill>1</fill>
                <outline>1</outline>
            </PolyStyle>
        </Style>
        <Style id="4582">
            <LineStyle id="4584">
                <colorMode>normal</colorMode>
                <width>0.5</width>
            </LineStyle>
            <PolyStyle id="4583">
                <color>7f0080ff</color>
                <colorMode>normal</colorMode>
                <fill>1</fill>
                <outline>1</outline>
            </PolyStyle>
        </Style>
        <Style id="4589">
            <LineStyle id="4591">
                <colorMode>normal</colorMode>
                <width>0.5</width>
            </LineStyle>
            <PolyStyle id="4590">
                <color>7f0080ff</color>
                <colorMode>normal</colorMode>
                <fill>1</fill>
                <outline>1</outline>
            </PolyStyle>
        </Style>
        <Style id="4596">
            <LineStyle id="4598">
                <colorMode>normal</colorMode>
                <width>0.5</width>
            </LineStyle>
            <PolyStyle id="4597">
                <color>7f0080ff</color>
                <colorMode>normal</colorMode>
                <fill>1</fill>
                <outline>1</outline>
            </PolyStyle>
        </Style>
        <Style id="4603">
            <LineStyle id="4605">
                <colorMode>normal</colorMode>
                <width>0.5</width>
            </LineStyle>
            <PolyStyle id="4604">
                <color>7f0080ff</color>
                <colorMode>normal</colorMode>
                <fill>1</fill>
                <outline>1</outline>
            </PolyStyle>
        </Style>
        <Style id="4610">
            <LineStyle id="4612">
                <colorMode>normal</colorMode>
                <width>0.5</width>
            </LineStyle>
            <PolyStyle id="4611">
                <color>7f0080ff</color>
                <colorMode>normal</colorMode>
                <fill>1</fill>
                <outline>1</outline>
            </PolyStyle>
        </Style>
        <Style id="4617">
            <LineStyle id="4619">
                <colorMode>normal</colorMode>
                <width>0.5</width>
            </LineStyle>
            <PolyStyle id="4618">
                <color>7f0080ff</color>
                <colorMode>normal</colorMode>
                <fill>1</fill>
                <outline>1</outline>
            </PolyStyle>
        </Style>
        <Style id="4624">
            <LineStyle id="4626">
                <colorMode>normal</colorMode>
                <width>0.5</width>
            </LineStyle>
            <PolyStyle id="4625">
                <color>7f0080ff</color>
                <colorMode>normal</colorMode>
                <fill>1</fill>
                <outline>1</outline>
            </PolyStyle>
        </Style>
        <Style id="4631">
            <LineStyle id="4633">
                <colorMode>normal</colorMode>
                <width>0.5</width>
            </LineStyle>
            <PolyStyle id="4632">
                <color>7f0080ff</color>
                <colorMode>normal</colorMode>
                <fill>1</fill>
                <outline>1</outline>
            </PolyStyle>
        </Style>
        <Style id="4638">
            <LineStyle id="4640">
                <colorMode>normal</colorMode>
                <width>0.5</width>
            </LineStyle>
            <PolyStyle id="4639">
                <color>7f0080ff</color>
                <colorMode>normal</colorMode>
                <fill>1</fill>
                <outline>1</outline>
            </PolyStyle>
        </Style>
        <Style id="4645">
            <LineStyle id="4647">
                <colorMode>normal</colorMode>
                <width>0.5</width>
            </LineStyle>
            <PolyStyle id="4646">
                <color>7f0080ff</color>
                <colorMode>normal</colorMode>
                <fill>1</fill>
                <outline>1</outline>
            </PolyStyle>
        </Style>
        <Style id="4652">
            <LineStyle id="4654">
                <colorMode>normal</colorMode>
                <width>0.5</width>
            </LineStyle>
            <PolyStyle id="4653">
                <color>7f0080ff</color>
                <colorMode>normal</colorMode>
                <fill>1</fill>
                <outline>1</outline>
            </PolyStyle>
        </Style>
        <Style id="4659">
            <LineStyle id="4661">
                <colorMode>normal</colorMode>
                <width>0.5</width>
            </LineStyle>
            <PolyStyle id="4660">
                <color>7f0080ff</color>
                <colorMode>normal</colorMode>
                <fill>1</fill>
                <outline>1</outline>
            </PolyStyle>
        </Style>
        <Style id="4666">
            <LineStyle id="4668">
                <colorMode>normal</colorMode>
                <width>0.5</width>
            </LineStyle>
            <PolyStyle id="4667">
                <color>7f0080ff</color>
                <colorMode>normal</colorMode>
                <fill>1</fill>
                <outline>1</outline>
            </PolyStyle>
        </Style>
        <Style id="4673">
            <LineStyle id="4675">
                <colorMode>normal</colorMode>
                <width>0.5</width>
            </LineStyle>
            <PolyStyle id="4674">
                <color>7f0080ff</color>
                <colorMode>normal</colorMode>
                <fill>1</fill>
                <outline>1</outline>
            </PolyStyle>
        </Style>
        <Style id="4680">
            <LineStyle id="4682">
                <colorMode>normal</colorMode>
                <width>0.5</width>
            </LineStyle>
            <PolyStyle id="4681">
                <color>7f0080ff</color>
                <colorMode>normal</colorMode>
                <fill>1</fill>
                <outline>1</outline>
            </PolyStyle>
        </Style>
        <Style id="4687">
            <LineStyle id="4689">
                <colorMode>normal</colorMode>
                <width>0.5</width>
            </LineStyle>
            <PolyStyle id="4688">
                <color>7f0080ff</color>
                <colorMode>normal</colorMode>
                <fill>1</fill>
                <outline>1</outline>
            </PolyStyle>
        </Style>
        <Style id="4694">
            <LineStyle id="4696">
                <colorMode>normal</colorMode>
                <width>0.5</width>
            </LineStyle>
            <PolyStyle id="4695">
                <color>7f0080ff</color>
                <colorMode>normal</colorMode>
                <fill>1</fill>
                <outline>1</outline>
            </PolyStyle>
        </Style>
        <Style id="4701">
            <LineStyle id="4703">
                <colorMode>normal</colorMode>
                <width>0.5</width>
            </LineStyle>
            <PolyStyle id="4702">
                <color>7f0080ff</color>
                <colorMode>normal</colorMode>
                <fill>1</fill>
                <outline>1</outline>
            </PolyStyle>
        </Style>
        <Style id="4708">
            <LineStyle id="4710">
                <colorMode>normal</colorMode>
                <width>0.5</width>
            </LineStyle>
            <PolyStyle id="4709">
                <color>7f0080ff</color>
                <colorMode>normal</colorMode>
                <fill>1</fill>
                <outline>1</outline>
            </PolyStyle>
        </Style>
        <Style id="4715">
            <LineStyle id="4717">
                <colorMode>normal</colorMode>
                <width>0.5</width>
            </LineStyle>
            <PolyStyle id="4716">
                <color>7f0080ff</color>
                <colorMode>normal</colorMode>
                <fill>1</fill>
                <outline>1</outline>
            </PolyStyle>
        </Style>
        <Style id="4722">
            <LineStyle id="4724">
                <colorMode>normal</colorMode>
                <width>0.5</width>
            </LineStyle>
            <PolyStyle id="4723">
                <color>7f0080ff</color>
                <colorMode>normal</colorMode>
                <fill>1</fill>
                <outline>1</outline>
            </PolyStyle>
        </Style>
        <Style id="4729">
            <LineStyle id="4731">
                <colorMode>normal</colorMode>
                <width>0.5</width>
            </LineStyle>
            <PolyStyle id="4730">
                <color>7f0080ff</color>
                <colorMode>normal</colorMode>
                <fill>1</fill>
                <outline>1</outline>
            </PolyStyle>
        </Style>
        <Style id="4736">
            <LineStyle id="4738">
                <colorMode>normal</colorMode>
                <width>0.5</width>
            </LineStyle>
            <PolyStyle id="4737">
                <color>7f0080ff</color>
                <colorMode>normal</colorMode>
                <fill>1</fill>
                <outline>1</outline>
            </PolyStyle>
        </Style>
        <Style id="4743">
            <LineStyle id="4745">
                <colorMode>normal</colorMode>
                <width>0.5</width>
            </LineStyle>
            <PolyStyle id="4744">
                <color>7f0080ff</color>
                <colorMode>normal</colorMode>
                <fill>1</fill>
                <outline>1</outline>
            </PolyStyle>
        </Style>
        <Style id="4750">
            <LineStyle id="4752">
                <colorMode>normal</colorMode>
                <width>0.5</width>
            </LineStyle>
            <PolyStyle id="4751">
                <color>7f0080ff</color>
                <colorMode>normal</colorMode>
                <fill>1</fill>
                <outline>1</outline>
            </PolyStyle>
        </Style>
        <Style id="4757">
            <LineStyle id="4759">
                <colorMode>normal</colorMode>
                <width>0.5</width>
            </LineStyle>
            <PolyStyle id="4758">
                <color>7f0080ff</color>
                <colorMode>normal</colorMode>
                <fill>1</fill>
                <outline>1</outline>
            </PolyStyle>
        </Style>
        <Style id="4764">
            <LineStyle id="4766">
                <colorMode>normal</colorMode>
                <width>0.5</width>
            </LineStyle>
            <PolyStyle id="4765">
                <color>7f0080ff</color>
                <colorMode>normal</colorMode>
                <fill>1</fill>
                <outline>1</outline>
            </PolyStyle>
        </Style>
        <Style id="4771">
            <LineStyle id="4773">
                <colorMode>normal</colorMode>
                <width>0.5</width>
            </LineStyle>
            <PolyStyle id="4772">
                <color>7f0080ff</color>
                <colorMode>normal</colorMode>
                <fill>1</fill>
                <outline>1</outline>
            </PolyStyle>
        </Style>
        <Style id="4778">
            <LineStyle id="4780">
                <colorMode>normal</colorMode>
                <width>0.5</width>
            </LineStyle>
            <PolyStyle id="4779">
                <color>7f0080ff</color>
                <colorMode>normal</colorMode>
                <fill>1</fill>
                <outline>1</outline>
            </PolyStyle>
        </Style>
        <Style id="4785">
            <LineStyle id="4787">
                <colorMode>normal</colorMode>
                <width>0.5</width>
            </LineStyle>
            <PolyStyle id="4786">
                <color>7f0080ff</color>
                <colorMode>normal</colorMode>
                <fill>1</fill>
                <outline>1</outline>
            </PolyStyle>
        </Style>
        <Style id="4792">
            <LineStyle id="4794">
                <colorMode>normal</colorMode>
                <width>0.5</width>
            </LineStyle>
            <PolyStyle id="4793">
                <color>7f0080ff</color>
                <colorMode>normal</colorMode>
                <fill>1</fill>
                <outline>1</outline>
            </PolyStyle>
        </Style>
        <Style id="4799">
            <LineStyle id="4801">
                <colorMode>normal</colorMode>
                <width>0.5</width>
            </LineStyle>
            <PolyStyle id="4800">
                <color>7f0080ff</color>
                <colorMode>normal</colorMode>
                <fill>1</fill>
                <outline>1</outline>
            </PolyStyle>
        </Style>
        <Style id="4806">
            <LineStyle id="4808">
                <colorMode>normal</colorMode>
                <width>0.5</width>
            </LineStyle>
            <PolyStyle id="4807">
                <color>7f0080ff</color>
                <colorMode>normal</colorMode>
                <fill>1</fill>
                <outline>1</outline>
            </PolyStyle>
        </Style>
        <Style id="4813">
            <LineStyle id="4815">
                <colorMode>normal</colorMode>
                <width>0.5</width>
            </LineStyle>
            <PolyStyle id="4814">
                <color>7f0080ff</color>
                <colorMode>normal</colorMode>
                <fill>1</fill>
                <outline>1</outline>
            </PolyStyle>
        </Style>
        <Style id="4820">
            <LineStyle id="4822">
                <colorMode>normal</colorMode>
                <width>0.5</width>
            </LineStyle>
            <PolyStyle id="4821">
                <color>7f0080ff</color>
                <colorMode>normal</colorMode>
                <fill>1</fill>
                <outline>1</outline>
            </PolyStyle>
        </Style>
        <Style id="4827">
            <LineStyle id="4829">
                <colorMode>normal</colorMode>
                <width>0.5</width>
            </LineStyle>
            <PolyStyle id="4828">
                <color>7f0080ff</color>
                <colorMode>normal</colorMode>
                <fill>1</fill>
                <outline>1</outline>
            </PolyStyle>
        </Style>
        <Style id="4834">
            <LineStyle id="4836">
                <colorMode>normal</colorMode>
                <width>0.5</width>
            </LineStyle>
            <PolyStyle id="4835">
                <color>7f0080ff</color>
                <colorMode>normal</colorMode>
                <fill>1</fill>
                <outline>1</outline>
            </PolyStyle>
        </Style>
        <Style id="4841">
            <LineStyle id="4843">
                <colorMode>normal</colorMode>
                <width>0.5</width>
            </LineStyle>
            <PolyStyle id="4842">
                <color>7f0080ff</color>
                <colorMode>normal</colorMode>
                <fill>1</fill>
                <outline>1</outline>
            </PolyStyle>
        </Style>
        <Style id="4848">
            <LineStyle id="4850">
                <colorMode>normal</colorMode>
                <width>0.5</width>
            </LineStyle>
            <PolyStyle id="4849">
                <color>7f0080ff</color>
                <colorMode>normal</colorMode>
                <fill>1</fill>
                <outline>1</outline>
            </PolyStyle>
        </Style>
        <Style id="4855">
            <LineStyle id="4857">
                <colorMode>normal</colorMode>
                <width>0.5</width>
            </LineStyle>
            <PolyStyle id="4856">
                <color>7f0080ff</color>
                <colorMode>normal</colorMode>
                <fill>1</fill>
                <outline>1</outline>
            </PolyStyle>
        </Style>
        <Style id="4862">
            <LineStyle id="4864">
                <colorMode>normal</colorMode>
                <width>0.5</width>
            </LineStyle>
            <PolyStyle id="4863">
                <color>7f0080ff</color>
                <colorMode>normal</colorMode>
                <fill>1</fill>
                <outline>1</outline>
            </PolyStyle>
        </Style>
        <Style id="4869">
            <LineStyle id="4871">
                <colorMode>normal</colorMode>
                <width>0.5</width>
            </LineStyle>
            <PolyStyle id="4870">
                <color>7f0080ff</color>
                <colorMode>normal</colorMode>
                <fill>1</fill>
                <outline>1</outline>
            </PolyStyle>
        </Style>
        <Style id="4876">
            <LineStyle id="4878">
                <colorMode>normal</colorMode>
                <width>0.5</width>
            </LineStyle>
            <PolyStyle id="4877">
                <color>7f0080ff</color>
                <colorMode>normal</colorMode>
                <fill>1</fill>
                <outline>1</outline>
            </PolyStyle>
        </Style>
        <Style id="4883">
            <LineStyle id="4885">
                <colorMode>normal</colorMode>
                <width>0.5</width>
            </LineStyle>
            <PolyStyle id="4884">
                <color>7f0080ff</color>
                <colorMode>normal</colorMode>
                <fill>1</fill>
                <outline>1</outline>
            </PolyStyle>
        </Style>
        <Style id="4890">
            <LineStyle id="4892">
                <colorMode>normal</colorMode>
                <width>0.5</width>
            </LineStyle>
            <PolyStyle id="4891">
                <color>7f0080ff</color>
                <colorMode>normal</colorMode>
                <fill>1</fill>
                <outline>1</outline>
            </PolyStyle>
        </Style>
        <Style id="4897">
            <LineStyle id="4899">
                <colorMode>normal</colorMode>
                <width>0.5</width>
            </LineStyle>
            <PolyStyle id="4898">
                <color>7f0080ff</color>
                <colorMode>normal</colorMode>
                <fill>1</fill>
                <outline>1</outline>
            </PolyStyle>
        </Style>
        <Style id="4904">
            <LineStyle id="4906">
                <colorMode>normal</colorMode>
                <width>0.5</width>
            </LineStyle>
            <PolyStyle id="4905">
                <color>7f0080ff</color>
                <colorMode>normal</colorMode>
                <fill>1</fill>
                <outline>1</outline>
            </PolyStyle>
        </Style>
        <Style id="4911">
            <LineStyle id="4913">
                <colorMode>normal</colorMode>
                <width>0.5</width>
            </LineStyle>
            <PolyStyle id="4912">
                <color>7f0080ff</color>
                <colorMode>normal</colorMode>
                <fill>1</fill>
                <outline>1</outline>
            </PolyStyle>
        </Style>
        <Style id="4918">
            <LineStyle id="4920">
                <colorMode>normal</colorMode>
                <width>0.5</width>
            </LineStyle>
            <PolyStyle id="4919">
                <color>7f0080ff</color>
                <colorMode>normal</colorMode>
                <fill>1</fill>
                <outline>1</outline>
            </PolyStyle>
        </Style>
        <Style id="4925">
            <LineStyle id="4927">
                <colorMode>normal</colorMode>
                <width>0.5</width>
            </LineStyle>
            <PolyStyle id="4926">
                <color>7f0080ff</color>
                <colorMode>normal</colorMode>
                <fill>1</fill>
                <outline>1</outline>
            </PolyStyle>
        </Style>
        <Style id="4932">
            <LineStyle id="4934">
                <colorMode>normal</colorMode>
                <width>0.5</width>
            </LineStyle>
            <PolyStyle id="4933">
                <color>7f0080ff</color>
                <colorMode>normal</colorMode>
                <fill>1</fill>
                <outline>1</outline>
            </PolyStyle>
        </Style>
        <Style id="4939">
            <LineStyle id="4941">
                <colorMode>normal</colorMode>
                <width>0.5</width>
            </LineStyle>
            <PolyStyle id="4940">
                <color>7f0080ff</color>
                <colorMode>normal</colorMode>
                <fill>1</fill>
                <outline>1</outline>
            </PolyStyle>
        </Style>
        <Style id="4946">
            <LineStyle id="4948">
                <colorMode>normal</colorMode>
                <width>0.5</width>
            </LineStyle>
            <PolyStyle id="4947">
                <color>7f0080ff</color>
                <colorMode>normal</colorMode>
                <fill>1</fill>
                <outline>1</outline>
            </PolyStyle>
        </Style>
        <Style id="4953">
            <LineStyle id="4955">
                <colorMode>normal</colorMode>
                <width>0.5</width>
            </LineStyle>
            <PolyStyle id="4954">
                <color>7f0080ff</color>
                <colorMode>normal</colorMode>
                <fill>1</fill>
                <outline>1</outline>
            </PolyStyle>
        </Style>
        <Style id="4960">
            <LineStyle id="4962">
                <colorMode>normal</colorMode>
                <width>0.5</width>
            </LineStyle>
            <PolyStyle id="4961">
                <color>7f0080ff</color>
                <colorMode>normal</colorMode>
                <fill>1</fill>
                <outline>1</outline>
            </PolyStyle>
        </Style>
        <Style id="4967">
            <LineStyle id="4969">
                <colorMode>normal</colorMode>
                <width>0.5</width>
            </LineStyle>
            <PolyStyle id="4968">
                <color>7f0080ff</color>
                <colorMode>normal</colorMode>
                <fill>1</fill>
                <outline>1</outline>
            </PolyStyle>
        </Style>
        <Style id="4974">
            <LineStyle id="4976">
                <colorMode>normal</colorMode>
                <width>0.5</width>
            </LineStyle>
            <PolyStyle id="4975">
                <color>7f0080ff</color>
                <colorMode>normal</colorMode>
                <fill>1</fill>
                <outline>1</outline>
            </PolyStyle>
        </Style>
        <Style id="4981">
            <LineStyle id="4983">
                <colorMode>normal</colorMode>
                <width>0.5</width>
            </LineStyle>
            <PolyStyle id="4982">
                <color>7f0080ff</color>
                <colorMode>normal</colorMode>
                <fill>1</fill>
                <outline>1</outline>
            </PolyStyle>
        </Style>
        <Style id="4988">
            <LineStyle id="4990">
                <colorMode>normal</colorMode>
                <width>0.5</width>
            </LineStyle>
            <PolyStyle id="4989">
                <color>7f0080ff</color>
                <colorMode>normal</colorMode>
                <fill>1</fill>
                <outline>1</outline>
            </PolyStyle>
        </Style>
        <Style id="4995">
            <LineStyle id="4997">
                <colorMode>normal</colorMode>
                <width>0.5</width>
            </LineStyle>
            <PolyStyle id="4996">
                <color>7f0080ff</color>
                <colorMode>normal</colorMode>
                <fill>1</fill>
                <outline>1</outline>
            </PolyStyle>
        </Style>
        <Style id="5002">
            <LineStyle id="5004">
                <colorMode>normal</colorMode>
                <width>0.5</width>
            </LineStyle>
            <PolyStyle id="5003">
                <color>7f0080ff</color>
                <colorMode>normal</colorMode>
                <fill>1</fill>
                <outline>1</outline>
            </PolyStyle>
        </Style>
        <Style id="5009">
            <LineStyle id="5011">
                <colorMode>normal</colorMode>
                <width>0.5</width>
            </LineStyle>
            <PolyStyle id="5010">
                <color>7f0080ff</color>
                <colorMode>normal</colorMode>
                <fill>1</fill>
                <outline>1</outline>
            </PolyStyle>
        </Style>
        <Style id="5016">
            <LineStyle id="5018">
                <colorMode>normal</colorMode>
                <width>0.5</width>
            </LineStyle>
            <PolyStyle id="5017">
                <color>7f0080ff</color>
                <colorMode>normal</colorMode>
                <fill>1</fill>
                <outline>1</outline>
            </PolyStyle>
        </Style>
        <Style id="5023">
            <LineStyle id="5025">
                <colorMode>normal</colorMode>
                <width>0.5</width>
            </LineStyle>
            <PolyStyle id="5024">
                <color>7f0080ff</color>
                <colorMode>normal</colorMode>
                <fill>1</fill>
                <outline>1</outline>
            </PolyStyle>
        </Style>
        <Style id="5030">
            <LineStyle id="5032">
                <colorMode>normal</colorMode>
                <width>0.5</width>
            </LineStyle>
            <PolyStyle id="5031">
                <color>7f0080ff</color>
                <colorMode>normal</colorMode>
                <fill>1</fill>
                <outline>1</outline>
            </PolyStyle>
        </Style>
        <Style id="5037">
            <LineStyle id="5039">
                <colorMode>normal</colorMode>
                <width>0.5</width>
            </LineStyle>
            <PolyStyle id="5038">
                <color>7f0080ff</color>
                <colorMode>normal</colorMode>
                <fill>1</fill>
                <outline>1</outline>
            </PolyStyle>
        </Style>
        <Style id="5044">
            <LineStyle id="5046">
                <colorMode>normal</colorMode>
                <width>0.5</width>
            </LineStyle>
            <PolyStyle id="5045">
                <color>7f0080ff</color>
                <colorMode>normal</colorMode>
                <fill>1</fill>
                <outline>1</outline>
            </PolyStyle>
        </Style>
        <Style id="5051">
            <LineStyle id="5053">
                <colorMode>normal</colorMode>
                <width>0.5</width>
            </LineStyle>
            <PolyStyle id="5052">
                <color>7f0080ff</color>
                <colorMode>normal</colorMode>
                <fill>1</fill>
                <outline>1</outline>
            </PolyStyle>
        </Style>
        <Style id="5058">
            <LineStyle id="5060">
                <colorMode>normal</colorMode>
                <width>0.5</width>
            </LineStyle>
            <PolyStyle id="5059">
                <color>7f0080ff</color>
                <colorMode>normal</colorMode>
                <fill>1</fill>
                <outline>1</outline>
            </PolyStyle>
        </Style>
        <Style id="5065">
            <LineStyle id="5067">
                <colorMode>normal</colorMode>
                <width>0.5</width>
            </LineStyle>
            <PolyStyle id="5066">
                <color>7f0080ff</color>
                <colorMode>normal</colorMode>
                <fill>1</fill>
                <outline>1</outline>
            </PolyStyle>
        </Style>
        <Style id="5072">
            <LineStyle id="5074">
                <colorMode>normal</colorMode>
                <width>0.5</width>
            </LineStyle>
            <PolyStyle id="5073">
                <color>7f0080ff</color>
                <colorMode>normal</colorMode>
                <fill>1</fill>
                <outline>1</outline>
            </PolyStyle>
        </Style>
        <Style id="5079">
            <LineStyle id="5081">
                <colorMode>normal</colorMode>
                <width>0.5</width>
            </LineStyle>
            <PolyStyle id="5080">
                <color>7f0080ff</color>
                <colorMode>normal</colorMode>
                <fill>1</fill>
                <outline>1</outline>
            </PolyStyle>
        </Style>
        <Style id="5086">
            <LineStyle id="5088">
                <colorMode>normal</colorMode>
                <width>0.5</width>
            </LineStyle>
            <PolyStyle id="5087">
                <color>7f0080ff</color>
                <colorMode>normal</colorMode>
                <fill>1</fill>
                <outline>1</outline>
            </PolyStyle>
        </Style>
        <Style id="5093">
            <LineStyle id="5095">
                <colorMode>normal</colorMode>
                <width>0.5</width>
            </LineStyle>
            <PolyStyle id="5094">
                <color>7f0080ff</color>
                <colorMode>normal</colorMode>
                <fill>1</fill>
                <outline>1</outline>
            </PolyStyle>
        </Style>
        <Style id="5100">
            <LineStyle id="5102">
                <colorMode>normal</colorMode>
                <width>0.5</width>
            </LineStyle>
            <PolyStyle id="5101">
                <color>7f0080ff</color>
                <colorMode>normal</colorMode>
                <fill>1</fill>
                <outline>1</outline>
            </PolyStyle>
        </Style>
        <Style id="5107">
            <LineStyle id="5109">
                <colorMode>normal</colorMode>
                <width>0.5</width>
            </LineStyle>
            <PolyStyle id="5108">
                <color>7f0080ff</color>
                <colorMode>normal</colorMode>
                <fill>1</fill>
                <outline>1</outline>
            </PolyStyle>
        </Style>
        <Style id="5114">
            <LineStyle id="5116">
                <colorMode>normal</colorMode>
                <width>0.5</width>
            </LineStyle>
            <PolyStyle id="5115">
                <color>7f0080ff</color>
                <colorMode>normal</colorMode>
                <fill>1</fill>
                <outline>1</outline>
            </PolyStyle>
        </Style>
        <Style id="5121">
            <LineStyle id="5123">
                <colorMode>normal</colorMode>
                <width>0.5</width>
            </LineStyle>
            <PolyStyle id="5122">
                <color>7f0080ff</color>
                <colorMode>normal</colorMode>
                <fill>1</fill>
                <outline>1</outline>
            </PolyStyle>
        </Style>
        <Style id="5128">
            <LineStyle id="5130">
                <colorMode>normal</colorMode>
                <width>0.5</width>
            </LineStyle>
            <PolyStyle id="5129">
                <color>7f0080ff</color>
                <colorMode>normal</colorMode>
                <fill>1</fill>
                <outline>1</outline>
            </PolyStyle>
        </Style>
        <Style id="5135">
            <LineStyle id="5137">
                <colorMode>normal</colorMode>
                <width>0.5</width>
            </LineStyle>
            <PolyStyle id="5136">
                <color>7f0080ff</color>
                <colorMode>normal</colorMode>
                <fill>1</fill>
                <outline>1</outline>
            </PolyStyle>
        </Style>
        <Style id="5142">
            <LineStyle id="5144">
                <colorMode>normal</colorMode>
                <width>0.5</width>
            </LineStyle>
            <PolyStyle id="5143">
                <color>7f0080ff</color>
                <colorMode>normal</colorMode>
                <fill>1</fill>
                <outline>1</outline>
            </PolyStyle>
        </Style>
        <Style id="5149">
            <LineStyle id="5151">
                <colorMode>normal</colorMode>
                <width>0.5</width>
            </LineStyle>
            <PolyStyle id="5150">
                <color>7f0080ff</color>
                <colorMode>normal</colorMode>
                <fill>1</fill>
                <outline>1</outline>
            </PolyStyle>
        </Style>
        <Style id="5156">
            <LineStyle id="5158">
                <colorMode>normal</colorMode>
                <width>0.5</width>
            </LineStyle>
            <PolyStyle id="5157">
                <color>7f0080ff</color>
                <colorMode>normal</colorMode>
                <fill>1</fill>
                <outline>1</outline>
            </PolyStyle>
        </Style>
        <Style id="5163">
            <LineStyle id="5165">
                <colorMode>normal</colorMode>
                <width>0.5</width>
            </LineStyle>
            <PolyStyle id="5164">
                <color>7f0080ff</color>
                <colorMode>normal</colorMode>
                <fill>1</fill>
                <outline>1</outline>
            </PolyStyle>
        </Style>
        <Style id="5170">
            <LineStyle id="5172">
                <colorMode>normal</colorMode>
                <width>0.5</width>
            </LineStyle>
            <PolyStyle id="5171">
                <color>7f0080ff</color>
                <colorMode>normal</colorMode>
                <fill>1</fill>
                <outline>1</outline>
            </PolyStyle>
        </Style>
        <Style id="5177">
            <LineStyle id="5179">
                <colorMode>normal</colorMode>
                <width>0.5</width>
            </LineStyle>
            <PolyStyle id="5178">
                <color>7f0080ff</color>
                <colorMode>normal</colorMode>
                <fill>1</fill>
                <outline>1</outline>
            </PolyStyle>
        </Style>
        <Style id="5184">
            <LineStyle id="5186">
                <colorMode>normal</colorMode>
                <width>0.5</width>
            </LineStyle>
            <PolyStyle id="5185">
                <color>7f0080ff</color>
                <colorMode>normal</colorMode>
                <fill>1</fill>
                <outline>1</outline>
            </PolyStyle>
        </Style>
        <Style id="5191">
            <LineStyle id="5193">
                <colorMode>normal</colorMode>
                <width>0.5</width>
            </LineStyle>
            <PolyStyle id="5192">
                <color>7f0080ff</color>
                <colorMode>normal</colorMode>
                <fill>1</fill>
                <outline>1</outline>
            </PolyStyle>
        </Style>
        <Style id="5198">
            <LineStyle id="5200">
                <colorMode>normal</colorMode>
                <width>0.5</width>
            </LineStyle>
            <PolyStyle id="5199">
                <color>7f0080ff</color>
                <colorMode>normal</colorMode>
                <fill>1</fill>
                <outline>1</outline>
            </PolyStyle>
        </Style>
        <Style id="5205">
            <LineStyle id="5207">
                <colorMode>normal</colorMode>
                <width>0.5</width>
            </LineStyle>
            <PolyStyle id="5206">
                <color>7f0080ff</color>
                <colorMode>normal</colorMode>
                <fill>1</fill>
                <outline>1</outline>
            </PolyStyle>
        </Style>
        <Style id="5212">
            <LineStyle id="5214">
                <colorMode>normal</colorMode>
                <width>0.5</width>
            </LineStyle>
            <PolyStyle id="5213">
                <color>7f0080ff</color>
                <colorMode>normal</colorMode>
                <fill>1</fill>
                <outline>1</outline>
            </PolyStyle>
        </Style>
        <Style id="5219">
            <LineStyle id="5221">
                <colorMode>normal</colorMode>
                <width>0.5</width>
            </LineStyle>
            <PolyStyle id="5220">
                <color>7f0080ff</color>
                <colorMode>normal</colorMode>
                <fill>1</fill>
                <outline>1</outline>
            </PolyStyle>
        </Style>
        <Style id="5226">
            <LineStyle id="5228">
                <colorMode>normal</colorMode>
                <width>0.5</width>
            </LineStyle>
            <PolyStyle id="5227">
                <color>7f0000ff</color>
                <colorMode>normal</colorMode>
                <fill>1</fill>
                <outline>1</outline>
            </PolyStyle>
        </Style>
        <Style id="5257">
            <LineStyle id="5259">
                <colorMode>normal</colorMode>
                <width>0.5</width>
            </LineStyle>
            <PolyStyle id="5258">
                <color>7f0000ff</color>
                <colorMode>normal</colorMode>
                <fill>1</fill>
                <outline>1</outline>
            </PolyStyle>
        </Style>
        <Style id="5264">
            <LineStyle id="5266">
                <colorMode>normal</colorMode>
                <width>0.5</width>
            </LineStyle>
            <PolyStyle id="5265">
                <color>7f0000ff</color>
                <colorMode>normal</colorMode>
                <fill>1</fill>
                <outline>1</outline>
            </PolyStyle>
        </Style>
        <name>delft3d hazard</name>
        <Placemark id="50">
            <name>Low</name>
            <styleUrl>#53</styleUrl>
            <Polygon id="49">
                <outerBoundaryIs>
                    <LinearRing id="51">
                        <coordinates>85.01632965078795,27.82364441772676,0.0 85.01632636967173,27.823824859655396,0.0 85.01652933034718,27.82382777659225,0.0 85.01653261112824,27.823647334641464,0.0 85.01632965078795,27.82364441772676,0.0</coordinates>
                    </LinearRing>
                </outerBoundaryIs>
            </Polygon>
        </Placemark>
        <Placemark id="57">
            <name>Low</name>
            <styleUrl>#60</styleUrl>
            <Polygon id="56">
                <outerBoundaryIs>
                    <LinearRing id="58">
                        <coordinates>85.01566825234903,27.826522734379935,0.0 85.01566496974024,27.826703176160905,0.0 85.01586793568757,27.826706094346513,0.0 85.01587121796113,27.82652565254338,0.0 85.01566825234903,27.826522734379935,0.0</coordinates>
                    </LinearRing>
                </outerBoundaryIs>
            </Polygon>
        </Placemark>
        <Placemark id="64">
            <name>Low</name>
            <styleUrl>#67</styleUrl>
            <Polygon id="63">
                <outerBoundaryIs>
                    <LinearRing id="65">
                        <coordinates>85.020133502842,27.826586865114646,0.0 85.02013022760813,27.826767307382617,0.0 85.0203331942244,27.826770219009955,0.0 85.02033646912305,27.826589776719874,0.0 85.020133502842,27.826586865114646,0.0</coordinates>
                    </LinearRing>
                </outerBoundaryIs>
            </Polygon>
        </Placemark>
        <Placemark id="71">
            <name>Low</name>
            <styleUrl>#74</styleUrl>
            <Polygon id="70">
                <outerBoundaryIs>
                    <LinearRing id="72">
                        <coordinates>85.02071948154132,27.827858695269583,0.0 85.0209224502601,27.82786160613523,0.0 85.02092572433523,27.827681163809274,0.0 85.0207227559517,27.827678252965722,0.0 85.02071948154132,27.827858695269583,0.0</coordinates>
                    </LinearRing>
                </outerBoundaryIs>
            </Polygon>
        </Placemark>
        <Placemark id="78">
            <name>Low</name>
            <styleUrl>#81</styleUrl>
            <Polygon id="77">
                <outerBoundaryIs>
                    <LinearRing id="79">
                        <coordinates>85.01905968286295,27.82982026067361,0.0 85.01926265502662,27.829823174167558,0.0 85.01926593211797,27.82964273207431,0.0 85.01906296028957,27.829639818602484,0.0 85.01905968286295,27.82982026067361,0.0</coordinates>
                    </LinearRing>
                </outerBoundaryIs>
            </Polygon>
        </Placemark>
        <Placemark id="85">
            <name>Low</name>
            <styleUrl>#88</styleUrl>
            <Polygon id="84">
                <outerBoundaryIs>
                    <LinearRing id="86">
                        <coordinates>85.02169832336023,27.829858112839766,0.0 85.02169505026187,27.830038555193244,0.0 85.02189802315566,27.830041464833414,0.0 85.02190129591874,27.82986102245784,0.0 85.02169832336023,27.829858112839766,0.0</coordinates>
                    </LinearRing>
                </outerBoundaryIs>
            </Polygon>
        </Placemark>
        <Placemark id="92">
            <name>Low</name>
            <styleUrl>#95</styleUrl>
            <Polygon id="91">
                <outerBoundaryIs>
                    <LinearRing id="93">
                        <coordinates>85.01925610075274,27.830184058338844,0.0 85.01945907361737,27.830186971578893,0.0 85.01946235043422,27.830006529473668,0.0 85.01925937790489,27.83000361625574,0.0 85.01925610075274,27.830184058338844,0.0</coordinates>
                    </LinearRing>
                </outerBoundaryIs>
            </Polygon>
        </Placemark>
        <Placemark id="99">
            <name>Low</name>
            <styleUrl>#102</styleUrl>
            <Polygon id="98">
                <outerBoundaryIs>
                    <LinearRing id="100">
                        <coordinates>85.01717060053934,27.83322242041397,0.0 85.0173735788002,27.833225337011932,0.0 85.01737685948703,27.83304489521429,0.0 85.0171738815615,27.833041978638477,0.0 85.01717060053934,27.83322242041397,0.0</coordinates>
                    </LinearRing>
                </outerBoundaryIs>
            </Polygon>
        </Placemark>
        <Placemark id="106">
            <name>Low</name>
            <styleUrl>#109</styleUrl>
            <Polygon id="105">
                <outerBoundaryIs>
                    <LinearRing id="107">
                        <coordinates>85.01980604360945,27.8334407549872,0.0 85.0198027668859,27.83362119704025,0.0 85.02000574621269,27.83362410980603,0.0 85.0200090226009,27.83344366773087,0.0 85.01980604360945,27.8334407549872,0.0</coordinates>
                    </LinearRing>
                </outerBoundaryIs>
            </Polygon>
        </Placemark>
        <Placemark id="113">
            <name>Low</name>
            <styleUrl>#116</styleUrl>
            <Polygon id="112">
                <outerBoundaryIs>
                    <LinearRing id="114">
                        <coordinates>85.02364302707245,27.83457870088767,0.0 85.02384600865275,27.834581608098173,0.0 85.02384927882099,27.834401165628595,0.0 85.02364629757606,27.83439825844017,0.0 85.02364302707245,27.83457870088767,0.0</coordinates>
                    </LinearRing>
                </outerBoundaryIs>
            </Polygon>
        </Placemark>
        <Placemark id="120">
            <name>Low</name>
            <styleUrl>#123</styleUrl>
            <Polygon id="119">
                <outerBoundaryIs>
                    <LinearRing id="121">
                        <coordinates>85.02097479415303,27.836164859229335,0.0 85.02117777835724,27.83616777051541,0.0 85.02118105315847,27.83598732837863,0.0 85.02097806928965,27.83598441711466,0.0 85.02097479415303,27.836164859229335,0.0</coordinates>
                    </LinearRing>
                </outerBoundaryIs>
            </Polygon>
        </Placemark>
        <Placemark id="127">
            <name>Low</name>
            <styleUrl>#130</styleUrl>
            <Polygon id="126">
                <outerBoundaryIs>
                    <LinearRing id="128">
                        <coordinates>85.0233582646905,27.839086852365682,0.0 85.0233549930629,27.839267294659198,0.0 85.02355798333342,27.839270202741886,0.0 85.02356125462558,27.83908976042629,0.0 85.0233582646905,27.839086852365682,0.0</coordinates>
                    </LinearRing>
                </outerBoundaryIs>
            </Polygon>
        </Placemark>
        <Placemark id="134">
            <name>Low</name>
            <styleUrl>#137</styleUrl>
            <Polygon id="133">
                <outerBoundaryIs>
                    <LinearRing id="135">
                        <coordinates>85.01927224482073,27.84047216318872,0.0 85.01926896624109,27.84065260499962,0.0 85.01947195858793,27.840655519224526,0.0 85.01947523683212,27.840475077391506,0.0 85.01927224482073,27.84047216318872,0.0</coordinates>
                    </LinearRing>
                </outerBoundaryIs>
            </Polygon>
        </Placemark>
        <Placemark id="141">
            <name>Low</name>
            <styleUrl>#144</styleUrl>
            <Polygon id="140">
                <outerBoundaryIs>
                    <LinearRing id="142">
                        <coordinates>85.02272311314606,27.84052166407036,0.0 85.02271984026935,27.84070210625704,0.0 85.0229228331325,27.840705015411185,0.0 85.02292610567375,27.84052457320242,0.0 85.02272311314606,27.84052166407036,0.0</coordinates>
                    </LinearRing>
                </outerBoundaryIs>
            </Polygon>
        </Placemark>
        <Placemark id="148">
            <name>Low</name>
            <styleUrl>#151</styleUrl>
            <Polygon id="147">
                <outerBoundaryIs>
                    <LinearRing id="149">
                        <coordinates>85.02209776602591,27.841415145435796,0.0 85.02230076013993,27.841418055573154,0.0 85.02230403380898,27.84123761345095,0.0 85.02210104003045,27.841234703335687,0.0 85.02209776602591,27.841415145435796,0.0</coordinates>
                    </LinearRing>
                </outerBoundaryIs>
            </Polygon>
        </Placemark>
        <Placemark id="155">
            <name>Low</name>
            <styleUrl>#158</styleUrl>
            <Polygon id="154">
                <outerBoundaryIs>
                    <LinearRing id="156">
                        <coordinates>85.02087324985342,27.84175856226738,0.0 85.02107624445622,27.84176147423868,0.0 85.02107952019891,27.841581032259207,0.0 85.0208765259316,27.84157812031001,0.0 85.02087324985342,27.84175856226738,0.0</coordinates>
                    </LinearRing>
                </outerBoundaryIs>
            </Polygon>
        </Placemark>
        <Placemark id="162">
            <name>Low</name>
            <styleUrl>#165</styleUrl>
            <Polygon id="161">
                <outerBoundaryIs>
                    <LinearRing id="163">
                        <coordinates>85.01938999260403,27.84516656340042,0.0 85.01938671356949,27.845347005101466,0.0 85.01958971466992,27.845349919603255,0.0 85.01959299336892,27.84516947788008,0.0 85.01938999260403,27.84516656340042,0.0</coordinates>
                    </LinearRing>
                </outerBoundaryIs>
            </Polygon>
        </Placemark>
        <Placemark id="169">
            <name>Low</name>
            <styleUrl>#172</styleUrl>
            <Polygon id="168">
                <outerBoundaryIs>
                    <LinearRing id="170">
                        <coordinates>85.0201790513612,27.846441311949167,0.0 85.02038205459655,27.84644422539029,0.0 85.02038533213569,27.846263783609096,0.0 85.02018232923591,27.846260870190093,0.0 85.0201790513612,27.846441311949167,0.0</coordinates>
                    </LinearRing>
                </outerBoundaryIs>
            </Polygon>
        </Placemark>
        <Placemark id="176">
            <name>Low</name>
            <styleUrl>#179</styleUrl>
            <Polygon id="175">
                <outerBoundaryIs>
                    <LinearRing id="177">
                        <coordinates>85.02562419041449,27.848504735711398,0.0 85.02542118269858,27.84850182978487,0.0 85.02542445218194,27.84832138750739,0.0 85.02522144483194,27.84831848130454,0.0 85.0252149051637,27.84867936581031,0.0 85.02562092123642,27.84868517800586,0.0 85.02562419041449,27.848504735711398,0.0</coordinates>
                    </LinearRing>
                </outerBoundaryIs>
            </Polygon>
        </Placemark>
        <Placemark id="183">
            <name>Low</name>
            <styleUrl>#186</styleUrl>
            <Polygon id="182">
                <outerBoundaryIs>
                    <LinearRing id="184">
                        <coordinates>85.02663922944863,27.848519260868308,0.0 85.02663596194861,27.848699703273017,0.0 85.02683897018194,27.8487026074313,0.0 85.02684223734634,27.84852216500455,0.0 85.02663922944863,27.848519260868308,0.0</coordinates>
                    </LinearRing>
                </outerBoundaryIs>
            </Polygon>
        </Placemark>
        <Placemark id="190">
            <name>Low</name>
            <styleUrl>#193</styleUrl>
            <Polygon id="189">
                <outerBoundaryIs>
                    <LinearRing id="191">
                        <coordinates>85.03109562975047,27.849124411591166,0.0 85.03109888992748,27.848943968712195,0.0 85.03089588072308,27.848941070798023,0.0 85.03089262021047,27.849121513655,0.0 85.03109562975047,27.849124411591166,0.0</coordinates>
                    </LinearRing>
                </outerBoundaryIs>
            </Polygon>
        </Placemark>
        <Placemark id="197">
            <name>Low</name>
            <styleUrl>#200</styleUrl>
            <Polygon id="196">
                <outerBoundaryIs>
                    <LinearRing id="198">
                        <coordinates>85.03109562975047,27.849124411591166,0.0 85.03109236954325,27.849304854465057,0.0 85.03129537944912,27.849307752124826,0.0 85.03129863932072,27.849127309228937,0.0 85.03109562975047,27.849124411591166,0.0</coordinates>
                    </LinearRing>
                </outerBoundaryIs>
            </Polygon>
        </Placemark>
        <Placemark id="204">
            <name>Low</name>
            <styleUrl>#207</styleUrl>
            <Polygon id="203">
                <outerBoundaryIs>
                    <LinearRing id="205">
                        <coordinates>85.03169162156915,27.849854875338348,0.0 85.03168836224792,27.85003531825793,0.0 85.03189137358697,27.85003821511045,0.0 85.03189463257257,27.849857772168885,0.0 85.03169162156915,27.849854875338348,0.0</coordinates>
                    </LinearRing>
                </outerBoundaryIs>
            </Polygon>
        </Placemark>
        <Placemark id="211">
            <name>Low</name>
            <styleUrl>#214</styleUrl>
            <Polygon id="210">
                <outerBoundaryIs>
                    <LinearRing id="212">
                        <coordinates>85.04446842078681,27.850758570047176,0.0 85.04446518249104,27.850939014327196,0.0 85.04466819707017,27.850941892467297,0.0 85.0446714350303,27.850761448165436,0.0 85.04446842078681,27.850758570047176,0.0</coordinates>
                    </LinearRing>
                </outerBoundaryIs>
            </Polygon>
        </Placemark>
        <Placemark id="218">
            <name>Low</name>
            <styleUrl>#221</styleUrl>
            <Polygon id="217">
                <outerBoundaryIs>
                    <LinearRing id="219">
                        <coordinates>85.04425892928047,27.85111658014177,0.0 85.04426540657337,27.850755691630496,0.0 85.04406239238995,27.850752812915392,0.0 85.04385289960099,27.851110822325747,0.0 85.04425892928047,27.85111658014177,0.0</coordinates>
                    </LinearRing>
                </outerBoundaryIs>
            </Polygon>
        </Placemark>
        <Placemark id="225">
            <name>Low</name>
            <styleUrl>#228</styleUrl>
            <Polygon id="224">
                <outerBoundaryIs>
                    <LinearRing id="226">
                        <coordinates>85.04015969105083,27.85322427365815,0.0 85.04036270936267,27.853227158349714,0.0 85.04036595476276,27.85304671457295,0.0 85.04016293678663,27.853043829903285,0.0 85.04015969105083,27.85322427365815,0.0</coordinates>
                    </LinearRing>
                </outerBoundaryIs>
            </Polygon>
        </Placemark>
        <Placemark id="232">
            <name>Low</name>
            <styleUrl>#235</styleUrl>
            <Polygon id="231">
                <outerBoundaryIs>
                    <LinearRing id="233">
                        <coordinates>85.03020204395668,27.853623886181943,0.0 85.03040506179751,27.853626785563346,0.0 85.03041158564689,27.85326590018596,0.0 85.03020856847745,27.85326300084856,0.0 85.03020204395668,27.853623886181943,0.0</coordinates>
                    </LinearRing>
                </outerBoundaryIs>
            </Polygon>
        </Placemark>
        <Placemark id="239">
            <name>Low</name>
            <styleUrl>#242</styleUrl>
            <Polygon id="238">
                <outerBoundaryIs>
                    <LinearRing id="240">
                        <coordinates>85.04075901171001,27.853774258268682,0.0 85.04075576686097,27.853954702068943,0.0 85.04095878660588,27.8539575859527,0.0 85.04096203111921,27.85377714213055,0.0 85.04075901171001,27.853774258268682,0.0</coordinates>
                    </LinearRing>
                </outerBoundaryIs>
            </Polygon>
        </Placemark>
        <Placemark id="246">
            <name>Low</name>
            <styleUrl>#249</styleUrl>
            <Polygon id="245">
                <outerBoundaryIs>
                    <LinearRing id="247">
                        <coordinates>85.04135185051766,27.854685128237787,0.0 85.04155487169568,27.85468801131367,0.0 85.04155811532215,27.85450756744616,0.0 85.04135509447984,27.854504684392143,0.0 85.04135185051766,27.854685128237787,0.0</coordinates>
                    </LinearRing>
                </outerBoundaryIs>
            </Polygon>
        </Placemark>
        <Placemark id="253">
            <name>Low</name>
            <styleUrl>#256</styleUrl>
            <Polygon id="252">
                <outerBoundaryIs>
                    <LinearRing id="254">
                        <coordinates>85.04195118509652,27.855235108273426,0.0 85.04215420737195,27.855237990519527,0.0 85.04215745008143,27.855057546601603,0.0 85.04195442814174,27.855054664377377,0.0 85.04195118509652,27.855235108273426,0.0</coordinates>
                    </LinearRing>
                </outerBoundaryIs>
            </Polygon>
        </Placemark>
        <Placemark id="260">
            <name>Low</name>
            <styleUrl>#263</styleUrl>
            <Polygon id="259">
                <outerBoundaryIs>
                    <LinearRing id="261">
                        <coordinates>85.04236047205119,27.855060428527356,0.0 85.04235722967745,27.855240872467157,0.0 85.04256025201299,27.855243754116305,0.0 85.042563494051,27.855063310154634,0.0 85.04236047205119,27.855060428527356,0.0</coordinates>
                    </LinearRing>
                </outerBoundaryIs>
            </Polygon>
        </Placemark>
        <Placemark id="267">
            <name>Low</name>
            <styleUrl>#270</styleUrl>
            <Polygon id="266">
                <outerBoundaryIs>
                    <LinearRing id="268">
                        <coordinates>85.03281195568336,27.855285541183132,0.0 85.03301497693852,27.855288436882464,0.0 85.03301823478604,27.855107993956118,0.0 85.03281521386661,27.85510509827876,0.0 85.03281195568336,27.855285541183132,0.0</coordinates>
                    </LinearRing>
                </outerBoundaryIs>
            </Polygon>
        </Placemark>
        <Placemark id="274">
            <name>Low</name>
            <styleUrl>#277</styleUrl>
            <Polygon id="273">
                <outerBoundaryIs>
                    <LinearRing id="275">
                        <coordinates>85.03362078401464,27.855477565176816,0.0 85.03402682746818,27.855483353933167,0.0 85.03403008366726,27.855302910902047,0.0 85.03362404088519,27.85529712218963,0.0 85.03362078401464,27.855477565176816,0.0</coordinates>
                    </LinearRing>
                </outerBoundaryIs>
            </Polygon>
        </Placemark>
        <Placemark id="281">
            <name>Low</name>
            <styleUrl>#284</styleUrl>
            <Polygon id="280">
                <outerBoundaryIs>
                    <LinearRing id="282">
                        <coordinates>85.03686913502253,27.855523841798444,0.0 85.03686588349359,27.855704285131736,0.0 85.03727192858388,27.855710064380734,0.0 85.03727517944134,27.855529621003583,0.0 85.03686913502253,27.855523841798444,0.0</coordinates>
                    </LinearRing>
                </outerBoundaryIs>
            </Polygon>
        </Placemark>
        <Placemark id="288">
            <name>Low</name>
            <styleUrl>#291</styleUrl>
            <Polygon id="287">
                <outerBoundaryIs>
                    <LinearRing id="289">
                        <coordinates>85.03503868207969,27.855678263736564,0.0 85.03503542749894,27.855858706867323,0.0 85.03523845009336,27.855861599349307,0.0 85.03524170433836,27.855681156196603,0.0 85.03503868207969,27.855678263736564,0.0</coordinates>
                    </LinearRing>
                </outerBoundaryIs>
            </Polygon>
        </Placemark>
        <Placemark id="295">
            <name>Low</name>
            <styleUrl>#298</styleUrl>
            <Polygon id="294">
                <outerBoundaryIs>
                    <LinearRing id="296">
                        <coordinates>85.04171897106957,27.856856220368382,0.0 85.04171572738794,27.857036664191867,0.0 85.04212177862377,27.857042429420034,0.0 85.04212502163386,27.856861985552793,0.0 85.04171897106957,27.856856220368382,0.0</coordinates>
                    </LinearRing>
                </outerBoundaryIs>
            </Polygon>
        </Placemark>
        <Placemark id="302">
            <name>Low</name>
            <styleUrl>#305</styleUrl>
            <Polygon id="301">
                <outerBoundaryIs>
                    <LinearRing id="303">
                        <coordinates>85.04568327041606,27.850956278691452,0.0 85.04608929996445,27.850962031092145,0.0 85.04609253557491,27.850781586637442,0.0 85.04568650669785,27.85077583428041,0.0 85.04568327041606,27.850956278691452,0.0</coordinates>
                    </LinearRing>
                </outerBoundaryIs>
            </Polygon>
        </Placemark>
        <Placemark id="309">
            <name>Low</name>
            <styleUrl>#312</styleUrl>
            <Polygon id="308">
                <outerBoundaryIs>
                    <LinearRing id="310">
                        <coordinates>85.07531417924284,27.85191440951006,0.0 85.07551719935636,27.851917242352364,0.0 85.07552038638192,27.851736794771742,0.0 85.07531736660412,27.85173396195093,0.0 85.07531417924284,27.85191440951006,0.0</coordinates>
                    </LinearRing>
                </outerBoundaryIs>
            </Polygon>
        </Placemark>
        <Placemark id="316">
            <name>Low</name>
            <styleUrl>#319</styleUrl>
            <Polygon id="315">
                <outerBoundaryIs>
                    <LinearRing id="317">
                        <coordinates>85.07673532065778,27.851934233138646,0.0 85.0767321356169,27.852114680843172,0.0 85.07693515627288,27.852117511617774,0.0 85.07693834097805,27.851937063891768,0.0 85.07673532065778,27.851934233138646,0.0</coordinates>
                    </LinearRing>
                </outerBoundaryIs>
            </Polygon>
        </Placemark>
        <Placemark id="323">
            <name>Low</name>
            <styleUrl>#326</styleUrl>
            <Polygon id="322">
                <outerBoundaryIs>
                    <LinearRing id="324">
                        <coordinates>85.04830630458461,27.851895871355847,0.0 85.04850932141197,27.851898743934875,0.0 85.04851255314425,27.85171829924374,0.0 85.0483095366526,27.851715426686518,0.0 85.04830630458461,27.851895871355847,0.0</coordinates>
                    </LinearRing>
                </outerBoundaryIs>
            </Polygon>
        </Placemark>
        <Placemark id="330">
            <name>Low</name>
            <styleUrl>#333</styleUrl>
            <Polygon id="329">
                <outerBoundaryIs>
                    <LinearRing id="331">
                        <coordinates>85.07852431842187,27.854125073612103,0.0 85.07872734303649,27.854127901936675,0.0 85.07873052504476,27.853947454073033,0.0 85.07852750076589,27.853944625769927,0.0 85.07852431842187,27.854125073612103,0.0</coordinates>
                    </LinearRing>
                </outerBoundaryIs>
            </Polygon>
        </Placemark>
        <Placemark id="337">
            <name>Low</name>
            <styleUrl>#340</styleUrl>
            <Polygon id="336">
                <outerBoundaryIs>
                    <LinearRing id="338">
                        <coordinates>85.06715498718121,27.853966211058715,0.0 85.06715178600616,27.85414665769021,0.0 85.06755783262261,27.85415234751388,0.0 85.0675610331262,27.85397190083921,0.0 85.06715498718121,27.853966211058715,0.0</coordinates>
                    </LinearRing>
                </outerBoundaryIs>
            </Polygon>
        </Placemark>
        <Placemark id="344">
            <name>Low</name>
            <styleUrl>#347</styleUrl>
            <Polygon id="343">
                <outerBoundaryIs>
                    <LinearRing id="345">
                        <coordinates>85.08521780364669,27.85457914780541,0.0 85.08542082990468,27.854581966322666,0.0 85.08542400089205,27.85440151776207,0.0 85.08522097496981,27.85439869926621,0.0 85.08521780364669,27.85457914780541,0.0</coordinates>
                    </LinearRing>
                </outerBoundaryIs>
            </Polygon>
        </Placemark>
        <Placemark id="351">
            <name>Low</name>
            <styleUrl>#354</styleUrl>
            <Polygon id="350">
                <outerBoundaryIs>
                    <LinearRing id="352">
                        <coordinates>85.07262704102523,27.854584263984993,0.0 85.07242401628983,27.854581426641346,0.0 85.07221460581363,27.854939483304985,0.0 85.07302989905742,27.854770385018377,0.0 85.07283325762378,27.854406653805082,0.0 85.07263023319453,27.85440381678145,0.0 85.07262704102523,27.854584263984993,0.0</coordinates>
                    </LinearRing>
                </outerBoundaryIs>
            </Polygon>
        </Placemark>
        <Placemark id="358">
            <name>Low</name>
            <styleUrl>#361</styleUrl>
            <Polygon id="357">
                <outerBoundaryIs>
                    <LinearRing id="359">
                        <coordinates>85.07526636527744,27.854621122290055,0.0 85.07526317744332,27.85480156976826,0.0 85.07546620292851,27.85480440295458,0.0 85.07546939042687,27.854623955454873,0.0 85.07526636527744,27.854621122290055,0.0</coordinates>
                    </LinearRing>
                </outerBoundaryIs>
            </Polygon>
        </Placemark>
        <Placemark id="365">
            <name>Low</name>
            <styleUrl>#368</styleUrl>
            <Polygon id="364">
                <outerBoundaryIs>
                    <LinearRing id="366">
                        <coordinates>85.07201158046591,27.854936645321295,0.0 85.07200838720057,27.855117092445052,0.0 85.07221141288403,27.855119930450286,0.0 85.07221460581363,27.854939483304985,0.0 85.07201158046591,27.854936645321295,0.0</coordinates>
                    </LinearRing>
                </outerBoundaryIs>
            </Polygon>
        </Placemark>
        <Placemark id="372">
            <name>Low</name>
            <styleUrl>#375</styleUrl>
            <Polygon id="371">
                <outerBoundaryIs>
                    <LinearRing id="373">
                        <coordinates>85.08276243811339,27.8556279919037,0.0 85.08275926255511,27.85580844015066,0.0 85.08336834740948,27.85581690600245,0.0 85.08337152196043,27.855636457691247,0.0 85.08276243811339,27.8556279919037,0.0</coordinates>
                    </LinearRing>
                </outerBoundaryIs>
            </Polygon>
        </Placemark>
        <Placemark id="379">
            <name>Low</name>
            <styleUrl>#382</styleUrl>
            <Polygon id="378">
                <outerBoundaryIs>
                    <LinearRing id="380">
                        <coordinates>85.07220183391762,27.85566127185584,0.0 85.07199880722686,27.855658433785994,0.0 85.07200200058104,27.855477986677407,0.0 85.07179897425566,27.855475148330598,0.0 85.07179258684619,27.855836042499632,0.0 85.07219864086962,27.85584171898091,0.0 85.07220183391762,27.85566127185584,0.0</coordinates>
                    </LinearRing>
                </outerBoundaryIs>
            </Polygon>
        </Placemark>
        <Placemark id="386">
            <name>Low</name>
            <styleUrl>#389</styleUrl>
            <Polygon id="385">
                <outerBoundaryIs>
                    <LinearRing id="387">
                        <coordinates>85.04702351631192,27.855487519319862,0.0 85.04722653967372,27.855490394125823,0.0 85.04722977401974,27.85530994966688,0.0 85.0470267509937,27.85530707488273,0.0 85.04702351631192,27.855487519319862,0.0</coordinates>
                    </LinearRing>
                </outerBoundaryIs>
            </Polygon>
        </Placemark>
        <Placemark id="393">
            <name>Low</name>
            <styleUrl>#396</styleUrl>
            <Polygon id="392">
                <outerBoundaryIs>
                    <LinearRing id="394">
                        <coordinates>85.07788340961932,27.855921064347054,0.0 85.07788022594342,27.8561015120692,0.0 85.0780832541629,27.856104341525413,0.0 85.07808643750303,27.855923893781796,0.0 85.07788340961932,27.855921064347054,0.0</coordinates>
                    </LinearRing>
                </outerBoundaryIs>
            </Polygon>
        </Placemark>
        <Placemark id="400">
            <name>Low</name>
            <styleUrl>#403</styleUrl>
            <Polygon id="399">
                <outerBoundaryIs>
                    <LinearRing id="401">
                        <coordinates>85.04661099888183,27.855842657584265,0.0 85.04681402285513,27.855845533030838,0.0 85.04681725793263,27.855665088625656,0.0 85.04661423429508,27.855662213200908,0.0 85.04661099888183,27.855842657584265,0.0</coordinates>
                    </LinearRing>
                </outerBoundaryIs>
            </Polygon>
        </Placemark>
        <Placemark id="407">
            <name>Low</name>
            <styleUrl>#410</styleUrl>
            <Polygon id="406">
                <outerBoundaryIs>
                    <LinearRing id="408">
                        <coordinates>85.06325585610654,27.85625789907419,0.0 85.06345888286455,27.856260750065942,0.0 85.06346209043963,27.856080303884223,0.0 85.0632590640174,27.856077452914114,0.0 85.06325585610654,27.85625789907419,0.0</coordinates>
                    </LinearRing>
                </outerBoundaryIs>
            </Polygon>
        </Placemark>
        <Placemark id="414">
            <name>Low</name>
            <styleUrl>#417</styleUrl>
            <Polygon id="413">
                <outerBoundaryIs>
                    <LinearRing id="415">
                        <coordinates>85.0727949536681,27.856572020172123,0.0 85.07279814582715,27.856391573002696,0.0 85.07239528241249,27.856205451051817,0.0 85.07238889678084,27.85656634530961,0.0 85.0727949536681,27.856572020172123,0.0</coordinates>
                    </LinearRing>
                </outerBoundaryIs>
            </Polygon>
        </Placemark>
        <Placemark id="421">
            <name>Low</name>
            <styleUrl>#424</styleUrl>
            <Polygon id="420">
                <outerBoundaryIs>
                    <LinearRing id="422">
                        <coordinates>85.06325585610654,27.85625789907419,0.0 85.06305282937828,27.85625504778394,0.0 85.06284338542572,27.856613088413603,0.0 85.0632494401956,27.856618791379162,0.0 85.06325585610654,27.85625789907419,0.0</coordinates>
                    </LinearRing>
                </outerBoundaryIs>
            </Polygon>
        </Placemark>
        <Placemark id="428">
            <name>Low</name>
            <styleUrl>#431</styleUrl>
            <Polygon id="427">
                <outerBoundaryIs>
                    <LinearRing id="429">
                        <coordinates>85.07258234754754,27.857110524303472,0.0 85.07278537701335,27.857113361650068,0.0 85.07278856926118,27.856932914495815,0.0 85.07258554013117,27.856930077170748,0.0 85.07258234754754,27.857110524303472,0.0</coordinates>
                    </LinearRing>
                </outerBoundaryIs>
            </Polygon>
        </Placemark>
        <Placemark id="435">
            <name>Low</name>
            <styleUrl>#438</styleUrl>
            <Polygon id="434">
                <outerBoundaryIs>
                    <LinearRing id="436">
                        <coordinates>85.07237931811133,27.857107686658356,0.0 85.07237612516231,27.857288133764484,0.0 85.0725791549343,27.857290971431137,0.0 85.07258234754754,27.857110524303472,0.0 85.07237931811133,27.857107686658356,0.0</coordinates>
                    </LinearRing>
                </outerBoundaryIs>
            </Polygon>
        </Placemark>
        <Placemark id="442">
            <name>Low</name>
            <styleUrl>#445</styleUrl>
            <Polygon id="441">
                <outerBoundaryIs>
                    <LinearRing id="443">
                        <coordinates>85.07237293218368,27.85746858086556,0.0 85.07237612516231,27.857288133764484,0.0 85.07217309541991,27.857285295799315,0.0 85.07216990210549,27.857465742878848,0.0 85.07237293218368,27.85746858086556,0.0</coordinates>
                    </LinearRing>
                </outerBoundaryIs>
            </Polygon>
        </Placemark>
        <Placemark id="449">
            <name>Low</name>
            <styleUrl>#452</styleUrl>
            <Polygon id="448">
                <outerBoundaryIs>
                    <LinearRing id="450">
                        <coordinates>85.0620152258716,27.857503908924958,0.0 85.06201843600539,27.857323462930168,0.0 85.06222146459957,27.857326315842823,0.0 85.06222467436783,27.857145869821327,0.0 85.06181861788075,27.857140163740798,0.0 85.06181219697137,27.857501055692133,0.0 85.0620152258716,27.857503908924958,0.0</coordinates>
                    </LinearRing>
                </outerBoundaryIs>
            </Polygon>
        </Placemark>
        <Placemark id="456">
            <name>Low</name>
            <styleUrl>#459</styleUrl>
            <Polygon id="455">
                <outerBoundaryIs>
                    <LinearRing id="457">
                        <coordinates>85.07196367837707,27.857643351646562,0.0 85.07216670876146,27.857646189953332,0.0 85.07216990210549,27.857465742878848,0.0 85.0719668720569,27.85746290459362,0.0 85.07196367837707,27.857643351646562,0.0</coordinates>
                    </LinearRing>
                </outerBoundaryIs>
            </Polygon>
        </Placemark>
        <Placemark id="463">
            <name>Low</name>
            <styleUrl>#466</styleUrl>
            <Polygon id="462">
                <outerBoundaryIs>
                    <LinearRing id="464">
                        <coordinates>85.07196367837707,27.857643351646562,0.0 85.07176064802229,27.85764051304127,0.0 85.07175745397704,27.85782096006761,0.0 85.07196048466763,27.857823798694444,0.0 85.07196367837707,27.857643351646562,0.0</coordinates>
                    </LinearRing>
                </outerBoundaryIs>
            </Polygon>
        </Placemark>
        <Placemark id="470">
            <name>Low</name>
            <styleUrl>#473</styleUrl>
            <Polygon id="469">
                <outerBoundaryIs>
                    <LinearRing id="471">
                        <coordinates>85.07155442331607,27.85781812114225,0.0 85.07155122890542,27.85799856814199,0.0 85.07175425990219,27.85800140708889,0.0 85.07175745397704,27.85782096006761,0.0 85.07155442331607,27.85781812114225,0.0</coordinates>
                    </LinearRing>
                </outerBoundaryIs>
            </Polygon>
        </Placemark>
        <Placemark id="477">
            <name>Low</name>
            <styleUrl>#480</styleUrl>
            <Polygon id="476">
                <outerBoundaryIs>
                    <LinearRing id="478">
                        <coordinates>85.07134500316218,27.858176175869684,0.0 85.07154803446515,27.858179015136663,0.0 85.07155122890542,27.85799856814199,0.0 85.07134819793826,27.857995728896558,0.0 85.07134500316218,27.858176175869684,0.0</coordinates>
                    </LinearRing>
                </outerBoundaryIs>
            </Polygon>
        </Placemark>
        <Placemark id="484">
            <name>Low</name>
            <styleUrl>#487</styleUrl>
            <Polygon id="483">
                <outerBoundaryIs>
                    <LinearRing id="485">
                        <coordinates>85.07134500316218,27.858176175869684,0.0 85.07114197188882,27.858173336304183,0.0 85.07113877674732,27.858353783250703,0.0 85.07134180835648,27.858356622837757,0.0 85.07134500316218,27.858176175869684,0.0</coordinates>
                    </LinearRing>
                </outerBoundaryIs>
            </Polygon>
        </Placemark>
        <Placemark id="491">
            <name>Low</name>
            <styleUrl>#494</styleUrl>
            <Polygon id="490">
                <outerBoundaryIs>
                    <LinearRing id="492">
                        <coordinates>85.05977226794542,27.85801384418461,0.0 85.05976584002235,27.858374735652024,0.0 85.0599688703038,27.858377591978375,0.0 85.05997529755525,27.858016700467616,0.0 85.05977226794542,27.85801384418461,0.0</coordinates>
                    </LinearRing>
                </outerBoundaryIs>
            </Polygon>
        </Placemark>
        <Placemark id="498">
            <name>Low</name>
            <styleUrl>#501</styleUrl>
            <Polygon id="497">
                <outerBoundaryIs>
                    <LinearRing id="499">
                        <coordinates>85.07072312600069,27.8588894438609,0.0 85.07092615855805,27.85889228410968,0.0 85.07093254966081,27.858531390285027,0.0 85.07072951777508,27.85852855007935,0.0 85.07072312600069,27.8588894438609,0.0</coordinates>
                    </LinearRing>
                </outerBoundaryIs>
            </Polygon>
        </Placemark>
        <Placemark id="505">
            <name>Low</name>
            <styleUrl>#508</styleUrl>
            <Polygon id="504">
                <outerBoundaryIs>
                    <LinearRing id="506">
                        <coordinates>85.0703170609748,27.858883762467723,0.0 85.07052009347292,27.85888660331358,0.0 85.07052328971075,27.858706156446893,0.0 85.07032025754846,27.85870331562259,0.0 85.0703170609748,27.858883762467723,0.0</coordinates>
                    </LinearRing>
                </outerBoundaryIs>
            </Polygon>
        </Placemark>
        <Placemark id="512">
            <name>Low</name>
            <styleUrl>#515</styleUrl>
            <Polygon id="511">
                <outerBoundaryIs>
                    <LinearRing id="513">
                        <coordinates>85.06950493127869,27.85887239609889,0.0 85.0695017333321,27.85905284285271,0.0 85.06990779879253,27.85905852667733,0.0 85.06991099606746,27.85887807988038,0.0 85.06950493127869,27.85887239609889,0.0</coordinates>
                    </LinearRing>
                </outerBoundaryIs>
            </Polygon>
        </Placemark>
        <Placemark id="519">
            <name>Low</name>
            <styleUrl>#522</styleUrl>
            <Polygon id="518">
                <outerBoundaryIs>
                    <LinearRing id="520">
                        <coordinates>85.06909566799027,27.85904715783391,0.0 85.0690924693424,27.85922760453954,0.0 85.06929550233431,27.859230447219772,0.0 85.06929870064636,27.85905000049258,0.0 85.06909566799027,27.85904715783391,0.0</coordinates>
                    </LinearRing>
                </outerBoundaryIs>
            </Polygon>
        </Placemark>
        <Placemark id="526">
            <name>Low</name>
            <styleUrl>#529</styleUrl>
            <Polygon id="525">
                <outerBoundaryIs>
                    <LinearRing id="527">
                        <coordinates>85.06787107132118,27.859390988759802,0.0 85.0678774726765,27.859030095612567,0.0 85.06767444022803,27.859027250864116,0.0 85.06746500511062,27.859385298878014,0.0 85.06787107132118,27.859390988759802,0.0</coordinates>
                    </LinearRing>
                </outerBoundaryIs>
            </Polygon>
        </Placemark>
        <Placemark id="533">
            <name>Low</name>
            <styleUrl>#536</styleUrl>
            <Polygon id="532">
                <outerBoundaryIs>
                    <LinearRing id="534">
                        <coordinates>85.06807410447097,27.85939383325288,0.0 85.06827713765041,27.859396677447414,0.0 85.06828033767127,27.85921623083316,0.0 85.06807730482764,27.85921338666021,0.0 85.06807410447097,27.85939383325288,0.0</coordinates>
                    </LinearRing>
                </outerBoundaryIs>
            </Polygon>
        </Placemark>
        <Placemark id="540">
            <name>Low</name>
            <styleUrl>#543</styleUrl>
            <Polygon id="539">
                <outerBoundaryIs>
                    <LinearRing id="541">
                        <coordinates>85.06868320409833,27.85940236494084,0.0 85.06888623736677,27.859405208239743,0.0 85.06888943638013,27.859224761560757,0.0 85.0686864034475,27.859221918283435,0.0 85.06868320409833,27.85940236494084,0.0</coordinates>
                    </LinearRing>
                </outerBoundaryIs>
            </Polygon>
        </Placemark>
        <Placemark id="547">
            <name>Low</name>
            <styleUrl>#550</styleUrl>
            <Polygon id="546">
                <outerBoundaryIs>
                    <LinearRing id="548">
                        <coordinates>85.06764563017194,27.86065126967299,0.0 85.06763922761083,27.861012162685963,0.0 85.06784226375352,27.861015007671867,0.0 85.06784866564293,27.860654114615723,0.0 85.06764563017194,27.86065126967299,0.0</coordinates>
                    </LinearRing>
                </outerBoundaryIs>
            </Polygon>
        </Placemark>
        <Placemark id="554">
            <name>Low</name>
            <styleUrl>#557</styleUrl>
            <Polygon id="553">
                <outerBoundaryIs>
                    <LinearRing id="555">
                        <coordinates>85.08683884586719,27.854782136290797,0.0 85.08704187269606,27.85478495244146,0.0 85.08704820932805,27.854424054983255,0.0 85.08684518317071,27.854421238875336,0.0 85.08683884586719,27.854782136290797,0.0</coordinates>
                    </LinearRing>
                </outerBoundaryIs>
            </Polygon>
        </Placemark>
        <Placemark id="561">
            <name>Low</name>
            <styleUrl>#564</styleUrl>
            <Polygon id="560">
                <outerBoundaryIs>
                    <LinearRing id="562">
                        <coordinates>85.08744475875338,27.85497103261155,0.0 85.08764778600612,27.854973847888086,0.0 85.08765095335887,27.854793399102462,0.0 85.0874479264419,27.85479058384729,0.0 85.08744475875338,27.85497103261155,0.0</coordinates>
                    </LinearRing>
                </outerBoundaryIs>
            </Polygon>
        </Placemark>
        <Placemark id="568">
            <name>Low</name>
            <styleUrl>#571</styleUrl>
            <Polygon id="567">
                <outerBoundaryIs>
                    <LinearRing id="569">
                        <coordinates>85.08784447916615,27.855337560464932,0.0 85.08784131206107,27.85551800925676,0.0 85.08804434037985,27.855520824000376,0.0 85.08804750714916,27.855340375187186,0.0 85.08784447916615,27.855337560464932,0.0</coordinates>
                    </LinearRing>
                </outerBoundaryIs>
            </Polygon>
        </Placemark>
        <Placemark id="575">
            <name>Low</name>
            <styleUrl>#578</styleUrl>
            <Polygon id="574">
                <outerBoundaryIs>
                    <LinearRing id="576">
                        <coordinates>85.08844089863615,27.856067799129463,0.0 85.08864392805035,27.856070613041613,0.0 85.08864709390035,27.855890164179517,0.0 85.08844406482194,27.855887350288718,0.0 85.08844089863615,27.856067799129463,0.0</coordinates>
                    </LinearRing>
                </outerBoundaryIs>
            </Polygon>
        </Placemark>
        <Placemark id="582">
            <name>Low</name>
            <styleUrl>#585</styleUrl>
            <Polygon id="581">
                <outerBoundaryIs>
                    <LinearRing id="583">
                        <coordinates>85.08904682175898,27.856256688870115,0.0 85.089249851597,27.85625950190806,0.0 85.089253016469,27.856079052986967,0.0 85.08904998696677,27.856076239970367,0.0 85.08904682175898,27.856256688870115,0.0</coordinates>
                    </LinearRing>
                </outerBoundaryIs>
            </Polygon>
        </Placemark>
        <Placemark id="589">
            <name>Low</name>
            <styleUrl>#592</styleUrl>
            <Polygon id="588">
                <outerBoundaryIs>
                    <LinearRing id="590">
                        <coordinates>85.11746504669813,27.857008513244207,0.0 85.11746192841618,27.857188965095435,0.0 85.11766496333911,27.85719173640234,0.0 85.11766808128522,27.85701128453007,0.0 85.11746504669813,27.857008513244207,0.0</coordinates>
                    </LinearRing>
                </outerBoundaryIs>
            </Polygon>
        </Placemark>
        <Placemark id="596">
            <name>Low</name>
            <styleUrl>#599</styleUrl>
            <Polygon id="595">
                <outerBoundaryIs>
                    <LinearRing id="597">
                        <coordinates>85.11989212080785,27.857583105265835,0.0 85.12009515674913,27.85758587303216,0.0 85.12009827072303,27.857405420917782,0.0 85.1198952351176,27.857402653172457,0.0 85.11989212080785,27.857583105265835,0.0</coordinates>
                    </LinearRing>
                </outerBoundaryIs>
            </Polygon>
        </Placemark>
        <Placemark id="603">
            <name>Low</name>
            <styleUrl>#606</styleUrl>
            <Polygon id="602">
                <outerBoundaryIs>
                    <LinearRing id="604">
                        <coordinates>85.09024602145307,27.85735625668071,0.0 85.0904490534819,27.85735906805555,0.0 85.09045221651509,27.857178619036734,0.0 85.09024918482207,27.85717580768323,0.0 85.09024602145307,27.85735625668071,0.0</coordinates>
                    </LinearRing>
                </outerBoundaryIs>
            </Polygon>
        </Placemark>
        <Placemark id="610">
            <name>Low</name>
            <styleUrl>#613</styleUrl>
            <Polygon id="609">
                <outerBoundaryIs>
                    <LinearRing id="611">
                        <coordinates>85.11887694153467,27.85756926195591,0.0 85.11887382551686,27.85774971393919,0.0 85.11907686164957,27.857752483219294,0.0 85.11907997733154,27.857572031215003,0.0 85.11887694153467,27.85756926195591,0.0</coordinates>
                    </LinearRing>
                </outerBoundaryIs>
            </Polygon>
        </Placemark>
        <Placemark id="617">
            <name>Low</name>
            <styleUrl>#620</styleUrl>
            <Polygon id="616">
                <outerBoundaryIs>
                    <LinearRing id="618">
                        <coordinates>85.08617587660733,27.857841312172834,0.0 85.08637890905649,27.857844129582443,0.0 85.08638207889399,27.857663681005903,0.0 85.08617904678064,27.857660863617678,0.0 85.08617587660733,27.857841312172834,0.0</coordinates>
                    </LinearRing>
                </outerBoundaryIs>
            </Polygon>
        </Placemark>
        <Placemark id="624">
            <name>Low</name>
            <styleUrl>#627</styleUrl>
            <Polygon id="623">
                <outerBoundaryIs>
                    <LinearRing id="625">
                        <coordinates>85.11297641280197,27.858210629033454,0.0 85.11317944910317,27.858213407034842,0.0 85.11318257461132,27.858032955656036,0.0 85.11297953864593,27.858030177675726,0.0 85.11297641280197,27.858210629033454,0.0</coordinates>
                    </LinearRing>
                </outerBoundaryIs>
            </Polygon>
        </Placemark>
        <Placemark id="631">
            <name>Low</name>
            <styleUrl>#634</styleUrl>
            <Polygon id="630">
                <outerBoundaryIs>
                    <LinearRing id="632">
                        <coordinates>85.11155515950497,27.858191174664118,0.0 85.11155203128112,27.85837162586916,0.0 85.11175506771526,27.858374405981547,0.0 85.11175819560327,27.858193954755404,0.0 85.11155515950497,27.858191174664118,0.0</coordinates>
                    </LinearRing>
                </outerBoundaryIs>
            </Polygon>
        </Placemark>
        <Placemark id="638">
            <name>Low</name>
            <styleUrl>#641</styleUrl>
            <Polygon id="637">
                <outerBoundaryIs>
                    <LinearRing id="639">
                        <coordinates>85.11052119959479,27.859259976250783,0.0 85.11072423756318,27.859262757961503,0.0 85.11072736727546,27.859082306866103,0.0 85.11052432964296,27.859079525176483,0.0 85.11052119959479,27.859259976250783,0.0</coordinates>
                    </LinearRing>
                </outerBoundaryIs>
            </Polygon>
        </Placemark>
        <Placemark id="645">
            <name>Low</name>
            <styleUrl>#648</styleUrl>
            <Polygon id="644">
                <outerBoundaryIs>
                    <LinearRing id="646">
                        <coordinates>85.11010886221827,27.85961531398264,0.0 85.11031190080033,27.859618096332724,0.0 85.1103150312424,27.859437645289635,0.0 85.1101119929962,27.859434862960658,0.0 85.11010886221827,27.85961531398264,0.0</coordinates>
                    </LinearRing>
                </outerBoundaryIs>
            </Polygon>
        </Placemark>
        <Placemark id="652">
            <name>Low</name>
            <styleUrl>#655</styleUrl>
            <Polygon id="651">
                <outerBoundaryIs>
                    <LinearRing id="653">
                        <coordinates>85.11030877032925,27.85979854737077,0.0 85.1105118092762,27.859801329443393,0.0 85.11051493941142,27.85962087838423,0.0 85.11031190080033,27.859618096332724,0.0 85.11030877032925,27.85979854737077,0.0</coordinates>
                    </LinearRing>
                </outerBoundaryIs>
            </Polygon>
        </Placemark>
        <Placemark id="659">
            <name>Low</name>
            <styleUrl>#662</styleUrl>
            <Polygon id="658">
                <outerBoundaryIs>
                    <LinearRing id="660">
                        <coordinates>85.10624486027127,27.85992329382789,0.0 85.10644789897307,27.859926081893157,0.0 85.1064447620624,27.860106532519566,0.0 85.106850840225,27.860112107796684,0.0 85.10685397646394,27.859931657127962,0.0 85.10645103585469,27.8597456312617,0.0 85.10645730953065,27.859384729983642,0.0 85.10625427183643,27.859381941981844,0.0 85.10624486027127,27.85992329382789,0.0</coordinates>
                    </LinearRing>
                </outerBoundaryIs>
            </Polygon>
        </Placemark>
        <Placemark id="666">
            <name>Low</name>
            <styleUrl>#669</styleUrl>
            <Polygon id="665">
                <outerBoundaryIs>
                    <LinearRing id="667">
                        <coordinates>85.11050867911197,27.859981780497506,0.0 85.11071171842381,27.85998456229266,0.0 85.11071484825217,27.859804111217436,0.0 85.1105118092762,27.859801329443393,0.0 85.11050867911197,27.859981780497506,0.0</coordinates>
                    </LinearRing>
                </outerBoundaryIs>
            </Polygon>
        </Placemark>
        <Placemark id="673">
            <name>Low</name>
            <styleUrl>#676</styleUrl>
            <Polygon id="672">
                <outerBoundaryIs>
                    <LinearRing id="674">
                        <coordinates>85.11071171842381,27.85998456229266,0.0 85.11070858856644,27.860165013362835,0.0 85.11091162824317,27.860167794880518,0.0 85.11091475776468,27.859987343789236,0.0 85.11071171842381,27.85998456229266,0.0</coordinates>
                    </LinearRing>
                </outerBoundaryIs>
            </Polygon>
        </Placemark>
        <Placemark id="680">
            <name>Low</name>
            <styleUrl>#683</styleUrl>
            <Polygon id="679">
                <outerBoundaryIs>
                    <LinearRing id="681">
                        <coordinates>85.11151449033265,27.860537039936112,0.0 85.11151136173177,27.860717491075558,0.0 85.11171440253217,27.860720271462213,0.0 85.11171753079716,27.860539820301664,0.0 85.11151449033265,27.860537039936112,0.0</coordinates>
                    </LinearRing>
                </outerBoundaryIs>
            </Polygon>
        </Placemark>
        <Placemark id="687">
            <name>Low</name>
            <styleUrl>#690</styleUrl>
            <Polygon id="686">
                <outerBoundaryIs>
                    <LinearRing id="688">
                        <coordinates>85.10988703637294,27.86069523723318,0.0 85.10988390505595,27.860875688198718,0.0 85.11008694596012,27.86087847099519,0.0 85.11009007694122,27.86069802000853,0.0 85.10988703637294,27.86069523723318,0.0</coordinates>
                    </LinearRing>
                </outerBoundaryIs>
            </Polygon>
        </Placemark>
        <Placemark id="694">
            <name>Low</name>
            <styleUrl>#697</styleUrl>
            <Polygon id="693">
                <outerBoundaryIs>
                    <LinearRing id="695">
                        <coordinates>85.11028685621909,27.861061704495786,0.0 85.11069293884434,27.861067268638,0.0 85.11069606884679,27.860886817593062,0.0 85.11028998689332,27.860881253493073,0.0 85.11028685621909,27.861061704495786,0.0</coordinates>
                    </LinearRing>
                </outerBoundaryIs>
            </Polygon>
        </Placemark>
        <Placemark id="701">
            <name>Low</name>
            <styleUrl>#704</styleUrl>
            <Polygon id="700">
                <outerBoundaryIs>
                    <LinearRing id="702">
                        <coordinates>85.1096777324989,27.86105335604303,0.0 85.10988077370993,27.861056139159206,0.0 85.10988390505595,27.860875688198718,0.0 85.1096808641808,27.860872905103662,0.0 85.1096777324989,27.86105335604303,0.0</coordinates>
                    </LinearRing>
                </outerBoundaryIs>
            </Polygon>
        </Placemark>
        <Placemark id="708">
            <name>Low</name>
            <styleUrl>#711</styleUrl>
            <Polygon id="707">
                <outerBoundaryIs>
                    <LinearRing id="709">
                        <coordinates>85.09668630869284,27.86069416596182,0.0 85.09668315551451,27.86087461554491,0.0 85.0970892342372,27.860880219697716,0.0 85.09709238674378,27.860699770072102,0.0 85.09668630869284,27.86069416596182,0.0</coordinates>
                    </LinearRing>
                </outerBoundaryIs>
            </Polygon>
        </Placemark>
        <Placemark id="715">
            <name>Low</name>
            <styleUrl>#718</styleUrl>
            <Polygon id="714">
                <outerBoundaryIs>
                    <LinearRing id="716">
                        <coordinates>85.09525241414211,27.861396339877036,0.0 85.09565849447075,27.86140194833764,0.0 85.0956616494162,27.861221498876056,0.0 85.09525556975933,27.86121589045801,0.0 85.09525241414211,27.861396339877036,0.0</coordinates>
                    </LinearRing>
                </outerBoundaryIs>
            </Polygon>
        </Placemark>
        <Placemark id="722">
            <name>Low</name>
            <styleUrl>#725</styleUrl>
            <Polygon id="721">
                <outerBoundaryIs>
                    <LinearRing id="723">
                        <coordinates>85.11209859025548,27.861988989617597,0.0 85.11230163349417,27.86199176925613,0.0 85.11230476095444,27.861811318067627,0.0 85.11210171805168,27.86180853845019,0.0 85.11209859025548,27.861988989617597,0.0</coordinates>
                    </LinearRing>
                </outerBoundaryIs>
            </Polygon>
        </Placemark>
        <Placemark id="729">
            <name>Low</name>
            <styleUrl>#732</styleUrl>
            <Polygon id="728">
                <outerBoundaryIs>
                    <LinearRing id="730">
                        <coordinates>85.09137252204614,27.862606142892005,0.0 85.09136935981267,27.862786591865877,0.0 85.09157240209318,27.862789402089174,0.0 85.09157556399073,27.86260895309398,0.0 85.09137252204614,27.862606142892005,0.0</coordinates>
                    </LinearRing>
                </outerBoundaryIs>
            </Polygon>
        </Placemark>
        <Placemark id="736">
            <name>Low</name>
            <styleUrl>#739</styleUrl>
            <Polygon id="735">
                <outerBoundaryIs>
                    <LinearRing id="737">
                        <coordinates>85.0940089117445,27.862823101477737,0.0 85.09441499709637,27.86282871386205,0.0 85.09441815429123,27.862648264568573,0.0 85.09401206961118,27.862642652226842,0.0 85.0940089117445,27.862823101477737,0.0</coordinates>
                    </LinearRing>
                </outerBoundaryIs>
            </Polygon>
        </Placemark>
        <Placemark id="743">
            <name>Low</name>
            <styleUrl>#746</styleUrl>
            <Polygon id="742">
                <outerBoundaryIs>
                    <LinearRing id="744">
                        <coordinates>85.09075390657677,27.863139057208997,0.0 85.09095694944114,27.86314186837075,0.0 85.09096011240503,27.86296141944964,0.0 85.09075706987659,27.862958608309214,0.0 85.09075390657677,27.863139057208997,0.0</coordinates>
                    </LinearRing>
                </outerBoundaryIs>
            </Polygon>
        </Placemark>
        <Placemark id="750">
            <name>Low</name>
            <styleUrl>#753</styleUrl>
            <Polygon id="749">
                <outerBoundaryIs>
                    <LinearRing id="751">
                        <coordinates>85.11366355440205,27.86543979279172,0.0 85.11366042871366,27.865620244026886,0.0 85.11386347890301,27.86562302169805,0.0 85.11386660425542,27.865442570441807,0.0 85.11366355440205,27.86543979279172,0.0</coordinates>
                    </LinearRing>
                </outerBoundaryIs>
            </Polygon>
        </Placemark>
        <Placemark id="757">
            <name>Low</name>
            <styleUrl>#760</styleUrl>
            <Polygon id="756">
                <outerBoundaryIs>
                    <LinearRing id="758">
                        <coordinates>85.11425708035705,27.8663503812875,0.0 85.11425395553175,27.866530832560656,0.0 85.11445700748789,27.866533609441205,0.0 85.11446013197721,27.866353158146985,0.0 85.11425708035705,27.8663503812875,0.0</coordinates>
                    </LinearRing>
                </outerBoundaryIs>
            </Polygon>
        </Placemark>
        <Placemark id="764">
            <name>Low</name>
            <styleUrl>#767</styleUrl>
            <Polygon id="763">
                <outerBoundaryIs>
                    <LinearRing id="765">
                        <coordinates>85.11523485909225,27.86852967880697,0.0 85.11523173559945,27.86871013012489,0.0 85.1154347917325,27.868712905764813,0.0 85.11543791488926,27.868532454425832,0.0 85.11523485909225,27.86852967880697,0.0</coordinates>
                    </LinearRing>
                </outerBoundaryIs>
            </Polygon>
        </Placemark>
        <Placemark id="771">
            <name>Low</name>
            <styleUrl>#774</styleUrl>
            <Polygon id="770">
                <outerBoundaryIs>
                    <LinearRing id="772">
                        <coordinates>85.11563784789446,27.868715681106046,0.0 85.11584090408539,27.86871845614859,0.0 85.1158440265701,27.868538004767494,0.0 85.1156409707152,27.86853522974601,0.0 85.11563784789446,27.868715681106046,0.0</coordinates>
                    </LinearRing>
                </outerBoundaryIs>
            </Polygon>
        </Placemark>
        <Placemark id="778">
            <name>Low</name>
            <styleUrl>#781</styleUrl>
            <Polygon id="777">
                <outerBoundaryIs>
                    <LinearRing id="779">
                        <coordinates>85.11536295113628,27.87286328516872,0.0 85.1155660150277,27.87286606099424,0.0 85.11557226197189,27.872505158501237,0.0 85.11536919875266,27.872502382717833,0.0 85.11536295113628,27.87286328516872,0.0</coordinates>
                    </LinearRing>
                </outerBoundaryIs>
            </Polygon>
        </Placemark>
        <Placemark id="785">
            <name>Low</name>
            <styleUrl>#788</styleUrl>
            <Polygon id="784">
                <outerBoundaryIs>
                    <LinearRing id="786">
                        <coordinates>85.11454757066419,27.873032630012816,0.0 85.11454132018525,27.873393532264927,0.0 85.11474438496913,27.873396309348614,0.0 85.11475063477586,27.873035407054378,0.0 85.11454757066419,27.873032630012816,0.0</coordinates>
                    </LinearRing>
                </outerBoundaryIs>
            </Polygon>
        </Placemark>
        <Placemark id="792">
            <name>Low</name>
            <styleUrl>#795</styleUrl>
            <Polygon id="791">
                <outerBoundaryIs>
                    <LinearRing id="793">
                        <coordinates>85.11958989550317,27.875086934350723,0.0 85.11979296403537,27.875089704154725,0.0 85.1197960808105,27.874909252529605,0.0 85.11959301261444,27.874906482746617,0.0 85.11958989550317,27.875086934350723,0.0</coordinates>
                    </LinearRing>
                </outerBoundaryIs>
            </Polygon>
        </Placemark>
        <Placemark id="799">
            <name>Low</name>
            <styleUrl>#802</styleUrl>
            <Polygon id="798">
                <outerBoundaryIs>
                    <LinearRing id="800">
                        <coordinates>85.12059900750522,27.87546168378614,0.0 85.12080207685412,27.87546445213827,0.0 85.12080519200632,27.875284000418223,0.0 85.12060212299356,27.875281232087094,0.0 85.12059900750522,27.87546168378614,0.0</coordinates>
                    </LinearRing>
                </outerBoundaryIs>
            </Polygon>
        </Placemark>
        <Placemark id="806">
            <name>Low</name>
            <styleUrl>#809</styleUrl>
            <Polygon id="805">
                <outerBoundaryIs>
                    <LinearRing id="807">
                        <coordinates>85.12394662984237,27.85799930887777,0.0 85.12394352216297,27.858179761375656,0.0 85.12414655968855,27.858182523233747,0.0 85.12414966703211,27.8580020707149,0.0 85.12394662984237,27.85799930887777,0.0</coordinates>
                    </LinearRing>
                </outerBoundaryIs>
            </Polygon>
        </Placemark>
        <Placemark id="813">
            <name>Low</name>
            <styleUrl>#816</styleUrl>
            <Polygon id="812">
                <outerBoundaryIs>
                    <LinearRing id="814">
                        <coordinates>85.12231611260061,27.85833810808777,0.0 85.1225191502315,27.85834087235535,0.0 85.12252226029068,27.85816042000926,0.0 85.12231922299564,27.858157655762668,0.0 85.12231611260061,27.85833810808777,0.0</coordinates>
                    </LinearRing>
                </outerBoundaryIs>
            </Polygon>
        </Placemark>
        <Placemark id="820">
            <name>Low</name>
            <styleUrl>#823</styleUrl>
            <Polygon id="819">
                <outerBoundaryIs>
                    <LinearRing id="821">
                        <coordinates>85.12149462697711,27.858868404725094,0.0 85.1216976655002,27.85887117024988,0.0 85.12170077698931,27.858690718002855,0.0 85.12149773880209,27.85868795249905,0.0 85.12149462697711,27.858868404725094,0.0</coordinates>
                    </LinearRing>
                </outerBoundaryIs>
            </Polygon>
        </Placemark>
        <Placemark id="827">
            <name>Low</name>
            <styleUrl>#830</styleUrl>
            <Polygon id="826">
                <outerBoundaryIs>
                    <LinearRing id="828">
                        <coordinates>85.12454331463782,27.858729403706274,0.0 85.12454020785076,27.858909856246864,0.0 85.12474324680619,27.858912617293072,0.0 85.1247463532574,27.85873216473152,0.0 85.12454331463782,27.858729403706274,0.0</coordinates>
                    </LinearRing>
                </outerBoundaryIs>
            </Polygon>
        </Placemark>
        <Placemark id="834">
            <name>Low</name>
            <styleUrl>#837</styleUrl>
            <Polygon id="833">
                <outerBoundaryIs>
                    <LinearRing id="835">
                        <coordinates>85.12413413002629,27.85890433325874,0.0 85.12413102253869,27.85908478575238,0.0 85.12433406177239,27.859087547416692,0.0 85.12433716892411,27.858907094902086,0.0 85.12413413002629,27.85890433325874,0.0</coordinates>
                    </LinearRing>
                </outerBoundaryIs>
            </Polygon>
        </Placemark>
        <Placemark id="841">
            <name>Low</name>
            <styleUrl>#844</styleUrl>
            <Polygon id="840">
                <outerBoundaryIs>
                    <LinearRing id="842">
                        <coordinates>85.12323268896883,27.875858552987616,0.0 85.12343575936515,27.875861317497545,0.0 85.12343887020509,27.87568086551481,0.0 85.12323580014493,27.875678101025844,0.0 85.12323268896883,27.875858552987616,0.0</coordinates>
                    </LinearRing>
                </outerBoundaryIs>
            </Polygon>
        </Placemark>
        <Placemark id="848">
            <name>Low</name>
            <styleUrl>#851</styleUrl>
            <Polygon id="847">
                <outerBoundaryIs>
                    <LinearRing id="849">
                        <coordinates>85.12343264849636,27.87604176947524,0.0 85.12363571925768,27.876044533707347,0.0 85.12363882979031,27.875864081708688,0.0 85.12343575936515,27.875861317497545,0.0 85.12343264849636,27.87604176947524,0.0</coordinates>
                    </LinearRing>
                </outerBoundaryIs>
            </Polygon>
        </Placemark>
        <Placemark id="855">
            <name>Low</name>
            <styleUrl>#858</styleUrl>
            <Polygon id="854">
                <outerBoundaryIs>
                    <LinearRing id="856">
                        <coordinates>85.12382945928546,27.87658865366929,0.0 85.12403253111293,27.87659141736671,0.0 85.1240356410597,27.876410965341258,0.0 85.1238325695684,27.87640820166479,0.0 85.12382945928546,27.87658865366929,0.0</coordinates>
                    </LinearRing>
                </outerBoundaryIs>
            </Polygon>
        </Placemark>
        <Placemark id="862">
            <name>Low</name>
            <styleUrl>#865</styleUrl>
            <Polygon id="861">
                <outerBoundaryIs>
                    <LinearRing id="863">
                        <coordinates>85.12422627396445,27.877135536874338,0.0 85.12422316423856,27.877315988900584,0.0 85.12442623746837,27.877318752084257,0.0 85.124432456219,27.876957847984805,0.0 85.12422938366153,27.876955084843054,0.0 85.12423560296922,27.876594180765345,0.0 85.12403253111293,27.87659141736671,0.0 85.12402320109965,27.87713277341282,0.0 85.12422627396445,27.877135536874338,0.0</coordinates>
                    </LinearRing>
                </outerBoundaryIs>
            </Polygon>
        </Placemark>
        <Placemark id="869">
            <name>Low</name>
            <styleUrl>#872</styleUrl>
            <Polygon id="868">
                <outerBoundaryIs>
                    <LinearRing id="870">
                        <coordinates>85.12803500700188,27.880075224050614,0.0 85.12823808582188,27.880077981870723,0.0 85.12824118925555,27.879897529501367,0.0 85.12803811077178,27.87989477170218,0.0 85.12803500700188,27.880075224050614,0.0</coordinates>
                    </LinearRing>
                </outerBoundaryIs>
            </Polygon>
        </Placemark>
        <Placemark id="876">
            <name>Low</name>
            <styleUrl>#879</styleUrl>
            <Polygon id="875">
                <outerBoundaryIs>
                    <LinearRing id="877">
                        <coordinates>85.1286163174031,27.881707568088093,0.0 85.1288193993356,27.881710325199865,0.0 85.12882250201937,27.88152987281316,0.0 85.12861942042314,27.881527115722296,0.0 85.1286163174031,27.881707568088093,0.0</coordinates>
                    </LinearRing>
                </outerBoundaryIs>
            </Polygon>
        </Placemark>
        <Placemark id="883">
            <name>Low</name>
            <styleUrl>#886</styleUrl>
            <Polygon id="882">
                <outerBoundaryIs>
                    <LinearRing id="884">
                        <coordinates>85.13021616999399,27.883173236696717,0.0 85.1302130694054,27.883353689184354,0.0 85.13041615459436,27.88335644409326,0.0 85.1304223550702,27.882995539071164,0.0 85.13001928693356,27.882809576561225,0.0 85.13001308517005,27.883170481509826,0.0 85.13021616999399,27.883173236696717,0.0</coordinates>
                    </LinearRing>
                </outerBoundaryIs>
            </Polygon>
        </Placemark>
        <Placemark id="890">
            <name>Low</name>
            <styleUrl>#893</styleUrl>
            <Polygon id="889">
                <outerBoundaryIs>
                    <LinearRing id="891">
                        <coordinates>85.12876664931152,27.88477801500225,0.0 85.12896973698966,27.88478077217062,0.0 85.128972839826,27.884600319848737,0.0 85.12876975248416,27.884597562701277,0.0 85.12876664931152,27.88477801500225,0.0</coordinates>
                    </LinearRing>
                </outerBoundaryIs>
            </Polygon>
        </Placemark>
        <Placemark id="897">
            <name>Low</name>
            <styleUrl>#900</styleUrl>
            <Polygon id="896">
                <outerBoundaryIs>
                    <LinearRing id="898">
                        <coordinates>85.13580053290262,27.889205209290605,0.0 85.13539433947783,27.88919971398035,0.0 85.13539124668712,27.889380166844113,0.0 85.13579434863814,27.88956611509642,0.0 85.13580053290262,27.889205209290605,0.0</coordinates>
                    </LinearRing>
                </outerBoundaryIs>
            </Polygon>
        </Placemark>
        <Placemark id="904">
            <name>Low</name>
            <styleUrl>#907</styleUrl>
            <Polygon id="903">
                <outerBoundaryIs>
                    <LinearRing id="905">
                        <coordinates>85.13821607868869,27.89050132802032,0.0 85.13821299040723,27.890681781140298,0.0 85.13841609019752,27.89068452492588,0.0 85.13841917814254,27.8905040717851,0.0 85.13821607868869,27.89050132802032,0.0</coordinates>
                    </LinearRing>
                </outerBoundaryIs>
            </Polygon>
        </Placemark>
        <Placemark id="911">
            <name>Low</name>
            <styleUrl>#914</styleUrl>
            <Polygon id="910">
                <outerBoundaryIs>
                    <LinearRing id="912">
                        <coordinates>85.13836976758796,27.89339132143275,0.0 85.13836667918504,27.893571774492877,0.0 85.13856978438713,27.893574518312334,0.0 85.13857287245358,27.893394065231398,0.0 85.13836976758796,27.89339132143275,0.0</coordinates>
                    </LinearRing>
                </outerBoundaryIs>
            </Polygon>
        </Placemark>
        <Placemark id="918">
            <name>Low</name>
            <styleUrl>#921</styleUrl>
            <Polygon id="917">
                <outerBoundaryIs>
                    <LinearRing id="919">
                        <coordinates>85.13917601307944,27.893763201114897,0.0 85.1391729259652,27.893943654248137,0.0 85.13937603195467,27.893946396913115,0.0 85.13937911873245,27.89376594375907,0.0 85.13917601307944,27.893763201114897,0.0</coordinates>
                    </LinearRing>
                </outerBoundaryIs>
            </Polygon>
        </Placemark>
        <Placemark id="925">
            <name>Low</name>
            <styleUrl>#928</styleUrl>
            <Polygon id="924">
                <outerBoundaryIs>
                    <LinearRing id="926">
                        <coordinates>85.1379203082755,27.895912174738825,0.0 85.13812341779476,27.895914919426843,0.0 85.13812650690626,27.895734466453053,0.0 85.13792339772351,27.895731721785854,0.0 85.1379203082755,27.895912174738825,0.0</coordinates>
                    </LinearRing>
                </outerBoundaryIs>
            </Polygon>
        </Placemark>
        <Placemark id="932">
            <name>Low</name>
            <styleUrl>#935</styleUrl>
            <Polygon id="931">
                <outerBoundaryIs>
                    <LinearRing id="933">
                        <coordinates>85.1368058298052,27.901672935315386,0.0 85.1370089499513,27.90167568216493,0.0 85.13701204166196,27.901495229456568,0.0 85.13680892185249,27.901492482627848,0.0 85.1368058298052,27.901672935315386,0.0</coordinates>
                    </LinearRing>
                </outerBoundaryIs>
            </Polygon>
        </Placemark>
        <Placemark id="939">
            <name>Low</name>
            <styleUrl>#942</styleUrl>
            <Polygon id="938">
                <outerBoundaryIs>
                    <LinearRing id="940">
                        <coordinates>85.13820295287063,27.9031357794652,0.0 85.13819986292195,27.90331623225307,0.0 85.13840298629816,27.903318977196047,0.0 85.13840607591018,27.90313852438737,0.0 85.13820295287063,27.9031357794652,0.0</coordinates>
                    </LinearRing>
                </outerBoundaryIs>
            </Polygon>
        </Placemark>
        <Placemark id="946">
            <name>Low</name>
            <styleUrl>#949</styleUrl>
            <Polygon id="945">
                <outerBoundaryIs>
                    <LinearRing id="947">
                        <coordinates>85.13799364926044,27.903493939772964,0.0 85.13819677294465,27.90349668503589,0.0 85.13819986292195,27.90331623225307,0.0 85.13799673957438,27.903313487010948,0.0 85.13799364926044,27.903493939772964,0.0</coordinates>
                    </LinearRing>
                </outerBoundaryIs>
            </Polygon>
        </Placemark>
        <Placemark id="953">
            <name>Low</name>
            <styleUrl>#956</styleUrl>
            <Polygon id="952">
                <outerBoundaryIs>
                    <LinearRing id="954">
                        <coordinates>85.13758121991754,27.903849353775342,0.0 85.13778434421776,27.90385209967818,0.0 85.13778743492564,27.903671646947057,0.0 85.13758431096204,27.903668901065036,0.0 85.13758121991754,27.903849353775342,0.0</coordinates>
                    </LinearRing>
                </outerBoundaryIs>
            </Polygon>
        </Placemark>
        <Placemark id="960">
            <name>Low</name>
            <styleUrl>#963</styleUrl>
            <Polygon id="959">
                <outerBoundaryIs>
                    <LinearRing id="961">
                        <coordinates>85.13757812884438,27.9040298064806,0.0 85.1375750377426,27.90421025918082,0.0 85.13777816271613,27.9042130051253,0.0 85.13778125348128,27.90403255240426,0.0 85.13757812884438,27.9040298064806,0.0</coordinates>
                    </LinearRing>
                </outerBoundaryIs>
            </Polygon>
        </Placemark>
        <Placemark id="967">
            <name>Low</name>
            <styleUrl>#970</styleUrl>
            <Polygon id="966">
                <outerBoundaryIs>
                    <LinearRing id="968">
                        <coordinates>85.13920003833267,27.904232218360367,0.0 85.13899691315872,27.90422947450995,0.0 85.13899073558247,27.90459038018658,0.0 85.13939698730562,27.904595867671446,0.0 85.13940007543474,27.90441541479405,0.0 85.13960320100257,27.904418158066957,0.0 85.13940625160711,27.904054509024153,0.0 85.13920312674121,27.904051765493687,0.0 85.13920003833267,27.904232218360367,0.0</coordinates>
                    </LinearRing>
                </outerBoundaryIs>
            </Polygon>
        </Placemark>
        <Placemark id="974">
            <name>Low</name>
            <styleUrl>#977</styleUrl>
            <Polygon id="973">
                <outerBoundaryIs>
                    <LinearRing id="975">
                        <coordinates>85.13834118804556,27.906928032310688,0.0 85.13854431818385,27.90693077737065,0.0 85.13854740803176,27.906750324642022,0.0 85.13834427823016,27.906747579602865,0.0 85.13834118804556,27.906928032310688,0.0</coordinates>
                    </LinearRing>
                </outerBoundaryIs>
            </Polygon>
        </Placemark>
        <Placemark id="981">
            <name>Low</name>
            <styleUrl>#984</styleUrl>
            <Polygon id="980">
                <outerBoundaryIs>
                    <LinearRing id="982">
                        <coordinates>85.13751939301255,27.907458406922466,0.0 85.13751630136655,27.90763885952686,0.0 85.13771943273714,27.90764160586683,0.0 85.13772252404642,27.90746115324161,0.0 85.13751939301255,27.907458406922466,0.0</coordinates>
                    </LinearRing>
                </outerBoundaryIs>
            </Polygon>
        </Placemark>
        <Placemark id="988">
            <name>Low</name>
            <styleUrl>#991</styleUrl>
            <Polygon id="987">
                <outerBoundaryIs>
                    <LinearRing id="989">
                        <coordinates>85.13645733531986,27.910151457813594,0.0 85.13645424156034,27.91033191023823,0.0 85.13665737783876,27.910334658386578,0.0 85.13666047126151,27.910154205941122,0.0 85.13645733531986,27.910151457813594,0.0</coordinates>
                    </LinearRing>
                </outerBoundaryIs>
            </Polygon>
        </Placemark>
        <Placemark id="995">
            <name>Low</name>
            <styleUrl>#998</styleUrl>
            <Polygon id="994">
                <outerBoundaryIs>
                    <LinearRing id="996">
                        <coordinates>85.13624801118567,27.910509614189404,0.0 85.13624491703207,27.910690066583125,0.0 85.13644805395536,27.910692815072363,0.0 85.13645114777219,27.910512362657812,0.0 85.13624801118567,27.910509614189404,0.0</coordinates>
                    </LinearRing>
                </outerBoundaryIs>
            </Polygon>
        </Placemark>
        <Placemark id="1002">
            <name>Low</name>
            <styleUrl>#1005</styleUrl>
            <Polygon id="1001">
                <outerBoundaryIs>
                    <LinearRing id="1003">
                        <coordinates>85.13581697867876,27.91194773503003,0.0 85.13602011790216,27.911950484263578,0.0 85.13602321259322,27.911770031926007,0.0 85.13582007370661,27.911767282713292,0.0 85.13581697867876,27.91194773503003,0.0</coordinates>
                    </LinearRing>
                </outerBoundaryIs>
            </Polygon>
        </Placemark>
        <Placemark id="1009">
            <name>Low</name>
            <styleUrl>#1012</styleUrl>
            <Polygon id="1008">
                <outerBoundaryIs>
                    <LinearRing id="1010">
                        <coordinates>85.13879917392931,27.91577844615707,0.0 85.13900232065578,27.91578119133876,0.0 85.13900541089616,27.91560073879484,0.0 85.13880226450655,27.91559799363395,0.0 85.13879917392931,27.91577844615707,0.0</coordinates>
                    </LinearRing>
                </outerBoundaryIs>
            </Polygon>
        </Placemark>
        <Placemark id="1016">
            <name>Low</name>
            <styleUrl>#1019</styleUrl>
            <Polygon id="1015">
                <outerBoundaryIs>
                    <LinearRing id="1017">
                        <coordinates>85.14242188784567,27.917812795171717,0.0 85.14241880298896,27.917993248008436,0.0 85.14262195427283,27.917995988051914,0.0 85.14262503879264,27.917815535194425,0.0 85.14242188784567,27.917812795171717,0.0</coordinates>
                    </LinearRing>
                </outerBoundaryIs>
            </Polygon>
        </Placemark>
        <Placemark id="1023">
            <name>Low</name>
            <styleUrl>#1026</styleUrl>
            <Polygon id="1022">
                <outerBoundaryIs>
                    <LinearRing id="1024">
                        <coordinates>85.1369275411455,27.918280058224923,0.0 85.13733384354407,27.91828555425938,0.0 85.13733693688047,27.918105101952566,0.0 85.13713378600374,27.918102354105823,0.0 85.13713687964838,27.917921901814786,0.0 85.13673057865472,27.917916405264975,0.0 85.1369275411455,27.918280058224923,0.0</coordinates>
                    </LinearRing>
                </outerBoundaryIs>
            </Polygon>
        </Placemark>
        <Placemark id="1030">
            <name>Low</name>
            <styleUrl>#1033</styleUrl>
            <Polygon id="1029">
                <outerBoundaryIs>
                    <LinearRing id="1031">
                        <coordinates>85.14136909315792,27.919964523029876,0.0 85.14157224800492,27.91996726479851,0.0 85.14157533452374,27.91978681210034,0.0 85.14137218001365,27.919784070352485,0.0 85.14136909315792,27.919964523029876,0.0</coordinates>
                    </LinearRing>
                </outerBoundaryIs>
            </Polygon>
        </Placemark>
        <Placemark id="1037">
            <name>Low</name>
            <styleUrl>#1040</styleUrl>
            <Polygon id="1036">
                <outerBoundaryIs>
                    <LinearRing id="1038">
                        <coordinates>85.14157224800492,27.91996726479851,0.0 85.14156916145751,27.920147717491638,0.0 85.14177231667006,27.9201504589817,0.0 85.14177540288054,27.91997000626779,0.0 85.14157224800492,27.91996726479851,0.0</coordinates>
                    </LinearRing>
                </outerBoundaryIs>
            </Polygon>
        </Placemark>
        <Placemark id="1044">
            <name>Low</name>
            <styleUrl>#1047</styleUrl>
            <Polygon id="1043">
                <outerBoundaryIs>
                    <LinearRing id="1045">
                        <coordinates>85.13626546802054,27.921339498601913,0.0 85.13646862484724,27.92134224802094,0.0 85.13647172001863,27.921161795883194,0.0 85.1362685635289,27.921159046485005,0.0 85.13626546802054,27.921339498601913,0.0</coordinates>
                    </LinearRing>
                </outerBoundaryIs>
            </Polygon>
        </Placemark>
        <Placemark id="1051">
            <name>Low</name>
            <styleUrl>#1054</styleUrl>
            <Polygon id="1050">
                <outerBoundaryIs>
                    <LinearRing id="1052">
                        <coordinates>85.1356498045881,27.921692152642333,0.0 85.13605611944591,27.92169765306055,0.0 85.13605921534857,27.921517200974566,0.0 85.13565290116465,27.92151170059803,0.0 85.1356498045881,27.921692152642333,0.0</coordinates>
                    </LinearRing>
                </outerBoundaryIs>
            </Polygon>
        </Placemark>
        <Placemark id="1058">
            <name>Low</name>
            <styleUrl>#1061</styleUrl>
            <Polygon id="1057">
                <outerBoundaryIs>
                    <LinearRing id="1059">
                        <coordinates>85.14362537949387,27.918731495574043,0.0 85.14362229651574,27.9189119485101,0.0 85.14402860282394,27.918917424913293,0.0 85.14403168512824,27.918736971935733,0.0 85.14362537949387,27.918731495574043,0.0</coordinates>
                    </LinearRing>
                </outerBoundaryIs>
            </Polygon>
        </Placemark>
        <Placemark id="1065">
            <name>Low</name>
            <styleUrl>#1068</styleUrl>
            <Polygon id="1064">
                <outerBoundaryIs>
                    <LinearRing id="1066">
                        <coordinates>85.14503820776902,27.91929201683021,0.0 85.14503204632979,27.919652922957436,0.0 85.14523520101713,27.91965565929626,0.0 85.14524136178251,27.919294753127563,0.0 85.14503820776902,27.91929201683021,0.0</coordinates>
                    </LinearRing>
                </outerBoundaryIs>
            </Polygon>
        </Placemark>
        <Placemark id="1072">
            <name>Low</name>
            <styleUrl>#1075</styleUrl>
            <Polygon id="1071">
                <outerBoundaryIs>
                    <LinearRing id="1073">
                        <coordinates>85.1476299875446,27.922214818109946,0.0 85.1476269107633,27.922395271364785,0.0 85.14783007087571,27.922398004122638,0.0 85.14783314732006,27.922217550847094,0.0 85.1476299875446,27.922214818109946,0.0</coordinates>
                    </LinearRing>
                </outerBoundaryIs>
            </Polygon>
        </Placemark>
        <Placemark id="1079">
            <name>Low</name>
            <styleUrl>#1082</styleUrl>
            <Polygon id="1078">
                <outerBoundaryIs>
                    <LinearRing id="1080">
                        <coordinates>85.14780853496742,27.92366117691028,0.0 85.1482148599956,27.92366664181767,0.0 85.14821793596543,27.92348618853601,0.0 85.14781161161125,27.923480723670025,0.0 85.14780853496742,27.92366117691028,0.0</coordinates>
                    </LinearRing>
                </outerBoundaryIs>
            </Polygon>
        </Placemark>
        <Placemark id="1086">
            <name>Low</name>
            <styleUrl>#1089</styleUrl>
            <Polygon id="1085">
                <outerBoundaryIs>
                    <LinearRing id="1087">
                        <coordinates>85.15034517581653,27.929832093715362,0.0 85.15054835014654,27.92983482312951,0.0 85.150554495905,27.929473916407463,0.0 85.15035132224921,27.929471187034675,0.0 85.15034517581653,27.929832093715362,0.0</coordinates>
                    </LinearRing>
                </outerBoundaryIs>
            </Polygon>
        </Placemark>
        <Placemark id="1093">
            <name>Low</name>
            <styleUrl>#1096</styleUrl>
            <Polygon id="1092">
                <outerBoundaryIs>
                    <LinearRing id="1094">
                        <coordinates>85.14709131175738,27.92996883536146,0.0 85.14708515436625,27.930329741349613,0.0 85.14728832925174,27.930332475617565,0.0 85.14729448596864,27.929971569587988,0.0 85.14709131175738,27.92996883536146,0.0</coordinates>
                    </LinearRing>
                </outerBoundaryIs>
            </Polygon>
        </Placemark>
        <Placemark id="1100">
            <name>Low</name>
            <styleUrl>#1103</styleUrl>
            <Polygon id="1099">
                <outerBoundaryIs>
                    <LinearRing id="1101">
                        <coordinates>85.15033288260959,27.930553907016243,0.0 85.15053605828805,27.9305566365131,0.0 85.15053913129537,27.93037618317476,0.0 85.15033595595402,27.93037345369859,0.0 85.15033288260959,27.930553907016243,0.0</coordinates>
                    </LinearRing>
                </outerBoundaryIs>
            </Polygon>
        </Placemark>
        <Placemark id="1107">
            <name>Low</name>
            <styleUrl>#1110</styleUrl>
            <Polygon id="1106">
                <outerBoundaryIs>
                    <LinearRing id="1108">
                        <coordinates>85.15520297615043,27.930980239892737,0.0 85.15540615318544,27.930982962243043,0.0 85.15540921815857,27.930802508419216,0.0 85.15520604146069,27.930799786089533,0.0 85.15520297615043,27.930980239892737,0.0</coordinates>
                    </LinearRing>
                </outerBoundaryIs>
            </Polygon>
        </Placemark>
        <Placemark id="1114">
            <name>Low</name>
            <styleUrl>#1117</styleUrl>
            <Polygon id="1113">
                <outerBoundaryIs>
                    <LinearRing id="1115">
                        <coordinates>85.15296189251725,27.93131118140984,0.0 85.15295882341327,27.931491634970914,0.0 85.1531620011472,27.931494360677636,0.0 85.15316506991404,27.931313907095905,0.0 85.15296189251725,27.93131118140984,0.0</coordinates>
                    </LinearRing>
                </outerBoundaryIs>
            </Polygon>
        </Placemark>
        <Placemark id="1121">
            <name>Low</name>
            <styleUrl>#1124</styleUrl>
            <Polygon id="1120">
                <outerBoundaryIs>
                    <LinearRing id="1122">
                        <coordinates>85.15174282873366,27.93129482100392,0.0 85.15153965153594,27.931292093221348,0.0 85.15133033073603,27.931650271925868,0.0 85.15173668645157,27.931655727873167,0.0 85.15174282873366,27.93129482100392,0.0</coordinates>
                    </LinearRing>
                </outerBoundaryIs>
            </Polygon>
        </Placemark>
        <Placemark id="1128">
            <name>Low</name>
            <styleUrl>#1131</styleUrl>
            <Polygon id="1127">
                <outerBoundaryIs>
                    <LinearRing id="1129">
                        <coordinates>85.15681614248871,27.931723826131336,0.0 85.15701932109933,27.931726546168075,0.0 85.15702238348885,27.931546092199508,0.0 85.1568192052154,27.931543372183377,0.0 85.15681614248871,27.931723826131336,0.0</coordinates>
                    </LinearRing>
                </outerBoundaryIs>
            </Polygon>
        </Placemark>
        <Placemark id="1135">
            <name>Low</name>
            <styleUrl>#1138</styleUrl>
            <Polygon id="1134">
                <outerBoundaryIs>
                    <LinearRing id="1136">
                        <coordinates>85.14985889572293,27.93451841792693,0.0 85.1498558210493,27.934698871087257,0.0 85.15005900442544,27.93470160165879,0.0 85.15006207876188,27.93452114847778,0.0 85.14985889572293,27.93451841792693,0.0</coordinates>
                    </LinearRing>
                </outerBoundaryIs>
            </Polygon>
        </Placemark>
        <Placemark id="1142">
            <name>Low</name>
            <styleUrl>#1145</styleUrl>
            <Polygon id="1141">
                <outerBoundaryIs>
                    <LinearRing id="1143">
                        <coordinates>85.15228481138924,27.93527297837075,0.0 85.15227866987865,27.93563388514212,0.0 85.15248185528232,27.935636612222428,0.0 85.1524879961185,27.935275705409737,0.0 85.15228481138924,27.93527297837075,0.0</coordinates>
                    </LinearRing>
                </outerBoundaryIs>
            </Polygon>
        </Placemark>
        <Placemark id="1149">
            <name>Low</name>
            <styleUrl>#1152</styleUrl>
            <Polygon id="1148">
                <outerBoundaryIs>
                    <LinearRing id="1150">
                        <coordinates>85.15085944597949,27.935434333953957,0.0 85.15085637284952,27.935614787192463,0.0 85.15105955805403,27.93561751636965,0.0 85.1510626308468,27.935437063110466,0.0 85.15085944597949,27.935434333953957,0.0</coordinates>
                    </LinearRing>
                </outerBoundaryIs>
            </Polygon>
        </Placemark>
        <Placemark id="1156">
            <name>Low</name>
            <styleUrl>#1159</styleUrl>
            <Polygon id="1155">
                <outerBoundaryIs>
                    <LinearRing id="1157">
                        <coordinates>85.15247878482157,27.93581706562121,0.0 85.15288515638865,27.935822518924464,0.0 85.15288822617497,27.93564206548437,0.0 85.15248185528232,27.935636612222428,0.0 85.15247878482157,27.93581706562121,0.0</coordinates>
                    </LinearRing>
                </outerBoundaryIs>
            </Polygon>
        </Placemark>
        <Placemark id="1163">
            <name>Low</name>
            <styleUrl>#1166</styleUrl>
            <Polygon id="1162">
                <outerBoundaryIs>
                    <LinearRing id="1164">
                        <coordinates>85.15693662585886,27.9365988014144,0.0 85.1573430013734,27.936604241701897,0.0 85.15734606385445,27.936423787828193,0.0 85.15693968901434,27.936418347581906,0.0 85.15693662585886,27.9365988014144,0.0</coordinates>
                    </LinearRing>
                </outerBoundaryIs>
            </Polygon>
        </Placemark>
        <Placemark id="1170">
            <name>Low</name>
            <styleUrl>#1173</styleUrl>
            <Polygon id="1169">
                <outerBoundaryIs>
                    <LinearRing id="1171">
                        <coordinates>85.15367335134114,27.937277049936178,0.0 85.15387653997887,27.937279775105367,0.0 85.15387960830645,27.93709932160238,0.0 85.15367642000598,27.93709659645383,0.0 85.15367335134114,27.937277049936178,0.0</coordinates>
                    </LinearRing>
                </outerBoundaryIs>
            </Polygon>
        </Placemark>
        <Placemark id="1177">
            <name>Low</name>
            <styleUrl>#1180</styleUrl>
            <Polygon id="1176">
                <outerBoundaryIs>
                    <LinearRing id="1178">
                        <coordinates>85.15387347162286,27.937460228603307,0.0 85.15407666062625,27.937462953493558,0.0 85.154079728645,27.937282499974977,0.0 85.15387653997887,27.937279775105367,0.0 85.15387347162286,27.937460228603307,0.0</coordinates>
                    </LinearRing>
                </outerBoundaryIs>
            </Polygon>
        </Placemark>
        <Placemark id="1184">
            <name>Low</name>
            <styleUrl>#1187</styleUrl>
            <Polygon id="1183">
                <outerBoundaryIs>
                    <LinearRing id="1185">
                        <coordinates>85.15647816100677,27.939661073609066,0.0 85.15688454787463,27.93966651579553,0.0 85.15688761151245,27.939486062048726,0.0 85.15648122531917,27.939480619903485,0.0 85.15647816100677,27.939661073609066,0.0</coordinates>
                    </LinearRing>
                </outerBoundaryIs>
            </Polygon>
        </Placemark>
        <Placemark id="1191">
            <name>Low</name>
            <styleUrl>#1194</styleUrl>
            <Polygon id="1190">
                <outerBoundaryIs>
                    <LinearRing id="1192">
                        <coordinates>85.15746043763134,27.9416596683902,0.0 85.15766363490327,27.941662388361788,0.0 85.15766669750396,27.941481934588023,0.0 85.15746350056935,27.941479214637035,0.0 85.15746043763134,27.9416596683902,0.0</coordinates>
                    </LinearRing>
                </outerBoundaryIs>
            </Polygon>
        </Placemark>
        <Placemark id="1198">
            <name>Low</name>
            <styleUrl>#1201</styleUrl>
            <Polygon id="1197">
                <outerBoundaryIs>
                    <LinearRing id="1199">
                        <coordinates>85.15786683220355,27.941665108033735,0.0 85.15766363490327,27.941662388361788,0.0 85.15745431167024,27.9420205758814,0.0 85.15786070759174,27.942026015607336,0.0 85.15786683220355,27.941665108033735,0.0</coordinates>
                    </LinearRing>
                </outerBoundaryIs>
            </Polygon>
        </Placemark>
        <Placemark id="1205">
            <name>Low</name>
            <styleUrl>#1208</styleUrl>
            <Polygon id="1204">
                <outerBoundaryIs>
                    <LinearRing id="1206">
                        <coordinates>85.15843968704615,27.94383871113229,0.0 85.15884608999808,27.94384414827359,0.0 85.15884915091502,27.94366369443677,0.0 85.1584427486378,27.94365825733664,0.0 85.15843968704615,27.94383871113229,0.0</coordinates>
                    </LinearRing>
                </outerBoundaryIs>
            </Polygon>
        </Placemark>
        <Placemark id="1212">
            <name>Low</name>
            <styleUrl>#1215</styleUrl>
            <Polygon id="1211">
                <outerBoundaryIs>
                    <LinearRing id="1213">
                        <coordinates>85.16003164984372,27.94584544573627,0.0 85.16002859061096,27.94602589963609,0.0 85.16023179634803,27.946028616206128,0.0 85.16023485524337,27.945848162285746,0.0 85.16003164984372,27.94584544573627,0.0</coordinates>
                    </LinearRing>
                </outerBoundaryIs>
            </Polygon>
        </Placemark>
        <Placemark id="1219">
            <name>Low</name>
            <styleUrl>#1222</styleUrl>
            <Polygon id="1218">
                <outerBoundaryIs>
                    <LinearRing id="1220">
                        <coordinates>85.16266721252657,27.946241645832824,0.0 85.16287041896905,27.94624435852743,0.0 85.16287347350654,27.94606390434485,0.0 85.16267026740145,27.946061191670783,0.0 85.16266721252657,27.946241645832824,0.0</coordinates>
                    </LinearRing>
                </outerBoundaryIs>
            </Polygon>
        </Placemark>
        <Placemark id="1226">
            <name>Low</name>
            <styleUrl>#1229</styleUrl>
            <Polygon id="1225">
                <outerBoundaryIs>
                    <LinearRing id="1227">
                        <coordinates>85.16021956048331,27.946750431837273,0.0 85.16042276759832,27.946753148189902,0.0 85.16042582626957,27.946572694269115,0.0 85.16022261949199,27.94656997793705,0.0 85.16021956048331,27.946750431837273,0.0</coordinates>
                    </LinearRing>
                </outerBoundaryIs>
            </Polygon>
        </Placemark>
        <Placemark id="1233">
            <name>Low</name>
            <styleUrl>#1236</styleUrl>
            <Polygon id="1232">
                <outerBoundaryIs>
                    <LinearRing id="1234">
                        <coordinates>85.1630644626699,27.946788433501442,0.0 85.16306140835667,27.9469688876844,0.0 85.16326461620537,27.94697159986177,0.0 85.16326767018118,27.94679114565827,0.0 85.1630644626699,27.946788433501442,0.0</coordinates>
                    </LinearRing>
                </outerBoundaryIs>
            </Polygon>
        </Placemark>
        <Placemark id="1240">
            <name>Low</name>
            <styleUrl>#1243</styleUrl>
            <Polygon id="1239">
                <outerBoundaryIs>
                    <LinearRing id="1241">
                        <coordinates>85.16041665017082,27.947114056016375,0.0 85.16061985798896,27.947116772110448,0.0 85.16062291637947,27.946936318179162,0.0 85.16041970889873,27.946933602105663,0.0 85.16041665017082,27.947114056016375,0.0</coordinates>
                    </LinearRing>
                </outerBoundaryIs>
            </Polygon>
        </Placemark>
        <Placemark id="1247">
            <name>Low</name>
            <styleUrl>#1250</styleUrl>
            <Polygon id="1246">
                <outerBoundaryIs>
                    <LinearRing id="1248">
                        <coordinates>85.16365576505859,27.947879294464617,0.0 85.16385897467926,27.947882005845525,0.0 85.16386202778418,27.947701551605636,0.0 85.16365881850096,27.94769884024525,0.0 85.16365576505859,27.947879294464617,0.0</coordinates>
                    </LinearRing>
                </outerBoundaryIs>
            </Polygon>
        </Placemark>
        <Placemark id="1254">
            <name>Low</name>
            <styleUrl>#1257</styleUrl>
            <Polygon id="1253">
                <outerBoundaryIs>
                    <LinearRing id="1255">
                        <coordinates>85.16510750376197,27.958186868652298,0.0 85.16510445138009,27.958367322743555,0.0 85.16551091025471,27.95837274278987,0.0 85.16551396196138,27.958192288657575,0.0 85.16510750376197,27.958186868652298,0.0</coordinates>
                    </LinearRing>
                </outerBoundaryIs>
            </Polygon>
        </Placemark>
        <Placemark id="1261">
            <name>Low</name>
            <styleUrl>#1264</styleUrl>
            <Polygon id="1260">
                <outerBoundaryIs>
                    <LinearRing id="1262">
                        <coordinates>85.17037625086238,27.95915950823798,0.0 85.17057948236983,27.959162210696782,0.0 85.17058252574881,27.95898175607251,0.0 85.17037929457898,27.958979053634167,0.0 85.17037625086238,27.95915950823798,0.0</coordinates>
                    </LinearRing>
                </outerBoundaryIs>
            </Polygon>
        </Placemark>
        <Placemark id="1268">
            <name>Low</name>
            <styleUrl>#1271</styleUrl>
            <Polygon id="1267">
                <outerBoundaryIs>
                    <LinearRing id="1269">
                        <coordinates>85.17155609578612,27.96152162947926,0.0 85.1719625679463,27.961527031030226,0.0 85.17196560932794,27.961346576328307,0.0 85.17155913784309,27.961341174818237,0.0 85.17155609578612,27.96152162947926,0.0</coordinates>
                    </LinearRing>
                </outerBoundaryIs>
            </Polygon>
        </Placemark>
        <Placemark id="1275">
            <name>Low</name>
            <styleUrl>#1278</styleUrl>
            <Polygon id="1274">
                <outerBoundaryIs>
                    <LinearRing id="1276">
                        <coordinates>85.17175324832903,27.961885239752522,0.0 85.17175020652523,27.962065694418882,0.0 85.17195344363243,27.96206839510575,0.0 85.17195648509855,27.96188794041894,0.0 85.17175324832903,27.961885239752522,0.0</coordinates>
                    </LinearRing>
                </outerBoundaryIs>
            </Polygon>
        </Placemark>
        <Placemark id="1282">
            <name>Low</name>
            <styleUrl>#1285</styleUrl>
            <Polygon id="1281">
                <outerBoundaryIs>
                    <LinearRing id="1283">
                        <coordinates>85.16866813587744,27.964010145749242,0.0 85.16887137627653,27.96401285115984,0.0 85.16887442311817,27.963832396835365,0.0 85.16867118305679,27.963829691445255,0.0 85.16866813587744,27.964010145749242,0.0</coordinates>
                    </LinearRing>
                </outerBoundaryIs>
            </Polygon>
        </Placemark>
        <Placemark id="1289">
            <name>Low</name>
            <styleUrl>#1292</styleUrl>
            <Polygon id="1288">
                <outerBoundaryIs>
                    <LinearRing id="1290">
                        <coordinates>85.1718804399966,27.966399306077353,0.0 85.17208368523728,27.966402006954937,0.0 85.17208672704159,27.966221552368626,0.0 85.17188348213865,27.96621885151149,0.0 85.1718804399966,27.966399306077353,0.0</coordinates>
                    </LinearRing>
                </outerBoundaryIs>
            </Polygon>
        </Placemark>
        <Placemark id="1296">
            <name>Moderate - danger for some</name>
            <styleUrl>#1299</styleUrl>
            <Polygon id="1295">
                <outerBoundaryIs>
                    <LinearRing id="1297">
                        <coordinates>85.01761626747053,27.819872630280187,0.0 85.01781922095539,27.819875544941606,0.0 85.0178224990565,27.81969510274634,0.0 85.01761954590674,27.819692188107055,0.0 85.01761626747053,27.819872630280187,0.0</coordinates>
                    </LinearRing>
                </outerBoundaryIs>
            </Polygon>
        </Placemark>
        <Placemark id="1303">
            <name>Moderate - danger for some</name>
            <styleUrl>#1306</styleUrl>
            <Polygon id="1302">
                <outerBoundaryIs>
                    <LinearRing id="1304">
                        <coordinates>85.0182054627926,27.820964026701095,0.0 85.01840841837935,27.82096694060125,0.0 85.0184116956575,27.820786498370023,0.0 85.01820874040587,27.820783584492,0.0 85.0182054627926,27.820964026701095,0.0</coordinates>
                    </LinearRing>
                </outerBoundaryIs>
            </Polygon>
        </Placemark>
        <Placemark id="1310">
            <name>Moderate - danger for some</name>
            <styleUrl>#1313</styleUrl>
            <Polygon id="1309">
                <outerBoundaryIs>
                    <LinearRing id="1311">
                        <coordinates>85.0185753256173,27.822954718655495,0.0 85.01877828495144,27.82295763220298,0.0 85.01878156189362,27.8227771899833,0.0 85.01857860289465,27.822774276457938,0.0 85.0185753256173,27.822954718655495,0.0</coordinates>
                    </LinearRing>
                </outerBoundaryIs>
            </Polygon>
        </Placemark>
        <Placemark id="1317">
            <name>Moderate - danger for some</name>
            <styleUrl>#1320</styleUrl>
            <Polygon id="1316">
                <outerBoundaryIs>
                    <LinearRing id="1318">
                        <coordinates>85.01572733410187,27.823274781454735,0.0 85.01593029368053,27.8232776992193,0.0 85.0159335753758,27.82309725731976,0.0 85.0157306161323,27.82309433957735,0.0 85.01572733410187,27.823274781454735,0.0</coordinates>
                    </LinearRing>
                </outerBoundaryIs>
            </Polygon>
        </Placemark>
        <Placemark id="1324">
            <name>Moderate - danger for some</name>
            <styleUrl>#1327</styleUrl>
            <Polygon id="1323">
                <outerBoundaryIs>
                    <LinearRing id="1325">
                        <coordinates>85.01590732096146,27.824540792374034,0.0 85.01611028291677,27.824543709995652,0.0 85.0161135644899,27.82436326810947,0.0 85.01591060286978,27.824360350510013,0.0 85.01590732096146,27.824540792374034,0.0</coordinates>
                    </LinearRing>
                </outerBoundaryIs>
            </Polygon>
        </Placemark>
        <Placemark id="1331">
            <name>Moderate - danger for some</name>
            <styleUrl>#1334</styleUrl>
            <Polygon id="1330">
                <outerBoundaryIs>
                    <LinearRing id="1332">
                        <coordinates>85.01915143932099,27.82476788076404,0.0 85.01935440209806,27.824770793638567,0.0 85.01935767833858,27.824590351403252,0.0 85.0191547158967,27.824587438550846,0.0 85.01915143932099,27.82476788076404,0.0</coordinates>
                    </LinearRing>
                </outerBoundaryIs>
            </Polygon>
        </Placemark>
        <Placemark id="1338">
            <name>Moderate - danger for some</name>
            <styleUrl>#1341</styleUrl>
            <Polygon id="1337">
                <outerBoundaryIs>
                    <LinearRing id="1339">
                        <coordinates>85.01934784952584,27.825131678093978,0.0 85.01955081300368,27.82513459071467,0.0 85.01955408896978,27.824954148467377,0.0 85.01935112582714,27.824951235868816,0.0 85.01934784952584,27.825131678093978,0.0</coordinates>
                    </LinearRing>
                </outerBoundaryIs>
            </Polygon>
        </Placemark>
        <Placemark id="1345">
            <name>Moderate - danger for some</name>
            <styleUrl>#1348</styleUrl>
            <Polygon id="1344">
                <outerBoundaryIs>
                    <LinearRing id="1346">
                        <coordinates>85.02032336934629,27.827311545849774,0.0 85.02052633699861,27.827314457245336,0.0 85.02052961165313,27.827134014948363,0.0 85.02032664433602,27.827131103574906,0.0 85.02032336934629,27.827311545849774,0.0</coordinates>
                    </LinearRing>
                </outerBoundaryIs>
            </Polygon>
        </Placemark>
        <Placemark id="1352">
            <name>Moderate - danger for some</name>
            <styleUrl>#1355</styleUrl>
            <Polygon id="1351">
                <outerBoundaryIs>
                    <LinearRing id="1353">
                        <coordinates>85.01565183900067,27.827424943234018,0.0 85.01605777360761,27.82743077948441,0.0 85.01606105566769,27.82725033767943,0.0 85.01565512173123,27.82724450147336,0.0 85.01565183900067,27.827424943234018,0.0</coordinates>
                    </LinearRing>
                </outerBoundaryIs>
            </Polygon>
        </Placemark>
        <Placemark id="1359">
            <name>Moderate - danger for some</name>
            <styleUrl>#1362</styleUrl>
            <Polygon id="1358">
                <outerBoundaryIs>
                    <LinearRing id="1360">
                        <coordinates>85.01705620828167,27.828347574396055,0.0 85.01725917745915,27.828350490694255,0.0 85.01726245765992,27.828170048781733,0.0 85.01705948881768,27.828167132505676,0.0 85.01705620828167,27.828347574396055,0.0</coordinates>
                    </LinearRing>
                </outerBoundaryIs>
            </Polygon>
        </Placemark>
        <Placemark id="1366">
            <name>Moderate - danger for some</name>
            <styleUrl>#1369</styleUrl>
            <Polygon id="1365">
                <outerBoundaryIs>
                    <LinearRing id="1367">
                        <coordinates>85.02169177713319,27.830218997541646,0.0 85.02189475036225,27.830221907203924,0.0 85.02189802315566,27.830041464833414,0.0 85.02169505026187,27.830038555193244,0.0 85.02169177713319,27.830218997541646,0.0</coordinates>
                    </LinearRing>
                </outerBoundaryIs>
            </Polygon>
        </Placemark>
        <Placemark id="1373">
            <name>Moderate - danger for some</name>
            <styleUrl>#1376</styleUrl>
            <Polygon id="1372">
                <outerBoundaryIs>
                    <LinearRing id="1374">
                        <coordinates>85.01716731948676,27.833402862184393,0.0 85.01737029808297,27.833405778804497,0.0 85.01736701733529,27.833586220591986,0.0 85.01777297528966,27.833592052981924,0.0 85.01777625536664,27.83341161115015,0.0 85.0179792340541,27.833414526875696,0.0 85.01798579344614,27.83305364315265,0.0 85.01737685948703,27.83304489521429,0.0 85.01716731948676,27.833402862184393,0.0</coordinates>
                    </LinearRing>
                </outerBoundaryIs>
            </Polygon>
        </Placemark>
        <Placemark id="1380">
            <name>Moderate - danger for some</name>
            <styleUrl>#1383</styleUrl>
            <Polygon id="1379">
                <outerBoundaryIs>
                    <LinearRing id="1381">
                        <coordinates>85.01858489156335,27.833603714183525,0.0 85.01939680832348,27.8336153706141,0.0 85.01940008571772,27.83343492860529,0.0 85.01858817029895,27.833423272263218,0.0 85.01858489156335,27.833603714183525,0.0</coordinates>
                    </LinearRing>
                </outerBoundaryIs>
            </Polygon>
        </Placemark>
        <Placemark id="1387">
            <name>Moderate - danger for some</name>
            <styleUrl>#1390</styleUrl>
            <Polygon id="1386">
                <outerBoundaryIs>
                    <LinearRing id="1388">
                        <coordinates>85.0195997875895,27.833618283976275,0.0 85.0198027668859,27.83362119704025,0.0 85.01980604360945,27.8334407549872,0.0 85.01960306464838,27.833437841945333,0.0 85.0195997875895,27.833618283976275,0.0</coordinates>
                    </LinearRing>
                </outerBoundaryIs>
            </Polygon>
        </Placemark>
        <Placemark id="1394">
            <name>Moderate - danger for some</name>
            <styleUrl>#1397</styleUrl>
            <Polygon id="1393">
                <outerBoundaryIs>
                    <LinearRing id="1395">
                        <coordinates>85.01817237446186,27.833958767915977,0.0 85.01776641504445,27.833952936630247,0.0 85.01776313487622,27.834133378446797,0.0 85.0181658154364,27.834319651632548,0.0 85.01817237446186,27.833958767915977,0.0</coordinates>
                    </LinearRing>
                </outerBoundaryIs>
            </Polygon>
        </Placemark>
        <Placemark id="1401">
            <name>Moderate - danger for some</name>
            <styleUrl>#1404</styleUrl>
            <Polygon id="1400">
                <outerBoundaryIs>
                    <LinearRing id="1402">
                        <coordinates>85.01835895810123,27.834863892475592,0.0 85.01856193956274,27.834866807483625,0.0 85.0185652185112,27.834686365598838,0.0 85.01836223738503,27.834683450612932,0.0 85.01835895810123,27.834863892475592,0.0</coordinates>
                    </LinearRing>
                </outerBoundaryIs>
            </Polygon>
        </Placemark>
        <Placemark id="1408">
            <name>Moderate - danger for some</name>
            <styleUrl>#1411</styleUrl>
            <Polygon id="1407">
                <outerBoundaryIs>
                    <LinearRing id="1409">
                        <coordinates>85.02037894611158,27.835434355357897,0.0 85.02058192888312,27.83543726745021,0.0 85.02058520456902,27.835256825359448,0.0 85.02038222213285,27.835253913289247,0.0 85.02037894611158,27.835434355357897,0.0</coordinates>
                    </LinearRing>
                </outerBoundaryIs>
            </Polygon>
        </Placemark>
        <Placemark id="1415">
            <name>Moderate - danger for some</name>
            <styleUrl>#1418</styleUrl>
            <Polygon id="1414">
                <outerBoundaryIs>
                    <LinearRing id="1416">
                        <coordinates>85.02313564255232,27.840166597559307,0.0 85.02293265066521,27.84016368876969,0.0 85.02272311314606,27.84052166407036,0.0 85.02312909823179,27.84052748203621,0.0 85.02313564255232,27.840166597559307,0.0</coordinates>
                    </LinearRing>
                </outerBoundaryIs>
            </Polygon>
        </Placemark>
        <Placemark id="1422">
            <name>Moderate - danger for some</name>
            <styleUrl>#1425</styleUrl>
            <Polygon id="1421">
                <outerBoundaryIs>
                    <LinearRing id="1423">
                        <coordinates>85.02185220275912,27.843757981552574,0.0 85.02205520120432,27.843760892275448,0.0 85.02205847560352,27.843580450241305,0.0 85.02185547749384,27.843577539540536,0.0 85.02185220275912,27.843757981552574,0.0</coordinates>
                    </LinearRing>
                </outerBoundaryIs>
            </Polygon>
        </Placemark>
        <Placemark id="1429">
            <name>Moderate - danger for some</name>
            <styleUrl>#1432</styleUrl>
            <Polygon id="1428">
                <outerBoundaryIs>
                    <LinearRing id="1430">
                        <coordinates>85.01919027120925,27.844983206938416,0.0 85.0193932716082,27.844986121694287,0.0 85.01939655058194,27.84480567998309,0.0 85.01919355051854,27.844802765249334,0.0 85.01919027120925,27.844983206938416,0.0</coordinates>
                    </LinearRing>
                </outerBoundaryIs>
            </Polygon>
        </Placemark>
        <Placemark id="1436">
            <name>Moderate - danger for some</name>
            <styleUrl>#1439</styleUrl>
            <Polygon id="1435">
                <outerBoundaryIs>
                    <LinearRing id="1437">
                        <coordinates>85.02058178062833,27.84662758033128,0.0 85.02078478426003,27.846630493197807,0.0 85.02078806115843,27.84645005137747,0.0 85.02058505786229,27.846447138533055,0.0 85.02058178062833,27.84662758033128,0.0</coordinates>
                    </LinearRing>
                </outerBoundaryIs>
            </Polygon>
        </Placemark>
        <Placemark id="1443">
            <name>Moderate - danger for some</name>
            <styleUrl>#1446</styleUrl>
            <Polygon id="1442">
                <outerBoundaryIs>
                    <LinearRing id="1444">
                        <coordinates>85.02420968000341,27.848123503664443,0.0 85.0244126868662,27.848126411337116,0.0 85.02441595796692,27.84794596915979,0.0 85.02421295143974,27.84794306150919,0.0 85.02420968000341,27.848123503664443,0.0</coordinates>
                    </LinearRing>
                </outerBoundaryIs>
            </Polygon>
        </Placemark>
        <Placemark id="1450">
            <name>Moderate - danger for some</name>
            <styleUrl>#1453</styleUrl>
            <Polygon id="1449">
                <outerBoundaryIs>
                    <LinearRing id="1451">
                        <coordinates>85.02622667737131,27.848874336416856,0.0 85.02642968587965,27.848877241193946,0.0 85.02643295374558,27.848696798816356,0.0 85.02622994557284,27.84869389406131,0.0 85.02622667737131,27.848874336416856,0.0</coordinates>
                    </LinearRing>
                </outerBoundaryIs>
            </Polygon>
        </Placemark>
        <Placemark id="1457">
            <name>Moderate - danger for some</name>
            <styleUrl>#1460</styleUrl>
            <Polygon id="1456">
                <outerBoundaryIs>
                    <LinearRing id="1458">
                        <coordinates>85.02622667737131,27.848874336416856,0.0 85.02602366889325,27.848871431341372,0.0 85.0260204003258,27.849051873669794,0.0 85.02622340913948,27.849054778767318,0.0 85.02622667737131,27.848874336416856,0.0</coordinates>
                    </LinearRing>
                </outerBoundaryIs>
            </Polygon>
        </Placemark>
        <Placemark id="1464">
            <name>Moderate - danger for some</name>
            <styleUrl>#1467</styleUrl>
            <Polygon id="1463">
                <outerBoundaryIs>
                    <LinearRing id="1465">
                        <coordinates>85.03149187022258,27.849671535306747,0.0 85.031495129819,27.84949109239901,0.0 85.03129211954729,27.849488195015642,0.0 85.03128885961524,27.849668637901388,0.0 85.03149187022258,27.849671535306747,0.0</coordinates>
                    </LinearRing>
                </outerBoundaryIs>
            </Polygon>
        </Placemark>
        <Placemark id="1471">
            <name>Moderate - danger for some</name>
            <styleUrl>#1474</styleUrl>
            <Polygon id="1470">
                <outerBoundaryIs>
                    <LinearRing id="1472">
                        <coordinates>85.03149187022258,27.849671535306747,0.0 85.03148861059594,27.849851978209404,0.0 85.03169162156915,27.849854875338348,0.0 85.03169488086014,27.849674432413693,0.0 85.03149187022258,27.849671535306747,0.0</coordinates>
                    </LinearRing>
                </outerBoundaryIs>
            </Polygon>
        </Placemark>
        <Placemark id="1478">
            <name>Moderate - danger for some</name>
            <styleUrl>#1481</styleUrl>
            <Polygon id="1477">
                <outerBoundaryIs>
                    <LinearRing id="1479">
                        <coordinates>85.03188485552516,27.85039910097837,0.0 85.0320878675657,27.850401997576455,0.0 85.03209112627609,27.850221554623047,0.0 85.03188811457117,27.850218658046945,0.0 85.03188485552516,27.85039910097837,0.0</coordinates>
                    </LinearRing>
                </outerBoundaryIs>
            </Polygon>
        </Placemark>
        <Placemark id="1485">
            <name>Moderate - danger for some</name>
            <styleUrl>#1488</styleUrl>
            <Polygon id="1484">
                <outerBoundaryIs>
                    <LinearRing id="1486">
                        <coordinates>85.03207809125333,27.85094332640625,0.0 85.03228110433103,27.85094622277187,0.0 85.03228436279639,27.850765779811695,0.0 85.03208135005433,27.850762883468057,0.0 85.03207809125333,27.85094332640625,0.0</coordinates>
                    </LinearRing>
                </outerBoundaryIs>
            </Polygon>
        </Placemark>
        <Placemark id="1492">
            <name>Moderate - danger for some</name>
            <styleUrl>#1495</styleUrl>
            <Polygon id="1491">
                <outerBoundaryIs>
                    <LinearRing id="1493">
                        <coordinates>85.04709790640612,27.851337295983853,0.0 85.0473009220466,27.851340170288065,0.0 85.04730415570305,27.851159725712577,0.0 85.04710114039824,27.851156851430186,0.0 85.04709790640612,27.851337295983853,0.0</coordinates>
                    </LinearRing>
                </outerBoundaryIs>
            </Polygon>
        </Placemark>
        <Placemark id="1499">
            <name>Moderate - danger for some</name>
            <styleUrl>#1502</styleUrl>
            <Polygon id="1498">
                <outerBoundaryIs>
                    <LinearRing id="1500">
                        <coordinates>85.04870587538619,27.852262505626125,0.0 85.04890889294484,27.852265377651864,0.0 85.04891535515655,27.85190448819762,0.0 85.04871233826928,27.851901616215468,0.0 85.04870587538619,27.852262505626125,0.0</coordinates>
                    </LinearRing>
                </outerBoundaryIs>
            </Polygon>
        </Placemark>
        <Placemark id="1506">
            <name>Moderate - danger for some</name>
            <styleUrl>#1509</styleUrl>
            <Polygon id="1505">
                <outerBoundaryIs>
                    <LinearRing id="1507">
                        <coordinates>85.02920980224874,27.852346286812928,0.0 85.02941281758852,27.852349187532468,0.0 85.02941608099502,27.85216874492084,0.0 85.02921306599093,27.8521658442233,0.0 85.02920980224874,27.852346286812928,0.0</coordinates>
                    </LinearRing>
                </outerBoundaryIs>
            </Polygon>
        </Placemark>
        <Placemark id="1513">
            <name>Moderate - danger for some</name>
            <styleUrl>#1516</styleUrl>
            <Polygon id="1512">
                <outerBoundaryIs>
                    <LinearRing id="1514">
                        <coordinates>85.03266106713734,27.852395558458312,0.0 85.03266432517303,27.852215115494765,0.0 85.03246130968523,27.85221221957212,0.0 85.03245805131388,27.8523926625137,0.0 85.03266106713734,27.852395558458312,0.0</coordinates>
                    </LinearRing>
                </outerBoundaryIs>
            </Polygon>
        </Placemark>
        <Placemark id="1520">
            <name>Moderate - danger for some</name>
            <styleUrl>#1523</styleUrl>
            <Polygon id="1519">
                <outerBoundaryIs>
                    <LinearRing id="1521">
                        <coordinates>85.03914784735733,27.853029402078246,0.0 85.03915434209559,27.85266851477228,0.0 85.03895132497142,27.85266562835575,0.0 85.03894482956176,27.853026515617895,0.0 85.03914784735733,27.853029402078246,0.0</coordinates>
                    </LinearRing>
                </outerBoundaryIs>
            </Polygon>
        </Placemark>
        <Placemark id="1527">
            <name>Moderate - danger for some</name>
            <styleUrl>#1530</styleUrl>
            <Polygon id="1526">
                <outerBoundaryIs>
                    <LinearRing id="1528">
                        <coordinates>85.03325708637242,27.853126016568723,0.0 85.03346010365944,27.853128911407477,0.0 85.03346336047318,27.852948468376322,0.0 85.03326034352186,27.852945573559538,0.0 85.03325708637242,27.853126016568723,0.0</coordinates>
                    </LinearRing>
                </outerBoundaryIs>
            </Polygon>
        </Placemark>
        <Placemark id="1534">
            <name>Moderate - danger for some</name>
            <styleUrl>#1537</styleUrl>
            <Polygon id="1533">
                <outerBoundaryIs>
                    <LinearRing id="1535">
                        <coordinates>85.04035946393248,27.853407602121408,0.0 85.0405624826101,27.853410486536404,0.0 85.0405657277046,27.85323004274282,0.0 85.04036270936267,27.853227158349714,0.0 85.04035946393248,27.853407602121408,0.0</coordinates>
                    </LinearRing>
                </outerBoundaryIs>
            </Polygon>
        </Placemark>
        <Placemark id="1541">
            <name>Moderate - danger for some</name>
            <styleUrl>#1544</styleUrl>
            <Polygon id="1540">
                <outerBoundaryIs>
                    <LinearRing id="1542">
                        <coordinates>85.0411520736676,27.854501801039667,0.0 85.04135509447984,27.854504684392143,0.0 85.04135833841197,27.854324240541438,0.0 85.04115531793545,27.854321357210846,0.0 85.0411520736676,27.854501801039667,0.0</coordinates>
                    </LinearRing>
                </outerBoundaryIs>
            </Polygon>
        </Placemark>
        <Placemark id="1548">
            <name>Moderate - danger for some</name>
            <styleUrl>#1551</styleUrl>
            <Polygon id="1547">
                <outerBoundaryIs>
                    <LinearRing id="1549">
                        <coordinates>85.0311975692463,27.854721036642847,0.0 85.03140058925256,27.854723934663966,0.0 85.03140711010766,27.854363049127482,0.0 85.03100433252189,27.8541768101429,0.0 85.03099781038438,27.854537695601557,0.0 85.03120083002469,27.854540593899138,0.0 85.0311975692463,27.854721036642847,0.0</coordinates>
                    </LinearRing>
                </outerBoundaryIs>
            </Polygon>
        </Placemark>
        <Placemark id="1555">
            <name>Moderate - danger for some</name>
            <styleUrl>#1558</styleUrl>
            <Polygon id="1554">
                <outerBoundaryIs>
                    <LinearRing id="1556">
                        <coordinates>85.04174816285116,27.85523222572885,0.0 85.04195118509652,27.855235108273426,0.0 85.04195442814174,27.855054664377377,0.0 85.04175140623211,27.85505178185467,0.0 85.04174816285116,27.85523222572885,0.0</coordinates>
                    </LinearRing>
                </outerBoundaryIs>
            </Polygon>
        </Placemark>
        <Placemark id="1562">
            <name>Moderate - danger for some</name>
            <styleUrl>#1565</styleUrl>
            <Polygon id="1561">
                <outerBoundaryIs>
                    <LinearRing id="1563">
                        <coordinates>85.04743279707577,27.85531282415255,0.0 85.04763582016177,27.855315698339734,0.0 85.04763905380632,27.8551352538321,0.0 85.04743603105607,27.855132379666724,0.0 85.04743279707577,27.85531282415255,0.0</coordinates>
                    </LinearRing>
                </outerBoundaryIs>
            </Polygon>
        </Placemark>
        <Placemark id="1569">
            <name>Moderate - danger for some</name>
            <styleUrl>#1572</styleUrl>
            <Polygon id="1568">
                <outerBoundaryIs>
                    <LinearRing id="1570">
                        <coordinates>85.04844468047399,27.85550763669347,0.0 85.0486477040456,27.855510509410056,0.0 85.04865093604143,27.85533006479846,0.0 85.04844791280556,27.85532719210368,0.0 85.04844468047399,27.85550763669347,0.0</coordinates>
                    </LinearRing>
                </outerBoundaryIs>
            </Polygon>
        </Placemark>
        <Placemark id="1576">
            <name>Moderate - danger for some</name>
            <styleUrl>#1579</styleUrl>
            <Polygon id="1575">
                <outerBoundaryIs>
                    <LinearRing id="1577">
                        <coordinates>85.04702028160018,27.855667963751923,0.0 85.0472233052977,27.8556708385797,0.0 85.04722653967372,27.855490394125823,0.0 85.04682049298012,27.855484644215416,0.0 85.04681402285513,27.855845533030838,0.0 85.04701704685844,27.855848408178918,0.0 85.04702028160018,27.855667963751923,0.0</coordinates>
                    </LinearRing>
                </outerBoundaryIs>
            </Polygon>
        </Placemark>
        <Placemark id="1583">
            <name>Moderate - danger for some</name>
            <styleUrl>#1586</styleUrl>
            <Polygon id="1582">
                <outerBoundaryIs>
                    <LinearRing id="1584">
                        <coordinates>85.03523845009336,27.855861599349307,0.0 85.03544147271795,27.85586449153282,0.0 85.0354447266272,27.855684048358167,0.0 85.03524170433836,27.855681156196603,0.0 85.03523845009336,27.855861599349307,0.0</coordinates>
                    </LinearRing>
                </outerBoundaryIs>
            </Polygon>
        </Placemark>
        <Placemark id="1590">
            <name>Moderate - danger for some</name>
            <styleUrl>#1593</styleUrl>
            <Polygon id="1589">
                <outerBoundaryIs>
                    <LinearRing id="1591">
                        <coordinates>85.0356444953727,27.855867383417852,0.0 85.03605054077269,27.855873166292472,0.0 85.03605379367472,27.855692723051998,0.0 85.03564774894622,27.855686940221258,0.0 85.0356444953727,27.855867383417852,0.0</coordinates>
                    </LinearRing>
                </outerBoundaryIs>
            </Polygon>
        </Placemark>
        <Placemark id="1597">
            <name>Moderate - danger for some</name>
            <styleUrl>#1600</styleUrl>
            <Polygon id="1596">
                <outerBoundaryIs>
                    <LinearRing id="1598">
                        <coordinates>85.03747495117425,27.855712953557518,0.0 85.03706890602366,27.855707174905476,0.0 85.03706565480032,27.85588761825563,0.0 85.0374684500404,27.85607384034045,0.0 85.03747495117425,27.855712953557518,0.0</coordinates>
                    </LinearRing>
                </outerBoundaryIs>
            </Polygon>
        </Placemark>
        <Placemark id="1604">
            <name>Moderate - danger for some</name>
            <styleUrl>#1607</styleUrl>
            <Polygon id="1603">
                <outerBoundaryIs>
                    <LinearRing id="1605">
                        <coordinates>85.04639826751158,27.85638111489339,0.0 85.04660129246216,27.856383990703918,0.0 85.0466077634386,27.856023101962545,0.0 85.04640473915954,27.856020226195668,0.0 85.04639826751158,27.85638111489339,0.0</coordinates>
                    </LinearRing>
                </outerBoundaryIs>
            </Polygon>
        </Placemark>
        <Placemark id="1611">
            <name>Moderate - danger for some</name>
            <styleUrl>#1614</styleUrl>
            <Polygon id="1610">
                <outerBoundaryIs>
                    <LinearRing id="1612">
                        <coordinates>85.07551719935636,27.851917242352364,0.0 85.0757202194994,27.851920074896213,0.0 85.07572340618927,27.851739627294098,0.0 85.07552038638192,27.851736794771742,0.0 85.07551719935636,27.851917242352364,0.0</coordinates>
                    </LinearRing>
                </outerBoundaryIs>
            </Polygon>
        </Placemark>
        <Placemark id="1618">
            <name>Moderate - danger for some</name>
            <styleUrl>#1621</styleUrl>
            <Polygon id="1617">
                <outerBoundaryIs>
                    <LinearRing id="1619">
                        <coordinates>85.04952117591425,27.852093547148474,0.0 85.049724193257,27.852096417958663,0.0 85.04972742300515,27.85191597314184,0.0 85.04952440599807,27.851913102353446,0.0 85.04952117591425,27.852093547148474,0.0</coordinates>
                    </LinearRing>
                </outerBoundaryIs>
            </Polygon>
        </Placemark>
        <Placemark id="1625">
            <name>Moderate - danger for some</name>
            <styleUrl>#1628</styleUrl>
            <Polygon id="1624">
                <outerBoundaryIs>
                    <LinearRing id="1626">
                        <coordinates>85.05093584238446,27.852474526432303,0.0 85.05113886060813,27.852477395196935,0.0 85.0511420880663,27.852296950237786,0.0 85.05093907017832,27.85229408149493,0.0 85.05093584238446,27.852474526432303,0.0</coordinates>
                    </LinearRing>
                </outerBoundaryIs>
            </Polygon>
        </Placemark>
        <Placemark id="1632">
            <name>Moderate - danger for some</name>
            <styleUrl>#1635</styleUrl>
            <Polygon id="1631">
                <outerBoundaryIs>
                    <LinearRing id="1633">
                        <coordinates>85.05315937200713,27.853047401928478,0.0 85.05336239156688,27.853050267475428,0.0 85.05336883924736,27.852689377103783,0.0 85.053165820359,27.852686511600336,0.0 85.05315937200713,27.853047401928478,0.0</coordinates>
                    </LinearRing>
                </outerBoundaryIs>
            </Polygon>
        </Placemark>
        <Placemark id="1639">
            <name>Moderate - danger for some</name>
            <styleUrl>#1642</styleUrl>
            <Polygon id="1638">
                <outerBoundaryIs>
                    <LinearRing id="1640">
                        <coordinates>85.06674573950842,27.854140966672627,0.0 85.06694876274246,27.85414381233066,0.0 85.06695196425325,27.853963365720762,0.0 85.06674894135496,27.85396052008433,0.0 85.06674573950842,27.854140966672627,0.0</coordinates>
                    </LinearRing>
                </outerBoundaryIs>
            </Polygon>
        </Placemark>
        <Placemark id="1646">
            <name>Moderate - danger for some</name>
            <styleUrl>#1649</styleUrl>
            <Polygon id="1645">
                <outerBoundaryIs>
                    <LinearRing id="1647">
                        <coordinates>85.06755783262261,27.85415234751388,0.0 85.06776085597534,27.854155191978,0.0 85.06776405614319,27.85397474528174,0.0 85.0675610331262,27.85397190083921,0.0 85.06755783262261,27.85415234751388,0.0</coordinates>
                    </LinearRing>
                </outerBoundaryIs>
            </Polygon>
        </Placemark>
        <Placemark id="1653">
            <name>Moderate - danger for some</name>
            <styleUrl>#1656</styleUrl>
            <Polygon id="1652">
                <outerBoundaryIs>
                    <LinearRing id="1654">
                        <coordinates>85.08602990885505,27.854590420083458,0.0 85.08643596163559,27.854596054431518,0.0 85.08643913094417,27.85441560576401,0.0 85.08603307883516,27.85440997145871,0.0 85.08602990885505,27.854590420083458,0.0</coordinates>
                    </LinearRing>
                </outerBoundaryIs>
            </Polygon>
        </Placemark>
        <Placemark id="1660">
            <name>Moderate - danger for some</name>
            <styleUrl>#1663</styleUrl>
            <Polygon id="1659">
                <outerBoundaryIs>
                    <LinearRing id="1661">
                        <coordinates>85.0815633360333,27.854528363452324,0.0 85.08136031033445,27.854525539263694,0.0 85.08136348803694,27.854345091131325,0.0 85.08116046270331,27.85434226666564,0.0 85.08115410659735,27.85470316288244,0.0 85.0815601586371,27.854708811601064,0.0 85.0815633360333,27.854528363452324,0.0</coordinates>
                    </LinearRing>
                </outerBoundaryIs>
            </Polygon>
        </Placemark>
        <Placemark id="1667">
            <name>Moderate - danger for some</name>
            <styleUrl>#1670</styleUrl>
            <Polygon id="1666">
                <outerBoundaryIs>
                    <LinearRing id="1668">
                        <coordinates>85.07323611540899,27.854592774225022,0.0 85.07343914026276,27.85459561037472,0.0 85.07344233108907,27.854415163085072,0.0 85.07323930657105,27.854412326956886,0.0 85.07323611540899,27.854592774225022,0.0</coordinates>
                    </LinearRing>
                </outerBoundaryIs>
            </Polygon>
        </Placemark>
        <Placemark id="1674">
            <name>Moderate - danger for some</name>
            <styleUrl>#1677</styleUrl>
            <Polygon id="1673">
                <outerBoundaryIs>
                    <LinearRing id="1675">
                        <coordinates>85.07952671883392,27.854861003997456,0.0 85.07972974493902,27.854863830915416,0.0 85.0797361058045,27.85450293500895,0.0 85.07953308037091,27.8545001081339,0.0 85.07952671883392,27.854861003997456,0.0</coordinates>
                    </LinearRing>
                </outerBoundaryIs>
            </Polygon>
        </Placemark>
        <Placemark id="1681">
            <name>Moderate - danger for some</name>
            <styleUrl>#1684</styleUrl>
            <Polygon id="1680">
                <outerBoundaryIs>
                    <LinearRing id="1682">
                        <coordinates>85.05597589156001,27.8545310559703,0.0 85.0561789142237,27.85453391751258,0.0 85.05618213361772,27.85435347206558,0.0 85.05597911128977,27.854350610545012,0.0 85.05597589156001,27.8545310559703,0.0</coordinates>
                    </LinearRing>
                </outerBoundaryIs>
            </Polygon>
        </Placemark>
        <Placemark id="1688">
            <name>Moderate - danger for some</name>
            <styleUrl>#1691</styleUrl>
            <Polygon id="1687">
                <outerBoundaryIs>
                    <LinearRing id="1689">
                        <coordinates>85.08460238030005,27.854931587397548,0.0 85.08480540714137,27.85493440685308,0.0 85.08480857919484,27.85475395836677,0.0 85.0846055526893,27.85475113893263,0.0 85.08460238030005,27.854931587397548,0.0</coordinates>
                    </LinearRing>
                </outerBoundaryIs>
            </Polygon>
        </Placemark>
        <Placemark id="1695">
            <name>Moderate - danger for some</name>
            <styleUrl>#1698</styleUrl>
            <Polygon id="1694">
                <outerBoundaryIs>
                    <LinearRing id="1696">
                        <coordinates>85.05657530329387,27.855080976142602,0.0 85.0567783270543,27.855083836854583,0.0 85.05678154553065,27.854903391357634,0.0 85.05657852210597,27.85490053066737,0.0 85.05657530329387,27.855080976142602,0.0</coordinates>
                    </LinearRing>
                </outerBoundaryIs>
            </Polygon>
        </Placemark>
        <Placemark id="1702">
            <name>Moderate - danger for some</name>
            <styleUrl>#1705</styleUrl>
            <Polygon id="1701">
                <outerBoundaryIs>
                    <LinearRing id="1703">
                        <coordinates>85.06530535189768,27.855203717225155,0.0 85.06550837693833,27.855206565102197,0.0 85.06551158097749,27.855026118673884,0.0 85.06530855627258,27.855023270818457,0.0 85.06530535189768,27.855203717225155,0.0</coordinates>
                    </LinearRing>
                </outerBoundaryIs>
            </Polygon>
        </Placemark>
        <Placemark id="1709">
            <name>Moderate - danger for some</name>
            <styleUrl>#1712</styleUrl>
            <Polygon id="1708">
                <outerBoundaryIs>
                    <LinearRing id="1710">
                        <coordinates>85.0720051939056,27.855297539563757,0.0 85.07220821992483,27.85530037759053,0.0 85.07221141288403,27.855119930450286,0.0 85.0718053615467,27.85511425414132,0.0 85.07179897425566,27.855475148330598,0.0 85.07200200058104,27.855477986677407,0.0 85.0720051939056,27.855297539563757,0.0</coordinates>
                    </LinearRing>
                </outerBoundaryIs>
            </Polygon>
        </Placemark>
        <Placemark id="1716">
            <name>Moderate - danger for some</name>
            <styleUrl>#1719</styleUrl>
            <Polygon id="1715">
                <outerBoundaryIs>
                    <LinearRing id="1717">
                        <coordinates>85.05677510854814,27.85526428234646,0.0 85.05697813267415,27.855267142781667,0.0 85.0569813508446,27.855086697268078,0.0 85.0567783270543,27.855083836854583,0.0 85.05677510854814,27.85526428234646,0.0</coordinates>
                    </LinearRing>
                </outerBoundaryIs>
            </Polygon>
        </Placemark>
        <Placemark id="1723">
            <name>Moderate - danger for some</name>
            <styleUrl>#1726</styleUrl>
            <Polygon id="1722">
                <outerBoundaryIs>
                    <LinearRing id="1724">
                        <coordinates>85.06468986610051,27.855556064471592,0.0 85.06489289172353,27.85555891328735,0.0 85.06489609682937,27.855378466934006,0.0 85.06469307154211,27.85537561813987,0.0 85.06468986610051,27.855556064471592,0.0</coordinates>
                    </LinearRing>
                </outerBoundaryIs>
            </Polygon>
        </Placemark>
        <Placemark id="1730">
            <name>Moderate - danger for some</name>
            <styleUrl>#1733</styleUrl>
            <Polygon id="1729">
                <outerBoundaryIs>
                    <LinearRing id="1731">
                        <coordinates>85.07727751079898,27.855732126589007,0.0 85.07768356574726,27.855737786908076,0.0 85.07768674969992,27.855557339197293,0.0 85.07728069542316,27.855551678921177,0.0 85.07727751079898,27.855732126589007,0.0</coordinates>
                    </LinearRing>
                </outerBoundaryIs>
            </Polygon>
        </Placemark>
        <Placemark id="1737">
            <name>Moderate - danger for some</name>
            <styleUrl>#1740</styleUrl>
            <Polygon id="1736">
                <outerBoundaryIs>
                    <LinearRing id="1738">
                        <coordinates>85.04945656794888,27.855702441985258,0.0 85.04965959200602,27.855705313231212,0.0 85.04966282235306,27.855524868515708,0.0 85.04945979863166,27.855521997291547,0.0 85.04945656794888,27.855702441985258,0.0</coordinates>
                    </LinearRing>
                </outerBoundaryIs>
            </Polygon>
        </Placemark>
        <Placemark id="1744">
            <name>Moderate - danger for some</name>
            <styleUrl>#1747</styleUrl>
            <Polygon id="1743">
                <outerBoundaryIs>
                    <LinearRing id="1745">
                        <coordinates>85.07178939309703,27.85601648957656,0.0 85.07178619931827,27.85619693664843,0.0 85.07198922698674,27.856199775081404,0.0 85.07198603351415,27.856380222169754,0.0 85.07238889678084,27.85656634530961,0.0 85.07239847518392,27.85602500391533,0.0 85.07219544779201,27.856022166100914,0.0 85.07219864086962,27.85584171898091,0.0 85.07179258684619,27.855836042499632,0.0 85.07179897425566,27.855475148330598,0.0 85.07159594795986,27.855472309685293,0.0 85.07158636579393,27.856013650866625,0.0 85.07178939309703,27.85601648957656,0.0</coordinates>
                    </LinearRing>
                </outerBoundaryIs>
            </Polygon>
        </Placemark>
        <Placemark id="1751">
            <name>Moderate - danger for some</name>
            <styleUrl>#1754</styleUrl>
            <Polygon id="1750">
                <outerBoundaryIs>
                    <LinearRing id="1752">
                        <coordinates>85.05168660720459,27.85591445420213,0.0 85.05168983422402,27.855734009273935,0.0 85.05148680986755,27.855731141012853,0.0 85.05148358251235,27.855911585919287,0.0 85.05168660720459,27.85591445420213,0.0</coordinates>
                    </LinearRing>
                </outerBoundaryIs>
            </Polygon>
        </Placemark>
        <Placemark id="1758">
            <name>Moderate - danger for some</name>
            <styleUrl>#1761</styleUrl>
            <Polygon id="1757">
                <outerBoundaryIs>
                    <LinearRing id="1759">
                        <coordinates>85.06386814337331,27.856086004928954,0.0 85.06407116988476,27.856088855003566,0.0 85.06407437642281,27.855908408751898,0.0 85.06387135024714,27.85590555869891,0.0 85.06386814337331,27.856086004928954,0.0</coordinates>
                    </LinearRing>
                </outerBoundaryIs>
            </Polygon>
        </Placemark>
        <Placemark id="1765">
            <name>Moderate - danger for some</name>
            <styleUrl>#1768</styleUrl>
            <Polygon id="1764">
                <outerBoundaryIs>
                    <LinearRing id="1766">
                        <coordinates>85.0796947580706,27.85684875803947,0.0 85.07989778789874,27.856851584894905,0.0 85.07990096833478,27.856671136978363,0.0 85.07969793884244,27.856668310144382,0.0 85.0796947580706,27.85684875803947,0.0</coordinates>
                    </LinearRing>
                </outerBoundaryIs>
            </Polygon>
        </Placemark>
        <Placemark id="1772">
            <name>Moderate - danger for some</name>
            <styleUrl>#1775</styleUrl>
            <Polygon id="1771">
                <outerBoundaryIs>
                    <LinearRing id="1773">
                        <coordinates>85.06284017675408,27.856793534515226,0.0 85.06304320445993,27.8567963861689,0.0 85.0630464127958,27.856615940045643,0.0 85.06284338542572,27.856613088413603,0.0 85.06284017675408,27.856793534515226,0.0</coordinates>
                    </LinearRing>
                </outerBoundaryIs>
            </Polygon>
        </Placemark>
        <Placemark id="1779">
            <name>Moderate - danger for some</name>
            <styleUrl>#1782</styleUrl>
            <Polygon id="1778">
                <outerBoundaryIs>
                    <LinearRing id="1780">
                        <coordinates>85.08009763762664,27.857034859384747,0.0 85.08030066784954,27.857037685664586,0.0 85.08030384764348,27.856857237710205,0.0 85.08010081775637,27.856854411451817,0.0 85.08009763762664,27.857034859384747,0.0</coordinates>
                    </LinearRing>
                </outerBoundaryIs>
            </Polygon>
        </Placemark>
        <Placemark id="1786">
            <name>Moderate - danger for some</name>
            <styleUrl>#1789</styleUrl>
            <Polygon id="1785">
                <outerBoundaryIs>
                    <LinearRing id="1787">
                        <coordinates>85.07238251103077,27.856927239547165,0.0 85.07217948195996,27.856924401625076,0.0 85.07217628870474,27.857104848714723,0.0 85.07197325932773,27.857102010472573,0.0 85.07176384203792,27.857460066009875,0.0 85.07216990210549,27.857465742878848,0.0 85.07217309541991,27.857285295799315,0.0 85.07258234754754,27.857110524303472,0.0 85.07259192520966,27.856569182890123,0.0 85.07238889678084,27.85656634530961,0.0 85.07238251103077,27.856927239547165,0.0</coordinates>
                    </LinearRing>
                </outerBoundaryIs>
            </Polygon>
        </Placemark>
        <Placemark id="1793">
            <name>Moderate - danger for some</name>
            <styleUrl>#1796</styleUrl>
            <Polygon id="1792">
                <outerBoundaryIs>
                    <LinearRing id="1794">
                        <coordinates>85.06263394004081,27.856971128637955,0.0 85.06283696805271,27.85697398061178,0.0 85.06284017675408,27.856793534515226,0.0 85.06263714907797,27.856790682563044,0.0 85.06263394004081,27.856971128637955,0.0</coordinates>
                    </LinearRing>
                </outerBoundaryIs>
            </Polygon>
        </Placemark>
        <Placemark id="1800">
            <name>Moderate - danger for some</name>
            <styleUrl>#1803</styleUrl>
            <Polygon id="1799">
                <outerBoundaryIs>
                    <LinearRing id="1801">
                        <coordinates>85.06242770265598,27.85714872241382,0.0 85.0626307309739,27.8571515747078,0.0 85.06263394004081,27.856971128637955,0.0 85.06243091205867,27.85696827636562,0.0 85.06242770265598,27.85714872241382,0.0</coordinates>
                    </LinearRing>
                </outerBoundaryIs>
            </Polygon>
        </Placemark>
        <Placemark id="1807">
            <name>Moderate - danger for some</name>
            <styleUrl>#1810</styleUrl>
            <Polygon id="1806">
                <outerBoundaryIs>
                    <LinearRing id="1808">
                        <coordinates>85.06160595726578,27.857678648107207,0.0 85.06180898647203,27.857681501660203,0.0 85.06181219697137,27.857501055692133,0.0 85.0616091681009,27.857498202160798,0.0 85.06160595726578,27.857678648107207,0.0</coordinates>
                    </LinearRing>
                </outerBoundaryIs>
            </Polygon>
        </Placemark>
        <Placemark id="1814">
            <name>Moderate - danger for some</name>
            <styleUrl>#1817</styleUrl>
            <Polygon id="1813">
                <outerBoundaryIs>
                    <LinearRing id="1815">
                        <coordinates>85.0593662088151,27.85800813072302,0.0 85.05956923836536,27.858010987603077,0.0 85.05957566684083,27.857650096158764,0.0 85.05937263796217,27.85764723932207,0.0 85.0593662088151,27.85800813072302,0.0</coordinates>
                    </LinearRing>
                </outerBoundaryIs>
            </Polygon>
        </Placemark>
        <Placemark id="1821">
            <name>Moderate - danger for some</name>
            <styleUrl>#1824</styleUrl>
            <Polygon id="1820">
                <outerBoundaryIs>
                    <LinearRing id="1822">
                        <coordinates>85.05489956625459,27.857945203836177,0.0 85.05510259514851,27.857948067283665,0.0 85.05510581678861,27.8577676220415,0.0 85.05490278823049,27.85776475861574,0.0 85.05489956625459,27.857945203836177,0.0</coordinates>
                    </LinearRing>
                </outerBoundaryIs>
            </Polygon>
        </Placemark>
        <Placemark id="1828">
            <name>Moderate - danger for some</name>
            <styleUrl>#1831</styleUrl>
            <Polygon id="1827">
                <outerBoundaryIs>
                    <LinearRing id="1829">
                        <coordinates>85.07113558157617,27.85853423019217,0.0 85.07133861352116,27.85853706980077,0.0 85.07134180835648,27.858356622837757,0.0 85.07093574516776,27.858350943365117,0.0 85.07092935412426,27.858711837199884,0.0 85.07113238637544,27.858714677128575,0.0 85.07113558157617,27.85853423019217,0.0</coordinates>
                    </LinearRing>
                </outerBoundaryIs>
            </Polygon>
        </Placemark>
        <Placemark id="1835">
            <name>Moderate - danger for some</name>
            <styleUrl>#1838</styleUrl>
            <Polygon id="1834">
                <outerBoundaryIs>
                    <LinearRing id="1836">
                        <coordinates>85.07011402850631,27.858880921323323,0.0 85.0703170609748,27.858883762467723,0.0 85.07032025754846,27.85870331562259,0.0 85.07011722541579,27.85870047449974,0.0 85.07011402850631,27.858880921323323,0.0</coordinates>
                    </LinearRing>
                </outerBoundaryIs>
            </Polygon>
        </Placemark>
        <Placemark id="1842">
            <name>Moderate - danger for some</name>
            <styleUrl>#1845</styleUrl>
            <Polygon id="1841">
                <outerBoundaryIs>
                    <LinearRing id="1843">
                        <coordinates>85.06970796365826,27.8588752381389,0.0 85.06991099606746,27.85887807988038,0.0 85.06991419331275,27.85869763307837,0.0 85.06971116123937,27.858694791358456,0.0 85.06970796365826,27.8588752381389,0.0</coordinates>
                    </LinearRing>
                </outerBoundaryIs>
            </Polygon>
        </Placemark>
        <Placemark id="1849">
            <name>Moderate - danger for some</name>
            <styleUrl>#1852</styleUrl>
            <Polygon id="1848">
                <outerBoundaryIs>
                    <LinearRing id="1850">
                        <coordinates>85.06929870064636,27.85905000049258,0.0 85.0695017333321,27.85905284285271,0.0 85.06950493127869,27.85887239609889,0.0 85.06930189892877,27.85886955376033,0.0 85.06929870064636,27.85905000049258,0.0</coordinates>
                    </LinearRing>
                </outerBoundaryIs>
            </Polygon>
        </Placemark>
        <Placemark id="1856">
            <name>Moderate - danger for some</name>
            <styleUrl>#1859</styleUrl>
            <Polygon id="1855">
                <outerBoundaryIs>
                    <LinearRing id="1857">
                        <coordinates>85.06828353766244,27.85903578421384,0.0 85.06808050515463,27.859032940062473,0.0 85.06808370545195,27.858852493459683,0.0 85.06788067330963,27.858849649031352,0.0 85.06787427201367,27.85921054218872,0.0 85.06828033767127,27.85921623083316,0.0 85.06828353766244,27.85903578421384,0.0</coordinates>
                    </LinearRing>
                </outerBoundaryIs>
            </Polygon>
        </Placemark>
        <Placemark id="1863">
            <name>Moderate - danger for some</name>
            <styleUrl>#1866</styleUrl>
            <Polygon id="1862">
                <outerBoundaryIs>
                    <LinearRing id="1864">
                        <coordinates>85.06888943638013,27.859224761560757,0.0 85.0690924693424,27.85922760453954,0.0 85.06909566799027,27.85904715783391,0.0 85.06889263536382,27.85904431487671,0.0 85.06888943638013,27.859224761560757,0.0</coordinates>
                    </LinearRing>
                </outerBoundaryIs>
            </Polygon>
        </Placemark>
        <Placemark id="1870">
            <name>Moderate - danger for some</name>
            <styleUrl>#1873</styleUrl>
            <Polygon id="1869">
                <outerBoundaryIs>
                    <LinearRing id="1871">
                        <coordinates>85.06848017085954,27.859399521343402,0.0 85.06868320409833,27.85940236494084,0.0 85.0686864034475,27.859221918283435,0.0 85.06848337054456,27.859219074707568,0.0 85.06848017085954,27.859399521343402,0.0</coordinates>
                    </LinearRing>
                </outerBoundaryIs>
            </Polygon>
        </Placemark>
        <Placemark id="1877">
            <name>Moderate - danger for some</name>
            <styleUrl>#1880</styleUrl>
            <Polygon id="1876">
                <outerBoundaryIs>
                    <LinearRing id="1878">
                        <coordinates>85.06786146906568,27.8599323284427,0.0 85.06765843493805,27.859929483586324,0.0 85.06766803820106,27.859388143968182,0.0 85.06746500511062,27.859385298878014,0.0 85.06745219935726,27.860107084939056,0.0 85.0678582682545,27.860112774993553,0.0 85.06786146906568,27.8599323284427,0.0</coordinates>
                    </LinearRing>
                </outerBoundaryIs>
            </Polygon>
        </Placemark>
        <Placemark id="1884">
            <name>Moderate - danger for some</name>
            <styleUrl>#1887</styleUrl>
            <Polygon id="1883">
                <outerBoundaryIs>
                    <LinearRing id="1885">
                        <coordinates>85.06521241210184,27.860436660817726,0.0 85.06561848168921,27.860442357526825,0.0 85.06562168625403,27.860261911223684,0.0 85.06521561733835,27.860256214557808,0.0 85.06521241210184,27.860436660817726,0.0</coordinates>
                    </LinearRing>
                </outerBoundaryIs>
            </Polygon>
        </Placemark>
        <Placemark id="1891">
            <name>Moderate - danger for some</name>
            <styleUrl>#1894</styleUrl>
            <Polygon id="1890">
                <outerBoundaryIs>
                    <LinearRing id="1892">
                        <coordinates>85.06115172276913,27.86037962804464,0.0 85.06155779116686,27.86038533669592,0.0 85.0615610024485,27.860204890825447,0.0 85.06115493472244,27.860199182217485,0.0 85.06115172276913,27.86037962804464,0.0</coordinates>
                    </LinearRing>
                </outerBoundaryIs>
            </Polygon>
        </Placemark>
        <Placemark id="1898">
            <name>Moderate - danger for some</name>
            <styleUrl>#1901</styleUrl>
            <Polygon id="1897">
                <outerBoundaryIs>
                    <LinearRing id="1899">
                        <coordinates>85.06663045326218,27.860637040480935,0.0 85.06683348858476,27.860639886916466,0.0 85.06683989371395,27.860278994056,0.0 85.06663685906305,27.86027614766367,0.0 85.06663045326218,27.860637040480935,0.0</coordinates>
                    </LinearRing>
                </outerBoundaryIs>
            </Polygon>
        </Placemark>
        <Placemark id="1905">
            <name>Moderate - danger for some</name>
            <styleUrl>#1908</styleUrl>
            <Polygon id="1904">
                <outerBoundaryIs>
                    <LinearRing id="1906">
                        <coordinates>85.06764563017194,27.86065126967299,0.0 85.06784866564293,27.860654114615723,0.0 85.06785506741365,27.860293221539337,0.0 85.06765203261435,27.86029037663978,0.0 85.06764563017194,27.86065126967299,0.0</coordinates>
                    </LinearRing>
                </outerBoundaryIs>
            </Polygon>
        </Placemark>
        <Placemark id="1912">
            <name>Moderate - danger for some</name>
            <styleUrl>#1915</styleUrl>
            <Polygon id="1911">
                <outerBoundaryIs>
                    <LinearRing id="1913">
                        <coordinates>85.06703652393703,27.86064273305344,0.0 85.06723955931899,27.860645578891848,0.0 85.06724276122674,27.860465132420956,0.0 85.06703972618061,27.86046228660414,0.0 85.06703652393703,27.86064273305344,0.0</coordinates>
                    </LinearRing>
                </outerBoundaryIs>
            </Polygon>
        </Placemark>
        <Placemark id="1919">
            <name>Moderate - danger for some</name>
            <styleUrl>#1922</styleUrl>
            <Polygon id="1918">
                <outerBoundaryIs>
                    <LinearRing id="1920">
                        <coordinates>85.06743939312905,27.860828870919125,0.0 85.06764242890623,27.86083171618201,0.0 85.06764563017194,27.86065126967299,0.0 85.06744259473062,27.8606484244317,0.0 85.06743939312905,27.860828870919125,0.0</coordinates>
                    </LinearRing>
                </outerBoundaryIs>
            </Polygon>
        </Placemark>
        <Placemark id="1926">
            <name>Moderate - danger for some</name>
            <styleUrl>#1929</styleUrl>
            <Polygon id="1925">
                <outerBoundaryIs>
                    <LinearRing id="1927">
                        <coordinates>85.08864076217097,27.85625106189866,0.0 85.08884379195031,27.856253875533643,0.0 85.08884695749389,27.856073426655243,0.0 85.08864392805035,27.856070613041613,0.0 85.08864076217097,27.85625106189866,0.0</coordinates>
                    </LinearRing>
                </outerBoundaryIs>
            </Polygon>
        </Placemark>
        <Placemark id="1933">
            <name>Moderate - danger for some</name>
            <styleUrl>#1936</styleUrl>
            <Polygon id="1932">
                <outerBoundaryIs>
                    <LinearRing id="1934">
                        <coordinates>85.08904365652185,27.856437137764814,0.0 85.08944971689883,27.856442763584884,0.0 85.08945288146437,27.856262314647488,0.0 85.08904682175898,27.856256688870115,0.0 85.08904365652185,27.856437137764814,0.0</coordinates>
                    </LinearRing>
                </outerBoundaryIs>
            </Polygon>
        </Placemark>
        <Placemark id="1940">
            <name>Moderate - danger for some</name>
            <styleUrl>#1943</styleUrl>
            <Polygon id="1939">
                <outerBoundaryIs>
                    <LinearRing id="1941">
                        <coordinates>85.08964958287224,27.85662602500081,0.0 85.08965274713132,27.856445576047136,0.0 85.08944971689883,27.856442763584884,0.0 85.08944655230394,27.856623212517214,0.0 85.08964958287224,27.85662602500081,0.0</coordinates>
                    </LinearRing>
                </outerBoundaryIs>
            </Polygon>
        </Placemark>
        <Placemark id="1947">
            <name>Moderate - danger for some</name>
            <styleUrl>#1950</styleUrl>
            <Polygon id="1946">
                <outerBoundaryIs>
                    <LinearRing id="1948">
                        <coordinates>85.08964958287224,27.85662602500081,0.0 85.08964641858383,27.856806473949433,0.0 85.08984944951725,27.856809286155848,0.0 85.08985261346986,27.856628837185887,0.0 85.08964958287224,27.85662602500081,0.0</coordinates>
                    </LinearRing>
                </outerBoundaryIs>
            </Polygon>
        </Placemark>
        <Placemark id="1954">
            <name>Moderate - danger for some</name>
            <styleUrl>#1957</styleUrl>
            <Polygon id="1953">
                <outerBoundaryIs>
                    <LinearRing id="1955">
                        <coordinates>85.1144132846947,27.857327811196818,0.0 85.11481935437327,27.85733336251059,0.0 85.1148224770499,27.857152910938,0.0 85.114416408043,27.85714735966636,0.0 85.1144132846947,27.857327811196818,0.0</coordinates>
                    </LinearRing>
                </outerBoundaryIs>
            </Polygon>
        </Placemark>
        <Placemark id="1961">
            <name>Moderate - danger for some</name>
            <styleUrl>#1964</styleUrl>
            <Polygon id="1960">
                <outerBoundaryIs>
                    <LinearRing id="1962">
                        <coordinates>85.11318570009047,27.85785250427219,0.0 85.11338873574898,27.857855281932874,0.0 85.1133949859487,27.857494379107884,0.0 85.11319195096185,27.857491601489365,0.0 85.11318570009047,27.85785250427219,0.0</coordinates>
                    </LinearRing>
                </outerBoundaryIs>
            </Polygon>
        </Placemark>
        <Placemark id="1968">
            <name>Moderate - danger for some</name>
            <styleUrl>#1971</styleUrl>
            <Polygon id="1967">
                <outerBoundaryIs>
                    <LinearRing id="1969">
                        <coordinates>85.09085195523664,27.857545138966056,0.0 85.09085827998909,27.85718424084816,0.0 85.09065524823744,27.857181430091714,0.0 85.09064892281336,27.857542328166954,0.0 85.09085195523664,27.857545138966056,0.0</coordinates>
                    </LinearRing>
                </outerBoundaryIs>
            </Polygon>
        </Placemark>
        <Placemark id="1975">
            <name>Moderate - danger for some</name>
            <styleUrl>#1978</styleUrl>
            <Polygon id="1974">
                <outerBoundaryIs>
                    <LinearRing id="1976">
                        <coordinates>85.09105182560486,27.857728398539322,0.0 85.09105498768925,27.85754794946663,0.0 85.09085195523664,27.857545138966056,0.0 85.09084879281644,27.857725588017427,0.0 85.09105182560486,27.857728398539322,0.0</coordinates>
                    </LinearRing>
                </outerBoundaryIs>
            </Polygon>
        </Placemark>
        <Placemark id="1982">
            <name>Moderate - danger for some</name>
            <styleUrl>#1985</styleUrl>
            <Polygon id="1981">
                <outerBoundaryIs>
                    <LinearRing id="1983">
                        <coordinates>85.10384295024369,27.857904859559486,0.0 85.10384609117122,27.85772440914771,0.0 85.1036430568779,27.857721617455205,0.0 85.10363991561454,27.857902067845806,0.0 85.10384295024369,27.857904859559486,0.0</coordinates>
                    </LinearRing>
                </outerBoundaryIs>
            </Polygon>
        </Placemark>
        <Placemark id="1989">
            <name>Moderate - danger for some</name>
            <styleUrl>#1992</styleUrl>
            <Polygon id="1988">
                <outerBoundaryIs>
                    <LinearRing id="1990">
                        <coordinates>85.08657877200396,27.85802739528637,0.0 85.08678180484769,27.85803021212028,0.0 85.08678497404293,27.857849763506046,0.0 85.08658194153502,27.85784694669351,0.0 85.08657877200396,27.85802739528637,0.0</coordinates>
                    </LinearRing>
                </outerBoundaryIs>
            </Polygon>
        </Placemark>
        <Placemark id="1996">
            <name>Moderate - danger for some</name>
            <styleUrl>#1999</styleUrl>
            <Polygon id="1995">
                <outerBoundaryIs>
                    <LinearRing id="1997">
                        <coordinates>85.10708523707247,27.858310387861575,0.0 85.10728827286788,27.858313174542218,0.0 85.1072914081444,27.85813272378073,0.0 85.10708837268483,27.858129937121234,0.0 85.10708523707247,27.858310387861575,0.0</coordinates>
                    </LinearRing>
                </outerBoundaryIs>
            </Polygon>
        </Placemark>
        <Placemark id="2003">
            <name>Moderate - danger for some</name>
            <styleUrl>#2006</styleUrl>
            <Polygon id="2002">
                <outerBoundaryIs>
                    <LinearRing id="2004">
                        <coordinates>85.09793920406229,27.85872602755937,0.0 85.09814223955402,27.85872882773858,0.0 85.09814539003072,27.858548377946097,0.0 85.09794235487483,27.85854557778813,0.0 85.09793920406229,27.85872602755937,0.0</coordinates>
                    </LinearRing>
                </outerBoundaryIs>
            </Polygon>
        </Placemark>
        <Placemark id="2010">
            <name>Moderate - danger for some</name>
            <styleUrl>#2013</styleUrl>
            <Polygon id="2009">
                <outerBoundaryIs>
                    <LinearRing id="2011">
                        <coordinates>85.11214863151531,27.8591017703335,0.0 85.11235166937985,27.859104549634576,0.0 85.1123547963763,27.858924098365335,0.0 85.1121517588476,27.85892131908535,0.0 85.11214863151531,27.8591017703335,0.0</coordinates>
                    </LinearRing>
                </outerBoundaryIs>
            </Polygon>
        </Placemark>
        <Placemark id="2017">
            <name>Moderate - danger for some</name>
            <styleUrl>#2020</styleUrl>
            <Polygon id="2016">
                <outerBoundaryIs>
                    <LinearRing id="2018">
                        <coordinates>85.11011825446496,27.85907396090157,0.0 85.11032129203946,27.859076743188307,0.0 85.11032442239446,27.85889629213008,0.0 85.11012138515582,27.858893509864448,0.0 85.11011825446496,27.85907396090157,0.0</coordinates>
                    </LinearRing>
                </outerBoundaryIs>
            </Polygon>
        </Placemark>
        <Placemark id="2024">
            <name>Moderate - danger for some</name>
            <styleUrl>#2027</styleUrl>
            <Polygon id="2023">
                <outerBoundaryIs>
                    <LinearRing id="2025">
                        <coordinates>85.11072423756318,27.859262757961503,0.0 85.11092727556056,27.85926553937366,0.0 85.110930404937,27.859085088257146,0.0 85.11072736727546,27.859082306866103,0.0 85.11072423756318,27.859262757961503,0.0</coordinates>
                    </LinearRing>
                </outerBoundaryIs>
            </Polygon>
        </Placemark>
        <Placemark id="2031">
            <name>Moderate - danger for some</name>
            <styleUrl>#2034</styleUrl>
            <Polygon id="2030">
                <outerBoundaryIs>
                    <LinearRing id="2032">
                        <coordinates>85.10990582366522,27.859612531333976,0.0 85.11010886221827,27.85961531398264,0.0 85.1101119929962,27.859434862960658,0.0 85.10990895477902,27.859432080333114,0.0 85.10990582366522,27.859612531333976,0.0</coordinates>
                    </LinearRing>
                </outerBoundaryIs>
            </Polygon>
        </Placemark>
        <Placemark id="2038">
            <name>Moderate - danger for some</name>
            <styleUrl>#2041</styleUrl>
            <Polygon id="2037">
                <outerBoundaryIs>
                    <LinearRing id="2039">
                        <coordinates>85.10645103585469,27.8597456312617,0.0 85.1066540742497,27.859748419007232,0.0 85.10665721076636,27.859567968349577,0.0 85.1064541727072,27.859565180625193,0.0 85.10645103585469,27.8597456312617,0.0</coordinates>
                    </LinearRing>
                </outerBoundaryIs>
            </Polygon>
        </Placemark>
        <Placemark id="2045">
            <name>Moderate - danger for some</name>
            <styleUrl>#2048</styleUrl>
            <Polygon id="2044">
                <outerBoundaryIs>
                    <LinearRing id="2046">
                        <coordinates>85.10664466452528,27.86028977094993,0.0 85.10684770395697,27.86029255846035,0.0 85.106850840225,27.860112107796684,0.0 85.10664780112916,27.86010932030742,0.0 85.10664466452528,27.86028977094993,0.0</coordinates>
                    </LinearRing>
                </outerBoundaryIs>
            </Polygon>
        </Placemark>
        <Placemark id="2052">
            <name>Moderate - danger for some</name>
            <styleUrl>#2055</styleUrl>
            <Polygon id="2051">
                <outerBoundaryIs>
                    <LinearRing id="2053">
                        <coordinates>85.11008694596012,27.86087847099519,0.0 85.11028998689332,27.860881253493073,0.0 85.11029311753853,27.860700802485297,0.0 85.11009007694122,27.86069802000853,0.0 85.11008694596012,27.86087847099519,0.0</coordinates>
                    </LinearRing>
                </outerBoundaryIs>
            </Polygon>
        </Placemark>
        <Placemark id="2059">
            <name>Moderate - danger for some</name>
            <styleUrl>#2062</styleUrl>
            <Polygon id="2058">
                <outerBoundaryIs>
                    <LinearRing id="2060">
                        <coordinates>85.11150510444298,27.861078393339312,0.0 85.11170814591516,27.86108117376816,0.0 85.11171127423816,27.860900722617714,0.0 85.11150823310187,27.860897942209963,0.0 85.11150510444298,27.861078393339312,0.0</coordinates>
                    </LinearRing>
                </outerBoundaryIs>
            </Polygon>
        </Placemark>
        <Placemark id="2066">
            <name>Moderate - danger for some</name>
            <styleUrl>#2069</styleUrl>
            <Polygon id="2065">
                <outerBoundaryIs>
                    <LinearRing id="2067">
                        <coordinates>85.08854893890128,27.861484076554703,0.0 85.08875197841986,27.861486890808923,0.0 85.08875514481457,27.86130644207708,0.0 85.08855210563188,27.86130362784421,0.0 85.08854893890128,27.861484076554703,0.0</coordinates>
                    </LinearRing>
                </outerBoundaryIs>
            </Polygon>
        </Placemark>
        <Placemark id="2073">
            <name>Moderate - danger for some</name>
            <styleUrl>#2076</styleUrl>
            <Polygon id="2072">
                <outerBoundaryIs>
                    <LinearRing id="2074">
                        <coordinates>85.1118955470458,27.86198620968047,0.0 85.11209859025548,27.861988989617597,0.0 85.11210484581889,27.861628087277733,0.0 85.11190180328101,27.86162530738279,0.0 85.1118955470458,27.86198620968047,0.0</coordinates>
                    </LinearRing>
                </outerBoundaryIs>
            </Polygon>
        </Placemark>
        <Placemark id="2080">
            <name>Moderate - danger for some</name>
            <styleUrl>#2083</styleUrl>
            <Polygon id="2079">
                <outerBoundaryIs>
                    <LinearRing id="2081">
                        <coordinates>85.09484002126474,27.861751628959862,0.0 85.0950430620277,27.861754433979193,0.0 85.09504937402167,27.86139353519886,0.0 85.09484633393049,27.861390730222087,0.0 85.09484002126474,27.861751628959862,0.0</coordinates>
                    </LinearRing>
                </outerBoundaryIs>
            </Polygon>
        </Placemark>
        <Placemark id="2087">
            <name>Moderate - danger for some</name>
            <styleUrl>#2090</styleUrl>
            <Polygon id="2086">
                <outerBoundaryIs>
                    <LinearRing id="2088">
                        <coordinates>85.09443393982662,27.861746018025414,0.0 85.09463698053105,27.861748823641932,0.0 85.09464013721444,27.86156837429686,0.0 85.0944370968459,27.86156556870163,0.0 85.09443393982662,27.861746018025414,0.0</coordinates>
                    </LinearRing>
                </outerBoundaryIs>
            </Polygon>
        </Placemark>
        <Placemark id="2094">
            <name>Moderate - danger for some</name>
            <styleUrl>#2097</styleUrl>
            <Polygon id="2093">
                <outerBoundaryIs>
                    <LinearRing id="2095">
                        <coordinates>85.09443393982662,27.861746018025414,0.0 85.09423089915144,27.861743212110305,0.0 85.09422774176701,27.86192366140775,0.0 85.09443078277806,27.861926467344155,0.0 85.09443393982662,27.861746018025414,0.0</coordinates>
                    </LinearRing>
                </outerBoundaryIs>
            </Polygon>
        </Placemark>
        <Placemark id="2101">
            <name>Moderate - danger for some</name>
            <styleUrl>#2104</styleUrl>
            <Polygon id="2100">
                <outerBoundaryIs>
                    <LinearRing id="2102">
                        <coordinates>85.08894551961515,27.862031050993835,0.0 85.08914856020009,27.86203386471494,0.0 85.08935793173526,27.861675780570938,0.0 85.08874881199579,27.861667339535714,0.0 85.08894551961515,27.862031050993835,0.0</coordinates>
                    </LinearRing>
                </outerBoundaryIs>
            </Polygon>
        </Placemark>
        <Placemark id="2108">
            <name>Moderate - danger for some</name>
            <styleUrl>#2111</styleUrl>
            <Polygon id="2107">
                <outerBoundaryIs>
                    <LinearRing id="2109">
                        <coordinates>85.08996388730073,27.861864667768696,0.0 85.08955780659723,27.8618590424593,0.0 85.089554641458,27.862039491261385,0.0 85.08995755833651,27.862225565453162,0.0 85.08996388730073,27.861864667768696,0.0</coordinates>
                    </LinearRing>
                </outerBoundaryIs>
            </Polygon>
        </Placemark>
        <Placemark id="2115">
            <name>Moderate - danger for some</name>
            <styleUrl>#2118</styleUrl>
            <Polygon id="2114">
                <outerBoundaryIs>
                    <LinearRing id="2116">
                        <coordinates>85.09401838525675,27.862281753709908,0.0 85.09422142691034,27.862284559987486,0.0 85.09422458435331,27.862104110700148,0.0 85.09402154303561,27.862101304443858,0.0 85.09401838525675,27.862281753709908,0.0</coordinates>
                    </LinearRing>
                </outerBoundaryIs>
            </Polygon>
        </Placemark>
        <Placemark id="2122">
            <name>Moderate - danger for some</name>
            <styleUrl>#2125</styleUrl>
            <Polygon id="2121">
                <outerBoundaryIs>
                    <LinearRing id="2123">
                        <coordinates>85.09401206961118,27.862642652226842,0.0 85.09421511193658,27.86264545854701,0.0 85.09421826943809,27.862465009269766,0.0 85.0940152274486,27.8624622029709,0.0 85.09401206961118,27.862642652226842,0.0</coordinates>
                    </LinearRing>
                </outerBoundaryIs>
            </Polygon>
        </Placemark>
        <Placemark id="2129">
            <name>Moderate - danger for some</name>
            <styleUrl>#2132</styleUrl>
            <Polygon id="2128">
                <outerBoundaryIs>
                    <LinearRing id="2130">
                        <coordinates>85.10842501325564,27.863021609681205,0.0 85.10862805798739,27.86302439482138,0.0 85.10863119166827,27.862843944043153,0.0 85.10842814727242,27.862841158924113,0.0 85.10842501325564,27.863021609681205,0.0</coordinates>
                    </LinearRing>
                </outerBoundaryIs>
            </Polygon>
        </Placemark>
        <Placemark id="2136">
            <name>Moderate - danger for some</name>
            <styleUrl>#2139</styleUrl>
            <Polygon id="2135">
                <outerBoundaryIs>
                    <LinearRing id="2137">
                        <coordinates>85.09380586911247,27.862820294837668,0.0 85.0940089117445,27.862823101477737,0.0 85.09401206961118,27.862642652226842,0.0 85.09380902731507,27.862639845608076,0.0 85.09380586911247,27.862820294837668,0.0</coordinates>
                    </LinearRing>
                </outerBoundaryIs>
            </Polygon>
        </Placemark>
        <Placemark id="2143">
            <name>Moderate - danger for some</name>
            <styleUrl>#2146</styleUrl>
            <Polygon id="2142">
                <outerBoundaryIs>
                    <LinearRing id="2144">
                        <coordinates>85.09400575384852,27.863003550723576,0.0 85.09420879684573,27.863006357086316,0.0 85.0942119544058,27.862825907819193,0.0 85.0940089117445,27.862823101477737,0.0 85.09400575384852,27.863003550723576,0.0</coordinates>
                    </LinearRing>
                </outerBoundaryIs>
            </Polygon>
        </Placemark>
        <Placemark id="2150">
            <name>Moderate - danger for some</name>
            <styleUrl>#2153</styleUrl>
            <Polygon id="2149">
                <outerBoundaryIs>
                    <LinearRing id="2151">
                        <coordinates>85.09116315496281,27.86296423029147,0.0 85.09136619754989,27.862967040834697,0.0 85.09136935981267,27.862786591865877,0.0 85.09116631756149,27.86278378134398,0.0 85.09116315496281,27.86296423029147,0.0</coordinates>
                    </LinearRing>
                </outerBoundaryIs>
            </Polygon>
        </Placemark>
        <Placemark id="2157">
            <name>Moderate - danger for some</name>
            <styleUrl>#2160</styleUrl>
            <Polygon id="2156">
                <outerBoundaryIs>
                    <LinearRing id="2158">
                        <coordinates>85.09359650934489,27.86317838630044,0.0 85.09379955261944,27.863181193281704,0.0 85.09380586911247,27.862820294837668,0.0 85.09360282650974,27.862817487899004,0.0 85.09359650934489,27.86317838630044,0.0</coordinates>
                    </LinearRing>
                </outerBoundaryIs>
            </Polygon>
        </Placemark>
        <Placemark id="2164">
            <name>Moderate - danger for some</name>
            <styleUrl>#2167</styleUrl>
            <Polygon id="2163">
                <outerBoundaryIs>
                    <LinearRing id="2165">
                        <coordinates>85.09076023314708,27.862778159404378,0.0 85.09035414884995,27.86277253627037,0.0 85.09035098490764,27.862952985132537,0.0 85.09075390657677,27.863139057208997,0.0 85.09076023314708,27.862778159404378,0.0</coordinates>
                    </LinearRing>
                </outerBoundaryIs>
            </Polygon>
        </Placemark>
        <Placemark id="2171">
            <name>Moderate - danger for some</name>
            <styleUrl>#2174</styleUrl>
            <Polygon id="2170">
                <outerBoundaryIs>
                    <LinearRing id="2172">
                        <coordinates>85.0919784867421,27.862795021639958,0.0 85.09157556399073,27.86260895309398,0.0 85.0915692401663,27.862969851079313,0.0 85.09177228281202,27.862972661025324,0.0 85.09176912119175,27.863153110031732,0.0 85.09197216420269,27.86315591970046,0.0 85.09216888525813,27.86351962715351,0.0 85.0929810603994,27.86353086181841,0.0 85.09298422006279,27.863350412694235,0.0 85.09237508967064,27.863341987207406,0.0 85.09237825031246,27.8631615381421,0.0 85.09217520724292,27.863158729070584,0.0 85.0919784867421,27.862795021639958,0.0</coordinates>
                    </LinearRing>
                </outerBoundaryIs>
            </Polygon>
        </Placemark>
        <Placemark id="2178">
            <name>Moderate - danger for some</name>
            <styleUrl>#2181</styleUrl>
            <Polygon id="2177">
                <outerBoundaryIs>
                    <LinearRing id="2179">
                        <coordinates>85.09095694944114,27.86314186837075,0.0 85.09115999233481,27.86314467923391,0.0 85.09116315496281,27.86296423029147,0.0 85.09096011240503,27.86296141944964,0.0 85.09095694944114,27.86314186837075,0.0</coordinates>
                    </LinearRing>
                </outerBoundaryIs>
            </Polygon>
        </Placemark>
        <Placemark id="2185">
            <name>Moderate - danger for some</name>
            <styleUrl>#2188</styleUrl>
            <Polygon id="2184">
                <outerBoundaryIs>
                    <LinearRing id="2186">
                        <coordinates>85.09298422006279,27.863350412694235,0.0 85.0931872635854,27.863353220592625,0.0 85.0931904228836,27.863172771442088,0.0 85.09298737969688,27.863169963565007,0.0 85.09298422006279,27.863350412694235,0.0</coordinates>
                    </LinearRing>
                </outerBoundaryIs>
            </Polygon>
        </Placemark>
        <Placemark id="2192">
            <name>Moderate - danger for some</name>
            <styleUrl>#2195</styleUrl>
            <Polygon id="2191">
                <outerBoundaryIs>
                    <LinearRing id="2193">
                        <coordinates>85.11227035729667,27.863796280863628,0.0 85.11267645057947,27.863801839666635,0.0 85.1126795776578,27.86362138848642,0.0 85.11227348504688,27.86361582972559,0.0 85.11227035729667,27.863796280863628,0.0</coordinates>
                    </LinearRing>
                </outerBoundaryIs>
            </Polygon>
        </Placemark>
        <Placemark id="2199">
            <name>Moderate - danger for some</name>
            <styleUrl>#2202</styleUrl>
            <Polygon id="2198">
                <outerBoundaryIs>
                    <LinearRing id="2200">
                        <coordinates>85.11267332347212,27.86398229084181,0.0 85.11287637049296,27.863985069816458,0.0 85.11287949726434,27.863804618620197,0.0 85.11267645057947,27.863801839666635,0.0 85.11267332347212,27.86398229084181,0.0</coordinates>
                    </LinearRing>
                </outerBoundaryIs>
            </Polygon>
        </Placemark>
        <Placemark id="2206">
            <name>Moderate - danger for some</name>
            <styleUrl>#2209</styleUrl>
            <Polygon id="2205">
                <outerBoundaryIs>
                    <LinearRing id="2207">
                        <coordinates>85.11326995993373,27.864712431773093,0.0 85.11327308614915,27.864531980554855,0.0 85.11307003806253,27.864529202114223,0.0 85.11306691151114,27.86470965331138,0.0 85.11326995993373,27.864712431773093,0.0</coordinates>
                    </LinearRing>
                </outerBoundaryIs>
            </Polygon>
        </Placemark>
        <Placemark id="2213">
            <name>Moderate - danger for some</name>
            <styleUrl>#2216</styleUrl>
            <Polygon id="2212">
                <outerBoundaryIs>
                    <LinearRing id="2214">
                        <coordinates>85.11406027900152,27.865986701610055,0.0 85.1140634040759,27.86580625034283,0.0 85.11386035352162,27.86580347294925,0.0 85.11385722811126,27.865983924195394,0.0 85.11406027900152,27.865986701610055,0.0</coordinates>
                    </LinearRing>
                </outerBoundaryIs>
            </Polygon>
        </Placemark>
        <Placemark id="2220">
            <name>Moderate - danger for some</name>
            <styleUrl>#2223</styleUrl>
            <Polygon id="2219">
                <outerBoundaryIs>
                    <LinearRing id="2221">
                        <coordinates>85.11445075842236,27.866894512014515,0.0 85.11465381107946,27.866897288638537,0.0 85.11465693529071,27.86671683733334,0.0 85.11445388296961,27.866714060730384,0.0 85.11445075842236,27.866894512014515,0.0</coordinates>
                    </LinearRing>
                </outerBoundaryIs>
            </Polygon>
        </Placemark>
        <Placemark id="2227">
            <name>Moderate - danger for some</name>
            <styleUrl>#2230</styleUrl>
            <Polygon id="2226">
                <outerBoundaryIs>
                    <LinearRing id="2228">
                        <coordinates>85.11483187172098,27.86834367539232,0.0 85.11503492712406,27.868346451587502,0.0 85.11504742203394,27.867624646329396,0.0 85.11484436797492,27.86762187021847,0.0 85.11483187172098,27.86834367539232,0.0</coordinates>
                    </LinearRing>
                </outerBoundaryIs>
            </Polygon>
        </Placemark>
        <Placemark id="2234">
            <name>Moderate - danger for some</name>
            <styleUrl>#2237</styleUrl>
            <Polygon id="2233">
                <outerBoundaryIs>
                    <LinearRing id="2235">
                        <coordinates>85.11354475787252,27.872296936180497,0.0 85.11395088314639,27.87230249278372,0.0 85.11395400923479,27.87212204169311,0.0 85.1135478846331,27.872116485132054,0.0 85.11354475787252,27.872296936180497,0.0</coordinates>
                    </LinearRing>
                </outerBoundaryIs>
            </Polygon>
        </Placemark>
        <Placemark id="2241">
            <name>Moderate - danger for some</name>
            <styleUrl>#2244</styleUrl>
            <Polygon id="2240">
                <outerBoundaryIs>
                    <LinearRing id="2242">
                        <coordinates>85.11908932420414,27.857030675171867,0.0 85.11929235902241,27.857033444069366,0.0 85.11929547425301,27.856852992023885,0.0 85.11909243977057,27.856850223147397,0.0 85.11908932420414,27.857030675171867,0.0</coordinates>
                    </LinearRing>
                </outerBoundaryIs>
            </Polygon>
        </Placemark>
        <Placemark id="2248">
            <name>Moderate - danger for some</name>
            <styleUrl>#2251</styleUrl>
            <Polygon id="2247">
                <outerBoundaryIs>
                    <LinearRing id="2249">
                        <coordinates>85.11807103327169,27.857197278120488,0.0 85.11827406828132,27.857200048531745,0.0 85.11828030212969,27.856839144656007,0.0 85.11807726779172,27.8568363742868,0.0 85.11807103327169,27.857197278120488,0.0</coordinates>
                    </LinearRing>
                </outerBoundaryIs>
            </Polygon>
        </Placemark>
        <Placemark id="2255">
            <name>Moderate - danger for some</name>
            <styleUrl>#2258</styleUrl>
            <Polygon id="2254">
                <outerBoundaryIs>
                    <LinearRing id="2256">
                        <coordinates>85.11948604901194,27.857577568837527,0.0 85.11968908489546,27.857580337200957,0.0 85.11969219954103,27.85739988512859,0.0 85.11948916399335,27.857397116786164,0.0 85.11948604901194,27.857577568837527,0.0</coordinates>
                    </LinearRing>
                </outerBoundaryIs>
            </Polygon>
        </Placemark>
        <Placemark id="2262">
            <name>Moderate - danger for some</name>
            <styleUrl>#2265</styleUrl>
            <Polygon id="2261">
                <outerBoundaryIs>
                    <LinearRing id="2263">
                        <coordinates>85.12009515674913,27.85758587303216,0.0 85.12029819271925,27.85758864049993,0.0 85.12030130635733,27.857408188364545,0.0 85.12009827072303,27.857405420917782,0.0 85.12009515674913,27.85758587303216,0.0</coordinates>
                    </LinearRing>
                </outerBoundaryIs>
            </Polygon>
        </Placemark>
        <Placemark id="2269">
            <name>Moderate - danger for some</name>
            <styleUrl>#2272</styleUrl>
            <Polygon id="2268">
                <outerBoundaryIs>
                    <LinearRing id="2270">
                        <coordinates>85.11744633657281,27.858091224275984,0.0 85.11764937317493,27.858093995688037,0.0 85.11765249126557,27.857913543840983,0.0 85.1174494549993,27.85791077244997,0.0 85.11744633657281,27.858091224275984,0.0</coordinates>
                    </LinearRing>
                </outerBoundaryIs>
            </Polygon>
        </Placemark>
        <Placemark id="2276">
            <name>Moderate - danger for some</name>
            <styleUrl>#2279</styleUrl>
            <Polygon id="2275">
                <outerBoundaryIs>
                    <LinearRing id="2277">
                        <coordinates>85.1235343388183,27.85835468921472,0.0 85.12373737662212,27.858357451690896,0.0 85.12374359268145,27.857996546742076,0.0 85.12354055554933,27.857993784307823,0.0 85.1235343388183,27.85835468921472,0.0</coordinates>
                    </LinearRing>
                </outerBoundaryIs>
            </Polygon>
        </Placemark>
        <Placemark id="2283">
            <name>Moderate - danger for some</name>
            <styleUrl>#2286</styleUrl>
            <Polygon id="2282">
                <outerBoundaryIs>
                    <LinearRing id="2284">
                        <coordinates>85.12089484999206,27.858318749854963,0.0 85.12130092487884,27.85832428227144,0.0 85.12130403695312,27.858143830051258,0.0 85.12089796273804,27.85813829767676,0.0 85.12089484999206,27.858318749854963,0.0</coordinates>
                    </LinearRing>
                </outerBoundaryIs>
            </Polygon>
        </Placemark>
        <Placemark id="2290">
            <name>Moderate - danger for some</name>
            <styleUrl>#2293</styleUrl>
            <Polygon id="2289">
                <outerBoundaryIs>
                    <LinearRing id="2291">
                        <coordinates>85.12494939190577,27.8587349254582,0.0 85.12555850802366,27.85874320584681,0.0 85.12556161310262,27.85856275319644,0.0 85.12495249799231,27.85855447287067,0.0 85.12494939190577,27.8587349254582,0.0</coordinates>
                    </LinearRing>
                </outerBoundaryIs>
            </Polygon>
        </Placemark>
        <Placemark id="2297">
            <name>Moderate - danger for some</name>
            <styleUrl>#2300</styleUrl>
            <Polygon id="2296">
                <outerBoundaryIs>
                    <LinearRing id="2298">
                        <coordinates>85.12372183596958,27.859259713974723,0.0 85.12392487548153,27.85926247625714,0.0 85.12393109115726,27.858901571316814,0.0 85.12372805231703,27.858898809076315,0.0 85.12372183596958,27.859259713974723,0.0</coordinates>
                    </LinearRing>
                </outerBoundaryIs>
            </Polygon>
        </Placemark>
        <Placemark id="2304">
            <name>Moderate - danger for some</name>
            <styleUrl>#2307</styleUrl>
            <Polygon id="2303">
                <outerBoundaryIs>
                    <LinearRing id="2305">
                        <coordinates>85.12290967820996,27.859248661859276,0.0 85.12331575703215,27.859254188514157,0.0 85.123318865892,27.859073736109405,0.0 85.12291278774157,27.859068209496467,0.0 85.12290967820996,27.859248661859276,0.0</coordinates>
                    </LinearRing>
                </outerBoundaryIs>
            </Polygon>
        </Placemark>
        <Placemark id="2311">
            <name>Moderate - danger for some</name>
            <styleUrl>#2314</styleUrl>
            <Polygon id="2310">
                <outerBoundaryIs>
                    <LinearRing id="2312">
                        <coordinates>85.1164407082283,27.8692681337865,0.0 85.11664376554307,27.869270907697405,0.0 85.11665000796896,27.86891000479207,0.0 85.11644695132625,27.868907230923252,0.0 85.1164407082283,27.8692681337865,0.0</coordinates>
                    </LinearRing>
                </outerBoundaryIs>
            </Polygon>
        </Placemark>
        <Placemark id="2318">
            <name>Moderate - danger for some</name>
            <styleUrl>#2321</styleUrl>
            <Polygon id="2317">
                <outerBoundaryIs>
                    <LinearRing id="2319">
                        <coordinates>85.11825575065706,27.87001489465473,0.0 85.11866186852443,27.870020436969433,0.0 85.11866498650708,27.869839985329143,0.0 85.1182588693118,27.869834443056487,0.0 85.11825575065706,27.87001489465473,0.0</coordinates>
                    </LinearRing>
                </outerBoundaryIs>
            </Polygon>
        </Placemark>
        <Placemark id="2325">
            <name>Moderate - danger for some</name>
            <styleUrl>#2328</styleUrl>
            <Polygon id="2324">
                <outerBoundaryIs>
                    <LinearRing id="2326">
                        <coordinates>85.11925857735535,27.870750554964083,0.0 85.11946163776331,27.870753324861294,0.0 85.11946475451731,27.870572873157116,0.0 85.11926169444541,27.870570103280922,0.0 85.11925857735535,27.870750554964083,0.0</coordinates>
                    </LinearRing>
                </outerBoundaryIs>
            </Polygon>
        </Placemark>
        <Placemark id="2332">
            <name>Moderate - danger for some</name>
            <styleUrl>#2335</styleUrl>
            <Polygon id="2331">
                <outerBoundaryIs>
                    <LinearRing id="2333">
                        <coordinates>85.121258043853,27.872582759148294,0.0 85.12146110791055,27.87258552626822,0.0 85.12146733524558,27.8722246225357,0.0 85.12126427186024,27.872221855457756,0.0 85.121258043853,27.872582759148294,0.0</coordinates>
                    </LinearRing>
                </outerBoundaryIs>
            </Polygon>
        </Placemark>
        <Placemark id="2339">
            <name>Moderate - danger for some</name>
            <styleUrl>#2342</styleUrl>
            <Polygon id="2338">
                <outerBoundaryIs>
                    <LinearRing id="2340">
                        <coordinates>85.11657821308397,27.873060386984914,0.0 85.11678127748515,27.873063161039024,0.0 85.11678439898407,27.872882709673792,0.0 85.11658133491899,27.872879935640725,0.0 85.11657821308397,27.873060386984914,0.0</coordinates>
                    </LinearRing>
                </outerBoundaryIs>
            </Polygon>
        </Placemark>
        <Placemark id="2346">
            <name>Moderate - danger for some</name>
            <styleUrl>#2349</styleUrl>
            <Polygon id="2345">
                <outerBoundaryIs>
                    <LinearRing id="2347">
                        <coordinates>85.12287011151582,27.873326695734896,0.0 85.12307317714858,27.87332946054876,0.0 85.12307628825711,27.873149008537347,0.0 85.12287322296045,27.873146243744454,0.0 85.12287011151582,27.873326695734896,0.0</coordinates>
                    </LinearRing>
                </outerBoundaryIs>
            </Polygon>
        </Placemark>
        <Placemark id="2353">
            <name>Moderate - danger for some</name>
            <styleUrl>#2356</styleUrl>
            <Polygon id="2352">
                <outerBoundaryIs>
                    <LinearRing id="2354">
                        <coordinates>85.11494744978198,27.87339908613357,0.0 85.11515051462378,27.873401862619765,0.0 85.1151567630861,27.873040960241273,0.0 85.1149536989165,27.873038183797192,0.0 85.11494744978198,27.87339908613357,0.0</coordinates>
                    </LinearRing>
                </outerBoundaryIs>
            </Polygon>
        </Placemark>
        <Placemark id="2360">
            <name>Moderate - danger for some</name>
            <styleUrl>#2363</styleUrl>
            <Polygon id="2359">
                <outerBoundaryIs>
                    <LinearRing id="2361">
                        <coordinates>85.12690659083162,27.874825554343133,0.0 85.12690969578424,27.874645101974,0.0 85.12670662725121,27.874642342689967,0.0 85.12670352196245,27.874822795038167,0.0 85.12690659083162,27.874825554343133,0.0</coordinates>
                    </LinearRing>
                </outerBoundaryIs>
            </Polygon>
        </Placemark>
        <Placemark id="2367">
            <name>Moderate - danger for some</name>
            <styleUrl>#2370</styleUrl>
            <Polygon id="2366">
                <outerBoundaryIs>
                    <LinearRing id="2368">
                        <coordinates>85.12690659083162,27.874825554343133,0.0 85.12690348585024,27.87500600670722,0.0 85.12710655508432,27.87500876573434,0.0 85.12710965972957,27.874828313349326,0.0 85.12690659083162,27.874825554343133,0.0</coordinates>
                    </LinearRing>
                </outerBoundaryIs>
            </Polygon>
        </Placemark>
        <Placemark id="2374">
            <name>Moderate - danger for some</name>
            <styleUrl>#2377</styleUrl>
            <Polygon id="2373">
                <outerBoundaryIs>
                    <LinearRing id="2375">
                        <coordinates>85.1271034504103,27.875189218114322,0.0 85.12730652000931,27.875191976863594,0.0 85.12730962434719,27.875011524462682,0.0 85.12710655508432,27.87500876573434,0.0 85.1271034504103,27.875189218114322,0.0</coordinates>
                    </LinearRing>
                </outerBoundaryIs>
            </Polygon>
        </Placemark>
        <Placemark id="2381">
            <name>Moderate - danger for some</name>
            <styleUrl>#2384</styleUrl>
            <Polygon id="2380">
                <outerBoundaryIs>
                    <LinearRing id="2382">
                        <coordinates>85.12019598505468,27.8752756945285,0.0 85.12039905400968,27.87527846345718,0.0 85.12040216980529,27.875098011774096,0.0 85.12019910118643,27.87509524286641,0.0 85.12019598505468,27.8752756945285,0.0</coordinates>
                    </LinearRing>
                </outerBoundaryIs>
            </Polygon>
        </Placemark>
        <Placemark id="2388">
            <name>Moderate - danger for some</name>
            <styleUrl>#2391</styleUrl>
            <Polygon id="2387">
                <outerBoundaryIs>
                    <LinearRing id="2389">
                        <coordinates>85.1210051462319,27.875467220191616,0.0 85.12120821563855,27.87546998794619,0.0 85.12121133011846,27.87528953618416,0.0 85.12100826104795,27.87528676845058,0.0 85.1210051462319,27.875467220191616,0.0</coordinates>
                    </LinearRing>
                </outerBoundaryIs>
            </Polygon>
        </Placemark>
        <Placemark id="2395">
            <name>Moderate - danger for some</name>
            <styleUrl>#2398</styleUrl>
            <Polygon id="2394">
                <outerBoundaryIs>
                    <LinearRing id="2396">
                        <coordinates>85.12750338154733,27.875555640142608,0.0 85.12770645187618,27.875558398336164,0.0 85.1277095555993,27.875377945903498,0.0 85.1275064856066,27.875375187730867,0.0 85.12750338154733,27.875555640142608,0.0</coordinates>
                    </LinearRing>
                </outerBoundaryIs>
            </Polygon>
        </Placemark>
        <Placemark id="2402">
            <name>Moderate - danger for some</name>
            <styleUrl>#2405</styleUrl>
            <Polygon id="2401">
                <outerBoundaryIs>
                    <LinearRing id="2403">
                        <coordinates>85.12161124070197,27.875655974357972,0.0 85.12181431053135,27.875658741237196,0.0 85.12181742403168,27.87547828941723,0.0 85.12161435453844,27.875475522559004,0.0 85.12161124070197,27.875655974357972,0.0</coordinates>
                    </LinearRing>
                </outerBoundaryIs>
            </Polygon>
        </Placemark>
        <Placemark id="2409">
            <name>Moderate - danger for some</name>
            <styleUrl>#2412</styleUrl>
            <Polygon id="2408">
                <outerBoundaryIs>
                    <LinearRing id="2410">
                        <coordinates>85.12242352019265,27.875667040082163,0.0 85.12262659013746,27.875669805766265,0.0 85.12262970229318,27.87548935386237,0.0 85.12242663268452,27.87548658819926,0.0 85.12242352019265,27.875667040082163,0.0</coordinates>
                    </LinearRing>
                </outerBoundaryIs>
            </Polygon>
        </Placemark>
        <Placemark id="2416">
            <name>Moderate - danger for some</name>
            <styleUrl>#2419</styleUrl>
            <Polygon id="2415">
                <outerBoundaryIs>
                    <LinearRing id="2417">
                        <coordinates>85.12303273011361,27.8756753362381,0.0 85.12323580014493,27.875678101025844,0.0 85.1232389112922,27.875497649059035,0.0 85.12303584159702,27.875494884292266,0.0 85.12303273011361,27.8756753362381,0.0</coordinates>
                    </LinearRing>
                </outerBoundaryIs>
            </Polygon>
        </Placemark>
        <Placemark id="2423">
            <name>Moderate - danger for some</name>
            <styleUrl>#2426</styleUrl>
            <Polygon id="2422">
                <outerBoundaryIs>
                    <LinearRing id="2424">
                        <coordinates>85.12363260869623,27.87622498570097,0.0 85.12383567982255,27.87622774965526,0.0 85.12383879004783,27.87604729764067,0.0 85.12363571925768,27.876044533707347,0.0 85.12363260869623,27.87622498570097,0.0</coordinates>
                    </LinearRing>
                </outerBoundaryIs>
            </Polygon>
        </Placemark>
        <Placemark id="2430">
            <name>Moderate - danger for some</name>
            <styleUrl>#2433</styleUrl>
            <Polygon id="2429">
                <outerBoundaryIs>
                    <LinearRing id="2431">
                        <coordinates>85.12727547504798,27.87699650059527,0.0 85.12747854803739,27.87699925925501,0.0 85.12748165232684,27.87681880688361,0.0 85.1272785796736,27.876816048244798,0.0 85.12727547504798,27.87699650059527,0.0</coordinates>
                    </LinearRing>
                </outerBoundaryIs>
            </Polygon>
        </Placemark>
        <Placemark id="2437">
            <name>Moderate - danger for some</name>
            <styleUrl>#2440</styleUrl>
            <Polygon id="2436">
                <outerBoundaryIs>
                    <LinearRing id="2438">
                        <coordinates>85.12842254548197,27.881163453627682,0.0 85.12842564875197,27.880983001267673,0.0 85.12822256822203,27.880980243641837,0.0 85.12821946461577,27.88116069598093,0.0 85.12842254548197,27.881163453627682,0.0</coordinates>
                    </LinearRing>
                </outerBoundaryIs>
            </Polygon>
        </Placemark>
        <Placemark id="2444">
            <name>Moderate - danger for some</name>
            <styleUrl>#2447</styleUrl>
            <Polygon id="2443">
                <outerBoundaryIs>
                    <LinearRing id="2445">
                        <coordinates>85.12861942042314,27.881527115722296,0.0 85.1286225234144,27.881346663351465,0.0 85.12841944218319,27.881343905982646,0.0 85.12841633885566,27.881524358332577,0.0 85.12861942042314,27.881527115722296,0.0</coordinates>
                    </LinearRing>
                </outerBoundaryIs>
            </Polygon>
        </Placemark>
        <Placemark id="2451">
            <name>Moderate - danger for some</name>
            <styleUrl>#2454</styleUrl>
            <Polygon id="2450">
                <outerBoundaryIs>
                    <LinearRing id="2452">
                        <coordinates>85.12881629662306,27.881890777581525,0.0 85.1288193993356,27.881710325199865,0.0 85.1286163174031,27.881707568088093,0.0 85.12861321435429,27.88188802044884,0.0 85.12881629662306,27.881890777581525,0.0</coordinates>
                    </LinearRing>
                </outerBoundaryIs>
            </Polygon>
        </Placemark>
        <Placemark id="2458">
            <name>Moderate - danger for some</name>
            <styleUrl>#2461</styleUrl>
            <Polygon id="2457">
                <outerBoundaryIs>
                    <LinearRing id="2459">
                        <coordinates>85.12881629662306,27.881890777581525,0.0 85.12881319388177,27.882071229958147,0.0 85.12901627651556,27.882073986812866,0.0 85.12901937892057,27.88189353441534,0.0 85.12881629662306,27.881890777581525,0.0</coordinates>
                    </LinearRing>
                </outerBoundaryIs>
            </Polygon>
        </Placemark>
        <Placemark id="2465">
            <name>Moderate - danger for some</name>
            <styleUrl>#2468</styleUrl>
            <Polygon id="2464">
                <outerBoundaryIs>
                    <LinearRing id="2466">
                        <coordinates>85.12696992220197,27.882948665682637,0.0 85.1271730062582,27.882951425331807,0.0 85.12717611183352,27.88277097314776,0.0 85.12697302811357,27.882768213519515,0.0 85.12696992220197,27.882948665682637,0.0</coordinates>
                    </LinearRing>
                </outerBoundaryIs>
            </Polygon>
        </Placemark>
        <Placemark id="2472">
            <name>Moderate - danger for some</name>
            <styleUrl>#2475</styleUrl>
            <Polygon id="2471">
                <outerBoundaryIs>
                    <LinearRing id="2473">
                        <coordinates>85.13041615459436,27.88335644409326,0.0 85.13061923981205,27.88335919870328,0.0 85.13062233972803,27.88317874617386,0.0 85.13041925484664,27.88317599158473,0.0 85.13041615459436,27.88335644409326,0.0</coordinates>
                    </LinearRing>
                </outerBoundaryIs>
            </Polygon>
        </Placemark>
        <Placemark id="2479">
            <name>Moderate - danger for some</name>
            <styleUrl>#2482</styleUrl>
            <Polygon id="2478">
                <outerBoundaryIs>
                    <LinearRing id="2480">
                        <coordinates>85.13081922545003,27.883542405559684,0.0 85.13082232505846,27.883361953014422,0.0 85.13061923981205,27.88335919870328,0.0 85.13061613986733,27.883539651227657,0.0 85.13081922545003,27.883542405559684,0.0</coordinates>
                    </LinearRing>
                </outerBoundaryIs>
            </Polygon>
        </Placemark>
        <Placemark id="2486">
            <name>Moderate - danger for some</name>
            <styleUrl>#2489</styleUrl>
            <Polygon id="2485">
                <outerBoundaryIs>
                    <LinearRing id="2487">
                        <coordinates>85.13081922545003,27.883542405559684,0.0 85.13081612581287,27.883722858099905,0.0 85.1310192117606,27.883725612153928,0.0 85.13102231106146,27.883545159592824,0.0 85.13081922545003,27.883542405559684,0.0</coordinates>
                    </LinearRing>
                </outerBoundaryIs>
            </Polygon>
        </Placemark>
        <Placemark id="2493">
            <name>Moderate - danger for some</name>
            <styleUrl>#2496</styleUrl>
            <Polygon id="2492">
                <outerBoundaryIs>
                    <LinearRing id="2494">
                        <coordinates>85.1320160556109,27.88482209382789,0.0 85.13221914374878,27.88482484621381,0.0 85.13221604626476,27.885005298864893,0.0 85.13262222329928,27.88501080278179,0.0 85.13262532011065,27.884830350088958,0.0 85.13242223191537,27.88482759830084,0.0 85.13222533863069,27.884463940896516,0.0 85.13202225116545,27.884461188552336,0.0 85.1320160556109,27.88482209382789,0.0</coordinates>
                    </LinearRing>
                </outerBoundaryIs>
            </Polygon>
        </Placemark>
        <Placemark id="2500">
            <name>Moderate - danger for some</name>
            <styleUrl>#2503</styleUrl>
            <Polygon id="2499">
                <outerBoundaryIs>
                    <LinearRing id="2501">
                        <coordinates>85.12956659259953,27.88551085137027,0.0 85.12976968173798,27.88551360742663,0.0 85.12977588492137,27.885152702650938,0.0 85.12957279645558,27.88514994663637,0.0 85.12956659259953,27.88551085137027,0.0</coordinates>
                    </LinearRing>
                </outerBoundaryIs>
            </Polygon>
        </Placemark>
        <Placemark id="2507">
            <name>Moderate - danger for some</name>
            <styleUrl>#2510</styleUrl>
            <Polygon id="2506">
                <outerBoundaryIs>
                    <LinearRing id="2508">
                        <coordinates>85.1307758279156,27.886068740663905,0.0 85.13077892792624,27.88588828818924,0.0 85.13057583797143,27.885885533585654,0.0 85.13057273762448,27.886065986039434,0.0 85.1307758279156,27.886068740663905,0.0</coordinates>
                    </LinearRing>
                </outerBoundaryIs>
            </Polygon>
        </Placemark>
        <Placemark id="2514">
            <name>Moderate - danger for some</name>
            <styleUrl>#2517</styleUrl>
            <Polygon id="2513">
                <outerBoundaryIs>
                    <LinearRing id="2515">
                        <coordinates>85.1307758279156,27.886068740663905,0.0 85.13077272787626,27.886249193133537,0.0 85.13097581853246,27.886251947479984,0.0 85.13097891823547,27.88607149498947,0.0 85.1307758279156,27.886068740663905,0.0</coordinates>
                    </LinearRing>
                </outerBoundaryIs>
            </Polygon>
        </Placemark>
        <Placemark id="2521">
            <name>Moderate - danger for some</name>
            <styleUrl>#2524</styleUrl>
            <Polygon id="2520">
                <outerBoundaryIs>
                    <LinearRing id="2522">
                        <coordinates>85.13238196675634,27.887173482642982,0.0 85.1327881519204,27.887178986462896,0.0 85.13279124873984,27.88699853380971,0.0 85.1323850642485,27.886993030031533,0.0 85.13238196675634,27.887173482642982,0.0</coordinates>
                    </LinearRing>
                </outerBoundaryIs>
            </Polygon>
        </Placemark>
        <Placemark id="2528">
            <name>Moderate - danger for some</name>
            <styleUrl>#2531</styleUrl>
            <Polygon id="2527">
                <outerBoundaryIs>
                    <LinearRing id="2529">
                        <coordinates>85.13319124102385,27.887364941776944,0.0 85.13339433404269,27.887367692661496,0.0 85.13339742988174,27.887187239950762,0.0 85.13319433719927,27.887184489087076,0.0 85.13319124102385,27.887364941776944,0.0</coordinates>
                    </LinearRing>
                </outerBoundaryIs>
            </Polygon>
        </Placemark>
        <Placemark id="2535">
            <name>Moderate - danger for some</name>
            <styleUrl>#2538</styleUrl>
            <Polygon id="2534">
                <outerBoundaryIs>
                    <LinearRing id="2536">
                        <coordinates>85.13536341028097,27.891004242391077,0.0 85.13556651034317,27.89100699040404,0.0 85.13557269573899,27.890646084720554,0.0 85.13536959634966,27.89064333674926,0.0 85.13536341028097,27.891004242391077,0.0</coordinates>
                    </LinearRing>
                </outerBoundaryIs>
            </Polygon>
        </Placemark>
        <Placemark id="2542">
            <name>Moderate - danger for some</name>
            <styleUrl>#2545</styleUrl>
            <Polygon id="2541">
                <outerBoundaryIs>
                    <LinearRing id="2543">
                        <coordinates>85.13526132359348,27.89695918256911,0.0 85.13546443475946,27.89696193126975,0.0 85.1354675284176,27.896781478596917,0.0 85.13526441758816,27.89677872991712,0.0 85.13526132359348,27.89695918256911,0.0</coordinates>
                    </LinearRing>
                </outerBoundaryIs>
            </Polygon>
        </Placemark>
        <Placemark id="2549">
            <name>Moderate - danger for some</name>
            <styleUrl>#2552</styleUrl>
            <Polygon id="2548">
                <outerBoundaryIs>
                    <LinearRing id="2550">
                        <coordinates>85.1345764637973,27.913194398544984,0.0 85.13477960520619,27.91319714971996,0.0 85.13478270211881,27.91301669754275,0.0 85.13457956104672,27.913013946388624,0.0 85.1345764637973,27.913194398544984,0.0</coordinates>
                    </LinearRing>
                </outerBoundaryIs>
            </Polygon>
        </Placemark>
        <Placemark id="2556">
            <name>Moderate - danger for some</name>
            <styleUrl>#2559</styleUrl>
            <Polygon id="2555">
                <outerBoundaryIs>
                    <LinearRing id="2557">
                        <coordinates>85.13558197361776,27.89010472615752,0.0 85.13578507202651,27.890107473767333,0.0 85.13579125646292,27.889746567991764,0.0 85.135588158727,27.889743820423618,0.0 85.13558197361776,27.89010472615752,0.0</coordinates>
                    </LinearRing>
                </outerBoundaryIs>
            </Polygon>
        </Placemark>
        <Placemark id="2563">
            <name>Moderate - danger for some</name>
            <styleUrl>#2566</styleUrl>
            <Polygon id="2562">
                <outerBoundaryIs>
                    <LinearRing id="2564">
                        <coordinates>85.13556341760226,27.891187443238223,0.0 85.13576651802953,27.89119019097305,0.0 85.135769610434,27.891009738118036,0.0 85.13556651034317,27.89100699040404,0.0 85.13556341760226,27.891187443238223,0.0</coordinates>
                    </LinearRing>
                </outerBoundaryIs>
            </Polygon>
        </Placemark>
        <Placemark id="2570">
            <name>Moderate - danger for some</name>
            <styleUrl>#2573</styleUrl>
            <Polygon id="2569">
                <outerBoundaryIs>
                    <LinearRing id="2571">
                        <coordinates>85.13554176761343,27.892450612936305,0.0 85.13574487039578,27.892453360816972,0.0 85.13574796300087,27.892272907997253,0.0 85.13554486055497,27.892270160137418,0.0 85.13554176761343,27.892450612936305,0.0</coordinates>
                    </LinearRing>
                </outerBoundaryIs>
            </Polygon>
        </Placemark>
        <Placemark id="2577">
            <name>Moderate - danger for some</name>
            <styleUrl>#2580</styleUrl>
            <Polygon id="2576">
                <outerBoundaryIs>
                    <LinearRing id="2578">
                        <coordinates>85.13817592879741,27.89284721818686,0.0 85.138379032625,27.892849962222115,0.0 85.13838212091343,27.892669509141818,0.0 85.1381790174223,27.892666765127373,0.0 85.13817592879741,27.89284721818686,0.0</coordinates>
                    </LinearRing>
                </outerBoundaryIs>
            </Polygon>
        </Placemark>
        <Placemark id="2584">
            <name>Moderate - danger for some</name>
            <styleUrl>#2587</styleUrl>
            <Polygon id="2583">
                <outerBoundaryIs>
                    <LinearRing id="2585">
                        <coordinates>85.13895746991531,27.894662723683535,0.0 85.13936368455758,27.894668209478887,0.0 85.13936677144976,27.89448775634501,0.0 85.13896055748049,27.894482270591258,0.0 85.13895746991531,27.894662723683535,0.0</coordinates>
                    </LinearRing>
                </outerBoundaryIs>
            </Polygon>
        </Placemark>
        <Placemark id="2591">
            <name>Moderate - danger for some</name>
            <styleUrl>#2594</styleUrl>
            <Polygon id="2590">
                <outerBoundaryIs>
                    <LinearRing id="2592">
                        <coordinates>85.13895129469914,27.895023629852993,0.0 85.13915440267895,27.895026372941782,0.0 85.13915748996486,27.894845919838772,0.0 85.13895438232153,27.894843176770788,0.0 85.13895129469914,27.895023629852993,0.0</coordinates>
                    </LinearRing>
                </outerBoundaryIs>
            </Polygon>
        </Placemark>
        <Placemark id="2598">
            <name>Moderate - danger for some</name>
            <styleUrl>#2601</styleUrl>
            <Polygon id="2597">
                <outerBoundaryIs>
                    <LinearRing id="2599">
                        <coordinates>85.13854199050134,27.89519859581388,0.0 85.13874509876042,27.895201339521538,0.0 85.13874818674793,27.895020886465176,0.0 85.13854507882535,27.895018142778323,0.0 85.13854199050134,27.89519859581388,0.0</coordinates>
                    </LinearRing>
                </outerBoundaryIs>
            </Polygon>
        </Placemark>
        <Placemark id="2605">
            <name>Moderate - danger for some</name>
            <styleUrl>#2608</styleUrl>
            <Polygon id="2604">
                <outerBoundaryIs>
                    <LinearRing id="2606">
                        <coordinates>85.13811415028849,27.89645627831794,0.0 85.13831726084594,27.896459022769324,0.0 85.13832343853903,27.89609811680535,0.0 85.13812032865464,27.896095372395585,0.0 85.13811415028849,27.89645627831794,0.0</coordinates>
                    </LinearRing>
                </outerBoundaryIs>
            </Polygon>
        </Placemark>
        <Placemark id="2612">
            <name>Moderate - danger for some</name>
            <styleUrl>#2615</styleUrl>
            <Polygon id="2611">
                <outerBoundaryIs>
                    <LinearRing id="2613">
                        <coordinates>85.13828328148736,27.89844400521072,0.0 85.13848639577536,27.898446749591912,0.0 85.13848948461452,27.898266296647094,0.0 85.13828637066308,27.898263552286707,0.0 85.13828328148736,27.89844400521072,0.0</coordinates>
                    </LinearRing>
                </outerBoundaryIs>
            </Polygon>
        </Placemark>
        <Placemark id="2619">
            <name>Moderate - danger for some</name>
            <styleUrl>#2622</styleUrl>
            <Polygon id="2618">
                <outerBoundaryIs>
                    <LinearRing id="2620">
                        <coordinates>85.1384740401325,27.899168561320757,0.0 85.13867715579536,27.899171305486085,0.0 85.13868642156078,27.898629946634603,0.0 85.13848330690757,27.898627202531685,0.0 85.1384740401325,27.899168561320757,0.0</coordinates>
                    </LinearRing>
                </outerBoundaryIs>
            </Polygon>
        </Placemark>
        <Placemark id="2626">
            <name>Moderate - danger for some</name>
            <styleUrl>#2629</styleUrl>
            <Polygon id="2625">
                <outerBoundaryIs>
                    <LinearRing id="2627">
                        <coordinates>85.13641814549216,27.900584724767988,0.0 85.13662126356134,27.900587472090805,0.0 85.13662435577332,27.90040701939384,0.0 85.13642123804074,27.90040427209185,0.0 85.13641814549216,27.900584724767988,0.0</coordinates>
                    </LinearRing>
                </outerBoundaryIs>
            </Polygon>
        </Placemark>
        <Placemark id="2633">
            <name>Moderate - danger for some</name>
            <styleUrl>#2636</styleUrl>
            <Polygon id="2632">
                <outerBoundaryIs>
                    <LinearRing id="2634">
                        <coordinates>85.13740591704521,27.902222533186414,0.0 85.13760903828708,27.90222527920105,0.0 85.13761212907384,27.90204482644536,0.0 85.13740900816859,27.90204208045154,0.0 85.13740591704521,27.902222533186414,0.0</coordinates>
                    </LinearRing>
                </outerBoundaryIs>
            </Polygon>
        </Placemark>
        <Placemark id="2640">
            <name>Moderate - danger for some</name>
            <styleUrl>#2643</styleUrl>
            <Polygon id="2639">
                <outerBoundaryIs>
                    <LinearRing id="2641">
                        <coordinates>85.13800292011636,27.90295258147178,0.0 85.13820604279066,27.90295532667228,0.0 85.13820913268206,27.90277487387432,0.0 85.13800601034441,27.90277212869464,0.0 85.13800292011636,27.90295258147178,0.0</coordinates>
                    </LinearRing>
                </outerBoundaryIs>
            </Polygon>
        </Placemark>
        <Placemark id="2647">
            <name>Moderate - danger for some</name>
            <styleUrl>#2650</styleUrl>
            <Polygon id="2646">
                <outerBoundaryIs>
                    <LinearRing id="2648">
                        <coordinates>85.1377688902489,27.904754363258146,0.0 85.13797201626107,27.904757108965907,0.0 85.13797510677546,27.904576656239183,0.0 85.13777198109995,27.904573910552237,0.0 85.1377688902489,27.904754363258146,0.0</coordinates>
                    </LinearRing>
                </outerBoundaryIs>
            </Polygon>
        </Placemark>
        <Placemark id="2654">
            <name>Moderate - danger for some</name>
            <styleUrl>#2657</styleUrl>
            <Polygon id="2653">
                <outerBoundaryIs>
                    <LinearRing id="2655">
                        <coordinates>85.13795965391719,27.905478919822357,0.0 85.13816278130469,27.905481665314202,0.0 85.13816896186056,27.905120759854434,0.0 85.1379658351464,27.905118014404216,0.0 85.13795965391719,27.905478919822357,0.0</coordinates>
                    </LinearRing>
                </outerBoundaryIs>
            </Polygon>
        </Placemark>
        <Placemark id="2661">
            <name>Moderate - danger for some</name>
            <styleUrl>#2664</styleUrl>
            <Polygon id="2660">
                <outerBoundaryIs>
                    <LinearRing id="2662">
                        <coordinates>85.13815660063429,27.905842570753798,0.0 85.13835972872378,27.905845315988092,0.0 85.13836281873661,27.905664863250006,0.0 85.1381596909838,27.905662118036517,0.0 85.13815660063429,27.905842570753798,0.0</coordinates>
                    </LinearRing>
                </outerBoundaryIs>
            </Polygon>
        </Placemark>
        <Placemark id="2668">
            <name>Moderate - danger for some</name>
            <styleUrl>#2671</styleUrl>
            <Polygon id="2667">
                <outerBoundaryIs>
                    <LinearRing id="2669">
                        <coordinates>85.13773798016325,27.906558890039868,0.0 85.1377441624095,27.906197984723864,0.0 85.13754103373253,27.906195238550417,0.0 85.13753485081291,27.906556143824798,0.0 85.13773798016325,27.906558890039868,0.0</coordinates>
                    </LinearRing>
                </outerBoundaryIs>
            </Polygon>
        </Placemark>
        <Placemark id="2675">
            <name>Moderate - danger for some</name>
            <styleUrl>#2678</styleUrl>
            <Polygon id="2674">
                <outerBoundaryIs>
                    <LinearRing id="2676">
                        <coordinates>85.13792256413639,27.907644351907603,0.0 85.13792565510894,27.90746389926158,0.0 85.13772252404642,27.90746115324161,0.0 85.13771943273714,27.90764160586683,0.0 85.13792256413639,27.907644351907603,0.0</coordinates>
                    </LinearRing>
                </outerBoundaryIs>
            </Polygon>
        </Placemark>
        <Placemark id="2682">
            <name>Moderate - danger for some</name>
            <styleUrl>#2685</styleUrl>
            <Polygon id="2681">
                <outerBoundaryIs>
                    <LinearRing id="2683">
                        <coordinates>85.13731007801324,27.907816565466245,0.0 85.1375132096919,27.90781931212622,0.0 85.13751630136655,27.90763885952686,0.0 85.1373131700246,27.9076361128877,0.0 85.13731007801324,27.907816565466245,0.0</coordinates>
                    </LinearRing>
                </outerBoundaryIs>
            </Polygon>
        </Placemark>
        <Placemark id="2689">
            <name>Moderate - danger for some</name>
            <styleUrl>#2692</styleUrl>
            <Polygon id="2688">
                <outerBoundaryIs>
                    <LinearRing id="2690">
                        <coordinates>85.1368914437161,27.908532881345863,0.0 85.13709457668436,27.908535628687524,0.0 85.13710385398647,27.907994271059753,0.0 85.1369007220284,27.907991523780556,0.0 85.1368914437161,27.908532881345863,0.0</coordinates>
                    </LinearRing>
                </outerBoundaryIs>
            </Polygon>
        </Placemark>
        <Placemark id="2696">
            <name>Moderate - danger for some</name>
            <styleUrl>#2699</styleUrl>
            <Polygon id="2695">
                <outerBoundaryIs>
                    <LinearRing id="2697">
                        <coordinates>85.13951673199871,27.90947083731008,0.0 85.13971986702293,27.909473580866045,0.0 85.13972295525117,27.909293128083213,0.0 85.1395198205637,27.909290384548047,0.0 85.13951673199871,27.90947083731008,0.0</coordinates>
                    </LinearRing>
                </outerBoundaryIs>
            </Polygon>
        </Placemark>
        <Placemark id="2703">
            <name>Moderate - danger for some</name>
            <styleUrl>#2706</styleUrl>
            <Polygon id="2702">
                <outerBoundaryIs>
                    <LinearRing id="2704">
                        <coordinates>85.13687597928919,27.90943514385383,0.0 85.13707911394113,27.90943789129961,0.0 85.13708220654709,27.90925743878728,0.0 85.13687907223186,27.909254691362325,0.0 85.13687597928919,27.90943514385383,0.0</coordinates>
                    </LinearRing>
                </outerBoundaryIs>
            </Polygon>
        </Placemark>
        <Placemark id="2710">
            <name>Moderate - danger for some</name>
            <styleUrl>#2713</styleUrl>
            <Polygon id="2709">
                <outerBoundaryIs>
                    <LinearRing id="2711">
                        <coordinates>85.13603868561843,27.910867770162486,0.0 85.13624182284983,27.91087051897179,0.0 85.13624491703207,27.910690066583125,0.0 85.13604178013746,27.910687317794647,0.0 85.13603868561843,27.910867770162486,0.0</coordinates>
                    </LinearRing>
                </outerBoundaryIs>
            </Polygon>
        </Placemark>
        <Placemark id="2717">
            <name>Moderate - danger for some</name>
            <styleUrl>#2720</styleUrl>
            <Polygon id="2716">
                <outerBoundaryIs>
                    <LinearRing id="2718">
                        <coordinates>85.13806387683336,27.911256149927027,0.0 85.13847015324491,27.91126164134496,0.0 85.13847324377997,27.91108118873736,0.0 85.13806696804195,27.911075697361046,0.0 85.13806387683336,27.911256149927027,0.0</coordinates>
                    </LinearRing>
                </outerBoundaryIs>
            </Polygon>
        </Placemark>
        <Placemark id="2724">
            <name>Moderate - danger for some</name>
            <styleUrl>#2727</styleUrl>
            <Polygon id="2723">
                <outerBoundaryIs>
                    <LinearRing id="2725">
                        <coordinates>85.13739570482744,27.91467650716467,0.0 85.13759884933233,27.91467925431652,0.0 85.1376019417588,27.914498801887998,0.0 85.13739879759075,27.914496054756967,0.0 85.13739570482744,27.91467650716467,0.0</coordinates>
                    </LinearRing>
                </outerBoundaryIs>
            </Polygon>
        </Placemark>
        <Placemark id="2731">
            <name>Moderate - danger for some</name>
            <styleUrl>#2734</styleUrl>
            <Polygon id="2730">
                <outerBoundaryIs>
                    <LinearRing id="2732">
                        <coordinates>85.14181243517622,27.91780457330762,0.0 85.14201558603746,27.917807314228313,0.0 85.14201867153938,27.91762686142808,0.0 85.14181552101505,27.917624120528163,0.0 85.14181243517622,27.91780457330762,0.0</coordinates>
                    </LinearRing>
                </outerBoundaryIs>
            </Polygon>
        </Placemark>
        <Placemark id="2738">
            <name>Moderate - danger for some</name>
            <styleUrl>#2741</styleUrl>
            <Polygon id="2737">
                <outerBoundaryIs>
                    <LinearRing id="2739">
                        <coordinates>85.13915911542286,27.9184907240868,0.0 85.1393622672598,27.918493468981886,0.0 85.13936535725584,27.918313016472016,0.0 85.13916220575578,27.918310271597733,0.0 85.13915911542286,27.9184907240868,0.0</coordinates>
                    </LinearRing>
                </outerBoundaryIs>
            </Polygon>
        </Placemark>
        <Placemark id="2745">
            <name>Moderate - danger for some</name>
            <styleUrl>#2748</styleUrl>
            <Polygon id="2744">
                <outerBoundaryIs>
                    <LinearRing id="2746">
                        <coordinates>85.13935299709996,27.91903482648122,0.0 85.13996245581474,27.919043059557655,0.0 85.13996554488591,27.91886260700053,0.0 85.13935608718188,27.91885437398649,0.0 85.13935299709996,27.91903482648122,0.0</coordinates>
                    </LinearRing>
                </outerBoundaryIs>
            </Polygon>
        </Placemark>
        <Placemark id="2752">
            <name>Moderate - danger for some</name>
            <styleUrl>#2755</styleUrl>
            <Polygon id="2751">
                <outerBoundaryIs>
                    <LinearRing id="2753">
                        <coordinates>85.14382236698579,27.919095139813123,0.0 85.14402552049108,27.9190978778858,0.0 85.14402860282394,27.918917424913293,0.0 85.14382544965555,27.918914686861363,0.0 85.14382236698579,27.919095139813123,0.0</coordinates>
                    </LinearRing>
                </outerBoundaryIs>
            </Polygon>
        </Placemark>
        <Placemark id="2759">
            <name>Moderate - danger for some</name>
            <styleUrl>#2762</styleUrl>
            <Polygon id="2758">
                <outerBoundaryIs>
                    <LinearRing id="2760">
                        <coordinates>85.13852801987645,27.919745654450907,0.0 85.13873117398592,27.919748400389633,0.0 85.1387342651931,27.919567947977484,0.0 85.13853111142056,27.919565202059562,0.0 85.13852801987645,27.919745654450907,0.0</coordinates>
                    </LinearRing>
                </outerBoundaryIs>
            </Polygon>
        </Placemark>
        <Placemark id="2766">
            <name>Moderate - danger for some</name>
            <styleUrl>#2769</styleUrl>
            <Polygon id="2765">
                <outerBoundaryIs>
                    <LinearRing id="2767">
                        <coordinates>85.14116902553216,27.919781328305273,0.0 85.14137218001365,27.919784070352485,0.0 85.1413752668408,27.91960361767005,0.0 85.14117211269624,27.919600875643614,0.0 85.14116902553216,27.919781328305273,0.0</coordinates>
                    </LinearRing>
                </outerBoundaryIs>
            </Polygon>
        </Placemark>
        <Placemark id="2773">
            <name>Moderate - danger for some</name>
            <styleUrl>#2776</styleUrl>
            <Polygon id="2772">
                <outerBoundaryIs>
                    <LinearRing id="2774">
                        <coordinates>85.13771231080459,27.919915120005587,0.0 85.1379154651364,27.919917867162518,0.0 85.13792165027482,27.91955696250974,0.0 85.13771849661686,27.91955421539445,0.0 85.13771231080459,27.919915120005587,0.0</coordinates>
                    </LinearRing>
                </outerBoundaryIs>
            </Polygon>
        </Placemark>
        <Placemark id="2780">
            <name>Moderate - danger for some</name>
            <styleUrl>#2783</styleUrl>
            <Polygon id="2779">
                <outerBoundaryIs>
                    <LinearRing id="2781">
                        <coordinates>85.13730600222694,27.919909624793693,0.0 85.13750915650144,27.919912372549312,0.0 85.13751224975883,27.91973192026708,0.0 85.13730909582125,27.919729172532275,0.0 85.13730600222694,27.919909624793693,0.0</coordinates>
                    </LinearRing>
                </outerBoundaryIs>
            </Polygon>
        </Placemark>
        <Placemark id="2787">
            <name>Moderate - danger for some</name>
            <styleUrl>#2790</styleUrl>
            <Polygon id="2786">
                <outerBoundaryIs>
                    <LinearRing id="2788">
                        <coordinates>85.1362809452755,27.920437237966915,0.0 85.13648410041748,27.92043998728177,0.0 85.1364871954455,27.9202595351188,0.0 85.13628404064048,27.920256785824776,0.0 85.1362809452755,27.920437237966915,0.0</coordinates>
                    </LinearRing>
                </outerBoundaryIs>
            </Polygon>
        </Placemark>
        <Placemark id="2794">
            <name>Moderate - danger for some</name>
            <styleUrl>#2797</styleUrl>
            <Polygon id="2793">
                <outerBoundaryIs>
                    <LinearRing id="2795">
                        <coordinates>85.13689350514159,27.920265032808796,0.0 85.13669035027922,27.92026228411347,0.0 85.13648100536078,27.920620439439688,0.0 85.1368873164046,27.920625937213,0.0 85.13689350514159,27.920265032808796,0.0</coordinates>
                    </LinearRing>
                </outerBoundaryIs>
            </Polygon>
        </Placemark>
        <Placemark id="2801">
            <name>Moderate - danger for some</name>
            <styleUrl>#2804</styleUrl>
            <Polygon id="2800">
                <outerBoundaryIs>
                    <LinearRing id="2802">
                        <coordinates>85.13607159867237,27.920795392580175,0.0 85.13627475445955,27.92079814223605,0.0 85.13627784988186,27.920617690104002,0.0 85.13607469443163,27.92061494046896,0.0 85.13607159867237,27.920795392580175,0.0</coordinates>
                    </LinearRing>
                </outerBoundaryIs>
            </Polygon>
        </Placemark>
        <Placemark id="2808">
            <name>Moderate - danger for some</name>
            <styleUrl>#2811</styleUrl>
            <Polygon id="2807">
                <outerBoundaryIs>
                    <LinearRing id="2809">
                        <coordinates>85.13606540706783,27.921156296787462,0.0 85.13647172001863,27.921161795883194,0.0 85.13647481516135,27.920981343740408,0.0 85.13606850288444,27.92097584468634,0.0 85.13606540706783,27.921156296787462,0.0</coordinates>
                    </LinearRing>
                </outerBoundaryIs>
            </Polygon>
        </Placemark>
        <Placemark id="2815">
            <name>Moderate - danger for some</name>
            <styleUrl>#2818</styleUrl>
            <Polygon id="2814">
                <outerBoundaryIs>
                    <LinearRing id="2816">
                        <coordinates>85.13605611944591,27.92169765306055,0.0 85.13625927691783,27.92170040282061,0.0 85.13646862484724,27.92134224802094,0.0 85.13585915445319,27.921333998865787,0.0 85.13605611944591,27.92169765306055,0.0</coordinates>
                    </LinearRing>
                </outerBoundaryIs>
            </Polygon>
        </Placemark>
        <Placemark id="2822">
            <name>Moderate - danger for some</name>
            <styleUrl>#2825</styleUrl>
            <Polygon id="2821">
                <outerBoundaryIs>
                    <LinearRing id="2823">
                        <coordinates>85.14800862113195,27.923844362769586,0.0 85.14821178399728,27.92384709509428,0.0 85.1482148599956,27.92366664181767,0.0 85.14801169746727,27.923663909513678,0.0 85.14800862113195,27.923844362769586,0.0</coordinates>
                    </LinearRing>
                </outerBoundaryIs>
            </Polygon>
        </Placemark>
        <Placemark id="2829">
            <name>Moderate - danger for some</name>
            <styleUrl>#2832</styleUrl>
            <Polygon id="2828">
                <outerBoundaryIs>
                    <LinearRing id="2830">
                        <coordinates>85.14819640357825,27.92474936140174,0.0 85.14839956815715,27.92475209353053,0.0 85.14841187120132,27.92403028041185,0.0 85.14820870797047,27.92402754836586,0.0 85.14819640357825,27.92474936140174,0.0</coordinates>
                    </LinearRing>
                </outerBoundaryIs>
            </Polygon>
        </Placemark>
        <Placemark id="2836">
            <name>Moderate - danger for some</name>
            <styleUrl>#2839</styleUrl>
            <Polygon id="2835">
                <outerBoundaryIs>
                    <LinearRing id="2837">
                        <coordinates>85.14878437069464,27.92602072994321,0.0 85.14898753771823,27.926023461318614,0.0 85.14899061271034,27.925843008019708,0.0 85.14878744602379,27.925840276665003,0.0 85.14878437069464,27.92602072994321,0.0</coordinates>
                    </LinearRing>
                </outerBoundaryIs>
            </Polygon>
        </Placemark>
        <Placemark id="2843">
            <name>Moderate - danger for some</name>
            <styleUrl>#2846</styleUrl>
            <Polygon id="2842">
                <outerBoundaryIs>
                    <LinearRing id="2844">
                        <coordinates>85.14729756428433,27.92979111656563,0.0 85.14750073818699,27.929793850471967,0.0 85.14750381613706,27.929613397423854,0.0 85.1473006425715,27.92961066353823,0.0 85.14729756428433,27.92979111656563,0.0</coordinates>
                    </LinearRing>
                </outerBoundaryIs>
            </Polygon>
        </Placemark>
        <Placemark id="2850">
            <name>Moderate - danger for some</name>
            <styleUrl>#2853</styleUrl>
            <Polygon id="2849">
                <outerBoundaryIs>
                    <LinearRing id="2851">
                        <coordinates>85.14728217242077,27.930693381626977,0.0 85.14768852362577,27.93069884934727,0.0 85.14769160138127,27.93051839630366,0.0 85.14728525085052,27.930512928624797,0.0 85.14728217242077,27.930693381626977,0.0</coordinates>
                    </LinearRing>
                </outerBoundaryIs>
            </Polygon>
        </Placemark>
        <Placemark id="2857">
            <name>Moderate - danger for some</name>
            <styleUrl>#2860</styleUrl>
            <Polygon id="2856">
                <outerBoundaryIs>
                    <LinearRing id="2858">
                        <coordinates>85.14824574163632,27.933774750707215,0.0 85.14865210458944,27.933780216136384,0.0 85.14865518114374,27.933599763074994,0.0 85.14824881886496,27.933594297687225,0.0 85.14824574163632,27.933774750707215,0.0</coordinates>
                    </LinearRing>
                </outerBoundaryIs>
            </Polygon>
        </Placemark>
        <Placemark id="2864">
            <name>Moderate - danger for some</name>
            <styleUrl>#2867</styleUrl>
            <Polygon id="2863">
                <outerBoundaryIs>
                    <LinearRing id="2865">
                        <coordinates>85.1486428747556,27.934321575290312,0.0 85.14884605728645,27.934324307617686,0.0 85.14884298095537,27.93450476067961,0.0 85.14924934677693,27.934510224477155,0.0 85.14925242243365,27.93432977137385,0.0 85.1490492398458,27.934327039645535,0.0 85.14885220986315,27.933963401478728,0.0 85.14864902800666,27.933960669192736,0.0 85.1486428747556,27.934321575290312,0.0</coordinates>
                    </LinearRing>
                </outerBoundaryIs>
            </Polygon>
        </Placemark>
        <Placemark id="2871">
            <name>Moderate - danger for some</name>
            <styleUrl>#2874</styleUrl>
            <Polygon id="2870">
                <outerBoundaryIs>
                    <LinearRing id="2872">
                        <coordinates>85.14896601197592,27.927286634269763,0.0 85.14916918138735,27.92728936549057,0.0 85.1491722562418,27.927108912206275,0.0 85.1489690871674,27.92710618100615,0.0 85.14896601197592,27.927286634269763,0.0</coordinates>
                    </LinearRing>
                </outerBoundaryIs>
            </Polygon>
        </Placemark>
        <Placemark id="2878">
            <name>Moderate - danger for some</name>
            <styleUrl>#2881</styleUrl>
            <Polygon id="2877">
                <outerBoundaryIs>
                    <LinearRing id="2879">
                        <coordinates>85.15338052077388,27.930594818022573,0.0 85.15358369687898,27.930597543027066,0.0 85.15358676482946,27.930417089378842,0.0 85.15338358906149,27.93041436439499,0.0 85.15338052077388,27.930594818022573,0.0</coordinates>
                    </LinearRing>
                </outerBoundaryIs>
            </Polygon>
        </Placemark>
        <Placemark id="2885">
            <name>Moderate - danger for some</name>
            <styleUrl>#2888</styleUrl>
            <Polygon id="2884">
                <outerBoundaryIs>
                    <LinearRing id="2886">
                        <coordinates>85.15500593041023,27.930616609672736,0.0 85.15520910674256,27.93061933228129,0.0 85.15521217199606,27.930438878468003,0.0 85.15500899600083,27.930436155880074,0.0 85.15500593041023,27.930616609672736,0.0</coordinates>
                    </LinearRing>
                </outerBoundaryIs>
            </Polygon>
        </Placemark>
        <Placemark id="2892">
            <name>Moderate - danger for some</name>
            <styleUrl>#2895</styleUrl>
            <Polygon id="2891">
                <outerBoundaryIs>
                    <LinearRing id="2893">
                        <coordinates>85.15114251346981,27.930745276602032,0.0 85.1515488657571,27.930750732941668,0.0 85.15155193710727,27.93057027950502,0.0 85.15114558549422,27.930564823206723,0.0 85.15114251346981,27.930745276602032,0.0</coordinates>
                    </LinearRing>
                </outerBoundaryIs>
            </Polygon>
        </Placemark>
        <Placemark id="2899">
            <name>Moderate - danger for some</name>
            <styleUrl>#2902</styleUrl>
            <Polygon id="2898">
                <outerBoundaryIs>
                    <LinearRing id="2900">
                        <coordinates>85.15621886160935,27.930993848649287,0.0 85.15622192523395,27.93081339474299,0.0 85.15601874842253,27.93081067361129,0.0 85.15601568446078,27.930991127496977,0.0 85.15621886160935,27.930993848649287,0.0</coordinates>
                    </LinearRing>
                </outerBoundaryIs>
            </Polygon>
        </Placemark>
        <Placemark id="2906">
            <name>Moderate - danger for some</name>
            <styleUrl>#2909</styleUrl>
            <Polygon id="2905">
                <outerBoundaryIs>
                    <LinearRing id="2907">
                        <coordinates>85.1568192052154,27.931543372183377,0.0 85.15682226791371,27.93136291823037,0.0 85.15661909000576,27.93136019793534,0.0 85.15661602697031,27.93154065186774,0.0 85.1568192052154,27.931543372183377,0.0</coordinates>
                    </LinearRing>
                </outerBoundaryIs>
            </Polygon>
        </Placemark>
        <Placemark id="2913">
            <name>Moderate - danger for some</name>
            <styleUrl>#2916</styleUrl>
            <Polygon id="2912">
                <outerBoundaryIs>
                    <LinearRing id="2914">
                        <coordinates>85.1572224997383,27.931729265905307,0.0 85.15742567840563,27.931731985343035,0.0 85.15742874012088,27.93155153133326,0.0 85.15722556179068,27.931548811916137,0.0 85.1572224997383,27.931729265905307,0.0</coordinates>
                    </LinearRing>
                </outerBoundaryIs>
            </Polygon>
        </Placemark>
        <Placemark id="2920">
            <name>Moderate - danger for some</name>
            <styleUrl>#2923</styleUrl>
            <Polygon id="2919">
                <outerBoundaryIs>
                    <LinearRing id="2921">
                        <coordinates>85.15636995855772,27.93406428548844,0.0 85.15657314149477,27.934067006392123,0.0 85.15657620492745,27.933886552530286,0.0 85.15637302232759,27.933883831647208,0.0 85.15636995855772,27.93406428548844,0.0</coordinates>
                    </LinearRing>
                </outerBoundaryIs>
            </Polygon>
        </Placemark>
        <Placemark id="2927">
            <name>Moderate - danger for some</name>
            <styleUrl>#2930</styleUrl>
            <Polygon id="2926">
                <outerBoundaryIs>
                    <LinearRing id="2928">
                        <coordinates>85.15065626114065,27.935431604497897,0.0 85.15085944597949,27.935434333953957,0.0 85.15086251908102,27.935253880710405,0.0 85.15065933457937,27.93525115127502,0.0 85.15065626114065,27.935431604497897,0.0</coordinates>
                    </LinearRing>
                </outerBoundaryIs>
            </Polygon>
        </Placemark>
        <Placemark id="2934">
            <name>Moderate - danger for some</name>
            <styleUrl>#2937</styleUrl>
            <Polygon id="2933">
                <outerBoundaryIs>
                    <LinearRing id="2935">
                        <coordinates>85.15125967080297,27.935800698522087,0.0 85.15146285640161,27.93580342712083,0.0 85.15146900066678,27.935442520524838,0.0 85.15126581574256,27.935439791967426,0.0 85.15125967080297,27.935800698522087,0.0</coordinates>
                    </LinearRing>
                </outerBoundaryIs>
            </Polygon>
        </Placemark>
        <Placemark id="2941">
            <name>Moderate - danger for some</name>
            <styleUrl>#2944</styleUrl>
            <Polygon id="2940">
                <outerBoundaryIs>
                    <LinearRing id="2942">
                        <coordinates>85.15287594685911,27.936363879214476,0.0 85.15307913369695,27.936366605478717,0.0 85.15308220323135,27.936186152033102,0.0 85.15287901673072,27.936183425789515,0.0 85.15287594685911,27.936363879214476,0.0</coordinates>
                    </LinearRing>
                </outerBoundaryIs>
            </Polygon>
        </Placemark>
        <Placemark id="2948">
            <name>Moderate - danger for some</name>
            <styleUrl>#2951</styleUrl>
            <Polygon id="2947">
                <outerBoundaryIs>
                    <LinearRing id="2949">
                        <coordinates>85.1556776500874,27.93892837111813,0.0 85.15588084204448,27.93893109347712,0.0 85.15588390725516,27.93875063981321,0.0 85.15568071563536,27.938747917474846,0.0 85.1556776500874,27.93892837111813,0.0</coordinates>
                    </LinearRing>
                </outerBoundaryIs>
            </Polygon>
        </Placemark>
        <Placemark id="2955">
            <name>Moderate - danger for some</name>
            <styleUrl>#2958</styleUrl>
            <Polygon id="2954">
                <outerBoundaryIs>
                    <LinearRing id="2956">
                        <coordinates>85.15587777680541,27.939111547135976,0.0 85.15608096912815,27.93911426921598,0.0 85.15608403402996,27.938933815536505,0.0 85.15588084204448,27.93893109347712,0.0 85.15587777680541,27.939111547135976,0.0</coordinates>
                    </LinearRing>
                </outerBoundaryIs>
            </Polygon>
        </Placemark>
        <Placemark id="2962">
            <name>Moderate - danger for some</name>
            <styleUrl>#2965</styleUrl>
            <Polygon id="2961">
                <outerBoundaryIs>
                    <LinearRing id="2963">
                        <coordinates>85.15953524295544,27.939160498737095,0.0 85.15973843578867,27.93916321542427,0.0 85.15974149461952,27.938982761374078,0.0 85.15953830212356,27.938980044707478,0.0 85.15953524295544,27.939160498737095,0.0</coordinates>
                    </LinearRing>
                </outerBoundaryIs>
            </Polygon>
        </Placemark>
        <Placemark id="2969">
            <name>Moderate - danger for some</name>
            <styleUrl>#2972</styleUrl>
            <Polygon id="2968">
                <outerBoundaryIs>
                    <LinearRing id="2970">
                        <coordinates>85.16033272493841,27.94007363417212,0.0 85.16053591957139,27.940076349763714,0.0 85.16053897719472,27.939895895656434,0.0 85.16033578289904,27.93989318008541,0.0 85.16033272493841,27.94007363417212,0.0</coordinates>
                    </LinearRing>
                </outerBoundaryIs>
            </Polygon>
        </Placemark>
        <Placemark id="2976">
            <name>Moderate - danger for some</name>
            <styleUrl>#2979</styleUrl>
            <Polygon id="2975">
                <outerBoundaryIs>
                    <LinearRing id="2977">
                        <coordinates>85.15746350056935,27.941479214637035,0.0 85.15766669750396,27.941481934588023,0.0 85.15766976007627,27.941301480809216,0.0 85.15746656347898,27.94129876087883,0.0 85.15746350056935,27.941479214637035,0.0</coordinates>
                    </LinearRing>
                </outerBoundaryIs>
            </Polygon>
        </Placemark>
        <Placemark id="2983">
            <name>Moderate - danger for some</name>
            <styleUrl>#2986</styleUrl>
            <Polygon id="2982">
                <outerBoundaryIs>
                    <LinearRing id="2984">
                        <coordinates>85.15785458286648,27.94238692316077,0.0 85.15805778154443,27.942389642615474,0.0 85.15806084358391,27.94220918882068,0.0 85.15785764524328,27.942206469386576,0.0 85.15785458286648,27.94238692316077,0.0</coordinates>
                    </LinearRing>
                </outerBoundaryIs>
            </Polygon>
        </Placemark>
        <Placemark id="2990">
            <name>Moderate - danger for some</name>
            <styleUrl>#2993</styleUrl>
            <Polygon id="2989">
                <outerBoundaryIs>
                    <LinearRing id="2991">
                        <coordinates>85.15764219590426,27.94292556463698,0.0 85.15784539556586,27.942928284453114,0.0 85.15785152046129,27.942567376929922,0.0 85.15764832147437,27.942564657154985,0.0 85.15764219590426,27.94292556463698,0.0</coordinates>
                    </LinearRing>
                </outerBoundaryIs>
            </Polygon>
        </Placemark>
        <Placemark id="2997">
            <name>Moderate - danger for some</name>
            <styleUrl>#3000</styleUrl>
            <Polygon id="2996">
                <outerBoundaryIs>
                    <LinearRing id="2998">
                        <coordinates>85.15763607022068,27.943286472098805,0.0 85.15783927055698,27.94328919195614,0.0 85.15784233307559,27.943108738207155,0.0 85.15763913307666,27.94310601837041,0.0 85.15763607022068,27.943286472098805,0.0</coordinates>
                    </LinearRing>
                </outerBoundaryIs>
            </Polygon>
        </Placemark>
        <Placemark id="3004">
            <name>Moderate - danger for some</name>
            <styleUrl>#3007</styleUrl>
            <Polygon id="3003">
                <outerBoundaryIs>
                    <LinearRing id="3005">
                        <coordinates>85.15823648561272,27.943835992112145,0.0 85.15843968704615,27.94383871113229,0.0 85.1584427486378,27.94365825733664,0.0 85.15823954754171,27.943655538337087,0.0 85.15823648561272,27.943835992112145,0.0</coordinates>
                    </LinearRing>
                </outerBoundaryIs>
            </Polygon>
        </Placemark>
        <Placemark id="3011">
            <name>Moderate - danger for some</name>
            <styleUrl>#3014</styleUrl>
            <Polygon id="3010">
                <outerBoundaryIs>
                    <LinearRing id="3012">
                        <coordinates>85.15884608999808,27.94384414827359,0.0 85.15904929151658,27.943846866394757,0.0 85.15905235209615,27.943666412537347,0.0 85.15884915091502,27.94366369443677,0.0 85.15884608999808,27.94384414827359,0.0</coordinates>
                    </LinearRing>
                </outerBoundaryIs>
            </Polygon>
        </Placemark>
        <Placemark id="3018">
            <name>Moderate - danger for some</name>
            <styleUrl>#3021</styleUrl>
            <Polygon id="3017">
                <outerBoundaryIs>
                    <LinearRing id="3019">
                        <coordinates>85.15945263470539,27.94403275563163,0.0 85.1594556946386,27.94385230173809,0.0 85.15925249306342,27.943849584216256,0.0 85.15924943279285,27.94403003808921,0.0 85.15945263470539,27.94403275563163,0.0</coordinates>
                    </LinearRing>
                </outerBoundaryIs>
            </Polygon>
        </Placemark>
        <Placemark id="3025">
            <name>Moderate - danger for some</name>
            <styleUrl>#3028</styleUrl>
            <Polygon id="3024">
                <outerBoundaryIs>
                    <LinearRing id="3026">
                        <coordinates>85.15985292001352,27.944399097671717,0.0 85.15985597932867,27.944218643747114,0.0 85.1596527770221,27.944215926783453,0.0 85.15964971736959,27.94439638068748,0.0 85.15985292001352,27.944399097671717,0.0</coordinates>
                    </LinearRing>
                </outerBoundaryIs>
            </Polygon>
        </Placemark>
        <Placemark id="3032">
            <name>Moderate - danger for some</name>
            <styleUrl>#3035</styleUrl>
            <Polygon id="3031">
                <outerBoundaryIs>
                    <LinearRing id="3033">
                        <coordinates>85.16382844207486,27.94968654796734,0.0 85.16403165509827,27.949689259253827,0.0 85.16403470814848,27.94950880504379,0.0 85.16383149546253,27.949506093777828,0.0 85.16382844207486,27.94968654796734,0.0</coordinates>
                    </LinearRing>
                </outerBoundaryIs>
            </Polygon>
        </Placemark>
        <Placemark id="3039">
            <name>Moderate - danger for some</name>
            <styleUrl>#3042</styleUrl>
            <Polygon id="3038">
                <outerBoundaryIs>
                    <LinearRing id="3040">
                        <coordinates>85.16360079826048,27.951127469551423,0.0 85.16400722967866,27.95113289275265,0.0 85.16401028295508,27.95095243858294,0.0 85.16360385221186,27.95094701542277,0.0 85.16360079826048,27.951127469551423,0.0</coordinates>
                    </LinearRing>
                </outerBoundaryIs>
            </Polygon>
        </Placemark>
        <Placemark id="3046">
            <name>Moderate - danger for some</name>
            <styleUrl>#3049</styleUrl>
            <Polygon id="3045">
                <outerBoundaryIs>
                    <LinearRing id="3047">
                        <coordinates>85.1673674135859,27.956773029122946,0.0 85.16777386700505,27.956778442203742,0.0 85.16777691474394,27.95659798780058,0.0 85.16737046199997,27.956592574760776,0.0 85.1673674135859,27.956773029122946,0.0</coordinates>
                    </LinearRing>
                </outerBoundaryIs>
            </Polygon>
        </Placemark>
        <Placemark id="3053">
            <name>Moderate - danger for some</name>
            <styleUrl>#3056</styleUrl>
            <Polygon id="3052">
                <outerBoundaryIs>
                    <LinearRing id="3054">
                        <coordinates>85.16126756729227,27.95687214273496,0.0 85.16147079347714,27.95687485844065,0.0 85.16147690991347,27.956513950911837,0.0 85.16127368440381,27.95651123524727,0.0 85.16126756729227,27.95687214273496,0.0</coordinates>
                    </LinearRing>
                </outerBoundaryIs>
            </Polygon>
        </Placemark>
        <Placemark id="3060">
            <name>Moderate - danger for some</name>
            <styleUrl>#3063</styleUrl>
            <Polygon id="3059">
                <outerBoundaryIs>
                    <LinearRing id="3061">
                        <coordinates>85.16611144652765,27.958922233161672,0.0 85.16631467710498,27.958924941897028,0.0 85.1663207779586,27.958564033493584,0.0 85.16611754805653,27.958561324799245,0.0 85.16611144652765,27.958922233161672,0.0</coordinates>
                    </LinearRing>
                </outerBoundaryIs>
            </Polygon>
        </Placemark>
        <Placemark id="3067">
            <name>Moderate - danger for some</name>
            <styleUrl>#3070</styleUrl>
            <Polygon id="3066">
                <outerBoundaryIs>
                    <LinearRing id="3068">
                        <coordinates>85.16997283232385,27.958973647857892,0.0 85.17017606343732,27.958976350895956,0.0 85.17018215146123,27.958615441714144,0.0 85.16997892102303,27.958612738717008,0.0 85.16997283232385,27.958973647857892,0.0</coordinates>
                    </LinearRing>
                </outerBoundaryIs>
            </Polygon>
        </Placemark>
        <Placemark id="3074">
            <name>Moderate - danger for some</name>
            <styleUrl>#3077</styleUrl>
            <Polygon id="3073">
                <outerBoundaryIs>
                    <LinearRing id="3075">
                        <coordinates>85.17175324832903,27.961885239752522,0.0 85.17195648509855,27.96188794041894,0.0 85.17195952653651,27.9617074857271,0.0 85.17175629010465,27.961704785081125,0.0 85.17175324832903,27.961885239752522,0.0</coordinates>
                    </LinearRing>
                </outerBoundaryIs>
            </Polygon>
        </Placemark>
        <Placemark id="3081">
            <name>Moderate - danger for some</name>
            <styleUrl>#3084</styleUrl>
            <Polygon id="3080">
                <outerBoundaryIs>
                    <LinearRing id="3082">
                        <coordinates>85.16828298955477,27.962741554081273,0.0 85.16868946554044,27.96274696551547,0.0 85.1686925125223,27.9625665111762,0.0 85.168286037212,27.962561099782963,0.0 85.16828298955477,27.962741554081273,0.0</coordinates>
                    </LinearRing>
                </outerBoundaryIs>
            </Polygon>
        </Placemark>
        <Placemark id="3088">
            <name>Moderate - danger for some</name>
            <styleUrl>#3091</styleUrl>
            <Polygon id="3087">
                <outerBoundaryIs>
                    <LinearRing id="3089">
                        <coordinates>85.17315158999885,27.963347776453897,0.0 85.17335482966702,27.963350475184466,0.0 85.17336090823751,27.962989565590277,0.0 85.17315766924477,27.962986866900568,0.0 85.17315158999885,27.963347776453897,0.0</coordinates>
                    </LinearRing>
                </outerBoundaryIs>
            </Polygon>
        </Placemark>
        <Placemark id="3095">
            <name>Moderate - danger for some</name>
            <styleUrl>#3098</styleUrl>
            <Polygon id="3094">
                <outerBoundaryIs>
                    <LinearRing id="3096">
                        <coordinates>85.16847099051249,27.963646531466676,0.0 85.16867423020793,27.963649237136224,0.0 85.16867727733086,27.963468782822147,0.0 85.16847403797311,27.963466077173084,0.0 85.16847099051249,27.963646531466676,0.0</coordinates>
                    </LinearRing>
                </outerBoundaryIs>
            </Polygon>
        </Placemark>
        <Placemark id="3102">
            <name>Moderate - danger for some</name>
            <styleUrl>#3105</styleUrl>
            <Polygon id="3101">
                <outerBoundaryIs>
                    <LinearRing id="3103">
                        <coordinates>85.16907157017168,27.96419601061041,0.0 85.16927481096491,27.964198715441636,0.0 85.16927785715933,27.96401826108125,0.0 85.16907461670382,27.9640155562705,0.0 85.16907157017168,27.96419601061041,0.0</coordinates>
                    </LinearRing>
                </outerBoundaryIs>
            </Polygon>
        </Placemark>
        <Placemark id="3109">
            <name>Moderate - danger for some</name>
            <styleUrl>#3112</styleUrl>
            <Polygon id="3108">
                <outerBoundaryIs>
                    <LinearRing id="3110">
                        <coordinates>85.16988148830434,27.964387282552494,0.0 85.17028797082003,27.964392689556544,0.0 85.17029101535405,27.96421223509887,0.0 85.16988453351381,27.96420682813574,0.0 85.16988148830434,27.964387282552494,0.0</coordinates>
                    </LinearRing>
                </outerBoundaryIs>
            </Polygon>
        </Placemark>
        <Placemark id="3116">
            <name>Moderate - danger for some</name>
            <styleUrl>#3119</styleUrl>
            <Polygon id="3115">
                <outerBoundaryIs>
                    <LinearRing id="3117">
                        <coordinates>85.17209585228551,27.96568018857945,0.0 85.17189260839584,27.965677487783644,0.0 85.17189869242645,27.965316578606554,0.0 85.17169544924043,27.965313877551697,0.0 85.171686322139,27.96585524124843,0.0 85.1720928105657,27.965860643180886,0.0 85.17209585228551,27.96568018857945,0.0</coordinates>
                    </LinearRing>
                </outerBoundaryIs>
            </Polygon>
        </Placemark>
        <Placemark id="3123">
            <name>Moderate - danger for some</name>
            <styleUrl>#3126</styleUrl>
            <Polygon id="3122">
                <outerBoundaryIs>
                    <LinearRing id="3124">
                        <coordinates>85.17188348213865,27.96621885151149,0.0 85.17208672704159,27.966221552368626,0.0 85.17208976881773,27.966041097777275,0.0 85.17188652425254,27.96603839694058,0.0 85.17188348213865,27.96621885151149,0.0</coordinates>
                    </LinearRing>
                </outerBoundaryIs>
            </Polygon>
        </Placemark>
        <Placemark id="3130">
            <name>Moderate - danger for some</name>
            <styleUrl>#3133</styleUrl>
            <Polygon id="3129">
                <outerBoundaryIs>
                    <LinearRing id="3131">
                        <coordinates>85.17187435562798,27.96676021519398,0.0 85.1720776015442,27.966762916112447,0.0 85.1720745596554,27.96694337068364,0.0 85.17248105224787,27.96694877166158,0.0 85.17248409346112,27.96676831704951,0.0 85.17228084748858,27.966765616730957,0.0 85.17208368523728,27.966402006954937,0.0 85.1718804399966,27.966399306077353,0.0 85.17187435562798,27.96676021519398,0.0</coordinates>
                    </LinearRing>
                </outerBoundaryIs>
            </Polygon>
        </Placemark>
        <Placemark id="3137">
            <name>Moderate - danger for some</name>
            <styleUrl>#3140</styleUrl>
            <Polygon id="3136">
                <outerBoundaryIs>
                    <LinearRing id="3138">
                        <coordinates>85.1765065338542,27.96934863025589,0.0 85.1765095686773,27.969168175301004,0.0 85.17610306685265,27.96916278583206,0.0 85.17610003135388,27.96934324074616,0.0 85.1765065338542,27.96934863025589,0.0</coordinates>
                    </LinearRing>
                </outerBoundaryIs>
            </Polygon>
        </Placemark>
        <Placemark id="3144">
            <name>Moderate - danger for some</name>
            <styleUrl>#3147</styleUrl>
            <Polygon id="3143">
                <outerBoundaryIs>
                    <LinearRing id="3145">
                        <coordinates>85.17873926847888,27.96955870628391,0.0 85.17874229961413,27.969378251109877,0.0 85.17853904804103,27.969375559804945,0.0 85.17853601656796,27.969556014958606,0.0 85.17873926847888,27.96955870628391,0.0</coordinates>
                    </LinearRing>
                </outerBoundaryIs>
            </Polygon>
        </Placemark>
        <Placemark id="3151">
            <name>Significant - danger for most</name>
            <styleUrl>#3154</styleUrl>
            <Polygon id="3150">
                <outerBoundaryIs>
                    <LinearRing id="3152">
                        <coordinates>85.0183821990599,27.82241047826846,0.0 85.01858515735816,27.822413392047615,0.0 85.01858843454433,27.82223294983484,0.0 85.01838547658122,27.822230036077816,0.0 85.0183821990599,27.82241047826846,0.0</coordinates>
                    </LinearRing>
                </outerBoundaryIs>
            </Polygon>
        </Placemark>
        <Placemark id="3158">
            <name>Significant - danger for most</name>
            <styleUrl>#3161</styleUrl>
            <Polygon id="3157">
                <outerBoundaryIs>
                    <LinearRing id="3159">
                        <coordinates>85.01593029368053,27.8232776992193,0.0 85.01613325328961,27.823280616685814,0.0 85.01613653464972,27.823100174764114,0.0 85.0159335753758,27.82309725731976,0.0 85.01593029368053,27.8232776992193,0.0</coordinates>
                    </LinearRing>
                </outerBoundaryIs>
            </Polygon>
        </Placemark>
        <Placemark id="3165">
            <name>Significant - danger for most</name>
            <styleUrl>#3168</styleUrl>
            <Polygon id="3164">
                <outerBoundaryIs>
                    <LinearRing id="3166">
                        <coordinates>85.01856221620397,27.823676487394973,0.0 85.01896813758395,27.823682314368902,0.0 85.01897141431255,27.823501872147386,0.0 85.0185654936029,27.823496045217713,0.0 85.01856221620397,27.823676487394973,0.0</coordinates>
                    </LinearRing>
                </outerBoundaryIs>
            </Polygon>
        </Placemark>
        <Placemark id="3172">
            <name>Significant - danger for most</name>
            <styleUrl>#3175</styleUrl>
            <Polygon id="3171">
                <outerBoundaryIs>
                    <LinearRing id="3173">
                        <coordinates>85.0161168460326,27.82418282621821,0.0 85.01631980734798,27.824185743497445,0.0 85.01632308852507,27.824005301578957,0.0 85.01612012754487,27.82400238432188,0.0 85.0161168460326,27.82418282621821,0.0</coordinates>
                    </LinearRing>
                </outerBoundaryIs>
            </Polygon>
        </Placemark>
        <Placemark id="3179">
            <name>Significant - danger for most</name>
            <styleUrl>#3182</styleUrl>
            <Polygon id="3178">
                <outerBoundaryIs>
                    <LinearRing id="3180">
                        <coordinates>85.01895830721588,27.824223641002998,0.0 85.01916126895699,27.824226554109238,0.0 85.01916454544155,27.824046111880815,0.0 85.01896158403564,27.824043198796712,0.0 85.01895830721588,27.824223641002998,0.0</coordinates>
                    </LinearRing>
                </outerBoundaryIs>
            </Polygon>
        </Placemark>
        <Placemark id="3186">
            <name>Significant - danger for most</name>
            <styleUrl>#3189</styleUrl>
            <Polygon id="3185">
                <outerBoundaryIs>
                    <LinearRing id="3187">
                        <coordinates>85.0161070013132,27.824724151876758,0.0 85.01630996363414,27.82472706922245,0.0 85.0163132449025,27.82454662731919,0.0 85.01611028291677,27.824543709995652,0.0 85.0161070013132,27.824724151876758,0.0</coordinates>
                    </LinearRing>
                </outerBoundaryIs>
            </Polygon>
        </Placemark>
        <Placemark id="3193">
            <name>Significant - danger for most</name>
            <styleUrl>#3196</styleUrl>
            <Polygon id="3192">
                <outerBoundaryIs>
                    <LinearRing id="3194">
                        <coordinates>85.01630668233533,27.82490751112064,0.0 85.01650964502188,27.824910428190407,0.0 85.01651292598551,27.824729986270068,0.0 85.01630996363414,27.82472706922245,0.0 85.01630668233533,27.82490751112064,0.0</coordinates>
                    </LinearRing>
                </outerBoundaryIs>
            </Polygon>
        </Placemark>
        <Placemark id="3200">
            <name>Significant - danger for most</name>
            <styleUrl>#3203</styleUrl>
            <Polygon id="3199">
                <outerBoundaryIs>
                    <LinearRing id="3201">
                        <coordinates>85.01994036311633,27.82604262644329,0.0 85.01994363856392,27.825862184177137,0.0 85.0197406736845,27.825859272064157,0.0 85.0197373979017,27.826039714308198,0.0 85.01994036311633,27.82604262644329,0.0</coordinates>
                    </LinearRing>
                </outerBoundaryIs>
            </Polygon>
        </Placemark>
        <Placemark id="3207">
            <name>Significant - danger for most</name>
            <styleUrl>#3210</styleUrl>
            <Polygon id="3206">
                <outerBoundaryIs>
                    <LinearRing id="3208">
                        <coordinates>85.0160774655116,27.826348128578367,0.0 85.01608402923611,27.82598724490242,0.0 85.0158810645992,27.825984327103544,0.0 85.01587450020426,27.82634521073518,0.0 85.0160774655116,27.826348128578367,0.0</coordinates>
                    </LinearRing>
                </outerBoundaryIs>
            </Polygon>
        </Placemark>
        <Placemark id="3214">
            <name>Significant - danger for most</name>
            <styleUrl>#3217</styleUrl>
            <Polygon id="3213">
                <outerBoundaryIs>
                    <LinearRing id="3215">
                        <coordinates>85.01993381213003,27.826403510960375,0.0 85.02013677804548,27.8264064228416,0.0 85.0201400532186,27.82622598056348,0.0 85.01993708763837,27.82622306870437,0.0 85.01993381213003,27.826403510960375,0.0</coordinates>
                    </LinearRing>
                </outerBoundaryIs>
            </Polygon>
        </Placemark>
        <Placemark id="3221">
            <name>Significant - danger for most</name>
            <styleUrl>#3224</styleUrl>
            <Polygon id="3220">
                <outerBoundaryIs>
                    <LinearRing id="3222">
                        <coordinates>85.01585152386315,27.82760830328603,0.0 85.0160544915171,27.827611221284325,0.0 85.01605777360761,27.82743077948441,0.0 85.01585480628891,27.827427861508273,0.0 85.01585152386315,27.82760830328603,0.0</coordinates>
                    </LinearRing>
                </outerBoundaryIs>
            </Polygon>
        </Placemark>
        <Placemark id="3228">
            <name>Significant - danger for most</name>
            <styleUrl>#3231</styleUrl>
            <Polygon id="3227">
                <outerBoundaryIs>
                    <LinearRing id="3229">
                        <coordinates>85.0205197875985,27.827675341824058,0.0 85.0207227559517,27.827678252965722,0.0 85.02072603033169,27.827497810656787,0.0 85.02052306231374,27.827494899537232,0.0 85.0205197875985,27.827675341824058,0.0</coordinates>
                    </LinearRing>
                </outerBoundaryIs>
            </Polygon>
        </Placemark>
        <Placemark id="3235">
            <name>Significant - danger for most</name>
            <styleUrl>#3238</styleUrl>
            <Polygon id="3234">
                <outerBoundaryIs>
                    <LinearRing id="3236">
                        <coordinates>85.01685652000587,27.828164215931505,0.0 85.01726245765992,27.828170048781733,0.0 85.01726573783027,27.82798960686414,0.0 85.01685980084672,27.827983774058207,0.0 85.01685652000587,27.828164215931505,0.0</coordinates>
                    </LinearRing>
                </outerBoundaryIs>
            </Polygon>
        </Placemark>
        <Placemark id="3242">
            <name>Significant - danger for most</name>
            <styleUrl>#3245</styleUrl>
            <Polygon id="3241">
                <outerBoundaryIs>
                    <LinearRing id="3243">
                        <coordinates>85.02110904985449,27.828766728366993,0.0 85.02131202031029,27.828769638746905,0.0 85.0213152938667,27.828589196402106,0.0 85.02111232374617,27.828586286044295,0.0 85.02110904985449,27.828766728366993,0.0</coordinates>
                    </LinearRing>
                </outerBoundaryIs>
            </Polygon>
        </Placemark>
        <Placemark id="3249">
            <name>Significant - danger for most</name>
            <styleUrl>#3252</styleUrl>
            <Polygon id="3248">
                <outerBoundaryIs>
                    <LinearRing id="3250">
                        <coordinates>85.02103046734565,27.833097342589756,0.0 85.02123344584868,27.833100253500085,0.0 85.02123672013371,27.832919811277048,0.0 85.02103374196605,27.832916900388813,0.0 85.02103046734565,27.833097342589756,0.0</coordinates>
                    </LinearRing>
                </outerBoundaryIs>
            </Polygon>
        </Placemark>
        <Placemark id="3256">
            <name>Significant - danger for most</name>
            <styleUrl>#3259</styleUrl>
            <Polygon id="3255">
                <outerBoundaryIs>
                    <LinearRing id="3257">
                        <coordinates>85.02325996158618,27.833309788642104,0.0 85.02346294075834,27.833312696294474,0.0 85.023466211385,27.833132253833544,0.0 85.02326323254819,27.833129346203243,0.0 85.02325996158618,27.833309788642104,0.0</coordinates>
                    </LinearRing>
                </outerBoundaryIs>
            </Polygon>
        </Placemark>
        <Placemark id="3263">
            <name>Significant - danger for most</name>
            <styleUrl>#3266</styleUrl>
            <Polygon id="3262">
                <outerBoundaryIs>
                    <LinearRing id="3264">
                        <coordinates>85.02142660235076,27.833644490817203,0.0 85.02142987639154,27.833464048587288,0.0 85.02122689718749,27.833461137930936,0.0 85.02122362281135,27.833641580138757,0.0 85.02142660235076,27.833644490817203,0.0</coordinates>
                    </LinearRing>
                </outerBoundaryIs>
            </Polygon>
        </Placemark>
        <Placemark id="3270">
            <name>Significant - danger for most</name>
            <styleUrl>#3273</styleUrl>
            <Polygon id="3269">
                <outerBoundaryIs>
                    <LinearRing id="3271">
                        <coordinates>85.01798251376533,27.83323408501671,0.0 85.0179792340541,27.833414526875696,0.0 85.01756999629727,27.83358913693605,0.0 85.01776641504445,27.833952936630247,0.0 85.01858489156335,27.833603714183525,0.0 85.01858817029895,27.833423272263218,0.0 85.01818221277198,27.833417442303055,0.0 85.01818549214786,27.83323700042193,0.0 85.01798251376533,27.83323408501671,0.0</coordinates>
                    </LinearRing>
                </outerBoundaryIs>
            </Polygon>
        </Placemark>
        <Placemark id="3277">
            <name>Significant - danger for most</name>
            <styleUrl>#3280</styleUrl>
            <Polygon id="3276">
                <outerBoundaryIs>
                    <LinearRing id="3278">
                        <coordinates>85.02000246979411,27.833804551876135,0.0 85.02020544948662,27.833807464365844,0.0 85.02021200162274,27.83344658017635,0.0 85.0200090226009,27.83344366773087,0.0 85.02000246979411,27.833804551876135,0.0</coordinates>
                    </LinearRing>
                </outerBoundaryIs>
            </Polygon>
        </Placemark>
        <Placemark id="3284">
            <name>Significant - danger for most</name>
            <styleUrl>#3287</styleUrl>
            <Polygon id="3283">
                <outerBoundaryIs>
                    <LinearRing id="3285">
                        <coordinates>85.01858161279732,27.83378415609877,0.0 85.01898757178729,27.833789984954695,0.0 85.01899084988261,27.833609542995195,0.0 85.01858489156335,27.833603714183525,0.0 85.01858161279732,27.83378415609877,0.0</coordinates>
                    </LinearRing>
                </outerBoundaryIs>
            </Polygon>
        </Placemark>
        <Placemark id="3291">
            <name>Significant - danger for most</name>
            <styleUrl>#3294</styleUrl>
            <Polygon id="3290">
                <outerBoundaryIs>
                    <LinearRing id="3292">
                        <coordinates>85.02040842920954,27.833810376557363,0.0 85.02061140896281,27.833813288450692,0.0 85.02061468437535,27.833632846314256,0.0 85.02041170495743,27.833629934443042,0.0 85.02040842920954,27.833810376557363,0.0</coordinates>
                    </LinearRing>
                </outerBoundaryIs>
            </Polygon>
        </Placemark>
        <Placemark id="3298">
            <name>Significant - danger for most</name>
            <styleUrl>#3301</styleUrl>
            <Polygon id="3297">
                <outerBoundaryIs>
                    <LinearRing id="3299">
                        <coordinates>85.02081111363889,27.833996642199274,0.0 85.02101409378825,27.833999553518314,0.0 85.02101736856046,27.833819111342756,0.0 85.02081438874646,27.83381620004582,0.0 85.02081111363889,27.833996642199274,0.0</coordinates>
                    </LinearRing>
                </outerBoundaryIs>
            </Polygon>
        </Placemark>
        <Placemark id="3305">
            <name>Significant - danger for most</name>
            <styleUrl>#3308</styleUrl>
            <Polygon id="3304">
                <outerBoundaryIs>
                    <LinearRing id="3306">
                        <coordinates>85.02364956804934,27.8342178159876,0.0 85.02385254895891,27.83422072315396,0.0 85.02385581906651,27.83404028067424,0.0 85.0236528384923,27.834037373529952,0.0 85.02364956804934,27.8342178159876,0.0</coordinates>
                    </LinearRing>
                </outerBoundaryIs>
            </Polygon>
        </Placemark>
        <Placemark id="3312">
            <name>Significant - danger for most</name>
            <styleUrl>#3315</styleUrl>
            <Polygon id="3311">
                <outerBoundaryIs>
                    <LinearRing id="3313">
                        <coordinates>85.01857177631686,27.83432548181403,0.0 85.01836879586142,27.83432256687239,0.0 85.018372075054,27.83414212499451,0.0 85.01816909496434,27.834139209776797,0.0 85.01816253587805,27.83450009348322,0.0 85.01856849742923,27.83450592370898,0.0 85.01857177631686,27.83432548181403,0.0</coordinates>
                    </LinearRing>
                </outerBoundaryIs>
            </Polygon>
        </Placemark>
        <Placemark id="3319">
            <name>Significant - danger for most</name>
            <styleUrl>#3322</styleUrl>
            <Polygon id="3318">
                <outerBoundaryIs>
                    <LinearRing id="3320">
                        <coordinates>85.01896462426889,27.83505307852906,0.0 85.01916760615698,27.835055992664607,0.0 85.01917088412974,27.834875550718515,0.0 85.018967902577,27.83487263660509,0.0 85.01896462426889,27.83505307852906,0.0</coordinates>
                    </LinearRing>
                </outerBoundaryIs>
            </Polygon>
        </Placemark>
        <Placemark id="3326">
            <name>Significant - danger for most</name>
            <styleUrl>#3329</styleUrl>
            <Polygon id="3325">
                <outerBoundaryIs>
                    <LinearRing id="3327">
                        <coordinates>85.02037894611158,27.835434355357897,0.0 85.02038549812376,27.835073471215527,0.0 85.02018251605332,27.835070558869226,0.0 85.02017596337039,27.83543144296738,0.0 85.02037894611158,27.835434355357897,0.0</coordinates>
                    </LinearRing>
                </outerBoundaryIs>
            </Polygon>
        </Placemark>
        <Placemark id="3333">
            <name>Significant - danger for most</name>
            <styleUrl>#3336</styleUrl>
            <Polygon id="3332">
                <outerBoundaryIs>
                    <LinearRing id="3334">
                        <coordinates>85.02098134439592,27.835803974994906,0.0 85.02098461947182,27.835623532870077,0.0 85.02078163630414,27.835620621352092,0.0 85.02077508545122,27.83598150555246,0.0 85.02118105315847,27.83598732837863,0.0 85.02118432792933,27.83580688623677,0.0 85.02098134439592,27.835803974994906,0.0</coordinates>
                    </LinearRing>
                </outerBoundaryIs>
            </Polygon>
        </Placemark>
        <Placemark id="3340">
            <name>Significant - danger for most</name>
            <styleUrl>#3343</styleUrl>
            <Polygon id="3339">
                <outerBoundaryIs>
                    <LinearRing id="3341">
                        <coordinates>85.02031341930636,27.839043195665294,0.0 85.02051640878608,27.839046108199803,0.0 85.02052296134256,27.83868522421619,0.0 85.02031997253371,27.8386823117259,0.0 85.02031341930636,27.839043195665294,0.0</coordinates>
                    </LinearRing>
                </outerBoundaryIs>
            </Polygon>
        </Placemark>
        <Placemark id="3347">
            <name>Significant - danger for most</name>
            <styleUrl>#3350</styleUrl>
            <Polygon id="3346">
                <outerBoundaryIs>
                    <LinearRing id="3348">
                        <coordinates>85.0229391955353,27.839802804316648,0.0 85.0231421867515,27.839805713062102,0.0 85.02314545880557,27.839625270805897,0.0 85.02294246792484,27.83962236208252,0.0 85.0229391955353,27.839802804316648,0.0</coordinates>
                    </LinearRing>
                </outerBoundaryIs>
            </Polygon>
        </Placemark>
        <Placemark id="3354">
            <name>Significant - danger for most</name>
            <styleUrl>#3357</styleUrl>
            <Polygon id="3353">
                <outerBoundaryIs>
                    <LinearRing id="3355">
                        <coordinates>85.02293265066521,27.84016368876969,0.0 85.02313564255232,27.840166597559307,0.0 85.02313891466707,27.839986155313245,0.0 85.02293592311541,27.839983246545703,0.0 85.02293265066521,27.84016368876969,0.0</coordinates>
                    </LinearRing>
                </outerBoundaryIs>
            </Polygon>
        </Placemark>
        <Placemark id="3361">
            <name>Significant - danger for most</name>
            <styleUrl>#3364</styleUrl>
            <Polygon id="3360">
                <outerBoundaryIs>
                    <LinearRing id="3362">
                        <coordinates>85.02231385463405,27.8406962870539,0.0 85.02231058105605,27.84087672919133,0.0 85.02210758794845,27.840873819120244,0.0 85.02210104003045,27.841234703335687,0.0 85.02230403380898,27.84123761345095,0.0 85.0223073074477,27.841057171323673,0.0 85.02271656736228,27.840882548438646,0.0 85.02272311314606,27.84052166407036,0.0 85.02231385463405,27.8406962870539,0.0</coordinates>
                    </LinearRing>
                </outerBoundaryIs>
            </Polygon>
        </Placemark>
        <Placemark id="3368">
            <name>Significant - danger for most</name>
            <styleUrl>#3371</styleUrl>
            <Polygon id="3367">
                <outerBoundaryIs>
                    <LinearRing id="3369">
                        <coordinates>85.02169177788895,27.841409324266213,0.0 85.02169505256444,27.841228882210288,0.0 85.02128906521988,27.841223059891746,0.0 85.02128578987342,27.841403501903468,0.0 85.02169177788895,27.841409324266213,0.0</coordinates>
                    </LinearRing>
                </outerBoundaryIs>
            </Polygon>
        </Placemark>
        <Placemark id="3375">
            <name>Significant - danger for most</name>
            <styleUrl>#3378</styleUrl>
            <Polygon id="3374">
                <outerBoundaryIs>
                    <LinearRing id="3376">
                        <coordinates>85.01881050949406,27.843533843230954,0.0 85.01901350714796,27.843536758406465,0.0 85.01902006592071,27.84317587498626,0.0 85.01881706893784,27.843172959855014,0.0 85.01881050949406,27.843533843230954,0.0</coordinates>
                    </LinearRing>
                </outerBoundaryIs>
            </Polygon>
        </Placemark>
        <Placemark id="3382">
            <name>Significant - danger for most</name>
            <styleUrl>#3385</styleUrl>
            <Polygon id="3381">
                <outerBoundaryIs>
                    <LinearRing id="3383">
                        <coordinates>85.01880394992864,27.843894726586583,0.0 85.01900694825358,27.843897641806358,0.0 85.01901022771598,27.843717200108944,0.0 85.01880722972655,27.8437142849113,0.0 85.01880394992864,27.843894726586583,0.0</coordinates>
                    </LinearRing>
                </outerBoundaryIs>
            </Polygon>
        </Placemark>
        <Placemark id="3389">
            <name>Significant - danger for most</name>
            <styleUrl>#3392</styleUrl>
            <Polygon id="3388">
                <outerBoundaryIs>
                    <LinearRing id="3390">
                        <coordinates>85.01919355051854,27.844802765249334,0.0 85.01939655058194,27.84480567998309,0.0 85.01940310843825,27.84444479654545,0.0 85.01920010904591,27.844441881855946,0.0 85.01919355051854,27.844802765249334,0.0</coordinates>
                    </LinearRing>
                </outerBoundaryIs>
            </Polygon>
        </Placemark>
        <Placemark id="3396">
            <name>Significant - danger for most</name>
            <styleUrl>#3399</styleUrl>
            <Polygon id="3395">
                <outerBoundaryIs>
                    <LinearRing id="3397">
                        <coordinates>85.01978943740689,27.845533275546927,0.0 85.01979271580075,27.845352833806707,0.0 85.01958971466992,27.845349919603255,0.0 85.01958643594051,27.84553036132135,0.0 85.01978943740689,27.845533275546927,0.0</coordinates>
                    </LinearRing>
                </outerBoundaryIs>
            </Polygon>
        </Placemark>
        <Placemark id="3403">
            <name>Significant - danger for most</name>
            <styleUrl>#3406</styleUrl>
            <Polygon id="3402">
                <outerBoundaryIs>
                    <LinearRing id="3404">
                        <coordinates>85.02139051941535,27.846819671888827,0.0 85.0213937953374,27.846639230007256,0.0 85.02098778792211,27.846633405765978,0.0 85.0209845113289,27.84681384760334,0.0 85.02139051941535,27.846819671888827,0.0</coordinates>
                    </LinearRing>
                </outerBoundaryIs>
            </Polygon>
        </Placemark>
        <Placemark id="3410">
            <name>Significant - danger for most</name>
            <styleUrl>#3413</styleUrl>
            <Polygon id="3409">
                <outerBoundaryIs>
                    <LinearRing id="3411">
                        <coordinates>85.02687164046296,27.84689818293548,0.0 85.02707464537062,27.84690108657498,0.0 85.02707791189655,27.84672064407545,0.0 85.02687490732447,27.846717740457994,0.0 85.02687164046296,27.84689818293548,0.0</coordinates>
                    </LinearRing>
                </outerBoundaryIs>
            </Polygon>
        </Placemark>
        <Placemark id="3417">
            <name>Significant - danger for most</name>
            <styleUrl>#3420</styleUrl>
            <Polygon id="3416">
                <outerBoundaryIs>
                    <LinearRing id="3418">
                        <coordinates>85.02199298185103,27.84718928995987,0.0 85.02239899158344,27.847195111350157,0.0 85.02240226588836,27.847014669368253,0.0 85.0219962568271,27.84700884802216,0.0 85.02199298185103,27.84718928995987,0.0</coordinates>
                    </LinearRing>
                </outerBoundaryIs>
            </Polygon>
        </Placemark>
        <Placemark id="3424">
            <name>Significant - danger for most</name>
            <styleUrl>#3427</styleUrl>
            <Polygon id="3423">
                <outerBoundaryIs>
                    <LinearRing id="3425">
                        <coordinates>85.02360393204015,27.84793433676715,0.0 85.02380693847635,27.84793724531287,0.0 85.02381021055352,27.84775680319669,0.0 85.02360720445293,27.847753894673048,0.0 85.02360393204015,27.84793433676715,0.0</coordinates>
                    </LinearRing>
                </outerBoundaryIs>
            </Polygon>
        </Placemark>
        <Placemark id="3431">
            <name>Significant - danger for most</name>
            <styleUrl>#3434</styleUrl>
            <Polygon id="3430">
                <outerBoundaryIs>
                    <LinearRing id="3432">
                        <coordinates>85.0250151673577,27.848496017036673,0.0 85.02521817501297,27.84849892355996,0.0 85.02522471462059,27.84813803904404,0.0 85.02502170763651,27.848135132564874,0.0 85.0250151673577,27.848496017036673,0.0</coordinates>
                    </LinearRing>
                </outerBoundaryIs>
            </Polygon>
        </Placemark>
        <Placemark id="3438">
            <name>Significant - danger for most</name>
            <styleUrl>#3441</styleUrl>
            <Polygon id="3437">
                <outerBoundaryIs>
                    <LinearRing id="3439">
                        <coordinates>85.02683897018194,27.8487026074313,0.0 85.02704197844557,27.848705511291197,0.0 85.02704524527437,27.848525068842402,0.0 85.02684223734634,27.84852216500455,0.0 85.02683897018194,27.8487026074313,0.0</coordinates>
                    </LinearRing>
                </outerBoundaryIs>
            </Polygon>
        </Placemark>
        <Placemark id="3445">
            <name>Significant - danger for most</name>
            <styleUrl>#3448</styleUrl>
            <Polygon id="3444">
                <outerBoundaryIs>
                    <LinearRing id="3446">
                        <coordinates>85.0260269374304,27.848690989007874,0.0 85.02562092123642,27.84868517800586,0.0 85.02561765202806,27.84886562029525,0.0 85.0260204003258,27.849051873669794,0.0 85.0260269374304,27.848690989007874,0.0</coordinates>
                    </LinearRing>
                </outerBoundaryIs>
            </Polygon>
        </Placemark>
        <Placemark id="3452">
            <name>Significant - danger for most</name>
            <styleUrl>#3455</styleUrl>
            <Polygon id="3451">
                <outerBoundaryIs>
                    <LinearRing id="3453">
                        <coordinates>85.0282469691,27.849444698457688,0.0 85.02825023403621,27.849264255897,0.0 85.02804722458406,27.849261353761335,0.0 85.02804395931224,27.8494417963,0.0 85.0282469691,27.849444698457688,0.0</coordinates>
                    </LinearRing>
                </outerBoundaryIs>
            </Polygon>
        </Placemark>
        <Placemark id="3459">
            <name>Significant - danger for most</name>
            <styleUrl>#3462</styleUrl>
            <Polygon id="3458">
                <outerBoundaryIs>
                    <LinearRing id="3460">
                        <coordinates>85.0284467142872,27.849628042894636,0.0 85.02844997891806,27.84944760031699,0.0 85.0282469691,27.849444698457688,0.0 85.02824370413353,27.84962514101331,0.0 85.0284467142872,27.849628042894636,0.0</coordinates>
                    </LinearRing>
                </outerBoundaryIs>
            </Polygon>
        </Placemark>
        <Placemark id="3466">
            <name>Significant - danger for most</name>
            <styleUrl>#3469</styleUrl>
            <Polygon id="3465">
                <outerBoundaryIs>
                    <LinearRing id="3467">
                        <coordinates>85.02904269013135,27.850358517272287,0.0 85.02904595387636,27.850178074648884,0.0 85.02884294262499,27.850175173596696,0.0 85.02883967854434,27.850355616198083,0.0 85.02904269013135,27.850358517272287,0.0</coordinates>
                    </LinearRing>
                </outerBoundaryIs>
            </Polygon>
        </Placemark>
        <Placemark id="3473">
            <name>Significant - danger for most</name>
            <styleUrl>#3476</styleUrl>
            <Polygon id="3472">
                <outerBoundaryIs>
                    <LinearRing id="3474">
                        <coordinates>85.03208135005433,27.850762883468057,0.0 85.03228436279639,27.850765779811695,0.0 85.03228762123153,27.85058533684645,0.0 85.03208460882512,27.850582440524793,0.0 85.03208135005433,27.850762883468057,0.0</coordinates>
                    </LinearRing>
                </outerBoundaryIs>
            </Polygon>
        </Placemark>
        <Placemark id="3480">
            <name>Significant - danger for most</name>
            <styleUrl>#3483</styleUrl>
            <Polygon id="3479">
                <outerBoundaryIs>
                    <LinearRing id="3481">
                        <coordinates>85.0322713287537,27.85148755162195,0.0 85.03247434286861,27.8514904477551,0.0 85.03248085927905,27.851129561816155,0.0 85.03227784583547,27.851126665726966,0.0 85.0322713287537,27.85148755162195,0.0</coordinates>
                    </LinearRing>
                </outerBoundaryIs>
            </Polygon>
        </Placemark>
        <Placemark id="3487">
            <name>Significant - danger for most</name>
            <styleUrl>#3490</styleUrl>
            <Polygon id="3486">
                <outerBoundaryIs>
                    <LinearRing id="3488">
                        <coordinates>85.03626006862036,27.855515170752156,0.0 85.03666611285831,27.855520951748154,0.0 85.03666936469286,27.855340508431723,0.0 85.03606029938835,27.855331836555813,0.0 85.03605379367472,27.855692723051998,0.0 85.03625681608422,27.85569561401965,0.0 85.03626006862036,27.855515170752156,0.0</coordinates>
                    </LinearRing>
                </outerBoundaryIs>
            </Polygon>
        </Placemark>
        <Placemark id="3494">
            <name>Significant - danger for most</name>
            <styleUrl>#3497</styleUrl>
            <Polygon id="3493">
                <outerBoundaryIs>
                    <LinearRing id="3495">
                        <coordinates>85.03463263765285,27.855672477921054,0.0 85.03483565985118,27.855675370978044,0.0 85.0348389147375,27.85549492786417,0.0 85.0346358928749,27.85549203482913,0.0 85.03463263765285,27.855672477921054,0.0</coordinates>
                    </LinearRing>
                </outerBoundaryIs>
            </Polygon>
        </Placemark>
        <Placemark id="3501">
            <name>Significant - danger for most</name>
            <styleUrl>#3504</styleUrl>
            <Polygon id="3500">
                <outerBoundaryIs>
                    <LinearRing id="3502">
                        <coordinates>85.04466819707017,27.850941892467297,0.0 85.04507422631849,27.85094764785223,0.0 85.04507746360727,27.85076720350669,0.0 85.0446714350303,27.850761448165436,0.0 85.04466819707017,27.850941892467297,0.0</coordinates>
                    </LinearRing>
                </outerBoundaryIs>
            </Polygon>
        </Placemark>
        <Placemark id="3508">
            <name>Significant - danger for most</name>
            <styleUrl>#3511</styleUrl>
            <Polygon id="3507">
                <outerBoundaryIs>
                    <LinearRing id="3509">
                        <coordinates>85.04527724098767,27.850950525097062,0.0 85.04568327041606,27.850956278691452,0.0 85.04568650669785,27.85077583428041,0.0 85.04528047794079,27.85077008072969,0.0 85.04527724098767,27.850950525097062,0.0</coordinates>
                    </LinearRing>
                </outerBoundaryIs>
            </Polygon>
        </Placemark>
        <Placemark id="3515">
            <name>Significant - danger for most</name>
            <styleUrl>#3518</styleUrl>
            <Polygon id="3514">
                <outerBoundaryIs>
                    <LinearRing id="3516">
                        <coordinates>85.04425892928047,27.85111658014177,0.0 85.04446194416523,27.851119458602145,0.0 85.04446518249104,27.850939014327196,0.0 85.04426216794192,27.850936135888663,0.0 85.04425892928047,27.85111658014177,0.0</coordinates>
                    </LinearRing>
                </outerBoundaryIs>
            </Polygon>
        </Placemark>
        <Placemark id="3522">
            <name>Significant - danger for most</name>
            <styleUrl>#3525</styleUrl>
            <Polygon id="3521">
                <outerBoundaryIs>
                    <LinearRing id="3523">
                        <coordinates>85.04649209466372,27.851148226792425,0.0 85.04649532963285,27.85096778229914,0.0 85.04629231478366,27.850964906844858,0.0 85.04628907947885,27.851145351316326,0.0 85.04649209466372,27.851148226792425,0.0</coordinates>
                    </LinearRing>
                </outerBoundaryIs>
            </Polygon>
        </Placemark>
        <Placemark id="3529">
            <name>Significant - danger for most</name>
            <styleUrl>#3532</styleUrl>
            <Polygon id="3528">
                <outerBoundaryIs>
                    <LinearRing id="3530">
                        <coordinates>85.0468981251234,27.851153976849357,0.0 85.0469013594212,27.85097353231243,0.0 85.04669834451204,27.850970657454997,0.0 85.04669510987857,27.851151101970107,0.0 85.0468981251234,27.851153976849357,0.0</coordinates>
                    </LinearRing>
                </outerBoundaryIs>
            </Polygon>
        </Placemark>
        <Placemark id="3536">
            <name>Significant - danger for most</name>
            <styleUrl>#3539</styleUrl>
            <Polygon id="3535">
                <outerBoundaryIs>
                    <LinearRing id="3537">
                        <coordinates>85.04384966023817,27.851291266530076,0.0 85.04425569058897,27.851297024389805,0.0 85.04425892928047,27.85111658014177,0.0 85.04364988480631,27.851107942970096,0.0 85.04364340537929,27.85146883132999,0.0 85.0438464208453,27.851471710729342,0.0 85.04384966023817,27.851291266530076,0.0</coordinates>
                    </LinearRing>
                </outerBoundaryIs>
            </Polygon>
        </Placemark>
        <Placemark id="3543">
            <name>Significant - danger for most</name>
            <styleUrl>#3546</styleUrl>
            <Polygon id="3542">
                <outerBoundaryIs>
                    <LinearRing id="3544">
                        <coordinates>85.04323089364746,27.851823959888186,0.0 85.04343390972475,27.851826839928123,0.0 85.04343714984904,27.85164639578269,0.0 85.04323413410742,27.851643515764625,0.0 85.04323089364746,27.851823959888186,0.0</coordinates>
                    </LinearRing>
                </outerBoundaryIs>
            </Polygon>
        </Placemark>
        <Placemark id="3550">
            <name>Significant - danger for most</name>
            <styleUrl>#3553</styleUrl>
            <Polygon id="3549">
                <outerBoundaryIs>
                    <LinearRing id="3551">
                        <coordinates>85.04810328778723,27.85189299847838,0.0 85.04830630458461,27.851895871355847,0.0 85.0483095366526,27.851715426686518,0.0 85.0481065201909,27.85171255383085,0.0 85.04810328778723,27.85189299847838,0.0</coordinates>
                    </LinearRing>
                </outerBoundaryIs>
            </Polygon>
        </Placemark>
        <Placemark id="3557">
            <name>Significant - danger for most</name>
            <styleUrl>#3560</styleUrl>
            <Polygon id="3556">
                <outerBoundaryIs>
                    <LinearRing id="3558">
                        <coordinates>85.04302463677452,27.852001523646454,0.0 85.04322765315746,27.852004404006685,0.0 85.04323089364746,27.851823959888186,0.0 85.0430278776002,27.851821079549826,0.0 85.04302463677452,27.852001523646454,0.0</coordinates>
                    </LinearRing>
                </outerBoundaryIs>
            </Polygon>
        </Placemark>
        <Placemark id="3564">
            <name>Significant - danger for most</name>
            <styleUrl>#3567</styleUrl>
            <Polygon id="3563">
                <outerBoundaryIs>
                    <LinearRing id="3565">
                        <coordinates>85.04931815860144,27.852090676039847,0.0 85.04952117591425,27.852093547148474,0.0 85.04952440599807,27.851913102353446,0.0 85.04932138902095,27.85191023126661,0.0 85.04931815860144,27.852090676039847,0.0</coordinates>
                    </LinearRing>
                </outerBoundaryIs>
            </Polygon>
        </Placemark>
        <Placemark id="3571">
            <name>Significant - danger for most</name>
            <styleUrl>#3574</styleUrl>
            <Polygon id="3570">
                <outerBoundaryIs>
                    <LinearRing id="3572">
                        <coordinates>85.04281837923021,27.852179087057497,0.0 85.0430213959188,27.852181967738023,0.0 85.04302463677452,27.852001523646454,0.0 85.04282162042163,27.851998642987795,0.0 85.04281837923021,27.852179087057497,0.0</coordinates>
                    </LinearRing>
                </outerBoundaryIs>
            </Polygon>
        </Placemark>
        <Placemark id="3578">
            <name>Significant - danger for most</name>
            <styleUrl>#3581</styleUrl>
            <Polygon id="3577">
                <outerBoundaryIs>
                    <LinearRing id="3579">
                        <coordinates>85.072046704431,27.852951726626006,0.0 85.0722497260856,27.852954564372794,0.0 85.07225291866,27.852774117166796,0.0 85.07204989734113,27.852771279441537,0.0 85.072046704431,27.852951726626006,0.0</coordinates>
                    </LinearRing>
                </outerBoundaryIs>
            </Polygon>
        </Placemark>
        <Placemark id="3585">
            <name>Significant - danger for most</name>
            <styleUrl>#3588</styleUrl>
            <Polygon id="3584">
                <outerBoundaryIs>
                    <LinearRing id="3586">
                        <coordinates>85.05295957700385,27.852864090943285,0.0 85.05296280150056,27.85268364579843,0.0 85.05275978267198,27.852680779698073,0.0 85.0527565578396,27.85286122482118,0.0 85.05295957700385,27.852864090943285,0.0</coordinates>
                    </LinearRing>
                </outerBoundaryIs>
            </Polygon>
        </Placemark>
        <Placemark id="3592">
            <name>Significant - danger for most</name>
            <styleUrl>#3595</styleUrl>
            <Polygon id="3591">
                <outerBoundaryIs>
                    <LinearRing id="3593">
                        <coordinates>85.0397601473017,27.852857615952455,0.0 85.03976339364873,27.852677172231246,0.0 85.03956037643425,27.85267428671003,0.0 85.03955712975154,27.852854730409348,0.0 85.0397601473017,27.852857615952455,0.0</coordinates>
                    </LinearRing>
                </outerBoundaryIs>
            </Polygon>
        </Placemark>
        <Placemark id="3599">
            <name>Significant - danger for most</name>
            <styleUrl>#3602</styleUrl>
            <Polygon id="3598">
                <outerBoundaryIs>
                    <LinearRing id="3600">
                        <coordinates>85.04279893145073,27.85326175136929,0.0 85.04300195015345,27.85326463218099,0.0 85.04300519118947,27.853084188119833,0.0 85.04280217282243,27.853081307329997,0.0 85.04279893145073,27.85326175136929,0.0</coordinates>
                    </LinearRing>
                </outerBoundaryIs>
            </Polygon>
        </Placemark>
        <Placemark id="3606">
            <name>Significant - danger for most</name>
            <styleUrl>#3609</styleUrl>
            <Polygon id="3605">
                <outerBoundaryIs>
                    <LinearRing id="3607">
                        <coordinates>85.06694876274246,27.85414381233066,0.0 85.06715178600616,27.85414665769021,0.0 85.06715498718121,27.853966211058715,0.0 85.06695196425325,27.853963365720762,0.0 85.06694876274246,27.85414381233066,0.0</coordinates>
                    </LinearRing>
                </outerBoundaryIs>
            </Polygon>
        </Placemark>
        <Placemark id="3613">
            <name>Significant - danger for most</name>
            <styleUrl>#3616</styleUrl>
            <Polygon id="3612">
                <outerBoundaryIs>
                    <LinearRing id="3614">
                        <coordinates>85.04379782634835,27.85417837311017,0.0 85.04400084687985,27.85418125253886,0.0 85.04400408638752,27.854000808393767,0.0 85.04380106619173,27.85399792898692,0.0 85.04379782634835,27.85417837311017,0.0</coordinates>
                    </LinearRing>
                </outerBoundaryIs>
            </Polygon>
        </Placemark>
        <Placemark id="3620">
            <name>Significant - danger for most</name>
            <styleUrl>#3623</styleUrl>
            <Polygon id="3619">
                <outerBoundaryIs>
                    <LinearRing id="3621">
                        <coordinates>85.0736421651461,27.854598446225932,0.0 85.07364535563667,27.854417998914762,0.0 85.07344233108907,27.854415163085072,0.0 85.07343914026276,27.85459561037472,0.0 85.0736421651461,27.854598446225932,0.0</coordinates>
                    </LinearRing>
                </outerBoundaryIs>
            </Polygon>
        </Placemark>
        <Placemark id="3627">
            <name>Significant - danger for most</name>
            <styleUrl>#3630</styleUrl>
            <Polygon id="3626">
                <outerBoundaryIs>
                    <LinearRing id="3628">
                        <coordinates>85.06673933572631,27.854501859834045,0.0 85.06674253763221,27.85432141325587,0.0 85.06653951409213,27.854318567277765,0.0 85.06653631185048,27.854499013834346,0.0 85.06673933572631,27.854501859834045,0.0</coordinates>
                    </LinearRing>
                </outerBoundaryIs>
            </Polygon>
        </Placemark>
        <Placemark id="3634">
            <name>Significant - danger for most</name>
            <styleUrl>#3637</styleUrl>
            <Polygon id="3633">
                <outerBoundaryIs>
                    <LinearRing id="3635">
                        <coordinates>85.05577286892617,27.854528194129543,0.0 85.05597589156001,27.8545310559703,0.0 85.05598233098969,27.854170165114667,0.0 85.05577930902732,27.854167303317347,0.0 85.05577286892617,27.854528194129543,0.0</coordinates>
                    </LinearRing>
                </outerBoundaryIs>
            </Polygon>
        </Placemark>
        <Placemark id="3641">
            <name>Significant - danger for most</name>
            <styleUrl>#3644</styleUrl>
            <Polygon id="3640">
                <outerBoundaryIs>
                    <LinearRing id="3642">
                        <coordinates>85.07221779871362,27.854759036154626,0.0 85.07242082375518,27.854761873818298,0.0 85.07242401628983,27.854581426641346,0.0 85.07222099158402,27.854578588999207,0.0 85.07221779871362,27.854759036154626,0.0</coordinates>
                    </LinearRing>
                </outerBoundaryIs>
            </Polygon>
        </Placemark>
        <Placemark id="3648">
            <name>Significant - danger for most</name>
            <styleUrl>#3651</styleUrl>
            <Polygon id="3647">
                <outerBoundaryIs>
                    <LinearRing id="3649">
                        <coordinates>85.04358832539859,27.854536381570576,0.0 85.04399436777446,27.854542140813848,0.0 85.04399760734216,27.854361696678886,0.0 85.04359156563775,27.854355937479323,0.0 85.04358832539859,27.854536381570576,0.0</coordinates>
                    </LinearRing>
                </outerBoundaryIs>
            </Polygon>
        </Placemark>
        <Placemark id="3655">
            <name>Significant - danger for most</name>
            <styleUrl>#3658</styleUrl>
            <Polygon id="3654">
                <outerBoundaryIs>
                    <LinearRing id="3656">
                        <coordinates>85.06612065527037,27.855034660449252,0.0 85.06612385827258,27.854854213951057,0.0 85.06592083381433,27.854851367012692,0.0 85.06591763047638,27.85503181348929,0.0 85.06612065527037,27.855034660449252,0.0</coordinates>
                    </LinearRing>
                </outerBoundaryIs>
            </Polygon>
        </Placemark>
        <Placemark id="3662">
            <name>Significant - danger for most</name>
            <styleUrl>#3665</styleUrl>
            <Polygon id="3661">
                <outerBoundaryIs>
                    <LinearRing id="3663">
                        <coordinates>85.06530214749306,27.855384163626795,0.0 85.06530535189768,27.855203717225155,0.0 85.06510232688674,27.85520086904962,0.0 85.06509912214636,27.85538131542965,0.0 85.06530214749306,27.855384163626795,0.0</coordinates>
                    </LinearRing>
                </outerBoundaryIs>
            </Polygon>
        </Placemark>
        <Placemark id="3669">
            <name>Significant - danger for most</name>
            <styleUrl>#3672</styleUrl>
            <Polygon id="3668">
                <outerBoundaryIs>
                    <LinearRing id="3670">
                        <coordinates>85.04276651608087,27.855066191483438,0.0 85.0429695381408,27.855069072513775,0.0 85.04297277947728,27.854888628503303,0.0 85.04276975775309,27.85488574749483,0.0 85.04276651608087,27.855066191483438,0.0</coordinates>
                    </LinearRing>
                </outerBoundaryIs>
            </Polygon>
        </Placemark>
        <Placemark id="3676">
            <name>Significant - danger for most</name>
            <styleUrl>#3679</styleUrl>
            <Polygon id="3675">
                <outerBoundaryIs>
                    <LinearRing id="3677">
                        <coordinates>85.04154514063586,27.855229342885796,0.0 85.04174816285116,27.85523222572885,0.0 85.04175140623211,27.85505178185467,0.0 85.04154838435254,27.855048899033495,0.0 85.04154514063586,27.855229342885796,0.0</coordinates>
                    </LinearRing>
                </outerBoundaryIs>
            </Polygon>
        </Placemark>
        <Placemark id="3683">
            <name>Significant - danger for most</name>
            <styleUrl>#3686</styleUrl>
            <Polygon id="3682">
                <outerBoundaryIs>
                    <LinearRing id="3684">
                        <coordinates>85.04194794202124,27.855415552164416,0.0 85.04235398727364,27.855421316401884,0.0 85.04235722967745,27.855240872467157,0.0 85.04195118509652,27.855235108273426,0.0 85.04194794202124,27.855415552164416,0.0</coordinates>
                    </LinearRing>
                </outerBoundaryIs>
            </Polygon>
        </Placemark>
        <Placemark id="3690">
            <name>Significant - danger for most</name>
            <styleUrl>#3693</styleUrl>
            <Polygon id="3689">
                <outerBoundaryIs>
                    <LinearRing id="3691">
                        <coordinates>85.07176703602394,27.857279618973415,0.0 85.07197006570712,27.857282457535625,0.0 85.07197325932773,27.857102010472573,0.0 85.07238251103077,27.856927239547165,0.0 85.07238889678084,27.85656634530961,0.0 85.0721858683816,27.85656350743058,0.0 85.072189061548,27.856383060325754,0.0 85.07198603351415,27.856380222169754,0.0 85.07198922698674,27.856199775081404,0.0 85.07158636579393,27.856013650866625,0.0 85.07159275393417,27.855652756750796,0.0 85.07138972733225,27.855649917785446,0.0 85.07138653294116,27.85583036482435,0.0 85.07118350603308,27.855827525538956,0.0 85.07117711649052,27.85618841955849,0.0 85.07138014407016,27.85619125888698,0.0 85.07137694959025,27.856371705910703,0.0 85.07117392167483,27.856368866560665,0.0 85.07116753195457,27.856729760549843,0.0 85.07137056054155,27.85673259994297,0.0 85.07136417137441,27.857093493955013,0.0 85.07156720066257,27.857096333092716,0.0 85.07156081204855,27.8574572271276,0.0 85.07135778208878,27.857454387946802,0.0 85.07134819793826,27.857995728896558,0.0 85.07155122890542,27.85799856814199,0.0 85.07155442331607,27.85781812114225,0.0 85.07196367837707,27.857643351646562,0.0 85.07176703602394,27.857279618973415,0.0</coordinates>
                    </LinearRing>
                </outerBoundaryIs>
            </Polygon>
        </Placemark>
        <Placemark id="3697">
            <name>Significant - danger for most</name>
            <styleUrl>#3700</styleUrl>
            <Polygon id="3696">
                <outerBoundaryIs>
                    <LinearRing id="3698">
                        <coordinates>85.0530916570934,27.856836749150794,0.0 85.05329468370371,27.856839615154453,0.0 85.0532979081866,27.85665917007754,0.0 85.05309488191206,27.856656304095626,0.0 85.0530916570934,27.856836749150794,0.0</coordinates>
                    </LinearRing>
                </outerBoundaryIs>
            </Polygon>
        </Placemark>
        <Placemark id="3704">
            <name>Significant - danger for most</name>
            <styleUrl>#3707</styleUrl>
            <Polygon id="3703">
                <outerBoundaryIs>
                    <LinearRing id="3705">
                        <coordinates>85.05836714254983,27.857091613846713,0.0 85.05857017027209,27.85709447211092,0.0 85.05857338605465,27.8569140264744,0.0 85.05837035866816,27.856911168231875,0.0 85.05836714254983,27.857091613846713,0.0</coordinates>
                    </LinearRing>
                </outerBoundaryIs>
            </Polygon>
        </Placemark>
        <Placemark id="3711">
            <name>Significant - danger for most</name>
            <styleUrl>#3714</styleUrl>
            <Polygon id="3710">
                <outerBoundaryIs>
                    <LinearRing id="3712">
                        <coordinates>85.06222146459957,27.857326315842823,0.0 85.06242449322353,27.857329168456964,0.0 85.06242770265598,27.85714872241382,0.0 85.06222467436783,27.857145869821327,0.0 85.06222146459957,27.857326315842823,0.0</coordinates>
                    </LinearRing>
                </outerBoundaryIs>
            </Polygon>
        </Placemark>
        <Placemark id="3718">
            <name>Significant - danger for most</name>
            <styleUrl>#3721</styleUrl>
            <Polygon id="3717">
                <outerBoundaryIs>
                    <LinearRing id="3719">
                        <coordinates>85.04577300815849,27.85727470699906,0.0 85.04577624515477,27.857094262743555,0.0 85.04557321898115,27.857091385651724,0.0 85.04556998164908,27.8572718298854,0.0 85.04577300815849,27.85727470699906,0.0</coordinates>
                    </LinearRing>
                </outerBoundaryIs>
            </Polygon>
        </Placemark>
        <Placemark id="3725">
            <name>Significant - danger for most</name>
            <styleUrl>#3728</styleUrl>
            <Polygon id="3724">
                <outerBoundaryIs>
                    <LinearRing id="3726">
                        <coordinates>85.0616027464009,27.857859094048564,0.0 85.06160595726578,27.857678648107207,0.0 85.0614029280893,27.8576757942557,0.0 85.0613997168886,27.857856240175398,0.0 85.0616027464009,27.857859094048564,0.0</coordinates>
                    </LinearRing>
                </outerBoundaryIs>
            </Polygon>
        </Placemark>
        <Placemark id="3732">
            <name>Significant - danger for most</name>
            <styleUrl>#3735</styleUrl>
            <Polygon id="3731">
                <outerBoundaryIs>
                    <LinearRing id="3733">
                        <coordinates>85.05916639421889,27.857824827868185,0.0 85.05936942340354,27.85782768502508,0.0 85.05937263796217,27.85764723932207,0.0 85.05916960911331,27.857644382186855,0.0 85.05916639421889,27.857824827868185,0.0</coordinates>
                    </LinearRing>
                </outerBoundaryIs>
            </Polygon>
        </Placemark>
        <Placemark id="3739">
            <name>Significant - danger for most</name>
            <styleUrl>#3742</styleUrl>
            <Polygon id="3738">
                <outerBoundaryIs>
                    <LinearRing id="3740">
                        <coordinates>85.05449673120383,27.85775903086866,0.0 85.05469975970222,27.857761894891457,0.0 85.05470298198405,27.85758144968769,0.0 85.05449995382145,27.857578585686625,0.0 85.05449673120383,27.85775903086866,0.0</coordinates>
                    </LinearRing>
                </outerBoundaryIs>
            </Polygon>
        </Placemark>
        <Placemark id="3746">
            <name>Significant - danger for most</name>
            <styleUrl>#3749</styleUrl>
            <Polygon id="3745">
                <outerBoundaryIs>
                    <LinearRing id="3747">
                        <coordinates>85.06119347583981,27.858033831896684,0.0 85.06139650565815,27.85803668609003,0.0 85.0613997168886,27.857856240175398,0.0 85.06119668740608,27.857853386003708,0.0 85.06119347583981,27.858033831896684,0.0</coordinates>
                    </LinearRing>
                </outerBoundaryIs>
            </Polygon>
        </Placemark>
        <Placemark id="3753">
            <name>Significant - danger for most</name>
            <styleUrl>#3756</styleUrl>
            <Polygon id="3752">
                <outerBoundaryIs>
                    <LinearRing id="3754">
                        <coordinates>85.05550865302595,27.857953793283098,0.0 85.05571168200946,27.857956655835036,0.0 85.0557149026422,27.857776210527696,0.0 85.05551187399448,27.85777334799748,0.0 85.05550865302595,27.857953793283098,0.0</coordinates>
                    </LinearRing>
                </outerBoundaryIs>
            </Polygon>
        </Placemark>
        <Placemark id="3760">
            <name>Significant - danger for most</name>
            <styleUrl>#3763</styleUrl>
            <Polygon id="3759">
                <outerBoundaryIs>
                    <LinearRing id="3761">
                        <coordinates>85.07114197188882,27.858173336304183,0.0 85.07134500316218,27.858176175869684,0.0 85.07134819793826,27.857995728896558,0.0 85.07114516700071,27.857992889352595,0.0 85.07114197188882,27.858173336304183,0.0</coordinates>
                    </LinearRing>
                </outerBoundaryIs>
            </Polygon>
        </Placemark>
        <Placemark id="3767">
            <name>Significant - danger for most</name>
            <styleUrl>#3770</styleUrl>
            <Polygon id="3766">
                <outerBoundaryIs>
                    <LinearRing id="3768">
                        <coordinates>85.07114197188882,27.858173336304183,0.0 85.07093894064509,27.85817049644014,0.0 85.07093574516776,27.858350943365117,0.0 85.07113877674732,27.858353783250703,0.0 85.07114197188882,27.858173336304183,0.0</coordinates>
                    </LinearRing>
                </outerBoundaryIs>
            </Polygon>
        </Placemark>
        <Placemark id="3774">
            <name>Significant - danger for most</name>
            <styleUrl>#3777</styleUrl>
            <Polygon id="3773">
                <outerBoundaryIs>
                    <LinearRing id="3775">
                        <coordinates>85.06017190061505,27.85838044800621,0.0 85.06037493095607,27.85838330373551,0.0 85.06037814392508,27.85820285793932,0.0 85.06017511391985,27.858200002231687,0.0 85.06017190061505,27.85838044800621,0.0</coordinates>
                    </LinearRing>
                </outerBoundaryIs>
            </Polygon>
        </Placemark>
        <Placemark id="3781">
            <name>Significant - danger for most</name>
            <styleUrl>#3784</styleUrl>
            <Polygon id="3780">
                <outerBoundaryIs>
                    <LinearRing id="3782">
                        <coordinates>85.06078099172748,27.858389014298538,0.0 85.06078420402488,27.85820856845901,0.0 85.06058117396009,27.858205713348426,0.0 85.06057796132689,27.85838615916629,0.0 85.06078099172748,27.858389014298538,0.0</coordinates>
                    </LinearRing>
                </outerBoundaryIs>
            </Polygon>
        </Placemark>
        <Placemark id="3788">
            <name>Significant - danger for most</name>
            <styleUrl>#3791</styleUrl>
            <Polygon id="3787">
                <outerBoundaryIs>
                    <LinearRing id="3789">
                        <coordinates>85.07053287824648,27.858164815816473,0.0 85.07032345409247,27.8585228687724,0.0 85.06991739052842,27.858517186271303,0.0 85.06991099606746,27.85887807988038,0.0 85.07011402850631,27.858880921323323,0.0 85.07011722541579,27.85870047449974,0.0 85.07072632190268,27.858708996972656,0.0 85.07072951777508,27.85852855007935,0.0 85.07093254966081,27.858531390285027,0.0 85.07093574516776,27.858350943365117,0.0 85.07053287824648,27.858164815816473,0.0</coordinates>
                    </LinearRing>
                </outerBoundaryIs>
            </Polygon>
        </Placemark>
        <Placemark id="3795">
            <name>Significant - danger for most</name>
            <styleUrl>#3798</styleUrl>
            <Polygon id="3794">
                <outerBoundaryIs>
                    <LinearRing id="3796">
                        <coordinates>85.06950493127869,27.85887239609889,0.0 85.06970796365826,27.8588752381389,0.0 85.06971116123937,27.858694791358456,0.0 85.06950812919563,27.858691949340006,0.0 85.06950493127869,27.85887239609889,0.0</coordinates>
                    </LinearRing>
                </outerBoundaryIs>
            </Polygon>
        </Placemark>
        <Placemark id="3802">
            <name>Significant - danger for most</name>
            <styleUrl>#3805</styleUrl>
            <Polygon id="3801">
                <outerBoundaryIs>
                    <LinearRing id="3803">
                        <coordinates>85.06767444022803,27.859027250864116,0.0 85.0678774726765,27.859030095612567,0.0 85.06788067330963,27.858849649031352,0.0 85.067677641197,27.858846804304495,0.0 85.06767444022803,27.859027250864116,0.0</coordinates>
                    </LinearRing>
                </outerBoundaryIs>
            </Polygon>
        </Placemark>
        <Placemark id="3809">
            <name>Significant - danger for most</name>
            <styleUrl>#3812</styleUrl>
            <Polygon id="3808">
                <outerBoundaryIs>
                    <LinearRing id="3810">
                        <coordinates>85.06909566799027,27.85904715783391,0.0 85.06929870064636,27.85905000049258,0.0 85.06930189892877,27.85886955376033,0.0 85.06909886660848,27.858866711123234,0.0 85.06909566799027,27.85904715783391,0.0</coordinates>
                    </LinearRing>
                </outerBoundaryIs>
            </Polygon>
        </Placemark>
        <Placemark id="3816">
            <name>Significant - danger for most</name>
            <styleUrl>#3819</styleUrl>
            <Polygon id="3815">
                <outerBoundaryIs>
                    <LinearRing id="3817">
                        <coordinates>85.06889583431787,27.8588638681876,0.0 85.06869280205689,27.858861024953427,0.0 85.06868960276702,27.859041471620962,0.0 85.06828353766244,27.85903578421384,0.0 85.06828033767127,27.85921623083316,0.0 85.06888943638013,27.859224761560757,0.0 85.06889583431787,27.8588638681876,0.0</coordinates>
                    </LinearRing>
                </outerBoundaryIs>
            </Polygon>
        </Placemark>
        <Placemark id="3823">
            <name>Significant - danger for most</name>
            <styleUrl>#3826</styleUrl>
            <Polygon id="3822">
                <outerBoundaryIs>
                    <LinearRing id="3824">
                        <coordinates>85.06746820647477,27.859204852350103,0.0 85.06767123922938,27.859207697418675,0.0 85.06767444022803,27.859027250864116,0.0 85.06747140780924,27.859024405817124,0.0 85.06746820647477,27.859204852350103,0.0</coordinates>
                    </LinearRing>
                </outerBoundaryIs>
            </Polygon>
        </Placemark>
        <Placemark id="3830">
            <name>Significant - danger for most</name>
            <styleUrl>#3833</styleUrl>
            <Polygon id="3829">
                <outerBoundaryIs>
                    <LinearRing id="3831">
                        <coordinates>85.06746820647477,27.859204852350103,0.0 85.06726517374982,27.859202006982983,0.0 85.06724916495315,27.860104239463983,0.0 85.06745219935726,27.860107084939056,0.0 85.06746820647477,27.859204852350103,0.0</coordinates>
                    </LinearRing>
                </outerBoundaryIs>
            </Polygon>
        </Placemark>
        <Placemark id="3837">
            <name>Significant - danger for most</name>
            <styleUrl>#3840</styleUrl>
            <Polygon id="3836">
                <outerBoundaryIs>
                    <LinearRing id="3838">
                        <coordinates>85.06561848168921,27.860442357526825,0.0 85.06582151652746,27.860445205433535,0.0 85.06582472075644,27.860264759108794,0.0 85.06562168625403,27.860261911223684,0.0 85.06561848168921,27.860442357526825,0.0</coordinates>
                    </LinearRing>
                </outerBoundaryIs>
            </Polygon>
        </Placemark>
        <Placemark id="3844">
            <name>Significant - danger for most</name>
            <styleUrl>#3847</styleUrl>
            <Polygon id="3843">
                <outerBoundaryIs>
                    <LinearRing id="3845">
                        <coordinates>85.06745219935726,27.860107084939056,0.0 85.06744899784474,27.860287531441664,0.0 85.06724596310478,27.860284685945004,0.0 85.06723955931899,27.860645578891848,0.0 85.06764563017194,27.86065126967299,0.0 85.06765523379104,27.860109930115577,0.0 85.06745219935726,27.860107084939056,0.0</coordinates>
                    </LinearRing>
                </outerBoundaryIs>
            </Polygon>
        </Placemark>
        <Placemark id="3851">
            <name>Significant - danger for most</name>
            <styleUrl>#3854</styleUrl>
            <Polygon id="3850">
                <outerBoundaryIs>
                    <LinearRing id="3852">
                        <coordinates>85.07713499255941,27.852300789836352,0.0 85.07713817695839,27.85212034209391,0.0 85.07693515627288,27.852117511617774,0.0 85.07693197153817,27.852297959338728,0.0 85.07713499255941,27.852300789836352,0.0</coordinates>
                    </LinearRing>
                </outerBoundaryIs>
            </Polygon>
        </Placemark>
        <Placemark id="3858">
            <name>Significant - danger for most</name>
            <styleUrl>#3861</styleUrl>
            <Polygon id="3857">
                <outerBoundaryIs>
                    <LinearRing id="3859">
                        <coordinates>85.07733482951735,27.85248406779436,0.0 85.07733801361015,27.852303620035507,0.0 85.07713499255941,27.852300789836352,0.0 85.0771318081309,27.85248123757372,0.0 85.07733482951735,27.85248406779436,0.0</coordinates>
                    </LinearRing>
                </outerBoundaryIs>
            </Polygon>
        </Placemark>
        <Placemark id="3865">
            <name>Significant - danger for most</name>
            <styleUrl>#3868</styleUrl>
            <Polygon id="3864">
                <outerBoundaryIs>
                    <LinearRing id="3866">
                        <coordinates>85.07733482951735,27.85248406779436,0.0 85.07733164539505,27.852664515548156,0.0 85.07753466714674,27.852667345491817,0.0 85.07753785093333,27.852486897716535,0.0 85.07733482951735,27.85248406779436,0.0</coordinates>
                    </LinearRing>
                </outerBoundaryIs>
            </Polygon>
        </Placemark>
        <Placemark id="3872">
            <name>Significant - danger for most</name>
            <styleUrl>#3875</styleUrl>
            <Polygon id="3871">
                <outerBoundaryIs>
                    <LinearRing id="3873">
                        <coordinates>85.07773450544757,27.852850622928703,0.0 85.07773768892795,27.85267017513701,0.0 85.07753466714674,27.852667345491817,0.0 85.07753148333063,27.852847793262033,0.0 85.07773450544757,27.852850622928703,0.0</coordinates>
                    </LinearRing>
                </outerBoundaryIs>
            </Polygon>
        </Placemark>
        <Placemark id="3879">
            <name>Significant - danger for most</name>
            <styleUrl>#3882</styleUrl>
            <Polygon id="3878">
                <outerBoundaryIs>
                    <LinearRing id="3880">
                        <coordinates>85.07793434441983,27.853033900105007,0.0 85.077937527594,27.8528534522969,0.0 85.07773450544757,27.852850622928703,0.0 85.07773132193766,27.85303107071534,0.0 85.07793434441983,27.853033900105007,0.0</coordinates>
                    </LinearRing>
                </outerBoundaryIs>
            </Polygon>
        </Placemark>
        <Placemark id="3886">
            <name>Significant - danger for most</name>
            <styleUrl>#3889</styleUrl>
            <Polygon id="3885">
                <outerBoundaryIs>
                    <LinearRing id="3887">
                        <coordinates>85.0783308417875,27.85358090151174,0.0 85.07833402437875,27.853400453675864,0.0 85.0781310011661,27.8533976248402,0.0 85.07812781823911,27.853578072654607,0.0 85.0783308417875,27.85358090151174,0.0</coordinates>
                    </LinearRing>
                </outerBoundaryIs>
            </Polygon>
        </Placemark>
        <Placemark id="3893">
            <name>Significant - danger for most</name>
            <styleUrl>#3896</styleUrl>
            <Polygon id="3892">
                <outerBoundaryIs>
                    <LinearRing id="3894">
                        <coordinates>85.07832129383674,27.854122244989043,0.0 85.07852431842187,27.854125073612103,0.0 85.07853068308039,27.853764177922695,0.0 85.07832765916676,27.85376134934257,0.0 85.07832129383674,27.854122244989043,0.0</coordinates>
                    </LinearRing>
                </outerBoundaryIs>
            </Polygon>
        </Placemark>
        <Placemark id="3900">
            <name>Significant - danger for most</name>
            <styleUrl>#3903</styleUrl>
            <Polygon id="3899">
                <outerBoundaryIs>
                    <LinearRing id="3901">
                        <coordinates>85.08542082990468,27.854581966322666,0.0 85.08602990885505,27.854590420083458,0.0 85.08603307883516,27.85440997145871,0.0 85.08542400089205,27.85440151776207,0.0 85.08542082990468,27.854581966322666,0.0</coordinates>
                    </LinearRing>
                </outerBoundaryIs>
            </Polygon>
        </Placemark>
        <Placemark id="3907">
            <name>Significant - danger for most</name>
            <styleUrl>#3910</styleUrl>
            <Polygon id="3906">
                <outerBoundaryIs>
                    <LinearRing id="3908">
                        <coordinates>85.07384519005903,27.854601281778656,0.0 85.0742512399736,27.85460695198864,0.0 85.07425442945691,27.854426504612917,0.0 85.07384838021383,27.854420834445968,0.0 85.07384519005903,27.854601281778656,0.0</coordinates>
                    </LinearRing>
                </outerBoundaryIs>
            </Polygon>
        </Placemark>
        <Placemark id="3914">
            <name>Significant - danger for most</name>
            <styleUrl>#3917</styleUrl>
            <Polygon id="3913">
                <outerBoundaryIs>
                    <LinearRing id="3915">
                        <coordinates>85.08724489955429,27.854787768293626,0.0 85.08724806754921,27.854607319545675,0.0 85.08704504102674,27.854604503714885,0.0 85.08704187269606,27.85478495244146,0.0 85.08724489955429,27.854787768293626,0.0</coordinates>
                    </LinearRing>
                </outerBoundaryIs>
            </Polygon>
        </Placemark>
        <Placemark id="3921">
            <name>Significant - danger for most</name>
            <styleUrl>#3924</styleUrl>
            <Polygon id="3920">
                <outerBoundaryIs>
                    <LinearRing id="3922">
                        <coordinates>85.0807416971086,27.855058409080662,0.0 85.08074487590677,27.854877961027782,0.0 85.08054184965427,27.854875135602295,0.0 85.08053867052034,27.855055583633742,0.0 85.0807416971086,27.855058409080662,0.0</coordinates>
                    </LinearRing>
                </outerBoundaryIs>
            </Polygon>
        </Placemark>
        <Placemark id="3928">
            <name>Significant - danger for most</name>
            <styleUrl>#3931</styleUrl>
            <Polygon id="3927">
                <outerBoundaryIs>
                    <LinearRing id="3929">
                        <coordinates>85.08743842328822,27.855331930124912,0.0 85.08784447916615,27.855337560464932,0.0 85.08784764624185,27.855157111668053,0.0 85.08744159103549,27.855151481370758,0.0 85.08743842328822,27.855331930124912,0.0</coordinates>
                    </LinearRing>
                </outerBoundaryIs>
            </Polygon>
        </Placemark>
        <Placemark id="3935">
            <name>Significant - danger for most</name>
            <styleUrl>#3938</styleUrl>
            <Polygon id="3934">
                <outerBoundaryIs>
                    <LinearRing id="3936">
                        <coordinates>85.08114457221745,27.855244507169726,0.0 85.08155062627178,27.855250156016954,0.0 85.08155380375634,27.855069707883377,0.0 85.08114775037355,27.85506405907902,0.0 85.08114457221745,27.855244507169726,0.0</coordinates>
                    </LinearRing>
                </outerBoundaryIs>
            </Polygon>
        </Placemark>
        <Placemark id="3942">
            <name>Significant - danger for most</name>
            <styleUrl>#3945</styleUrl>
            <Polygon id="3941">
                <outerBoundaryIs>
                    <LinearRing id="3943">
                        <coordinates>85.08398060607234,27.855644920792226,0.0 85.0841836341685,27.855647741228875,0.0 85.08418998049592,27.85528684442004,0.0 85.08398695307133,27.855284024026194,0.0 85.08398060607234,27.855644920792226,0.0</coordinates>
                    </LinearRing>
                </outerBoundaryIs>
            </Polygon>
        </Placemark>
        <Placemark id="3949">
            <name>Significant - danger for most</name>
            <styleUrl>#3952</styleUrl>
            <Polygon id="3948">
                <outerBoundaryIs>
                    <LinearRing id="3950">
                        <coordinates>85.08803483989581,27.856062170409626,0.0 85.08844089863615,27.856067799129463,0.0 85.08844406482194,27.855887350288718,0.0 85.08824103577288,27.855884536099417,0.0 85.08824420226512,27.855704087274976,0.0 85.08783814492665,27.855698458043538,0.0 85.08803483989581,27.856062170409626,0.0</coordinates>
                    </LinearRing>
                </outerBoundaryIs>
            </Polygon>
        </Placemark>
        <Placemark id="3956">
            <name>Significant - danger for most</name>
            <styleUrl>#3959</styleUrl>
            <Polygon id="3955">
                <outerBoundaryIs>
                    <LinearRing id="3957">
                        <coordinates>85.0792886985028,27.85684310343305,0.0 85.07949172827195,27.85684593088552,0.0 85.07949490937959,27.856665483011884,0.0 85.07929187994621,27.85666265558087,0.0 85.0792886985028,27.85684310343305,0.0</coordinates>
                    </LinearRing>
                </outerBoundaryIs>
            </Polygon>
        </Placemark>
        <Placemark id="3963">
            <name>Significant - danger for most</name>
            <styleUrl>#3966</styleUrl>
            <Polygon id="3962">
                <outerBoundaryIs>
                    <LinearRing id="3964">
                        <coordinates>85.08983995748339,27.857350633035434,0.0 85.09004298945356,27.85735344500734,0.0 85.09004931683384,27.856992547049995,0.0 85.08984628553529,27.856989735120766,0.0 85.08983995748339,27.857350633035434,0.0</coordinates>
                    </LinearRing>
                </outerBoundaryIs>
            </Polygon>
        </Placemark>
        <Placemark id="3970">
            <name>Significant - danger for most</name>
            <styleUrl>#3973</styleUrl>
            <Polygon id="3969">
                <outerBoundaryIs>
                    <LinearRing id="3971">
                        <coordinates>85.08496402687672,27.85746350458722,0.0 85.08516705847786,27.857466323745253,0.0 85.08517023027143,27.857285875286927,0.0 85.0849671990061,27.85728305615028,0.0 85.08496402687672,27.85746350458722,0.0</coordinates>
                    </LinearRing>
                </outerBoundaryIs>
            </Polygon>
        </Placemark>
        <Placemark id="3977">
            <name>Significant - danger for most</name>
            <styleUrl>#3980</styleUrl>
            <Polygon id="3976">
                <outerBoundaryIs>
                    <LinearRing id="3978">
                        <coordinates>85.10303395417267,27.85771324058642,0.0 85.1030370964144,27.85753279025435,0.0 85.1028340625734,27.857529997388863,0.0 85.10283091999584,27.85771044769974,0.0 85.10303395417267,27.85771324058642,0.0</coordinates>
                    </LinearRing>
                </outerBoundaryIs>
            </Polygon>
        </Placemark>
        <Placemark id="3984">
            <name>Significant - danger for most</name>
            <styleUrl>#3987</styleUrl>
            <Polygon id="3983">
                <outerBoundaryIs>
                    <LinearRing id="3985">
                        <coordinates>85.08617904678064,27.857660863617678,0.0 85.0859823556268,27.857297148848208,0.0 85.08537326156618,27.857288694125042,0.0 85.08537009010841,27.857469142604756,0.0 85.08617904678064,27.857660863617678,0.0</coordinates>
                    </LinearRing>
                </outerBoundaryIs>
            </Polygon>
        </Placemark>
        <Placemark id="3991">
            <name>Significant - danger for most</name>
            <styleUrl>#3994</styleUrl>
            <Polygon id="3990">
                <outerBoundaryIs>
                    <LinearRing id="3992">
                        <coordinates>85.09064576005734,27.857722777196994,0.0 85.09084879281644,27.857725588017427,0.0 85.09085195523664,27.857545138966056,0.0 85.09064892281336,27.857542328166954,0.0 85.09064576005734,27.857722777196994,0.0</coordinates>
                    </LinearRing>
                </outerBoundaryIs>
            </Polygon>
        </Placemark>
        <Placemark id="3998">
            <name>Significant - danger for most</name>
            <styleUrl>#4001</styleUrl>
            <Polygon id="3997">
                <outerBoundaryIs>
                    <LinearRing id="3999">
                        <coordinates>85.08333342540655,27.857801837092083,0.0 85.08353645744397,27.85780465868119,0.0 85.0835428064923,27.85744376212211,0.0 85.08333977512652,27.85744094057583,0.0 85.08333342540655,27.857801837092083,0.0</coordinates>
                    </LinearRing>
                </outerBoundaryIs>
            </Polygon>
        </Placemark>
        <Placemark id="4005">
            <name>Significant - danger for most</name>
            <styleUrl>#4008</styleUrl>
            <Polygon id="4004">
                <outerBoundaryIs>
                    <LinearRing id="4006">
                        <coordinates>85.10079428787144,27.858043402595428,0.0 85.10099732242844,27.85804619850999,0.0 85.10100046808674,27.857865748400055,0.0 85.10079743386555,27.857862952506707,0.0 85.10079428787144,27.858043402595428,0.0</coordinates>
                    </LinearRing>
                </outerBoundaryIs>
            </Polygon>
        </Placemark>
        <Placemark id="4012">
            <name>Significant - danger for most</name>
            <styleUrl>#4015</styleUrl>
            <Polygon id="4011">
                <outerBoundaryIs>
                    <LinearRing id="4013">
                        <coordinates>85.09083930537993,27.858266935141234,0.0 85.09104233917581,27.858269745727117,0.0 85.09104866349116,27.857908847606975,0.0 85.09084563036693,27.85790603706375,0.0 85.09083930537993,27.858266935141234,0.0</coordinates>
                    </LinearRing>
                </outerBoundaryIs>
            </Polygon>
        </Placemark>
        <Placemark id="4019">
            <name>Significant - danger for most</name>
            <styleUrl>#4022</styleUrl>
            <Polygon id="4018">
                <outerBoundaryIs>
                    <LinearRing id="4020">
                        <coordinates>85.09692087452082,27.858892471844896,0.0 85.09712391020231,27.858895273538145,0.0 85.09712706238744,27.858714823856968,0.0 85.0969240270418,27.858712022184978,0.0 85.09692087452082,27.858892471844896,0.0</coordinates>
                    </LinearRing>
                </outerBoundaryIs>
            </Polygon>
        </Placemark>
        <Placemark id="4026">
            <name>Significant - danger for most</name>
            <styleUrl>#4029</styleUrl>
            <Polygon id="4025">
                <outerBoundaryIs>
                    <LinearRing id="4027">
                        <coordinates>85.09102969019334,27.858991541906754,0.0 85.09123272536188,27.858994352279392,0.0 85.09123588731563,27.858813903220742,0.0 85.09103285248294,27.858811092869423,0.0 85.09102969019334,27.858991541906754,0.0</coordinates>
                    </LinearRing>
                </outerBoundaryIs>
            </Polygon>
        </Placemark>
        <Placemark id="4033">
            <name>Significant - danger for most</name>
            <styleUrl>#4036</styleUrl>
            <Polygon id="4032">
                <outerBoundaryIs>
                    <LinearRing id="4034">
                        <coordinates>85.09630861409394,27.859064514564892,0.0 85.0967146859825,27.85907011948669,0.0 85.09671783886853,27.858889669853095,0.0 85.09631176765167,27.85888406497382,0.0 85.09630861409394,27.859064514564892,0.0</coordinates>
                    </LinearRing>
                </outerBoundaryIs>
            </Polygon>
        </Placemark>
        <Placemark id="4040">
            <name>Significant - danger for most</name>
            <styleUrl>#4043</styleUrl>
            <Polygon id="4039">
                <outerBoundaryIs>
                    <LinearRing id="4041">
                        <coordinates>85.0914325989125,27.859177611428407,0.0 85.09143576055973,27.858997162353486,0.0 85.09123272536188,27.858994352279392,0.0 85.09122956337882,27.859174801332998,0.0 85.0914325989125,27.859177611428407,0.0</coordinates>
                    </LinearRing>
                </outerBoundaryIs>
            </Polygon>
        </Placemark>
        <Placemark id="4047">
            <name>Significant - danger for most</name>
            <styleUrl>#4050</styleUrl>
            <Polygon id="4046">
                <outerBoundaryIs>
                    <LinearRing id="4048">
                        <coordinates>85.09630546050698,27.85924496415091,0.0 85.09630861409394,27.859064514564892,0.0 85.09610557819353,27.85906171165615,0.0 85.09610242427071,27.8592421612209,0.0 85.09630546050698,27.85924496415091,0.0</coordinates>
                    </LinearRing>
                </outerBoundaryIs>
            </Polygon>
        </Placemark>
        <Placemark id="4054">
            <name>Significant - danger for most</name>
            <styleUrl>#4057</styleUrl>
            <Polygon id="4053">
                <outerBoundaryIs>
                    <LinearRing id="4055">
                        <coordinates>85.10300567268628,27.859337293347924,0.0 85.10320870991481,27.85934008612679,0.0 85.10321185208285,27.859159635818962,0.0 85.10300881519018,27.85915684306128,0.0 85.10300567268628,27.859337293347924,0.0</coordinates>
                    </LinearRing>
                </outerBoundaryIs>
            </Polygon>
        </Placemark>
        <Placemark id="4061">
            <name>Significant - danger for most</name>
            <styleUrl>#4064</styleUrl>
            <Polygon id="4060">
                <outerBoundaryIs>
                    <LinearRing id="4062">
                        <coordinates>85.10422389649429,27.859354045542645,0.0 85.10442693389756,27.859356836530118,0.0 85.10443007405047,27.859176386095182,0.0 85.10422703698308,27.859173595128887,0.0 85.10422389649429,27.859354045542645,0.0</coordinates>
                    </LinearRing>
                </outerBoundaryIs>
            </Polygon>
        </Placemark>
        <Placemark id="4068">
            <name>Significant - danger for most</name>
            <styleUrl>#4071</styleUrl>
            <Polygon id="4067">
                <outerBoundaryIs>
                    <LinearRing id="4069">
                        <coordinates>85.10970278514121,27.859609748386745,0.0 85.10990582366522,27.859612531333976,0.0 85.1099152169195,27.85907117831625,0.0 85.10971217940309,27.859068395432374,0.0 85.10970278514121,27.859609748386745,0.0</coordinates>
                    </LinearRing>
                </outerBoundaryIs>
            </Polygon>
        </Placemark>
        <Placemark id="4075">
            <name>Significant - danger for most</name>
            <styleUrl>#4078</styleUrl>
            <Polygon id="4074">
                <outerBoundaryIs>
                    <LinearRing id="4076">
                        <coordinates>85.10584505870422,27.85955681566062,0.0 85.10604809667612,27.859559604280715,0.0 85.10605123417129,27.859379153681477,0.0 85.10584819653523,27.85937636508254,0.0 85.10584505870422,27.85955681566062,0.0</coordinates>
                    </LinearRing>
                </outerBoundaryIs>
            </Polygon>
        </Placemark>
        <Placemark id="4082">
            <name>Significant - danger for most</name>
            <styleUrl>#4085</styleUrl>
            <Polygon id="4081">
                <outerBoundaryIs>
                    <LinearRing id="4083">
                        <coordinates>85.10990269252241,27.859792982329793,0.0 85.11010573141131,27.85979576499957,0.0 85.11010886221827,27.85961531398264,0.0 85.10990582366522,27.859612531333976,0.0 85.10990269252241,27.859792982329793,0.0</coordinates>
                    </LinearRing>
                </outerBoundaryIs>
            </Polygon>
        </Placemark>
        <Placemark id="4089">
            <name>Significant - danger for most</name>
            <styleUrl>#4092</styleUrl>
            <Polygon id="4088">
                <outerBoundaryIs>
                    <LinearRing id="4090">
                        <coordinates>85.10725378290762,27.860298132585452,0.0 85.10705074341776,27.86029534567219,0.0 85.1070538793499,27.860114894987376,0.0 85.106850840225,27.860112107796684,0.0 85.10684456765989,27.860473009118966,0.0 85.10725064728229,27.860478583286366,0.0 85.10725378290762,27.860298132585452,0.0</coordinates>
                    </LinearRing>
                </outerBoundaryIs>
            </Polygon>
        </Placemark>
        <Placemark id="4096">
            <name>Significant - danger for most</name>
            <styleUrl>#4099</styleUrl>
            <Polygon id="4095">
                <outerBoundaryIs>
                    <LinearRing id="4097">
                        <coordinates>85.11048363675346,27.861425388748714,0.0 85.11068667875237,27.861428170712742,0.0 85.11068980881286,27.861247719677895,0.0 85.11048676714984,27.861244937734966,0.0 85.11048363675346,27.861425388748714,0.0</coordinates>
                    </LinearRing>
                </outerBoundaryIs>
            </Polygon>
        </Placemark>
        <Placemark id="4103">
            <name>Significant - danger for most</name>
            <styleUrl>#4106</styleUrl>
            <Polygon id="4102">
                <outerBoundaryIs>
                    <LinearRing id="4104">
                        <coordinates>85.10824704256106,27.861575218213407,0.0 85.10825017668134,27.86139476743707,0.0 85.10804713503087,27.861391981889895,0.0 85.1080440005747,27.861572432645097,0.0 85.10824704256106,27.861575218213407,0.0</coordinates>
                    </LinearRing>
                </outerBoundaryIs>
            </Polygon>
        </Placemark>
        <Placemark id="4110">
            <name>Significant - danger for most</name>
            <styleUrl>#4113</styleUrl>
            <Polygon id="4109">
                <outerBoundaryIs>
                    <LinearRing id="4111">
                        <coordinates>85.1084438169206,27.86193890506292,0.0 85.10844695076307,27.861758454275552,0.0 85.10824390841174,27.8617556689847,0.0 85.10824077423337,27.86193611975094,0.0 85.1084438169206,27.86193890506292,0.0</coordinates>
                    </LinearRing>
                </outerBoundaryIs>
            </Polygon>
        </Placemark>
        <Placemark id="4117">
            <name>Significant - danger for most</name>
            <styleUrl>#4120</styleUrl>
            <Polygon id="4116">
                <outerBoundaryIs>
                    <LinearRing id="4118">
                        <coordinates>85.09402785850554,27.861740405896608,0.0 85.09423089915144,27.861743212110305,0.0 85.09423405650661,27.86156276280781,0.0 85.0940310161966,27.8615599566154,0.0 85.09402785850554,27.861740405896608,0.0</coordinates>
                    </LinearRing>
                </outerBoundaryIs>
            </Polygon>
        </Placemark>
        <Placemark id="4124">
            <name>Significant - danger for most</name>
            <styleUrl>#4127</styleUrl>
            <Polygon id="4123">
                <outerBoundaryIs>
                    <LinearRing id="4125">
                        <coordinates>85.08955780659723,27.8618590424593,0.0 85.08976084693431,27.861861855263292,0.0 85.0897640117083,27.86168140643482,0.0 85.08956097170712,27.86167859365217,0.0 85.08955780659723,27.8618590424593,0.0</coordinates>
                    </LinearRing>
                </outerBoundaryIs>
            </Polygon>
        </Placemark>
        <Placemark id="4131">
            <name>Significant - danger for most</name>
            <styleUrl>#4134</styleUrl>
            <Polygon id="4130">
                <outerBoundaryIs>
                    <LinearRing id="4132">
                        <coordinates>85.09402154303561,27.862101304443858,0.0 85.09422458435331,27.862104110700148,0.0 85.09422774176701,27.86192366140775,0.0 85.09402470078523,27.86192085517275,0.0 85.09402154303561,27.862101304443858,0.0</coordinates>
                    </LinearRing>
                </outerBoundaryIs>
            </Polygon>
        </Placemark>
        <Placemark id="4138">
            <name>Significant - danger for most</name>
            <styleUrl>#4141</styleUrl>
            <Polygon id="4137">
                <outerBoundaryIs>
                    <LinearRing id="4139">
                        <coordinates>85.09015743521381,27.862408826558642,0.0 85.09015427099428,27.862589275409583,0.0 85.09056035456094,27.86259489909812,0.0 85.09056351810868,27.862414450204508,0.0 85.09036047664658,27.862411638530876,0.0 85.09036364050091,27.86223118965355,0.0 85.08996072283328,27.86204511661346,0.0 85.08995439381039,27.862406014287814,0.0 85.09015743521381,27.862408826558642,0.0</coordinates>
                    </LinearRing>
                </outerBoundaryIs>
            </Polygon>
        </Placemark>
        <Placemark id="4145">
            <name>Significant - danger for most</name>
            <styleUrl>#4148</styleUrl>
            <Polygon id="4144">
                <outerBoundaryIs>
                    <LinearRing id="4146">
                        <coordinates>85.09421826943809,27.862465009269766,0.0 85.09422142691034,27.862284559987486,0.0 85.09401838525675,27.862281753709908,0.0 85.0940152274486,27.8624622029709,0.0 85.09421826943809,27.862465009269766,0.0</coordinates>
                    </LinearRing>
                </outerBoundaryIs>
            </Polygon>
        </Placemark>
        <Placemark id="4152">
            <name>Significant - danger for most</name>
            <styleUrl>#4155</styleUrl>
            <Polygon id="4151">
                <outerBoundaryIs>
                    <LinearRing id="4153">
                        <coordinates>85.09157556399073,27.86260895309398,0.0 85.09177860596463,27.862611762997354,0.0 85.09178176749697,27.862431313975783,0.0 85.09157872585897,27.862428504093728,0.0 85.09157556399073,27.86260895309398,0.0</coordinates>
                    </LinearRing>
                </outerBoundaryIs>
            </Polygon>
        </Placemark>
        <Placemark id="4159">
            <name>Significant - danger for most</name>
            <styleUrl>#4162</styleUrl>
            <Polygon id="4158">
                <outerBoundaryIs>
                    <LinearRing id="4160">
                        <coordinates>85.09116631756149,27.86278378134398,0.0 85.09136935981267,27.862786591865877,0.0 85.09137568425028,27.86242569391308,0.0 85.09117264267091,27.862422883433833,0.0 85.09116631756149,27.86278378134398,0.0</coordinates>
                    </LinearRing>
                </outerBoundaryIs>
            </Polygon>
        </Placemark>
        <Placemark id="4166">
            <name>Significant - danger for most</name>
            <styleUrl>#4169</styleUrl>
            <Polygon id="4165">
                <outerBoundaryIs>
                    <LinearRing id="4167">
                        <coordinates>85.09177544440298,27.86279221201387,0.0 85.0919784867421,27.862795021639958,0.0 85.09198164796786,27.86261457260213,0.0 85.09177860596463,27.862611762997354,0.0 85.09177544440298,27.86279221201387,0.0</coordinates>
                    </LinearRing>
                </outerBoundaryIs>
            </Polygon>
        </Placemark>
        <Placemark id="4173">
            <name>Significant - danger for most</name>
            <styleUrl>#4176</styleUrl>
            <Polygon id="4172">
                <outerBoundaryIs>
                    <LinearRing id="4174">
                        <coordinates>85.09380586911247,27.862820294837668,0.0 85.09380902731507,27.862639845608076,0.0 85.09360598504823,27.862637038690707,0.0 85.09360282650974,27.862817487899004,0.0 85.09380586911247,27.862820294837668,0.0</coordinates>
                    </LinearRing>
                </outerBoundaryIs>
            </Polygon>
        </Placemark>
        <Placemark id="4180">
            <name>Significant - danger for most</name>
            <styleUrl>#4183</styleUrl>
            <Polygon id="4179">
                <outerBoundaryIs>
                    <LinearRing id="4181">
                        <coordinates>85.0933934660996,27.86317557902057,0.0 85.09339662503257,27.86299512984367,0.0 85.09319358215248,27.8629923222865,0.0 85.0931904228836,27.863172771442088,0.0 85.0933934660996,27.86317557902057,0.0</coordinates>
                    </LinearRing>
                </outerBoundaryIs>
            </Polygon>
        </Placemark>
        <Placemark id="4187">
            <name>Significant - danger for most</name>
            <styleUrl>#4190</styleUrl>
            <Polygon id="4186">
                <outerBoundaryIs>
                    <LinearRing id="4188">
                        <coordinates>85.09299053930168,27.862989514430723,0.0 85.09258445368793,27.86298389782334,0.0 85.09237508967064,27.863341987207406,0.0 85.09298422006279,27.863350412694235,0.0 85.09299053930168,27.862989514430723,0.0</coordinates>
                    </LinearRing>
                </outerBoundaryIs>
            </Polygon>
        </Placemark>
        <Placemark id="4194">
            <name>Significant - danger for most</name>
            <styleUrl>#4197</styleUrl>
            <Polygon id="4193">
                <outerBoundaryIs>
                    <LinearRing id="4195">
                        <coordinates>85.10922152855586,27.86393500258257,0.0 85.10942457508345,27.8639377866339,0.0 85.10943084001916,27.863576884953858,0.0 85.10922779416343,27.863574100944774,0.0 85.10922152855586,27.86393500258257,0.0</coordinates>
                    </LinearRing>
                </outerBoundaryIs>
            </Polygon>
        </Placemark>
        <Placemark id="4201">
            <name>Significant - danger for most</name>
            <styleUrl>#4204</styleUrl>
            <Polygon id="4200">
                <outerBoundaryIs>
                    <LinearRing id="4202">
                        <coordinates>85.11868013838729,27.857205588458612,0.0 85.11888317348362,27.85720835797422,0.0 85.11888940531702,27.85684745397237,0.0 85.11868637089235,27.856844684498792,0.0 85.11868013838729,27.857205588458612,0.0</coordinates>
                    </LinearRing>
                </outerBoundaryIs>
            </Polygon>
        </Placemark>
        <Placemark id="4208">
            <name>Significant - danger for most</name>
            <styleUrl>#4211</styleUrl>
            <Polygon id="4207">
                <outerBoundaryIs>
                    <LinearRing id="4209">
                        <coordinates>85.11299204173204,27.857308372194396,0.0 85.11319507635409,27.857311150090382,0.0 85.11319820171735,27.85713069868636,0.0 85.11299516743112,27.85712792081145,0.0 85.11299204173204,27.857308372194396,0.0</coordinates>
                    </LinearRing>
                </outerBoundaryIs>
            </Polygon>
        </Placemark>
        <Placemark id="4215">
            <name>Significant - danger for most</name>
            <styleUrl>#4218</styleUrl>
            <Polygon id="4214">
                <outerBoundaryIs>
                    <LinearRing id="4216">
                        <coordinates>85.11928301315729,27.85757480017555,0.0 85.11948604901194,27.857577568837527,0.0 85.11948916399335,27.857397116786164,0.0 85.11928612847454,27.857394348145185,0.0 85.11928301315729,27.85757480017555,0.0</coordinates>
                    </LinearRing>
                </outerBoundaryIs>
            </Polygon>
        </Placemark>
        <Placemark id="4222">
            <name>Significant - danger for most</name>
            <styleUrl>#4225</styleUrl>
            <Polygon id="4221">
                <outerBoundaryIs>
                    <LinearRing id="4223">
                        <coordinates>85.11623123800887,27.85789413783415,0.0 85.11643427410164,27.85789691101651,0.0 85.11644051422627,27.857536007559716,0.0 85.11623747880517,27.857533234419446,0.0 85.11623123800887,27.85789413783415,0.0</coordinates>
                    </LinearRing>
                </outerBoundaryIs>
            </Polygon>
        </Placemark>
        <Placemark id="4229">
            <name>Significant - danger for most</name>
            <styleUrl>#4232</styleUrl>
            <Polygon id="4228">
                <outerBoundaryIs>
                    <LinearRing id="4230">
                        <coordinates>85.11683722693992,27.858082908248473,0.0 85.1172432999996,27.858088452565376,0.0 85.11724641876192,27.857908000760382,0.0 85.11684034637393,27.857902456485558,0.0 85.11683722693992,27.858082908248473,0.0</coordinates>
                    </LinearRing>
                </outerBoundaryIs>
            </Polygon>
        </Placemark>
        <Placemark id="4236">
            <name>Significant - danger for most</name>
            <styleUrl>#4239</styleUrl>
            <Polygon id="4235">
                <outerBoundaryIs>
                    <LinearRing id="4237">
                        <coordinates>85.1227221878912,27.858343636324353,0.0 85.12272529761452,27.85816318395729,0.0 85.12252226029068,27.85816042000926,0.0 85.1225191502315,27.85834087235535,0.0 85.1227221878912,27.858343636324353,0.0</coordinates>
                    </LinearRing>
                </outerBoundaryIs>
            </Polygon>
        </Placemark>
        <Placemark id="4243">
            <name>Significant - danger for most</name>
            <styleUrl>#4246</styleUrl>
            <Polygon id="4242">
                <outerBoundaryIs>
                    <LinearRing id="4244">
                        <coordinates>85.1233313010433,27.85835192643998,0.0 85.12333440975907,27.85817147401001,0.0 85.12313137234874,27.85816871095767,0.0 85.1231282632971,27.858349163366665,0.0 85.1233313010433,27.85835192643998,0.0</coordinates>
                    </LinearRing>
                </outerBoundaryIs>
            </Polygon>
        </Placemark>
        <Placemark id="4250">
            <name>Significant - danger for most</name>
            <styleUrl>#4253</styleUrl>
            <Polygon id="4249">
                <outerBoundaryIs>
                    <LinearRing id="4251">
                        <coordinates>85.11114595849982,27.858366064748708,0.0 85.11134899487597,27.858368845458216,0.0 85.11135212343568,27.858188394274265,0.0 85.11114908739538,27.858185613585864,0.0 85.11114595849982,27.858366064748708,0.0</coordinates>
                    </LinearRing>
                </outerBoundaryIs>
            </Polygon>
        </Placemark>
        <Placemark id="4257">
            <name>Significant - danger for most</name>
            <styleUrl>#4260</styleUrl>
            <Polygon id="4256">
                <outerBoundaryIs>
                    <LinearRing id="4258">
                        <coordinates>85.1247463532574,27.85873216473152,0.0 85.12494939190577,27.8587349254582,0.0 85.12495249799231,27.85855447287067,0.0 85.12474945967979,27.858551712164935,0.0 85.1247463532574,27.85873216473152,0.0</coordinates>
                    </LinearRing>
                </outerBoundaryIs>
            </Polygon>
        </Placemark>
        <Placemark id="4264">
            <name>Significant - danger for most</name>
            <styleUrl>#4267</styleUrl>
            <Polygon id="4263">
                <outerBoundaryIs>
                    <LinearRing id="4265">
                        <coordinates>85.12433716892411,27.858907094902086,0.0 85.12454020785076,27.858909856246864,0.0 85.12454331463782,27.858729403706274,0.0 85.12434027604704,27.858726642382447,0.0 85.12433716892411,27.858907094902086,0.0</coordinates>
                    </LinearRing>
                </outerBoundaryIs>
            </Polygon>
        </Placemark>
        <Placemark id="4271">
            <name>Significant - danger for most</name>
            <styleUrl>#4274</styleUrl>
            <Polygon id="4270">
                <outerBoundaryIs>
                    <LinearRing id="4272">
                        <coordinates>85.12250670970646,27.85906268168923,0.0 85.12270974870961,27.85906544574213,0.0 85.12271285854825,27.858884993395247,0.0 85.12250981988096,27.85888222936332,0.0 85.12250670970646,27.85906268168923,0.0</coordinates>
                    </LinearRing>
                </outerBoundaryIs>
            </Polygon>
        </Placemark>
        <Placemark id="4278">
            <name>Significant - danger for most</name>
            <styleUrl>#4281</styleUrl>
            <Polygon id="4277">
                <outerBoundaryIs>
                    <LinearRing id="4279">
                        <coordinates>85.11170188918216,27.861442076053933,0.0 85.11190493135511,27.86144485622638,0.0 85.11190805940024,27.861264405064922,0.0 85.11170501756315,27.86126162491357,0.0 85.11170188918216,27.861442076053933,0.0</coordinates>
                    </LinearRing>
                </outerBoundaryIs>
            </Polygon>
        </Placemark>
        <Placemark id="4285">
            <name>Significant - danger for most</name>
            <styleUrl>#4288</styleUrl>
            <Polygon id="4284">
                <outerBoundaryIs>
                    <LinearRing id="4286">
                        <coordinates>85.11149258951737,27.86180019780628,0.0 85.11189867517791,27.861805758534157,0.0 85.11190180328101,27.86162530738279,0.0 85.11149571829228,27.861619746697105,0.0 85.11149258951737,27.86180019780628,0.0</coordinates>
                    </LinearRing>
                </outerBoundaryIs>
            </Polygon>
        </Placemark>
        <Placemark id="4292">
            <name>Significant - danger for most</name>
            <styleUrl>#4295</styleUrl>
            <Polygon id="4291">
                <outerBoundaryIs>
                    <LinearRing id="4293">
                        <coordinates>85.11167686109006,27.862885684995156,0.0 85.11187990595033,27.862888465336372,0.0 85.11188616247551,27.86252756308915,0.0 85.11168311828709,27.86252478279013,0.0 85.11167686109006,27.862885684995156,0.0</coordinates>
                    </LinearRing>
                </outerBoundaryIs>
            </Polygon>
        </Placemark>
        <Placemark id="4299">
            <name>Significant - danger for most</name>
            <styleUrl>#4302</styleUrl>
            <Polygon id="4298">
                <outerBoundaryIs>
                    <LinearRing id="4300">
                        <coordinates>85.11366668006146,27.865259341551507,0.0 85.11367293129335,27.86489843905595,0.0 85.11346988247685,27.864895661170443,0.0 85.11346363057304,27.865256563623845,0.0 85.11366668006146,27.865259341551507,0.0</coordinates>
                    </LinearRing>
                </outerBoundaryIs>
            </Polygon>
        </Placemark>
        <Placemark id="4306">
            <name>Significant - danger for most</name>
            <styleUrl>#4309</styleUrl>
            <Polygon id="4305">
                <outerBoundaryIs>
                    <LinearRing id="4307">
                        <coordinates>85.11425395553175,27.866530832560656,0.0 85.11426020515339,27.866169930009303,0.0 85.11405715389817,27.866167152872226,0.0 85.11405090360456,27.86652805538144,0.0 85.11425395553175,27.866530832560656,0.0</coordinates>
                    </LinearRing>
                </outerBoundaryIs>
            </Polygon>
        </Placemark>
        <Placemark id="4313">
            <name>Significant - danger for most</name>
            <styleUrl>#4316</styleUrl>
            <Polygon id="4312">
                <outerBoundaryIs>
                    <LinearRing id="4314">
                        <coordinates>85.11464443827195,27.867438642523854,0.0 85.11484749196602,27.867441418912392,0.0 85.11485061592813,27.86726096760127,0.0 85.11464756257008,27.86725819123379,0.0 85.11464443827195,27.867438642523854,0.0</coordinates>
                    </LinearRing>
                </outerBoundaryIs>
            </Polygon>
        </Placemark>
        <Placemark id="4320">
            <name>Significant - danger for most</name>
            <styleUrl>#4323</styleUrl>
            <Polygon id="4319">
                <outerBoundaryIs>
                    <LinearRing id="4321">
                        <coordinates>85.11543166854678,27.868893357098752,0.0 85.11563472504479,27.868896132461035,0.0 85.1156409707152,27.86853522974601,0.0 85.11543791488926,27.868532454425832,0.0 85.11543166854678,27.868893357098752,0.0</coordinates>
                    </LinearRing>
                </outerBoundaryIs>
            </Polygon>
        </Placemark>
        <Placemark id="4327">
            <name>Significant - danger for most</name>
            <styleUrl>#4330</styleUrl>
            <Polygon id="4326">
                <outerBoundaryIs>
                    <LinearRing id="4328">
                        <coordinates>85.11279193670832,27.86885725020798,0.0 85.11299499282973,27.86886002945327,0.0 85.11299812004776,27.868679578372177,0.0 85.11279506426237,27.868676799147977,0.0 85.11279193670832,27.86885725020798,0.0</coordinates>
                    </LinearRing>
                </outerBoundaryIs>
            </Polygon>
        </Placemark>
        <Placemark id="4334">
            <name>Significant - danger for most</name>
            <styleUrl>#4337</styleUrl>
            <Polygon id="4333">
                <outerBoundaryIs>
                    <LinearRing id="4335">
                        <coordinates>85.11583778157173,27.868898907524628,0.0 85.11604083812763,27.86890168228953,0.0 85.11604396030526,27.86872123089243,0.0 85.11584090408539,27.86871845614859,0.0 85.11583778157173,27.868898907524628,0.0</coordinates>
                    </LinearRing>
                </outerBoundaryIs>
            </Polygon>
        </Placemark>
        <Placemark id="4341">
            <name>Significant - danger for most</name>
            <styleUrl>#4344</styleUrl>
            <Polygon id="4340">
                <outerBoundaryIs>
                    <LinearRing id="4342">
                        <coordinates>85.11664376554307,27.869270907697405,0.0 85.11684682288679,27.86927368130962,0.0 85.11684994377816,27.86909322983843,0.0 85.11664688677048,27.869090456247267,0.0 85.11664376554307,27.869270907697405,0.0</coordinates>
                    </LinearRing>
                </outerBoundaryIs>
            </Polygon>
        </Placemark>
        <Placemark id="4348">
            <name>Significant - danger for most</name>
            <styleUrl>#4351</styleUrl>
            <Polygon id="4347">
                <outerBoundaryIs>
                    <LinearRing id="4349">
                        <coordinates>85.1184556912287,27.870198117575647,0.0 85.11865875051289,27.870200888604668,0.0 85.11866186852443,27.870020436969433,0.0 85.1184588095763,27.870017665961434,0.0 85.1184556912287,27.870198117575647,0.0</coordinates>
                    </LinearRing>
                </outerBoundaryIs>
            </Polygon>
        </Placemark>
        <Placemark id="4355">
            <name>Significant - danger for most</name>
            <styleUrl>#4358</styleUrl>
            <Polygon id="4354">
                <outerBoundaryIs>
                    <LinearRing id="4356">
                        <coordinates>85.11985217782329,27.87166112241485,0.0 85.12025830220215,27.871666660328298,0.0 85.12026141775628,27.871486208565315,0.0 85.11985529404959,27.87148067069388,0.0 85.11985217782329,27.87166112241485,0.0</coordinates>
                    </LinearRing>
                </outerBoundaryIs>
            </Polygon>
        </Placemark>
        <Placemark id="4362">
            <name>Significant - danger for most</name>
            <styleUrl>#4365</styleUrl>
            <Polygon id="4361">
                <outerBoundaryIs>
                    <LinearRing id="4363">
                        <coordinates>85.11617520687564,27.87287438667837,0.0 85.11618145180326,27.87251348405904,0.0 85.11597838849718,27.87251070917185,0.0 85.11597214289739,27.872871611749073,0.0 85.11617520687564,27.87287438667837,0.0</coordinates>
                    </LinearRing>
                </outerBoundaryIs>
            </Polygon>
        </Placemark>
        <Placemark id="4369">
            <name>Significant - danger for most</name>
            <styleUrl>#4372</styleUrl>
            <Polygon id="4368">
                <outerBoundaryIs>
                    <LinearRing id="4370">
                        <coordinates>85.11475375963578,27.872854955899683,0.0 85.11475063477586,27.873035407054378,0.0 85.1151567630861,27.873040960241273,0.0 85.11515988727382,27.872860509044447,0.0 85.11536295113628,27.87286328516872,0.0 85.11536919875266,27.872502382717833,0.0 85.11516613556239,27.872499606635674,0.0 85.11516301143259,27.87268005784258,0.0 85.11475375963578,27.872854955899683,0.0</coordinates>
                    </LinearRing>
                </outerBoundaryIs>
            </Polygon>
        </Placemark>
        <Placemark id="4376">
            <name>Significant - danger for most</name>
            <styleUrl>#4379</styleUrl>
            <Polygon id="4375">
                <outerBoundaryIs>
                    <LinearRing id="4377">
                        <coordinates>85.12206407482245,27.8729547296738,0.0 85.12247020454166,27.872960261308883,0.0 85.12247331660082,27.87277980935031,0.0 85.12206718755382,27.87277427775719,0.0 85.12206407482245,27.8729547296738,0.0</coordinates>
                    </LinearRing>
                </outerBoundaryIs>
            </Polygon>
        </Placemark>
        <Placemark id="4383">
            <name>Significant - danger for most</name>
            <styleUrl>#4386</styleUrl>
            <Polygon id="4382">
                <outerBoundaryIs>
                    <LinearRing id="4384">
                        <coordinates>85.11718428551866,27.87324915965326,0.0 85.11738735034272,27.873251932832165,0.0 85.11739047086226,27.873071481408868,0.0 85.1171874063743,27.873068708251,0.0 85.11718428551866,27.87324915965326,0.0</coordinates>
                    </LinearRing>
                </outerBoundaryIs>
            </Polygon>
        </Placemark>
        <Placemark id="4390">
            <name>Significant - danger for most</name>
            <styleUrl>#4393</styleUrl>
            <Polygon id="4389">
                <outerBoundaryIs>
                    <LinearRing id="4391">
                        <coordinates>85.1181964907242,27.87344347406267,0.0 85.11779036020141,27.87343792975405,0.0 85.11778724029624,27.87361838120933,0.0 85.11819025222941,27.8738043770523,0.0 85.1181964907242,27.87344347406267,0.0</coordinates>
                    </LinearRing>
                </outerBoundaryIs>
            </Polygon>
        </Placemark>
        <Placemark id="4397">
            <name>Significant - danger for most</name>
            <styleUrl>#4400</styleUrl>
            <Polygon id="4396">
                <outerBoundaryIs>
                    <LinearRing id="4398">
                        <coordinates>85.1263004902715,27.874636823225575,0.0 85.12630670210719,27.874275918597778,0.0 85.12610363433278,27.8742731584593,0.0 85.12609742182482,27.874634063045225,0.0 85.1263004902715,27.874636823225575,0.0</coordinates>
                    </LinearRing>
                </outerBoundaryIs>
            </Polygon>
        </Placemark>
        <Placemark id="4404">
            <name>Significant - danger for most</name>
            <styleUrl>#4407</styleUrl>
            <Polygon id="4403">
                <outerBoundaryIs>
                    <LinearRing id="4405">
                        <coordinates>85.1277095555993,27.875377945903498,0.0 85.12771265929365,27.87519749346579,0.0 85.12730652000931,27.875191976863594,0.0 85.12730031124724,27.87555288165027,0.0 85.1277095555993,27.875377945903498,0.0</coordinates>
                    </LinearRing>
                </outerBoundaryIs>
            </Polygon>
        </Placemark>
        <Placemark id="4411">
            <name>Significant - danger for most</name>
            <styleUrl>#4414</styleUrl>
            <Polygon id="4410">
                <outerBoundaryIs>
                    <LinearRing id="4412">
                        <coordinates>85.12140817090143,27.87565320717997,0.0 85.12161124070197,27.875655974357972,0.0 85.12161746834605,27.875295070754984,0.0 85.12141439921781,27.875292303618956,0.0 85.12140817090143,27.87565320717997,0.0</coordinates>
                    </LinearRing>
                </outerBoundaryIs>
            </Polygon>
        </Placemark>
        <Placemark id="4418">
            <name>Significant - danger for most</name>
            <styleUrl>#4421</styleUrl>
            <Polygon id="4417">
                <outerBoundaryIs>
                    <LinearRing id="4419">
                        <coordinates>85.12181431053135,27.875658741237196,0.0 85.12242352019265,27.875667040082163,0.0 85.12242663268452,27.87548658819926,0.0 85.12181742403168,27.87547828941723,0.0 85.12181431053135,27.875658741237196,0.0</coordinates>
                    </LinearRing>
                </outerBoundaryIs>
            </Polygon>
        </Placemark>
        <Placemark id="4425">
            <name>Significant - danger for most</name>
            <styleUrl>#4428</styleUrl>
            <Polygon id="4424">
                <outerBoundaryIs>
                    <LinearRing id="4426">
                        <coordinates>85.12709413621558,27.875730575223994,0.0 85.12729720682304,27.875733334036045,0.0 85.12730031124724,27.87555288165027,0.0 85.12709724097593,27.87555012285915,0.0 85.12709413621558,27.875730575223994,0.0</coordinates>
                    </LinearRing>
                </outerBoundaryIs>
            </Polygon>
        </Placemark>
        <Placemark id="4432">
            <name>Significant - danger for most</name>
            <styleUrl>#4435</styleUrl>
            <Polygon id="4431">
                <outerBoundaryIs>
                    <LinearRing id="4433">
                        <coordinates>85.1240356410597,27.876410965341258,0.0 85.12403875097768,27.876230513310755,0.0 85.12383567982255,27.87622774965526,0.0 85.1238325695684,27.87640820166479,0.0 85.1240356410597,27.876410965341258,0.0</coordinates>
                    </LinearRing>
                </outerBoundaryIs>
            </Polygon>
        </Placemark>
        <Placemark id="4439">
            <name>Significant - danger for most</name>
            <styleUrl>#4442</styleUrl>
            <Polygon id="4438">
                <outerBoundaryIs>
                    <LinearRing id="4440">
                        <coordinates>85.12728478883851,27.876455143528712,0.0 85.12728789337781,27.87627469116311,0.0 85.12708482176185,27.87627193228828,0.0 85.1270817168864,27.87645238463296,0.0 85.12728478883851,27.876455143528712,0.0</coordinates>
                    </LinearRing>
                </outerBoundaryIs>
            </Polygon>
        </Placemark>
        <Placemark id="4446">
            <name>Significant - danger for most</name>
            <styleUrl>#4449</styleUrl>
            <Polygon id="4445">
                <outerBoundaryIs>
                    <LinearRing id="4447">
                        <coordinates>85.12403253111293,27.87659141736671,0.0 85.12423560296922,27.876594180765345,0.0 85.12423871257984,27.876413728718926,0.0 85.1240356410597,27.876410965341258,0.0 85.12403253111293,27.87659141736671,0.0</coordinates>
                    </LinearRing>
                </outerBoundaryIs>
            </Polygon>
        </Placemark>
        <Placemark id="4453">
            <name>Significant - danger for most</name>
            <styleUrl>#4456</styleUrl>
            <Polygon id="4452">
                <outerBoundaryIs>
                    <LinearRing id="4454">
                        <coordinates>85.12726926571041,27.877357405281092,0.0 85.12747233937219,27.877360163982683,0.0 85.12747544371918,27.877179711621366,0.0 85.12727237039358,27.877176952940705,0.0 85.12726926571041,27.877357405281092,0.0</coordinates>
                    </LinearRing>
                </outerBoundaryIs>
            </Polygon>
        </Placemark>
        <Placemark id="4460">
            <name>Significant - danger for most</name>
            <styleUrl>#4463</styleUrl>
            <Polygon id="4459">
                <outerBoundaryIs>
                    <LinearRing id="4461">
                        <coordinates>85.12541984928146,27.878595728443067,0.0 85.1256229250375,27.878598489980522,0.0 85.12562603261175,27.878418037842913,0.0 85.1254229571919,27.8784152763264,0.0 85.12541984928146,27.878595728443067,0.0</coordinates>
                    </LinearRing>
                </outerBoundaryIs>
            </Polygon>
        </Placemark>
        <Placemark id="4467">
            <name>Significant - danger for most</name>
            <styleUrl>#4470</styleUrl>
            <Polygon id="4466">
                <outerBoundaryIs>
                    <LinearRing id="4468">
                        <coordinates>85.12784744845366,27.879170204243664,0.0 85.12805052556376,27.879172962258014,0.0 85.12805673278717,27.878812057505677,0.0 85.12785365634949,27.878809299533163,0.0 85.12784744845366,27.879170204243664,0.0</coordinates>
                    </LinearRing>
                </outerBoundaryIs>
            </Polygon>
        </Placemark>
        <Placemark id="4474">
            <name>Significant - danger for most</name>
            <styleUrl>#4477</styleUrl>
            <Polygon id="4473">
                <outerBoundaryIs>
                    <LinearRing id="4475">
                        <coordinates>85.12783813639416,27.8797115612716,0.0 85.12804121451293,27.8797143193487,0.0 85.12804742190892,27.87935341462662,0.0 85.1278443444626,27.879350656591352,0.0 85.12783813639416,27.8797115612716,0.0</coordinates>
                    </LinearRing>
                </outerBoundaryIs>
            </Polygon>
        </Placemark>
        <Placemark id="4481">
            <name>Significant - danger for most</name>
            <styleUrl>#4484</styleUrl>
            <Polygon id="4480">
                <outerBoundaryIs>
                    <LinearRing id="4482">
                        <coordinates>85.12822567179953,27.8807997912977,0.0 85.12842875199323,27.880802548902622,0.0 85.12843185520572,27.88062209653253,0.0 85.12822877534825,27.88061933894852,0.0 85.12822567179953,27.8807997912977,0.0</coordinates>
                    </LinearRing>
                </outerBoundaryIs>
            </Polygon>
        </Placemark>
        <Placemark id="4488">
            <name>Significant - danger for most</name>
            <styleUrl>#4491</styleUrl>
            <Polygon id="4487">
                <outerBoundaryIs>
                    <LinearRing id="4489">
                        <coordinates>85.12841323549935,27.88170481067746,0.0 85.1286163174031,27.881707568088093,0.0 85.12861942042314,27.881527115722296,0.0 85.12841633885566,27.881524358332577,0.0 85.12841323549935,27.88170481067746,0.0</coordinates>
                    </LinearRing>
                </outerBoundaryIs>
            </Polygon>
        </Placemark>
        <Placemark id="4495">
            <name>Significant - danger for most</name>
            <styleUrl>#4498</styleUrl>
            <Polygon id="4494">
                <outerBoundaryIs>
                    <LinearRing id="4496">
                        <coordinates>85.12901627651556,27.882073986812866,0.0 85.12881319388177,27.882071229958147,0.0 85.12881009111172,27.882251682329713,0.0 85.12901317408178,27.882254439205354,0.0 85.12901627651556,27.882073986812866,0.0</coordinates>
                    </LinearRing>
                </outerBoundaryIs>
            </Polygon>
        </Placemark>
        <Placemark id="4502">
            <name>Significant - danger for most</name>
            <styleUrl>#4505</styleUrl>
            <Polygon id="4501">
                <outerBoundaryIs>
                    <LinearRing id="4503">
                        <coordinates>85.12901007161923,27.882434891592794,0.0 85.12921315495431,27.88243764819047,0.0 85.12921625708057,27.882257195782127,0.0 85.12901317408178,27.882254439205354,0.0 85.12901007161923,27.882434891592794,0.0</coordinates>
                    </LinearRing>
                </outerBoundaryIs>
            </Polygon>
        </Placemark>
        <Placemark id="4509">
            <name>Significant - danger for most</name>
            <styleUrl>#4512</styleUrl>
            <Polygon id="4508">
                <outerBoundaryIs>
                    <LinearRing id="4510">
                        <coordinates>85.12941313649941,27.88262085691348,0.0 85.12941623831816,27.88244040448927,0.0 85.12921315495431,27.88243764819047,0.0 85.12921005279931,27.882618100593774,0.0 85.12941313649941,27.88262085691348,0.0</coordinates>
                    </LinearRing>
                </outerBoundaryIs>
            </Polygon>
        </Placemark>
        <Placemark id="4516">
            <name>Significant - danger for most</name>
            <styleUrl>#4519</styleUrl>
            <Polygon id="4515">
                <outerBoundaryIs>
                    <LinearRing id="4517">
                        <coordinates>85.12941313649941,27.88262085691348,0.0 85.12941003465193,27.882801309332645,0.0 85.12961311871706,27.88280406537438,0.0 85.12961622022827,27.882623612934314,0.0 85.12941313649941,27.88262085691348,0.0</coordinates>
                    </LinearRing>
                </outerBoundaryIs>
            </Polygon>
        </Placemark>
        <Placemark id="4523">
            <name>Significant - danger for most</name>
            <styleUrl>#4526</styleUrl>
            <Polygon id="4522">
                <outerBoundaryIs>
                    <LinearRing id="4524">
                        <coordinates>85.13101611243101,27.883906064709997,0.0 85.13121919874378,27.88390881848602,0.0 85.13122229773705,27.883728365909068,0.0 85.1310192117606,27.883725612153928,0.0 85.13101611243101,27.883906064709997,0.0</coordinates>
                    </LinearRing>
                </outerBoundaryIs>
            </Polygon>
        </Placemark>
        <Placemark id="4530">
            <name>Significant - danger for most</name>
            <styleUrl>#4533</styleUrl>
            <Polygon id="4529">
                <outerBoundaryIs>
                    <LinearRing id="4531">
                        <coordinates>85.13181606562968,27.884638888528674,0.0 85.13201915340254,27.88464164119263,0.0 85.13202225116545,27.884461188552336,0.0 85.13181916372892,27.884458435909256,0.0 85.13181606562968,27.884638888528674,0.0</coordinates>
                    </LinearRing>
                </outerBoundaryIs>
            </Polygon>
        </Placemark>
        <Placemark id="4537">
            <name>Significant - danger for most</name>
            <styleUrl>#4540</styleUrl>
            <Polygon id="4536">
                <outerBoundaryIs>
                    <LinearRing id="4538">
                        <coordinates>85.13419432814366,27.888100504336524,0.0 85.13378813921425,27.88809500449316,0.0 85.13378504390447,27.8882754572204,0.0 85.13418813884097,27.888461409869375,0.0 85.13419432814366,27.888100504336524,0.0</coordinates>
                    </LinearRing>
                </outerBoundaryIs>
            </Polygon>
        </Placemark>
        <Placemark id="4544">
            <name>Significant - danger for most</name>
            <styleUrl>#4547</styleUrl>
            <Polygon id="4543">
                <outerBoundaryIs>
                    <LinearRing id="4545">
                        <coordinates>85.13459123520904,27.888647361400913,0.0 85.13479433078328,27.88865011033882,0.0 85.13479742446849,27.88846965751742,0.0 85.13459432923065,27.888466908600353,0.0 85.13459123520904,27.888647361400913,0.0</coordinates>
                    </LinearRing>
                </outerBoundaryIs>
            </Polygon>
        </Placemark>
        <Placemark id="4551">
            <name>Significant - danger for most</name>
            <styleUrl>#4554</styleUrl>
            <Polygon id="4550">
                <outerBoundaryIs>
                    <LinearRing id="4552">
                        <coordinates>85.13522835809788,27.887031531368493,0.0 85.13543145073075,27.887034279221997,0.0 85.13543763553832,27.886673373358356,0.0 85.13523454357816,27.88667062554653,0.0 85.13522835809788,27.887031531368493,0.0</coordinates>
                    </LinearRing>
                </outerBoundaryIs>
            </Polygon>
        </Placemark>
        <Placemark id="4558">
            <name>Significant - danger for most</name>
            <styleUrl>#4561</styleUrl>
            <Polygon id="4557">
                <outerBoundaryIs>
                    <LinearRing id="4559">
                        <coordinates>85.13540052497326,27.88883880823771,0.0 85.13540671035403,27.8884779024749,0.0 85.13500051973502,27.88847240613553,0.0 85.13499433300868,27.888833311814977,0.0 85.13540052497326,27.88883880823771,0.0</coordinates>
                    </LinearRing>
                </outerBoundaryIs>
            </Polygon>
        </Placemark>
        <Placemark id="4565">
            <name>Significant - danger for most</name>
            <styleUrl>#4568</styleUrl>
            <Polygon id="4564">
                <outerBoundaryIs>
                    <LinearRing id="4566">
                        <coordinates>85.13858831235656,27.892491799751117,0.0 85.13859140025131,27.89231134663994,0.0 85.13818519458624,27.89230585899328,0.0 85.13818210601859,27.892486312062847,0.0 85.13858831235656,27.892491799751117,0.0</coordinates>
                    </LinearRing>
                </outerBoundaryIs>
            </Polygon>
        </Placemark>
        <Placemark id="4572">
            <name>Significant - danger for most</name>
            <styleUrl>#4575</styleUrl>
            <Polygon id="4571">
                <outerBoundaryIs>
                    <LinearRing id="4573">
                        <coordinates>85.13553867464324,27.892631065730153,0.0 85.13574177776205,27.892633813631658,0.0 85.13574487039578,27.892453360816972,0.0 85.13554176761343,27.892450612936305,0.0 85.13553867464324,27.892631065730153,0.0</coordinates>
                    </LinearRing>
                </outerBoundaryIs>
            </Polygon>
        </Placemark>
        <Placemark id="4579">
            <name>Significant - danger for most</name>
            <styleUrl>#4582</styleUrl>
            <Polygon id="4578">
                <outerBoundaryIs>
                    <LinearRing id="4580">
                        <coordinates>85.13796973600844,27.89302492688624,0.0 85.13817284014388,27.89302767124131,0.0 85.13817592879741,27.89284721818686,0.0 85.13797282499843,27.892844473852605,0.0 85.13796973600844,27.89302492688624,0.0</coordinates>
                    </LinearRing>
                </outerBoundaryIs>
            </Polygon>
        </Placemark>
        <Placemark id="4586">
            <name>Significant - danger for most</name>
            <styleUrl>#4589</styleUrl>
            <Polygon id="4585">
                <outerBoundaryIs>
                    <LinearRing id="4587">
                        <coordinates>85.13877288961783,27.893577261832775,0.0 85.13897599487714,27.893580005054197,0.0 85.13897908227065,27.89339955193166,0.0 85.1387759773478,27.893396808731037,0.0 85.13877288961783,27.893577261832775,0.0</coordinates>
                    </LinearRing>
                </outerBoundaryIs>
            </Polygon>
        </Placemark>
        <Placemark id="4593">
            <name>Significant - danger for most</name>
            <styleUrl>#4596</styleUrl>
            <Polygon id="4592">
                <outerBoundaryIs>
                    <LinearRing id="4594">
                        <coordinates>85.13896982000432,27.893940911284144,0.0 85.1391729259652,27.893943654248137,0.0 85.13917601307944,27.893763201114897,0.0 85.13897290745503,27.893760458171695,0.0 85.13896982000432,27.893940911284144,0.0</coordinates>
                    </LinearRing>
                </outerBoundaryIs>
            </Polygon>
        </Placemark>
        <Placemark id="4600">
            <name>Significant - danger for most</name>
            <styleUrl>#4603</styleUrl>
            <Polygon id="4599">
                <outerBoundaryIs>
                    <LinearRing id="4601">
                        <coordinates>85.13813268504339,27.895373560490363,0.0 85.13833579358175,27.8953763048169,0.0 85.13833888227087,27.895195851807184,0.0 85.13793266589579,27.89519036289668,0.0 85.1379264871429,27.895551268827834,0.0 85.13812959598913,27.895554013474225,0.0 85.13813268504339,27.895373560490363,0.0</coordinates>
                    </LinearRing>
                </outerBoundaryIs>
            </Polygon>
        </Placemark>
        <Placemark id="4607">
            <name>Significant - danger for most</name>
            <styleUrl>#4610</styleUrl>
            <Polygon id="4606">
                <outerBoundaryIs>
                    <LinearRing id="4608">
                        <coordinates>85.13812341779476,27.895914919426843,0.0 85.13771719878487,27.895909429751775,0.0 85.1377141089717,27.896089882678886,0.0 85.13811723948588,27.89627582535928,0.0 85.13812341779476,27.895914919426843,0.0</coordinates>
                    </LinearRing>
                </outerBoundaryIs>
            </Polygon>
        </Placemark>
        <Placemark id="4614">
            <name>Significant - danger for most</name>
            <styleUrl>#4617</styleUrl>
            <Polygon id="4613">
                <outerBoundaryIs>
                    <LinearRing id="4615">
                        <coordinates>85.1381110610625,27.896636731271556,0.0 85.13831417195645,27.896639475743758,0.0 85.13831726084594,27.896459022769324,0.0 85.13811415028849,27.89645627831794,0.0 85.1381110610625,27.896636731271556,0.0</coordinates>
                    </LinearRing>
                </outerBoundaryIs>
            </Polygon>
        </Placemark>
        <Placemark id="4621">
            <name>Significant - danger for most</name>
            <styleUrl>#4624</styleUrl>
            <Polygon id="4620">
                <outerBoundaryIs>
                    <LinearRing id="4622">
                        <coordinates>85.13566135922487,27.89732558504353,0.0 85.1356644526038,27.89714513235995,0.0 85.13546134107264,27.897142383937535,0.0 85.13545824735718,27.897322836600278,0.0 85.13566135922487,27.89732558504353,0.0</coordinates>
                    </LinearRing>
                </outerBoundaryIs>
            </Polygon>
        </Placemark>
        <Placemark id="4628">
            <name>Significant - danger for most</name>
            <styleUrl>#4631</styleUrl>
            <Polygon id="4627">
                <outerBoundaryIs>
                    <LinearRing id="4629">
                        <coordinates>85.1360552119362,27.898052891883413,0.0 85.1360583047567,27.897872439178336,0.0 85.13565207891605,27.897866943064017,0.0 85.13564898542245,27.89804739572743,0.0 85.1360552119362,27.898052891883413,0.0</coordinates>
                    </LinearRing>
                </outerBoundaryIs>
            </Polygon>
        </Placemark>
        <Placemark id="4635">
            <name>Significant - danger for most</name>
            <styleUrl>#4638</styleUrl>
            <Polygon id="4634">
                <outerBoundaryIs>
                    <LinearRing id="4636">
                        <coordinates>85.13880923313646,27.903324466184586,0.0 85.138606109703,27.903321721839887,0.0 85.13860919897839,27.9031412690104,0.0 85.13840607591018,27.90313852438737,0.0 85.13839989665752,27.903499429999677,0.0 85.13880614416908,27.903504919029825,0.0 85.13880923313646,27.903324466184586,0.0</coordinates>
                    </LinearRing>
                </outerBoundaryIs>
            </Polygon>
        </Placemark>
        <Placemark id="4642">
            <name>Significant - danger for most</name>
            <styleUrl>#4645</styleUrl>
            <Polygon id="4641">
                <outerBoundaryIs>
                    <LinearRing id="4643">
                        <coordinates>85.14144367116425,27.90372102166978,0.0 85.14164679567142,27.90372376186805,0.0 85.14164987995433,27.903543308736836,0.0 85.14144675578382,27.903540568559343,0.0 85.14144367116425,27.90372102166978,0.0</coordinates>
                    </LinearRing>
                </outerBoundaryIs>
            </Polygon>
        </Placemark>
        <Placemark id="4649">
            <name>Significant - danger for most</name>
            <styleUrl>#4652</styleUrl>
            <Polygon id="4648">
                <outerBoundaryIs>
                    <LinearRing id="4650">
                        <coordinates>85.13799055891786,27.90367439252994,0.0 85.13819368293873,27.903677137813677,0.0 85.13819677294465,27.90349668503589,0.0 85.13779052560486,27.903491194210893,0.0 85.13777816271613,27.9042130051253,0.0 85.13798128771832,27.90421575077062,0.0 85.13799055891786,27.90367439252994,0.0</coordinates>
                    </LinearRing>
                </outerBoundaryIs>
            </Polygon>
        </Placemark>
        <Placemark id="4656">
            <name>Significant - danger for most</name>
            <styleUrl>#4659</styleUrl>
            <Polygon id="4655">
                <outerBoundaryIs>
                    <LinearRing id="4657">
                        <coordinates>85.13920003833267,27.904232218360367,0.0 85.13920312674121,27.904051765493687,0.0 85.13900000190392,27.90404902166408,0.0 85.13899691315872,27.90422947450995,0.0 85.13920003833267,27.904232218360367,0.0</coordinates>
                    </LinearRing>
                </outerBoundaryIs>
            </Polygon>
        </Placemark>
        <Placemark id="4663">
            <name>Significant - danger for most</name>
            <styleUrl>#4666</styleUrl>
            <Polygon id="4662">
                <outerBoundaryIs>
                    <LinearRing id="4664">
                        <coordinates>85.13899073558247,27.90459038018658,0.0 85.1389938243849,27.904409927350784,0.0 85.13879069890292,27.904407183180417,0.0 85.13878760976381,27.904587635995416,0.0 85.13899073558247,27.90459038018658,0.0</coordinates>
                    </LinearRing>
                </outerBoundaryIs>
            </Polygon>
        </Placemark>
        <Placemark id="4670">
            <name>Significant - danger for most</name>
            <styleUrl>#4673</styleUrl>
            <Polygon id="4669">
                <outerBoundaryIs>
                    <LinearRing id="4671">
                        <coordinates>85.13777198109995,27.904573910552237,0.0 85.13797510677546,27.904576656239183,0.0 85.1379781972612,27.904396203507417,0.0 85.13777507192236,27.904393457841284,0.0 85.13777198109995,27.904573910552237,0.0</coordinates>
                    </LinearRing>
                </outerBoundaryIs>
            </Polygon>
        </Placemark>
        <Placemark id="4677">
            <name>Significant - danger for most</name>
            <styleUrl>#4680</styleUrl>
            <Polygon id="4676">
                <outerBoundaryIs>
                    <LinearRing id="4678">
                        <coordinates>85.1389876467514,27.904770833017327,0.0 85.13919077293535,27.90477357693014,0.0 85.13919386142973,27.90459312407859,0.0 85.13899073558247,27.90459038018658,0.0 85.1389876467514,27.904770833017327,0.0</coordinates>
                    </LinearRing>
                </outerBoundaryIs>
            </Polygon>
        </Placemark>
        <Placemark id="4684">
            <name>Significant - danger for most</name>
            <styleUrl>#4687</styleUrl>
            <Polygon id="4683">
                <outerBoundaryIs>
                    <LinearRing id="4685">
                        <coordinates>85.13816278130469,27.905481665314202,0.0 85.13836590872081,27.90548441050688,0.0 85.13836899867638,27.90530395775871,0.0 85.13816587159694,27.905301212586842,0.0 85.13816278130469,27.905481665314202,0.0</coordinates>
                    </LinearRing>
                </outerBoundaryIs>
            </Polygon>
        </Placemark>
        <Placemark id="4691">
            <name>Significant - danger for most</name>
            <styleUrl>#4694</styleUrl>
            <Polygon id="4690">
                <outerBoundaryIs>
                    <LinearRing id="4692">
                        <coordinates>85.1381411484572,27.906744834264526,0.0 85.13814732941394,27.906383928875357,0.0 85.1377441624095,27.906197984723864,0.0 85.13773798016325,27.906558890039868,0.0 85.1381411484572,27.906744834264526,0.0</coordinates>
                    </LinearRing>
                </outerBoundaryIs>
            </Polygon>
        </Placemark>
        <Placemark id="4698">
            <name>Significant - danger for most</name>
            <styleUrl>#4701</styleUrl>
            <Polygon id="4697">
                <outerBoundaryIs>
                    <LinearRing id="4699">
                        <coordinates>85.14117884155851,27.907327341906953,0.0 85.14118192708644,27.907146888918124,0.0 85.14097879623951,27.9071441477268,0.0 85.14097571037486,27.907324600694864,0.0 85.14117884155851,27.907327341906953,0.0</coordinates>
                    </LinearRing>
                </outerBoundaryIs>
            </Polygon>
        </Placemark>
        <Placemark id="4705">
            <name>Significant - danger for most</name>
            <styleUrl>#4708</styleUrl>
            <Polygon id="4704">
                <outerBoundaryIs>
                    <LinearRing id="4706">
                        <coordinates>85.13832882702077,27.907649843091562,0.0 85.13853195850591,27.907652588234757,0.0 85.13853504846834,27.907472135526294,0.0 85.1383319173199,27.907469390403914,0.0 85.13832882702077,27.907649843091562,0.0</coordinates>
                    </LinearRing>
                </outerBoundaryIs>
            </Polygon>
        </Placemark>
        <Placemark id="4712">
            <name>Significant - danger for most</name>
            <styleUrl>#4715</styleUrl>
            <Polygon id="4711">
                <outerBoundaryIs>
                    <LinearRing id="4713">
                        <coordinates>85.13792256413639,27.907644351907603,0.0 85.13751630136655,27.90763885952686,0.0 85.1375132096919,27.90781931212622,0.0 85.13791638210532,27.908005257184545,0.0 85.13792256413639,27.907644351907603,0.0</coordinates>
                    </LinearRing>
                </outerBoundaryIs>
            </Polygon>
        </Placemark>
        <Placemark id="4719">
            <name>Significant - danger for most</name>
            <styleUrl>#4722</styleUrl>
            <Polygon id="4718">
                <outerBoundaryIs>
                    <LinearRing id="4720">
                        <coordinates>85.13687907223186,27.909254691362325,0.0 85.13708220654709,27.90925743878728,0.0 85.13708529912438,27.909076986269906,0.0 85.1368821651459,27.90907423886577,0.0 85.13687907223186,27.909254691362325,0.0</coordinates>
                    </LinearRing>
                </outerBoundaryIs>
            </Polygon>
        </Placemark>
        <Placemark id="4726">
            <name>Significant - danger for most</name>
            <styleUrl>#4729</styleUrl>
            <Polygon id="4725">
                <outerBoundaryIs>
                    <LinearRing id="4727">
                        <coordinates>85.13666665802101,27.909793301035062,0.0 85.13686979331781,27.909796048821715,0.0 85.13687288631783,27.90961559634029,0.0 85.13666975135777,27.909612848574472,0.0 85.13666665802101,27.909793301035062,0.0</coordinates>
                    </LinearRing>
                </outerBoundaryIs>
            </Polygon>
        </Placemark>
        <Placemark id="4733">
            <name>Significant - danger for most</name>
            <styleUrl>#4736</styleUrl>
            <Polygon id="4732">
                <outerBoundaryIs>
                    <LinearRing id="4734">
                        <coordinates>85.1388949685106,27.91018441559503,0.0 85.13909810479598,27.910187160131848,0.0 85.13910119414895,27.910006707431574,0.0 85.13889805820034,27.910003962915557,0.0 85.1388949685106,27.91018441559503,0.0</coordinates>
                    </LinearRing>
                </outerBoundaryIs>
            </Polygon>
        </Placemark>
        <Placemark id="4740">
            <name>Significant - danger for most</name>
            <styleUrl>#4743</styleUrl>
            <Polygon id="4739">
                <outerBoundaryIs>
                    <LinearRing id="4741">
                        <coordinates>85.13640164326317,27.913399600685256,0.0 85.13660478526698,27.913402349187706,0.0 85.13660787917698,27.913221896827988,0.0 85.13640473750998,27.913219148346368,0.0 85.13640164326317,27.913399600685256,0.0</coordinates>
                    </LinearRing>
                </outerBoundaryIs>
            </Polygon>
        </Placemark>
        <Placemark id="4747">
            <name>Significant - danger for most</name>
            <styleUrl>#4750</styleUrl>
            <Polygon id="4746">
                <outerBoundaryIs>
                    <LinearRing id="4748">
                        <coordinates>85.13639545468355,27.913760505347895,0.0 85.13659859736102,27.913763253891997,0.0 85.13660169132832,27.913582801542372,0.0 85.13639854898769,27.913580053019096,0.0 85.13639545468355,27.913760505347895,0.0</coordinates>
                    </LinearRing>
                </outerBoundaryIs>
            </Polygon>
        </Placemark>
        <Placemark id="4754">
            <name>Significant - danger for most</name>
            <styleUrl>#4757</styleUrl>
            <Polygon id="4753">
                <outerBoundaryIs>
                    <LinearRing id="4755">
                        <coordinates>85.13799586299784,27.91522610510256,0.0 85.13799895483655,27.91504565264754,0.0 85.13779580960069,27.915042906052623,0.0 85.13779271742511,27.915223358486827,0.0 85.13799586299784,27.91522610510256,0.0</coordinates>
                    </LinearRing>
                </outerBoundaryIs>
            </Polygon>
        </Placemark>
        <Placemark id="4761">
            <name>Significant - danger for most</name>
            <styleUrl>#4764</styleUrl>
            <Polygon id="4760">
                <outerBoundaryIs>
                    <LinearRing id="4762">
                        <coordinates>85.13453000161248,27.915901180284976,0.0 85.13453309929233,27.915720728204292,0.0 85.1343299531965,27.915717976438113,0.0 85.13432685517978,27.915898428497943,0.0 85.13453000161248,27.915901180284976,0.0</coordinates>
                    </LinearRing>
                </outerBoundaryIs>
            </Polygon>
        </Placemark>
        <Placemark id="4768">
            <name>Significant - danger for most</name>
            <styleUrl>#4771</styleUrl>
            <Polygon id="4767">
                <outerBoundaryIs>
                    <LinearRing id="4769">
                        <coordinates>85.13980255198993,27.916513979530578,0.0 85.14000570020698,27.91651672329895,0.0 85.14000878887754,27.916336270671223,0.0 85.13980564099737,27.91633352692364,0.0 85.13980255198993,27.916513979530578,0.0</coordinates>
                    </LinearRing>
                </outerBoundaryIs>
            </Polygon>
        </Placemark>
        <Placemark id="4775">
            <name>Significant - danger for most</name>
            <styleUrl>#4778</styleUrl>
            <Polygon id="4774">
                <outerBoundaryIs>
                    <LinearRing id="4776">
                        <coordinates>85.13532091249989,27.917175349447408,0.0 85.13552406143411,27.917178099883863,0.0 85.13553025379817,27.916817195579615,0.0 85.1353271055377,27.91681444518485,0.0 85.13532091249989,27.917175349447408,0.0</coordinates>
                    </LinearRing>
                </outerBoundaryIs>
            </Polygon>
        </Placemark>
        <Placemark id="4782">
            <name>Significant - danger for most</name>
            <styleUrl>#4785</styleUrl>
            <Polygon id="4781">
                <outerBoundaryIs>
                    <LinearRing id="4783">
                        <coordinates>85.13592726383735,27.91736405204506,0.0 85.1361304131945,27.91736680160441,0.0 85.1361335084089,27.917186349397333,0.0 85.13593035938864,27.917183599858827,0.0 85.13592726383735,27.91736405204506,0.0</coordinates>
                    </LinearRing>
                </outerBoundaryIs>
            </Polygon>
        </Placemark>
        <Placemark id="4789">
            <name>Significant - danger for most</name>
            <styleUrl>#4792</styleUrl>
            <Polygon id="4788">
                <outerBoundaryIs>
                    <LinearRing id="4790">
                        <coordinates>85.14201250050695,27.9179877670235,0.0 85.14221565173366,27.91799050766563,0.0 85.14221873692728,27.917810054849678,0.0 85.14201558603746,27.917807314228313,0.0 85.14201250050695,27.9179877670235,0.0</coordinates>
                    </LinearRing>
                </outerBoundaryIs>
            </Polygon>
        </Placemark>
        <Placemark id="4796">
            <name>Significant - danger for most</name>
            <styleUrl>#4799</styleUrl>
            <Polygon id="4795">
                <outerBoundaryIs>
                    <LinearRing id="4797">
                        <coordinates>85.13733693688047,27.918105101952566,0.0 85.13754008778584,27.918107849499986,0.0 85.13754318075668,27.91792739716731,0.0 85.1373400301882,27.917924649640703,0.0 85.13733693688047,27.918105101952566,0.0</coordinates>
                    </LinearRing>
                </outerBoundaryIs>
            </Polygon>
        </Placemark>
        <Placemark id="4803">
            <name>Significant - danger for most</name>
            <styleUrl>#4806</styleUrl>
            <Polygon id="4802">
                <outerBoundaryIs>
                    <LinearRing id="4804">
                        <coordinates>85.14241571810366,27.918173700840114,0.0 85.14282202137379,27.918179180669263,0.0 85.14282510558529,27.91799872779606,0.0 85.14241880298896,27.917993248008436,0.0 85.14241571810366,27.918173700840114,0.0</coordinates>
                    </LinearRing>
                </outerBoundaryIs>
            </Polygon>
        </Placemark>
        <Placemark id="4810">
            <name>Significant - danger for most</name>
            <styleUrl>#4813</styleUrl>
            <Polygon id="4809">
                <outerBoundaryIs>
                    <LinearRing id="4811">
                        <coordinates>85.13753390175819,27.91846875415021,0.0 85.13773705336602,27.91847150143994,0.0 85.13774014605727,27.91829104909653,0.0 85.13753699478633,27.91828830182762,0.0 85.13753390175819,27.91846875415021,0.0</coordinates>
                    </LinearRing>
                </outerBoundaryIs>
            </Polygon>
        </Placemark>
        <Placemark id="4817">
            <name>Significant - danger for most</name>
            <styleUrl>#4820</styleUrl>
            <Polygon id="4816">
                <outerBoundaryIs>
                    <LinearRing id="4818">
                        <coordinates>85.13936535725584,27.918313016472016,0.0 85.1393622672598,27.918493468981886,0.0 85.13915911542286,27.9184907240868,0.0 85.1391560250613,27.91867117657082,0.0 85.13956232943764,27.918676666103263,0.0 85.13956850878449,27.918315761046973,0.0 85.13936535725584,27.918313016472016,0.0</coordinates>
                    </LinearRing>
                </outerBoundaryIs>
            </Polygon>
        </Placemark>
        <Placemark id="4824">
            <name>Significant - danger for most</name>
            <styleUrl>#4827</styleUrl>
            <Polygon id="4823">
                <outerBoundaryIs>
                    <LinearRing id="4825">
                        <coordinates>85.14463189982763,27.919286543337467,0.0 85.14463498117829,27.919106090307768,0.0 85.14443182758734,27.919103353133114,0.0 85.14442874589976,27.919283806142076,0.0 85.14463189982763,27.919286543337467,0.0</coordinates>
                    </LinearRing>
                </outerBoundaryIs>
            </Polygon>
        </Placemark>
        <Placemark id="4831">
            <name>Significant - danger for most</name>
            <styleUrl>#4834</styleUrl>
            <Polygon id="4830">
                <outerBoundaryIs>
                    <LinearRing id="4832">
                        <coordinates>85.13894050983589,27.919390241158055,0.0 85.13914366332877,27.919392986456486,0.0 85.13914675380485,27.91921253399263,0.0 85.13894360064889,27.91920978871501,0.0 85.13894050983589,27.919390241158055,0.0</coordinates>
                    </LinearRing>
                </outerBoundaryIs>
            </Polygon>
        </Placemark>
        <Placemark id="4838">
            <name>Significant - danger for most</name>
            <styleUrl>#4841</styleUrl>
            <Polygon id="4837">
                <outerBoundaryIs>
                    <LinearRing id="4839">
                        <coordinates>85.13670272875692,27.91954047532782,0.0 85.13690588227158,27.919543223939836,0.0 85.13690897648242,27.91936277170998,0.0 85.13670582330468,27.919360023118795,0.0 85.13670272875692,27.91954047532782,0.0</coordinates>
                    </LinearRing>
                </outerBoundaryIs>
            </Polygon>
        </Placemark>
        <Placemark id="4845">
            <name>Significant - danger for most</name>
            <styleUrl>#4848</styleUrl>
            <Polygon id="4844">
                <outerBoundaryIs>
                    <LinearRing id="4846">
                        <coordinates>85.13649338541555,27.91989863077772,0.0 85.1366965395754,27.919901379730735,0.0 85.13669963418049,27.9197209275318,0.0 85.13649648035758,27.91971817859962,0.0 85.13649338541555,27.91989863077772,0.0</coordinates>
                    </LinearRing>
                </outerBoundaryIs>
            </Polygon>
        </Placemark>
        <Placemark id="4852">
            <name>Significant - danger for most</name>
            <styleUrl>#4855</styleUrl>
            <Polygon id="4851">
                <outerBoundaryIs>
                    <LinearRing id="4853">
                        <coordinates>85.14176923043101,27.920330911690556,0.0 85.14197238600907,27.92033365290203,0.0 85.1419754719112,27.920153200172404,0.0 85.14177231667006,27.9201504589817,0.0 85.14176923043101,27.920330911690556,0.0</coordinates>
                    </LinearRing>
                </outerBoundaryIs>
            </Polygon>
        </Placemark>
        <Placemark id="4859">
            <name>Significant - danger for most</name>
            <styleUrl>#4862</styleUrl>
            <Polygon id="4858">
                <outerBoundaryIs>
                    <LinearRing id="4860">
                        <coordinates>85.1364779102754,27.920800891592574,0.0 85.13668106611992,27.920803640649737,0.0 85.13668416086834,27.92062318847603,0.0 85.13627784988186,27.920617690104002,0.0 85.13627165900856,27.920978594363053,0.0 85.13647481516135,27.920981343740408,0.0 85.1364779102754,27.920800891592574,0.0</coordinates>
                    </LinearRing>
                </outerBoundaryIs>
            </Polygon>
        </Placemark>
        <Placemark id="4866">
            <name>Significant - danger for most</name>
            <styleUrl>#4869</styleUrl>
            <Polygon id="4865">
                <outerBoundaryIs>
                    <LinearRing id="4867">
                        <coordinates>85.13606231122253,27.921336748883537,0.0 85.13626546802054,27.921339498601913,0.0 85.1362685635289,27.921159046485005,0.0 85.13606540706783,27.921156296787462,0.0 85.13606231122253,27.921336748883537,0.0</coordinates>
                    </LinearRing>
                </outerBoundaryIs>
            </Polygon>
        </Placemark>
        <Placemark id="4873">
            <name>Significant - danger for most</name>
            <styleUrl>#4876</styleUrl>
            <Polygon id="4872">
                <outerBoundaryIs>
                    <LinearRing id="4874">
                        <coordinates>85.14581079011973,27.92164885076801,0.0 85.14601394862763,27.92165158613742,0.0 85.14601702799064,27.921471133028135,0.0 85.1458138698197,27.921468397679455,0.0 85.14581079011973,27.92164885076801,0.0</coordinates>
                    </LinearRing>
                </outerBoundaryIs>
            </Polygon>
        </Placemark>
        <Placemark id="4880">
            <name>Significant - danger for most</name>
            <styleUrl>#4883</styleUrl>
            <Polygon id="4879">
                <outerBoundaryIs>
                    <LinearRing id="4881">
                        <coordinates>85.14702666388825,27.921845711701668,0.0 85.14702974159496,27.921665258493842,0.0 85.14682658294446,27.921662524621308,0.0 85.14682350490078,27.92184297780842,0.0 85.14702666388825,27.921845711701668,0.0</coordinates>
                    </LinearRing>
                </outerBoundaryIs>
            </Polygon>
        </Placemark>
        <Placemark id="4887">
            <name>Significant - danger for most</name>
            <styleUrl>#4890</styleUrl>
            <Polygon id="4886">
                <outerBoundaryIs>
                    <LinearRing id="4888">
                        <coordinates>85.14763306429741,27.92203436485007,0.0 85.1476361410217,27.921853911585146,0.0 85.14743298194873,27.921851178590032,0.0 85.14742990488745,27.922031631834248,0.0 85.14763306429741,27.92203436485007,0.0</coordinates>
                    </LinearRing>
                </outerBoundaryIs>
            </Polygon>
        </Placemark>
        <Placemark id="4894">
            <name>Significant - danger for most</name>
            <styleUrl>#4897</styleUrl>
            <Polygon id="4893">
                <outerBoundaryIs>
                    <LinearRing id="4895">
                        <coordinates>85.14762383395349,27.922575724614585,0.0 85.14782699440289,27.92257845739314,0.0 85.14783007087571,27.922398004122638,0.0 85.1476269107633,27.922395271364785,0.0 85.14762383395349,27.922575724614585,0.0</coordinates>
                    </LinearRing>
                </outerBoundaryIs>
            </Polygon>
        </Placemark>
        <Placemark id="4901">
            <name>Significant - danger for most</name>
            <styleUrl>#4904</styleUrl>
            <Polygon id="4900">
                <outerBoundaryIs>
                    <LinearRing id="4902">
                        <coordinates>85.14781161161125,27.923480723670025,0.0 85.1480147737741,27.923483456252722,0.0 85.14801785005243,27.92330300298672,0.0 85.14781468822656,27.923300270424733,0.0 85.14781161161125,27.923480723670025,0.0</coordinates>
                    </LinearRing>
                </outerBoundaryIs>
            </Polygon>
        </Placemark>
        <Placemark id="4908">
            <name>Significant - danger for most</name>
            <styleUrl>#4911</styleUrl>
            <Polygon id="4907">
                <outerBoundaryIs>
                    <LinearRing id="4909">
                        <coordinates>85.14821178399728,27.92384709509428,0.0 85.14841494689112,27.92384982711958,0.0 85.14841802255245,27.92366937382226,0.0 85.1482148599956,27.92366664181767,0.0 85.14821178399728,27.92384709509428,0.0</coordinates>
                    </LinearRing>
                </outerBoundaryIs>
            </Polygon>
        </Placemark>
        <Placemark id="4915">
            <name>Significant - danger for most</name>
            <styleUrl>#4918</styleUrl>
            <Polygon id="4914">
                <outerBoundaryIs>
                    <LinearRing id="4916">
                        <coordinates>85.14860273276454,27.92475482535991,0.0 85.14860888366958,27.924393918769255,0.0 85.14840571973622,27.92439118698128,0.0 85.14839956815715,27.92475209353053,0.0 85.14860273276454,27.92475482535991,0.0</coordinates>
                    </LinearRing>
                </outerBoundaryIs>
            </Polygon>
        </Placemark>
        <Placemark id="4922">
            <name>Significant - danger for most</name>
            <styleUrl>#4925</styleUrl>
            <Polygon id="4921">
                <outerBoundaryIs>
                    <LinearRing id="4923">
                        <coordinates>85.15202583650847,27.926605756814592,0.0 85.1520319765236,27.926244849621725,0.0 85.15182880873603,27.926242122717152,0.0 85.15182266804679,27.926603029868712,0.0 85.15202583650847,27.926605756814592,0.0</coordinates>
                    </LinearRing>
                </outerBoundaryIs>
            </Polygon>
        </Placemark>
        <Placemark id="4929">
            <name>Significant - danger for most</name>
            <styleUrl>#4932</styleUrl>
            <Polygon id="4928">
                <outerBoundaryIs>
                    <LinearRing id="4930">
                        <coordinates>85.14897216233042,27.926925727737505,0.0 85.14917533106775,27.926928458916926,0.0 85.14918148063421,27.926567552323117,0.0 85.148978312571,27.92656482118507,0.0 85.14897216233042,27.926925727737505,0.0</coordinates>
                    </LinearRing>
                </outerBoundaryIs>
            </Polygon>
        </Placemark>
        <Placemark id="4936">
            <name>Significant - danger for most</name>
            <styleUrl>#4939</styleUrl>
            <Polygon id="4935">
                <outerBoundaryIs>
                    <LinearRing id="4937">
                        <coordinates>85.15120087706794,27.92731666122903,0.0 85.15160721654557,27.927322116783337,0.0 85.15161028735523,27.92714166325091,0.0 85.15120394855172,27.927136207737934,0.0 85.15120087706794,27.92731666122903,0.0</coordinates>
                    </LinearRing>
                </outerBoundaryIs>
            </Polygon>
        </Placemark>
        <Placemark id="4943">
            <name>Significant - danger for most</name>
            <styleUrl>#4946</styleUrl>
            <Polygon id="4942">
                <outerBoundaryIs>
                    <LinearRing id="4944">
                        <coordinates>85.15098849173849,27.927855293383747,0.0 85.15119166244584,27.927858021672076,0.0 85.15119473401498,27.927677568196103,0.0 85.15099156364471,27.927674839928436,0.0 85.15098849173849,27.927855293383747,0.0</coordinates>
                    </LinearRing>
                </outerBoundaryIs>
            </Polygon>
        </Placemark>
        <Placemark id="4950">
            <name>Significant - danger for most</name>
            <styleUrl>#4953</styleUrl>
            <Polygon id="4949">
                <outerBoundaryIs>
                    <LinearRing id="4951">
                        <coordinates>85.15077610415894,27.9283939250696,0.0 85.15077917648762,27.92821347165009,0.0 85.15057600516302,27.928210742721497,0.0 85.15057293249725,27.928391196120334,0.0 85.15077610415894,27.9283939250696,0.0</coordinates>
                    </LinearRing>
                </outerBoundaryIs>
            </Polygon>
        </Placemark>
        <Placemark id="4957">
            <name>Significant - danger for most</name>
            <styleUrl>#4960</styleUrl>
            <Polygon id="4956">
                <outerBoundaryIs>
                    <LinearRing id="4958">
                        <coordinates>85.15458731248724,27.93133297851236,0.0 85.1545903788657,27.931152524781123,0.0 85.154184024377,27.931147077343763,0.0 85.1541778902431,27.93150798471867,0.0 85.15458731248724,27.93133297851236,0.0</coordinates>
                    </LinearRing>
                </outerBoundaryIs>
            </Polygon>
        </Placemark>
        <Placemark id="4964">
            <name>Significant - danger for most</name>
            <styleUrl>#4967</styleUrl>
            <Polygon id="4963">
                <outerBoundaryIs>
                    <LinearRing id="4965">
                        <coordinates>85.1572286238147,27.931368357921922,0.0 85.15682226791371,27.93136291823037,0.0 85.1568192052154,27.931543372183377,0.0 85.1572224997383,27.931729265905307,0.0 85.1572286238147,27.931368357921922,0.0</coordinates>
                    </LinearRing>
                </outerBoundaryIs>
            </Polygon>
        </Placemark>
        <Placemark id="4971">
            <name>Significant - danger for most</name>
            <styleUrl>#4974</styleUrl>
            <Polygon id="4970">
                <outerBoundaryIs>
                    <LinearRing id="4972">
                        <coordinates>85.15132725887803,27.9318307253116,0.0 85.15153043705872,27.93183345345567,0.0 85.15153350857958,27.931653000049266,0.0 85.15133033073603,27.931650271925868,0.0 85.15132725887803,27.9318307253116,0.0</coordinates>
                    </LinearRing>
                </outerBoundaryIs>
            </Polygon>
        </Placemark>
        <Placemark id="4978">
            <name>Significant - danger for most</name>
            <styleUrl>#4981</styleUrl>
            <Polygon id="4977">
                <outerBoundaryIs>
                    <LinearRing id="4979">
                        <coordinates>85.14924934677693,27.934510224477155,0.0 85.14945252973044,27.934512955926614,0.0 85.14945560504998,27.934332502802622,0.0 85.14925242243365,27.93432977137385,0.0 85.14924934677693,27.934510224477155,0.0</coordinates>
                    </LinearRing>
                </outerBoundaryIs>
            </Polygon>
        </Placemark>
        <Placemark id="4985">
            <name>Significant - danger for most</name>
            <styleUrl>#4988</styleUrl>
            <Polygon id="4984">
                <outerBoundaryIs>
                    <LinearRing id="4986">
                        <coordinates>85.14965263770162,27.934696140216186,0.0 85.1498558210493,27.934698871087257,0.0 85.14986197036808,27.93433796476156,0.0 85.14965878769478,27.93433523393186,0.0 85.14965263770162,27.934696140216186,0.0</coordinates>
                    </LinearRing>
                </outerBoundaryIs>
            </Polygon>
        </Placemark>
        <Placemark id="4992">
            <name>Significant - danger for most</name>
            <styleUrl>#4995</styleUrl>
            <Polygon id="4991">
                <outerBoundaryIs>
                    <LinearRing id="4993">
                        <coordinates>85.15676100855711,27.9349719963329,0.0 85.15696419323689,27.93497471674054,0.0 85.15696725613704,27.934794262862695,0.0 85.15676407179448,27.93479154247565,0.0 85.15676100855711,27.9349719963329,0.0</coordinates>
                    </LinearRing>
                </outerBoundaryIs>
            </Polygon>
        </Placemark>
        <Placemark id="4999">
            <name>Significant - danger for most</name>
            <styleUrl>#5002</styleUrl>
            <Polygon id="4998">
                <outerBoundaryIs>
                    <LinearRing id="5000">
                        <coordinates>85.15045615010621,27.93524842154008,0.0 85.15065933457937,27.93525115127502,0.0 85.15066240798964,27.9350706980471,0.0 85.15045922385367,27.935067968332838,0.0 85.15045615010621,27.93524842154008,0.0</coordinates>
                    </LinearRing>
                </outerBoundaryIs>
            </Polygon>
        </Placemark>
        <Placemark id="5006">
            <name>Significant - danger for most</name>
            <styleUrl>#5009</styleUrl>
            <Polygon id="5005">
                <outerBoundaryIs>
                    <LinearRing id="5007">
                        <coordinates>85.15267890043893,27.936000245837015,0.0 85.1528820865739,27.936002972359514,0.0 85.15288515638865,27.935822518924464,0.0 85.1526819705909,27.935819792422617,0.0 85.15267890043893,27.936000245837015,0.0</coordinates>
                    </LinearRing>
                </outerBoundaryIs>
            </Polygon>
        </Placemark>
        <Placemark id="5013">
            <name>Significant - danger for most</name>
            <styleUrl>#5016</styleUrl>
            <Polygon id="5012">
                <outerBoundaryIs>
                    <LinearRing id="5014">
                        <coordinates>85.15427984965804,27.93746567808423,0.0 85.15428291733956,27.937285224545015,0.0 85.154079728645,27.937282499974977,0.0 85.15407359257907,27.937643407007098,0.0 85.15447997134555,27.937648855930135,0.0 85.15448303871825,27.937468402375323,0.0 85.15427984965804,27.93746567808423,0.0</coordinates>
                    </LinearRing>
                </outerBoundaryIs>
            </Polygon>
        </Placemark>
        <Placemark id="5020">
            <name>Significant - danger for most</name>
            <styleUrl>#5023</styleUrl>
            <Polygon id="5019">
                <outerBoundaryIs>
                    <LinearRing id="5021">
                        <coordinates>85.15568071563536,27.938747917474846,0.0 85.1556837811549,27.938567463826516,0.0 85.15548058990075,27.938564741209177,0.0 85.15547752404393,27.93874519483688,0.0 85.15568071563536,27.938747917474846,0.0</coordinates>
                    </LinearRing>
                </outerBoundaryIs>
            </Polygon>
        </Placemark>
        <Placemark id="5027">
            <name>Significant - danger for most</name>
            <styleUrl>#5030</styleUrl>
            <Polygon id="5026">
                <outerBoundaryIs>
                    <LinearRing id="5028">
                        <coordinates>85.15667829042303,27.93984424857325,0.0 85.15688148420843,27.93984696953729,0.0 85.15688454787463,27.93966651579553,0.0 85.15668135442651,27.939663794852102,0.0 85.15667829042303,27.93984424857325,0.0</coordinates>
                    </LinearRing>
                </outerBoundaryIs>
            </Polygon>
        </Placemark>
        <Placemark id="5034">
            <name>Significant - danger for most</name>
            <styleUrl>#5037</styleUrl>
            <Polygon id="5033">
                <outerBoundaryIs>
                    <LinearRing id="5035">
                        <coordinates>85.15726643012863,27.941115586906168,0.0 85.15746962636025,27.941118307115584,0.0 85.15747268921315,27.940937853347297,0.0 85.15726949331885,27.940935133158494,0.0 85.15726643012863,27.941115586906168,0.0</coordinates>
                    </LinearRing>
                </outerBoundaryIs>
            </Polygon>
        </Placemark>
        <Placemark id="5041">
            <name>Significant - danger for most</name>
            <styleUrl>#5044</styleUrl>
            <Polygon id="5040">
                <outerBoundaryIs>
                    <LinearRing id="5042">
                        <coordinates>85.15766363490327,27.941662388361788,0.0 85.15786683220355,27.941665108033735,0.0 85.15787295670192,27.94130420043998,0.0 85.15766976007627,27.941301480809216,0.0 85.15766363490327,27.941662388361788,0.0</coordinates>
                    </LinearRing>
                </outerBoundaryIs>
            </Polygon>
        </Placemark>
        <Placemark id="5048">
            <name>Significant - danger for most</name>
            <styleUrl>#5051</styleUrl>
            <Polygon id="5047">
                <outerBoundaryIs>
                    <LinearRing id="5049">
                        <coordinates>85.15784845802776,27.942747830694042,0.0 85.15805165738038,27.94275055018993,0.0 85.1580547194766,27.942570096405227,0.0 85.15785152046129,27.942567376929922,0.0 85.15784845802776,27.942747830694042,0.0</coordinates>
                    </LinearRing>
                </outerBoundaryIs>
            </Polygon>
        </Placemark>
        <Placemark id="5055">
            <name>Significant - danger for most</name>
            <styleUrl>#5058</styleUrl>
            <Polygon id="5054">
                <outerBoundaryIs>
                    <LinearRing id="5056">
                        <coordinates>85.15763913307666,27.94310601837041,0.0 85.15784233307559,27.943108738207155,0.0 85.15784539556586,27.942928284453114,0.0 85.15764219590426,27.94292556463698,0.0 85.15763913307666,27.94310601837041,0.0</coordinates>
                    </LinearRing>
                </outerBoundaryIs>
            </Polygon>
        </Placemark>
        <Placemark id="5062">
            <name>Significant - danger for most</name>
            <styleUrl>#5065</styleUrl>
            <Polygon id="5061">
                <outerBoundaryIs>
                    <LinearRing id="5063">
                        <coordinates>85.15783620801,27.94346964570009,0.0 85.158039408712,27.943472365278364,0.0 85.15804247092164,27.943291911513818,0.0 85.15783927055698,27.94328919195614,0.0 85.15783620801,27.94346964570009,0.0</coordinates>
                    </LinearRing>
                </outerBoundaryIs>
            </Polygon>
        </Placemark>
        <Placemark id="5069">
            <name>Significant - danger for most</name>
            <styleUrl>#5072</styleUrl>
            <Polygon id="5068">
                <outerBoundaryIs>
                    <LinearRing id="5070">
                        <coordinates>85.15803634647399,27.943652819037876,0.0 85.15823954754171,27.943655538337087,0.0 85.15824260944237,27.943475084556987,0.0 85.158039408712,27.943472365278364,0.0 85.15803634647399,27.943652819037876,0.0</coordinates>
                    </LinearRing>
                </outerBoundaryIs>
            </Polygon>
        </Placemark>
        <Placemark id="5076">
            <name>Significant - danger for most</name>
            <styleUrl>#5079</styleUrl>
            <Polygon id="5075">
                <outerBoundaryIs>
                    <LinearRing id="5077">
                        <coordinates>85.15884915091502,27.94366369443677,0.0 85.1588522118036,27.9434832405949,0.0 85.1584458102011,27.94347780353595,0.0 85.1584427486378,27.94365825733664,0.0 85.15884915091502,27.94366369443677,0.0</coordinates>
                    </LinearRing>
                </outerBoundaryIs>
            </Polygon>
        </Placemark>
        <Placemark id="5083">
            <name>Significant - danger for most</name>
            <styleUrl>#5086</styleUrl>
            <Polygon id="5082">
                <outerBoundaryIs>
                    <LinearRing id="5084">
                        <coordinates>85.1618971716068,27.94370443448108,0.0 85.16190022743504,27.94352398033068,0.0 85.16169702619472,27.94352126644591,0.0 85.16169397002912,27.943701720575753,0.0 85.1618971716068,27.94370443448108,0.0</coordinates>
                    </LinearRing>
                </outerBoundaryIs>
            </Polygon>
        </Placemark>
        <Placemark id="5090">
            <name>Significant - danger for most</name>
            <styleUrl>#5093</styleUrl>
            <Polygon id="5089">
                <outerBoundaryIs>
                    <LinearRing id="5091">
                        <coordinates>85.16188494801078,27.94442625103227,0.0 85.16208815096621,27.944428964720135,0.0 85.16209731769358,27.943887602252655,0.0 85.16189411575023,27.94388488862644,0.0 85.16188494801078,27.94442625103227,0.0</coordinates>
                    </LinearRing>
                </outerBoundaryIs>
            </Polygon>
        </Placemark>
        <Placemark id="5097">
            <name>Significant - danger for most</name>
            <styleUrl>#5100</styleUrl>
            <Polygon id="5096">
                <outerBoundaryIs>
                    <LinearRing id="5098">
                        <coordinates>85.16042582626957,27.946572694269115,0.0 85.1606290330755,27.946575410301477,0.0 85.16063209138103,27.946394956355075,0.0 85.16042888491252,27.946392240343275,0.0 85.16042582626957,27.946572694269115,0.0</coordinates>
                    </LinearRing>
                </outerBoundaryIs>
            </Polygon>
        </Placemark>
        <Placemark id="5104">
            <name>Significant - danger for most</name>
            <styleUrl>#5107</styleUrl>
            <Polygon id="5103">
                <outerBoundaryIs>
                    <LinearRing id="5105">
                        <coordinates>85.16041970889873,27.946933602105663,0.0 85.16082612388853,27.94693903395296,0.0 85.16082918191329,27.94675857999607,0.0 85.16042276759832,27.946753148189902,0.0 85.16041970889873,27.946933602105663,0.0</coordinates>
                    </LinearRing>
                </outerBoundaryIs>
            </Polygon>
        </Placemark>
        <Placemark id="5111">
            <name>Significant - danger for most</name>
            <styleUrl>#5114</styleUrl>
            <Polygon id="5110">
                <outerBoundaryIs>
                    <LinearRing id="5112">
                        <coordinates>85.16061679957014,27.94729722603669,0.0 85.16082000775404,27.947299941851618,0.0 85.16082306583544,27.94711948790481,0.0 85.16061985798896,27.947116772110448,0.0 85.16061679957014,27.94729722603669,0.0</coordinates>
                    </LinearRing>
                </outerBoundaryIs>
            </Polygon>
        </Placemark>
        <Placemark id="5118">
            <name>Significant - danger for most</name>
            <styleUrl>#5121</styleUrl>
            <Polygon id="5117">
                <outerBoundaryIs>
                    <LinearRing id="5119">
                        <coordinates>85.16366187191504,27.947518386020842,0.0 85.16386508086084,27.9475210973607,0.0 85.16386813390922,27.947340643110717,0.0 85.16366492530084,27.9473379317914,0.0 85.16366187191504,27.947518386020842,0.0</coordinates>
                    </LinearRing>
                </outerBoundaryIs>
            </Polygon>
        </Placemark>
        <Placemark id="5125">
            <name>Significant - danger for most</name>
            <styleUrl>#5128</styleUrl>
            <Polygon id="5124">
                <outerBoundaryIs>
                    <LinearRing id="5126">
                        <coordinates>85.16121419429737,27.948027188483678,0.0 85.16141740391593,27.948029903481718,0.0 85.16142046109833,27.947849449493397,0.0 85.16121725181719,27.94784673451591,0.0 85.16121419429737,27.948027188483678,0.0</coordinates>
                    </LinearRing>
                </outerBoundaryIs>
            </Polygon>
        </Placemark>
        <Placemark id="5132">
            <name>Significant - danger for most</name>
            <styleUrl>#5135</styleUrl>
            <Polygon id="5131">
                <outerBoundaryIs>
                    <LinearRing id="5133">
                        <coordinates>85.16396142713938,27.953839704693564,0.0 85.16416464795357,27.953842416152476,0.0 85.16416770131659,27.95366196203783,0.0 85.16396448083992,27.953659250599447,0.0 85.16396142713938,27.953839704693564,0.0</coordinates>
                    </LinearRing>
                </outerBoundaryIs>
            </Polygon>
        </Placemark>
        <Placemark id="5139">
            <name>Significant - danger for most</name>
            <styleUrl>#5142</styleUrl>
            <Polygon id="5138">
                <outerBoundaryIs>
                    <LinearRing id="5140">
                        <coordinates>85.16310882593196,27.956174757556976,0.0 85.16311188135043,27.955994303610524,0.0 85.16290865662704,27.955991590406175,0.0 85.16290560087097,27.956172044332078,0.0 85.16310882593196,27.956174757556976,0.0</coordinates>
                    </LinearRing>
                </outerBoundaryIs>
            </Polygon>
        </Placemark>
        <Placemark id="5146">
            <name>Significant - danger for most</name>
            <styleUrl>#5149</styleUrl>
            <Polygon id="5145">
                <outerBoundaryIs>
                    <LinearRing id="5147">
                        <coordinates>85.1616740196903,27.956877573846505,0.0 85.16167707758504,27.956697120064067,0.0 85.16147385170946,27.956694404678764,0.0 85.16147079347714,27.95687485844065,0.0 85.1616740196903,27.956877573846505,0.0</coordinates>
                    </LinearRing>
                </outerBoundaryIs>
            </Polygon>
        </Placemark>
        <Placemark id="5153">
            <name>Significant - danger for most</name>
            <styleUrl>#5156</styleUrl>
            <Polygon id="5152">
                <outerBoundaryIs>
                    <LinearRing id="5154">
                        <coordinates>85.1691629538661,27.958782378220995,0.0 85.16956941522042,27.9587877863552,0.0 85.16957246023117,27.958607331823167,0.0 85.1691659995521,27.95860192372991,0.0 85.1691629538661,27.958782378220995,0.0</coordinates>
                    </LinearRing>
                </outerBoundaryIs>
            </Polygon>
        </Placemark>
        <Placemark id="5160">
            <name>Significant - danger for most</name>
            <styleUrl>#5163</styleUrl>
            <Polygon id="5159">
                <outerBoundaryIs>
                    <LinearRing id="5161">
                        <coordinates>85.17136198684771,27.96097756431709,0.0 85.17156522187254,27.960980265481062,0.0 85.17156826384502,27.960799810804918,0.0 85.17136502915784,27.960797109661396,0.0 85.17136198684771,27.96097756431709,0.0</coordinates>
                    </LinearRing>
                </outerBoundaryIs>
            </Polygon>
        </Placemark>
        <Placemark id="5167">
            <name>Significant - danger for most</name>
            <styleUrl>#5170</styleUrl>
            <Polygon id="5166">
                <outerBoundaryIs>
                    <LinearRing id="5168">
                        <coordinates>85.1680858475659,27.962377939353622,0.0 85.16849232214439,27.9623833513057,0.0 85.16849536940751,27.96220289697683,0.0 85.1680888955044,27.962197485065722,0.0 85.1680858475659,27.962377939353622,0.0</coordinates>
                    </LinearRing>
                </outerBoundaryIs>
            </Polygon>
        </Placemark>
        <Placemark id="5174">
            <name>Significant - danger for most</name>
            <styleUrl>#5177</styleUrl>
            <Polygon id="5173">
                <outerBoundaryIs>
                    <LinearRing id="5175">
                        <coordinates>85.16968129263597,27.964204124204297,0.0 85.16968433815495,27.96402366980298,0.0 85.16948109764304,27.964020965592074,0.0 85.16947805178634,27.964201419972927,0.0 85.16968129263597,27.964204124204297,0.0</coordinates>
                    </LinearRing>
                </outerBoundaryIs>
            </Polygon>
        </Placemark>
        <Placemark id="5181">
            <name>Significant - danger for most</name>
            <styleUrl>#5184</styleUrl>
            <Polygon id="5180">
                <outerBoundaryIs>
                    <LinearRing id="5182">
                        <coordinates>85.17129809182718,27.964767110922743,0.0 85.17130113472894,27.96458665637287,0.0 85.17109789297835,27.964583954499986,0.0 85.17109484973886,27.964764409029414,0.0 85.17129809182718,27.964767110922743,0.0</coordinates>
                    </LinearRing>
                </outerBoundaryIs>
            </Polygon>
        </Placemark>
        <Placemark id="5188">
            <name>Significant - danger for most</name>
            <styleUrl>#5191</styleUrl>
            <Polygon id="5187">
                <outerBoundaryIs>
                    <LinearRing id="5189">
                        <coordinates>85.17188652425254,27.96603839694058,0.0 85.17208976881773,27.966041097777275,0.0 85.1720928105657,27.965860643180886,0.0 85.17188956633828,27.96585794236463,0.0 85.17188652425254,27.96603839694058,0.0</coordinates>
                    </LinearRing>
                </outerBoundaryIs>
            </Polygon>
        </Placemark>
        <Placemark id="5195">
            <name>Significant - danger for most</name>
            <styleUrl>#5198</styleUrl>
            <Polygon id="5194">
                <outerBoundaryIs>
                    <LinearRing id="5196">
                        <coordinates>85.17328187804048,27.967681388742783,0.0 85.17348512584266,27.967684087663674,0.0 85.1734912050885,27.96732317827048,0.0 85.17328795796188,27.96732047939044,0.0 85.17328187804048,27.967681388742783,0.0</coordinates>
                    </LinearRing>
                </outerBoundaryIs>
            </Polygon>
        </Placemark>
        <Placemark id="5202">
            <name>Significant - danger for most</name>
            <styleUrl>#5205</styleUrl>
            <Polygon id="5201">
                <outerBoundaryIs>
                    <LinearRing id="5203">
                        <coordinates>85.17531132070329,27.96788881932585,0.0 85.17510807231014,27.96788612308428,0.0 85.17511110927298,27.967705668231908,0.0 85.17490786124574,27.96770297171078,0.0 85.17490178661636,27.96806388136968,0.0 85.1753082840501,27.968069274193603,0.0 85.17531132070329,27.96788881932585,0.0</coordinates>
                    </LinearRing>
                </outerBoundaryIs>
            </Polygon>
        </Placemark>
        <Placemark id="5209">
            <name>Significant - danger for most</name>
            <styleUrl>#5212</styleUrl>
            <Polygon id="5208">
                <outerBoundaryIs>
                    <LinearRing id="5210">
                        <coordinates>85.17590285179091,27.968979635748877,0.0 85.17590588757126,27.96879918084511,0.0 85.1757026374048,27.968796485401462,0.0 85.17569960128665,27.968976940284833,0.0 85.17590285179091,27.968979635748877,0.0</coordinates>
                    </LinearRing>
                </outerBoundaryIs>
            </Polygon>
        </Placemark>
        <Placemark id="5216">
            <name>Significant - danger for most</name>
            <styleUrl>#5219</styleUrl>
            <Polygon id="5215">
                <outerBoundaryIs>
                    <LinearRing id="5217">
                        <coordinates>85.17691303646687,27.96935401856565,0.0 85.17691607061435,27.969173563569985,0.0 85.1765095686773,27.969168175301004,0.0 85.1765065338542,27.96934863025589,0.0 85.17691303646687,27.96935401856565,0.0</coordinates>
                    </LinearRing>
                </outerBoundaryIs>
            </Polygon>
        </Placemark>
        <Placemark id="5223">
            <name>Extreme - danger for all</name>
            <styleUrl>#5226</styleUrl>
            <Polygon id="5222">
                <outerBoundaryIs>
                    <LinearRing id="5224">
                        <coordinates>85.11474750988698,27.87321585820402,0.0 85.11495057436372,27.873218634967905,0.0 85.1149536989165,27.873038183797192,0.0 85.11475063477586,27.873035407054378,0.0 85.11474750988698,27.87321585820402,0.0</coordinates>
                    </LinearRing>
                </outerBoundaryIs>
            </Polygon>
        </Placemark>
        <Placemark id="5230">
            <name>Extreme - danger for all</name>
            <styleUrl>#5257</styleUrl>
            <Polygon id="5229">
                <outerBoundaryIs>
                    <LinearRing id="5231">
                        <coordinates>85.13669035027922,27.92026228411347,0.0 85.13689350514159,27.920265032808796,0.0 85.1368965994671,27.92008458059912,0.0 85.1370997540212,27.92008732897426,0.0 85.13730909582125,27.919729172532275,0.0 85.13771540372505,27.919734667702535,0.0 85.13771849661686,27.91955421539445,0.0 85.13792165027482,27.91955696250974,0.0 85.13791855771993,27.91973741483865,0.0 85.13852801987645,27.919745654450907,0.0 85.13853111142056,27.919565202059562,0.0 85.13893432812401,27.91975114602901,0.0 85.13893741899427,27.919570693596057,0.0 85.13914057282406,27.919573438915286,0.0 85.13894360064889,27.91920978871501,0.0 85.13914675380485,27.91921253399263,0.0 85.13935608718188,27.91885437398649,0.0 85.13996554488591,27.91886260700053,0.0 85.14016252001404,27.919226255890656,0.0 85.14057191478707,27.91905128994004,0.0 85.14056882669804,27.919231742554487,0.0 85.14077198008296,27.91923448543738,0.0 85.14096895858027,27.919598133317837,0.0 85.1413752668408,27.91960361767005,0.0 85.14137218001365,27.919784070352485,0.0 85.14157533452374,27.91978681210034,0.0 85.14157224800492,27.91996726479851,0.0 85.1419754719112,27.920153200172404,0.0 85.14196930007836,27.920514105626616,0.0 85.14217245602197,27.920516846559504,0.0 85.14216937039961,27.92069729929981,0.0 85.14257876799492,27.92052232752721,0.0 85.14257568304645,27.920702780309046,0.0 85.14298199580759,27.920708260120833,0.0 85.14317898427005,27.9210719052508,0.0 85.14378845573346,27.92108012194971,0.0 85.14378537272098,27.921260574840957,0.0 85.14419168784663,27.921266051184897,0.0 85.1441947701852,27.92108559825215,0.0 85.1443979274539,27.92108833595432,0.0 85.14439484545228,27.921268788907806,0.0 85.1452074761604,27.921279736805776,0.0 85.14520439547807,27.921460189837173,0.0 85.14601702799064,27.921471133028135,0.0 85.14601394862763,27.92165158613742,0.0 85.14723290027398,27.921667992066997,0.0 85.14722982290424,27.92184844529554,0.0 85.1476361410217,27.921853911585146,0.0 85.1476299875446,27.922214818109946,0.0 85.14783314732006,27.922217550847094,0.0 85.14781776481341,27.9231198171744,0.0 85.14802092630225,27.92312254971568,0.0 85.1480147737741,27.923483456252722,0.0 85.14841802255245,27.92366937382226,0.0 85.14820870797047,27.92402754836586,0.0 85.14841187120132,27.92403028041185,0.0 85.14840571973622,27.92439118698128,0.0 85.14860888366958,27.924393918769255,0.0 85.14860273276454,27.92475482535991,0.0 85.14839956815715,27.92475209353053,0.0 85.14839649232488,27.9249325467976,0.0 85.1485996572693,27.924935278647677,0.0 85.14859350619334,27.925296185208076,0.0 85.1487966718403,27.925298916800124,0.0 85.14879052132443,27.92565982338175,0.0 85.14899368767396,27.925662554715764,0.0 85.14898138764856,27.926384367901296,0.0 85.14918455537473,27.926387099018648,0.0 85.14917533106775,27.926928458916926,0.0 85.14897216233042,27.926925727737505,0.0 85.1489690871674,27.92710618100615,0.0 85.1491722562418,27.927108912206275,0.0 85.14916303159305,27.927650272044055,0.0 85.14895986150745,27.92764754078186,0.0 85.14875054019379,27.92800571567075,0.0 85.1479347805344,27.92817523939895,0.0 85.14793170348656,27.928355692528818,0.0 85.14752228323871,27.928530679029308,0.0 85.14750997195164,27.929252491312514,0.0 85.14730679906029,27.929249757468313,0.0 85.1473006425715,27.92961066353823,0.0 85.14750381613706,27.929613397423854,0.0 85.14750073818699,27.929793850471967,0.0 85.14729756428433,27.92979111656563,0.0 85.14728832925174,27.930332475617565,0.0 85.14769160138127,27.93051839630366,0.0 85.14768852362577,27.93069884934727,0.0 85.14748534800901,27.93069611563687,0.0 85.14747919173824,27.93105702166753,0.0 85.14768236802925,27.931059755419348,0.0 85.1476762123187,27.931420661471257,0.0 85.14787938931248,27.931423394964998,0.0 85.14787631175157,27.931603848004094,0.0 85.14767313442066,27.93160111448965,0.0 85.14766697853905,27.9319620205113,0.0 85.14787015654426,27.93196475406716,0.0 85.14785784578753,27.932686566132787,0.0 85.14806102516982,27.932689299471956,0.0 85.1482518960651,27.933413844662187,0.0 85.14865518114374,27.933599763074994,0.0 85.14844584617866,27.933957936607218,0.0 85.14885220986315,27.933963401478728,0.0 85.14884913358905,27.934143854550726,0.0 85.1490523158112,27.934146586557883,0.0 85.1490492398458,27.934327039645535,0.0 85.14945560504998,27.934332502802622,0.0 85.14945252973044,27.934512955926614,0.0 85.14986197036808,27.93433796476156,0.0 85.14985889572293,27.93451841792693,0.0 85.15006207876188,27.93452114847778,0.0 85.15005900442544,27.93470160165879,0.0 85.15026218783008,27.93470433193078,0.0 85.15025911380236,27.934884785127423,0.0 85.15046229757266,27.934887515120558,0.0 85.15045922385367,27.935067968332838,0.0 85.15066240798964,27.9350706980471,0.0 85.15065933457937,27.93525115127502,0.0 85.15086251908102,27.935253880710405,0.0 85.15105955805403,27.93561751636965,0.0 85.15126274328699,27.93562024524728,0.0 85.15126581574256,27.935439791967426,0.0 85.15146900066678,27.935442520524838,0.0 85.15146592854842,27.935622973825353,0.0 85.15187229915665,27.93562843008285,0.0 85.15187537060058,27.935447976740996,0.0 85.15228174064816,27.935453431758955,0.0 85.15228481138924,27.93527297837075,0.0 85.1524879961185,27.935275705409737,0.0 85.15248492571462,27.935456158818607,0.0 85.15288822617497,27.93564206548437,0.0 85.15287901673072,27.936183425789515,0.0 85.15308220323135,27.936186152033102,0.0 85.15307606413414,27.936547058919295,0.0 85.15327925133765,27.936549784904617,0.0 85.15327618208362,27.93673023836079,0.0 85.15347936965279,27.936732964067197,0.0 85.15347630070757,27.93691341753897,0.0 85.15367948864238,27.936916142966453,0.0 85.15387653997887,27.937279775105367,0.0 85.15428291733956,27.937285224545015,0.0 85.15427984965804,27.93746567808423,0.0 85.15448303871825,27.937468402375323,0.0 85.15427371420976,27.937826585147533,0.0 85.15447690394447,27.9378293094799,0.0 85.15467395949466,27.938192940638356,0.0 85.15508034045513,27.938198387887685,0.0 85.15527739867498,27.938562018292238,0.0 85.1556837811549,27.938567463826516,0.0 85.15568071563536,27.938747917474846,0.0 85.15588390725516,27.93875063981321,0.0 85.15588084204448,27.93893109347712,0.0 85.15608403402996,27.938933815536505,0.0 85.15628109688639,27.939297444691448,0.0 85.15668748234836,27.939302887394682,0.0 85.15668441840162,27.939483341125907,0.0 85.15688761151245,27.939486062048726,0.0 85.15687842051386,27.940027423274007,0.0 85.15708161466492,27.94003014395904,0.0 85.15707548786524,27.940391051458565,0.0 85.15727868271927,27.940393771885187,0.0 85.15746962636025,27.941118307115584,0.0 85.15787295670192,27.94130420043998,0.0 85.15785764524328,27.942206469386576,0.0 85.15806084358391,27.94220918882068,0.0 85.15805778154443,27.942389642615474,0.0 85.15785458286648,27.94238692316077,0.0 85.15785152046129,27.942567376929922,0.0 85.1580547194766,27.942570096405227,0.0 85.15805165738038,27.94275055018993,0.0 85.15784845802776,27.942747830694042,0.0 85.15783927055698,27.94328919195614,0.0 85.15804247092164,27.943291911513818,0.0 85.15823954754171,27.943655538337087,0.0 85.1584427486378,27.94365825733664,0.0 85.1584458102011,27.94347780353595,0.0 85.1588522118036,27.9434832405949,0.0 85.15904929151658,27.943846866394757,0.0 85.1596588962421,27.943855018960267,0.0 85.1596527770221,27.944215926783453,0.0 85.15985597932867,27.944218643747114,0.0 85.15985292001352,27.944399097671717,0.0 85.15964971736959,27.94439638068748,0.0 85.15964665768874,27.94457683458647,0.0 85.15984986067005,27.944579551591282,0.0 85.15983456352768,27.945481821113507,0.0 85.16003776822421,27.94548453792152,0.0 85.16022873742435,27.946209070121476,0.0 85.16063209138103,27.946394956355075,0.0 85.16042276759832,27.946753148189902,0.0 85.16082918191329,27.94675857999607,0.0 85.16082612388853,27.94693903395296,0.0 85.16062291637947,27.946936318179162,0.0 85.16061985798896,27.947116772110448,0.0 85.16082306583544,27.94711948790481,0.0 85.16081694964431,27.947480395793384,0.0 85.16102015819395,27.947483111329174,0.0 85.16101710039332,27.947663565286458,0.0 85.16142046109833,27.947849449493397,0.0 85.16141434670521,27.948210357465015,0.0 85.16121113674923,27.948207642446413,0.0 85.16120807917277,27.9483880964041,0.0 85.1614112894662,27.948390811443257,0.0 85.16140211757927,27.948932173347764,0.0 85.16160532891334,27.948934888148877,0.0 85.16160227189852,27.949115342127513,0.0 85.161399060227,27.949112627305844,0.0 85.16139294543751,27.9494735352069,0.0 85.1617963133964,27.94965941861681,0.0 85.16177797222818,27.950742142415418,0.0 85.16198118699351,27.950744856822602,0.0 85.16197813037054,27.95092531079196,0.0 85.16177491526773,27.95092259636422,0.0 85.1617688012619,27.951283504246682,0.0 85.1619720170397,27.95128621871553,0.0 85.16196590359561,27.951647126618937,0.0 85.16176268714284,27.951644412108983,0.0 85.16175963004083,27.951824866032574,0.0 85.16196284683112,27.951827580563084,0.0 85.16195367636777,27.952368942365265,0.0 85.16215689419887,27.952371656657665,0.0 85.16215383765865,27.952552110602202,0.0 85.16195061949004,27.952549396289253,0.0 85.16194450564967,27.9529103041221,0.0 85.16174128683434,27.952907589468268,0.0 85.16171988513858,27.954170766580543,0.0 85.16151666398886,27.954168051483038,0.0 85.16151360615297,27.954348505315505,0.0 85.16171682764022,27.95435122043356,0.0 85.16150137452622,27.955070320594942,0.0 85.16170459736367,27.955073035795223,0.0 85.16169542435897,27.955614397263542,0.0 85.16189864823741,27.95561711222569,0.0 85.1618925334345,27.95597801988714,0.0 85.16168930888091,27.955975304883882,0.0 85.16147385170946,27.956694404678764,0.0 85.16188030348893,27.956699835149543,0.0 85.16188336101779,27.9565193813415,0.0 85.16208658661242,27.956522096106607,0.0 85.16208964377539,27.956341642272974,0.0 85.16229286906074,27.956344356717697,0.0 85.1625022072651,27.955986163098007,0.0 85.16311188135043,27.955994303610524,0.0 85.16310271501011,27.95653566543474,0.0 85.16330594077453,27.956538378400904,0.0 85.16330288560876,27.956718832352763,0.0 85.16309965950676,27.956716119366067,0.0 85.16309354841515,27.95707702721359,0.0 85.16329677519234,27.95707974024137,0.0 85.16329371994168,27.9572601941781,0.0 85.16349694708477,27.95726290692659,0.0 85.16349389214342,27.957443360878827,0.0 85.16369711965237,27.957446073348006,0.0 85.16389423857247,27.957809693488848,0.0 85.16450392337947,27.95781782832104,0.0 85.1645008700413,27.95799828236081,0.0 85.1649073273959,27.95800370412412,0.0 85.16490427470465,27.95818415819989,0.0 85.16551396196138,27.958192288657575,0.0 85.16551091025471,27.95837274278987,0.0 85.16571413973442,27.958375452363246,0.0 85.16591126709476,27.958739069968278,0.0 85.1663207779586,27.958564033493584,0.0 85.16631772754592,27.958744487697828,0.0 85.16652095781386,27.95874719611282,0.0 85.16651790771056,27.958927650332527,0.0 85.16672113834436,27.958930358468166,0.0 85.16671808855043,27.95911081270334,0.0 85.16692131955011,27.959113520559626,0.0 85.16691827006557,27.95929397481025,0.0 85.16732168398738,27.95947984395082,0.0 85.16731558622766,27.959840752508864,0.0 85.16751881866259,27.95984345954754,0.0 85.16751577007803,27.960023913839493,0.0 85.16791918777035,27.96020978138612,0.0 85.16791309181069,27.960570690026792,0.0 85.1681163256809,27.96057339624781,0.0 85.16810413477356,27.961295213550617,0.0 85.16830737002262,27.961297919553697,0.0 85.16830127507497,27.961658828215825,0.0 85.16809803915055,27.961656122171778,0.0 85.16809499129673,27.961836576474802,0.0 85.16829822755881,27.96183928253933,0.0 85.16829213244185,27.962200191171224,0.0 85.16849536940751,27.96220289697683,0.0 85.16848927485306,27.962563805629536,0.0 85.1686925125223,27.9625665111762,0.0 85.16868946554044,27.96274696551547,0.0 85.16848622753349,27.962744259948327,0.0 85.16848318018573,27.962924714262076,0.0 85.16868641853037,27.9629274198497,0.0 85.16867118305679,27.963829691445255,0.0 85.16887442311817,27.963832396835365,0.0 85.16887137627653,27.96401285115984,0.0 85.16968433815495,27.96402366980298,0.0 85.16968129263597,27.964204124204297,0.0 85.17029101535405,27.96421223509887,0.0 85.17028797082003,27.964392689556544,0.0 85.17089769480498,27.964400797813163,0.0 85.17089465125594,27.964581252327182,0.0 85.17130113472894,27.96458665637287,0.0 85.17129504889725,27.964947565467583,0.0 85.17149829135147,27.964950267081424,0.0 85.17149524873109,27.965130721641675,0.0 85.17189869242645,27.965316578606554,0.0 85.17189260839584,27.965677487783644,0.0 85.17209585228551,27.96568018857945,0.0 85.17208064340483,27.966582461536213,0.0 85.17228388901144,27.966585162134283,0.0 85.17228084748858,27.966765616730957,0.0 85.17248409346112,27.96676831704951,0.0 85.17248105224787,27.96694877166158,0.0 85.17268429858635,27.966951471700614,0.0 85.1726812576827,27.96713192632808,0.0 85.1728845043871,27.967134626087585,0.0 85.17308167057901,27.96749823486869,0.0 85.1734912050885,27.96732317827048,0.0 85.17348816547965,27.967503632969596,0.0 85.17450440322372,27.967517122972414,0.0 85.17470157560821,27.967880729701232,0.0 85.17511110927298,27.967705668231908,0.0 85.17510807231014,27.96788612308428,0.0 85.17531132070329,27.96788881932585,0.0 85.17510199830008,27.96824703277393,0.0 85.17590892332349,27.968618725936302,0.0 85.17589981598246,27.96916009064761,0.0 85.17711932162503,27.969176257254492,0.0 85.17711628781534,27.969356712270542,0.0 85.17752279059657,27.969362098780344,0.0 85.17751975743444,27.96954255383212,0.0 85.17874229961413,27.969378251109877,0.0 85.17873623731558,27.969739161452903,0.0 85.17893948959238,27.969741852498576,0.0 85.17894555121529,27.96938094211482,0.0 85.17914880284451,27.969383632819767,0.0 85.17915183327607,27.969203177599965,0.0 85.17935508459553,27.969205867984556,0.0 85.17935811466121,27.969025412739356,0.0 85.17976764607069,27.968850337276884,0.0 85.17977067540464,27.968669881980894,0.0 85.17916092440235,27.968661811910348,0.0 85.17916395472169,27.968481356670395,0.0 85.17896070478149,27.968478666067277,0.0 85.17917001527614,27.968120446175387,0.0 85.17876351677502,27.96811506475062,0.0 85.17876654768577,27.967934609536297,0.0 85.1789697965845,27.967937300378303,0.0 85.17897282712937,27.96775684513857,0.0 85.17938235417671,27.967581770596436,0.0 85.17938841377506,27.967220860010332,0.0 85.17918516617134,27.96721816984973,0.0 85.17918819626621,27.967037714569486,0.0 85.17898494902833,27.967035024129274,0.0 85.17898797943292,27.96685456886436,0.0 85.17878473256087,27.96685187814455,0.0 85.17878776327518,27.96667142289496,0.0 85.17858451676896,27.966668731895556,0.0 85.17858754779299,27.966488276661295,0.0 85.17838430165259,27.96648558538231,0.0 85.1783873329863,27.96630513016338,0.0 85.17818408721175,27.966302438604803,0.0 85.17818711885515,27.966121983401216,0.0 85.17778366035662,27.965936144257068,0.0 85.17778972485411,27.96557523390621,0.0 85.17758648051479,27.96557254152928,0.0 85.17758951305917,27.96539208636668,0.0 85.17738626908567,27.965389393710186,0.0 85.17738930193971,27.965208938562924,0.0 85.17718605833205,27.965206245626867,0.0 85.17718909149575,27.965025790494956,0.0 85.17698584825392,27.965023097279342,0.0 85.17698888172727,27.96484264216278,0.0 85.17678563885126,27.964839948667624,0.0 85.17678867263426,27.964659493566405,0.0 85.17658543012406,27.964656799791697,0.0 85.17638825647462,27.96429319558108,0.0 85.17517184262546,27.964096570126284,0.0 85.17517487899785,27.963916115168107,0.0 85.17476839715707,27.963910722683096,0.0 85.17477143417679,27.963730267760692,0.0 85.17436191542873,27.963905328998393,0.0 85.17436495312391,27.96372487411682,0.0 85.17416171263964,27.963722176845,0.0 85.17396454884032,27.963358569576673,0.0 85.17355806936331,27.96335317361512,0.0 85.17356110832493,27.963172718800116,0.0 85.17315158999885,27.963347776453897,0.0 85.17315462963589,27.96316732167975,0.0 85.17295139033358,27.963164622669698,0.0 85.17295443028017,27.962984167910943,0.0 85.1727511913437,27.96298146862141,0.0 85.17275423159984,27.962801013878046,0.0 85.17255099302923,27.962798314309044,0.0 85.17235383626537,27.96243470502003,0.0 85.17194431906512,27.962609759135923,0.0 85.17194736061572,27.962429304464234,0.0 85.17174412283313,27.962426603736485,0.0 85.17195344363243,27.96206839510575,0.0 85.17175020652523,27.962065694418882,0.0 85.17175933185212,27.961524330404686,0.0 85.17155609578612,27.96152162947926,0.0 85.17176541526257,27.961163421036698,0.0 85.17136198684771,27.96097756431709,0.0 85.17136807143983,27.960616655000656,0.0 85.17116483711848,27.9606139535777,0.0 85.17097377437271,27.959889433325152,0.0 85.17057035206382,27.95970357453937,0.0 85.17057948236983,27.959162210696782,0.0 85.17037625086238,27.95915950823798,0.0 85.1703823382674,27.958798599025318,0.0 85.17017910746337,27.958795896307574,0.0 85.17017606343732,27.958976350895956,0.0 85.16997283232385,27.958973647857892,0.0 85.16997587668754,27.95879319328997,0.0 85.1691629538661,27.958782378220995,0.0 85.1693722751977,27.95842417340986,0.0 85.16916904520988,27.958421469233784,0.0 85.16897799894983,27.957696946804834,0.0 85.16877477036887,27.95769424211095,0.0 85.16877781656086,27.957513787630578,0.0 85.16857458834572,27.957511082657337,0.0 85.1685776348471,27.9573306281924,0.0 85.16837440699774,27.957327922939797,0.0 85.16837745380853,27.957147468490305,0.0 85.168174226325,27.957144762958357,0.0 85.16797709375695,27.956781148294393,0.0 85.1673674135859,27.956773029122946,0.0 85.16737046199997,27.956592574760776,0.0 85.16716723567032,27.95658986779113,0.0 85.16717028439376,27.956409413444412,0.0 85.16676383249433,27.95640399864664,0.0 85.16656670597462,27.956040382212436,0.0 85.16636348077066,27.95603767410499,0.0 85.16636043075337,27.956218128379795,0.0 85.16615720524008,27.95621541995203,0.0 85.16616025559493,27.95603496569773,0.0 85.16555058023728,27.956026838677026,0.0 85.16555363157659,27.95584638447922,0.0 85.16514718215457,27.95584096500735,0.0 85.16515023414078,27.955660510845533,0.0 85.16494700980972,27.95565780068039,0.0 85.16495006210525,27.955477346534053,0.0 85.16454666714544,27.95529147123504,0.0 85.16455277294538,27.954930562999248,0.0 85.16434955004938,27.954927852016773,0.0 85.16435565641135,27.954566943801876,0.0 85.16415243421872,27.954564232560646,0.0 85.16436176266023,27.954206035566813,0.0 85.16415854114268,27.954203324366638,0.0 85.16416464795357,27.953842416152476,0.0 85.16396142713938,27.953839704693564,0.0 85.16397974891855,27.952756980053273,0.0 85.1637765301578,27.952754268417763,0.0 85.16377958402622,27.95257381431394,0.0 85.16398280244944,27.952576525928926,0.0 85.16399196287247,27.95203516352562,0.0 85.16378874546176,27.952032451972233,0.0 85.16379179921705,27.951851997848244,0.0 85.16399501629026,27.951854709381106,0.0 85.164001123041,27.951493801076957,0.0 85.1637979066428,27.951491089585165,0.0 85.16380401395543,27.951130181301917,0.0 85.16360079826048,27.951127469551423,0.0 85.16360385221186,27.95094701542277,0.0 85.16380706756932,27.950949727152732,0.0 85.16381928174214,27.9502279105056,0.0 85.16402249577797,27.95023062185368,0.0 85.16403165509827,27.949689259253827,0.0 85.16382844207486,27.94968654796734,0.0 85.16403776117043,27.94932835082872,0.0 85.16383454882194,27.94932563958329,0.0 85.16383760215307,27.949145185383703,0.0 85.16424707883137,27.94897015328811,0.0 85.16425928906047,27.948248336255002,0.0 85.16405607870838,27.948245625432463,0.0 85.16405913153243,27.94806517118211,0.0 85.16365576505859,27.947879294464617,0.0 85.16366797865837,27.947157477556914,0.0 85.16326156220128,27.947152054060226,0.0 85.16326461620537,27.94697159986177,0.0 85.16306140835667,27.9469688876844,0.0 85.16327072412871,27.946610691449738,0.0 85.16306751695483,27.946607979313452,0.0 85.16307057121148,27.94642752512041,0.0 85.16266721252657,27.946241645832824,0.0 85.16267332224804,27.94588073750372,0.0 85.16247011650864,27.945878024550506,0.0 85.16247622679172,27.94551711624234,0.0 85.16267943185635,27.945519829154456,0.0 85.16268248661807,27.945339374972264,0.0 85.16247928189084,27.94533666208069,0.0 85.16248539200417,27.944975753742277,0.0 85.16228218798001,27.944973040592114,0.0 85.16228524333161,27.9447925864359,0.0 85.16208203967312,27.944789873006606,0.0 85.16208815096621,27.944428964720135,0.0 85.16188494801078,27.94442625103227,0.0 85.1618971716068,27.94370443448108,0.0 85.16169397002912,27.943701720575753,0.0 85.16170925057412,27.942799449876134,0.0 85.1615060507115,27.94279673577392,0.0 85.16132119064518,27.941711296612876,0.0 85.16091479510948,27.941705867156923,0.0 85.16092702375386,27.94098405071449,0.0 85.16072382737774,27.940981335619313,0.0 85.16072994220465,27.940620427408977,0.0 85.16052674653149,27.940617712055303,0.0 85.16053591957139,27.940076349763714,0.0 85.16033272493841,27.94007363417212,0.0 85.16033884083134,27.939712725993658,0.0 85.16013564690128,27.939710010143582,0.0 85.16013870514256,27.939529556067367,0.0 85.1599355115781,27.939526839938257,0.0 85.15993857012832,27.939346385877574,0.0 85.1597353769295,27.939343669469423,0.0 85.15973843578867,27.93916321542427,0.0 85.15953524295544,27.939160498737095,0.0 85.15933816913302,27.938796873727206,0.0 85.15893178495733,27.93879143893717,0.0 85.15873471380473,27.93842781317297,0.0 85.1583283311482,27.938422376667702,0.0 85.15833139222657,27.938241922741426,0.0 85.15812820127809,27.93823920405999,0.0 85.15813126266536,27.938058750149267,0.0 85.15792807208251,27.93805603118884,0.0 85.15793113377869,27.93787557729367,0.0 85.15752781571486,27.937689684656227,0.0 85.15753394031444,27.93732877692307,0.0 85.15733075116566,27.93732605714628,0.0 85.15733687632627,27.93696514943416,0.0 85.15713368788033,27.936962429399,0.0 85.15713981360194,27.93660152170794,0.0 85.15693662585886,27.9365988014144,0.0 85.15693968901434,27.936418347581906,0.0 85.15714287642021,27.936421067854837,0.0 85.1571490019716,27.93606016013353,0.0 85.1573521887314,27.936062880065688,0.0 85.15735525112733,27.935882426176864,0.0 85.15715206470476,27.935879706265315,0.0 85.15716125273401,27.935338344630427,0.0 85.15695806735147,27.935335624481123,0.0 85.15696419323689,27.93497471674054,0.0 85.15676100855711,27.9349719963329,0.0 85.15697031900882,27.9346138089798,0.0 85.15676713500346,27.934611088613373,0.0 85.15677326133631,27.934250180873676,0.0 85.15636995855772,27.93406428548844,0.0 85.15637608606909,27.933703377800942,0.0 85.15617290383479,27.933700656638944,0.0 85.15617596788508,27.933520202808253,0.0 85.15597278601633,27.93351748136733,0.0 85.15597585037544,27.93333702755221,0.0 85.15557255240252,27.9331511300341,0.0 85.15557868232746,27.932790222461133,0.0 85.15537550189256,27.932787500204114,0.0 85.15537856714961,27.932607046430686,0.0 85.15497527294231,27.932421147322117,0.0 85.15498140466308,27.93206023983257,0.0 85.15477822566199,27.932057516759496,0.0 85.15478129181693,27.931877063027798,0.0 85.1545781131814,27.931874339675844,0.0 85.15458117964509,27.93169388595972,0.0 85.1541778902431,27.93150798471867,0.0 85.154184024377,27.931147077343763,0.0 85.15479355615265,27.931155248050548,0.0 85.15479662216559,27.930974794293636,0.0 85.15520297615043,27.930980239892737,0.0 85.15520604146069,27.930799786089533,0.0 85.15561239488484,27.93080523044941,0.0 85.15560933024884,27.93098568429385,0.0 85.15581250734063,27.93098840604516,0.0 85.1558155716395,27.930807952180093,0.0 85.15622192523395,27.93081339474299,0.0 85.15621886160935,27.930993848649287,0.0 85.15642203878626,27.930996569502106,0.0 85.15661909000576,27.93136019793534,0.0 85.15702544585002,27.9313656382259,0.0 85.15702850818285,27.93118518424725,0.0 85.15682533058366,27.931182464272325,0.0 85.15682839322524,27.931002010309243,0.0 85.15662521599157,27.930999290055418,0.0 85.15642816533284,27.93063566164325,0.0 85.15602181235589,27.930630219720566,0.0 85.15602487626087,27.9304497658248,0.0 85.1556185240717,27.930444322745387,0.0 85.15561545949245,27.930624776599917,0.0 85.15541228310332,27.930622054590348,0.0 85.15541534801967,27.93044160075644,0.0 85.15521217199606,27.930438878468003,0.0 85.15520910674256,27.93061933228129,0.0 85.15378687301249,27.930600267732068,0.0 85.15378994062586,27.9304198140632,0.0 85.15358676482946,27.930417089378842,0.0 85.15358369687898,27.930597543027066,0.0 85.15338052077388,27.930594818022573,0.0 85.15318348191823,27.930231185499682,0.0 85.15216760533245,27.930217554693908,0.0 85.15216453505056,27.930398008202616,0.0 85.15175818394106,27.93039255374258,0.0 85.1515488657571,27.930750732941668,0.0 85.15053298525227,27.930737089846392,0.0 85.15053605828805,27.9305566365131,0.0 85.15033288260959,27.930553907016243,0.0 85.15033595595402,27.93037345369859,0.0 85.15053913129537,27.93037618317476,0.0 85.15054220427422,27.93019572983139,0.0 85.15033902927,27.93019300037589,0.0 85.15035132224921,27.929471187034675,0.0 85.150554495905,27.929473916407463,0.0 85.15056064154959,27.929113009665254,0.0 85.15035746856802,27.929110280333816,0.0 85.15036054168472,27.92892982697582,0.0 85.15056371432921,27.92893255628658,0.0 85.15056985980303,27.92857164951413,0.0 85.1507730318018,27.928574378484072,0.0 85.15057600516302,27.928210742721497,0.0 85.15077917648762,27.92821347165009,0.0 85.15078224878783,27.928033018225538,0.0 85.1509854198038,27.928035746834002,0.0 85.15099156364471,27.927674839928436,0.0 85.15140097561735,27.92749984266263,0.0 85.15120394855172,27.927136207737934,0.0 85.15140711793926,27.927138935644148,0.0 85.15141018905754,27.926958482127343,0.0 85.15181959765953,27.926783483436914,0.0 85.15182880873603,27.926242122717152,0.0 85.1520319765236,27.926244849621725,0.0 85.15203811642498,27.925883942408696,0.0 85.15183494931149,27.925881215545445,0.0 85.15184415996137,27.925339854750067,0.0 85.15164099388744,27.925337127649378,0.0 85.15165634608691,27.924434859659577,0.0 85.15185951047573,27.924437586656964,0.0 85.1518717903753,27.923715772091754,0.0 85.15166862733454,27.923713045177013,0.0 85.15167169757535,27.923532591543765,0.0 85.15187486027911,27.923535318437843,0.0 85.1518810000014,27.923174411114918,0.0 85.15167783797162,27.92317168426215,0.0 85.15168397825414,27.922810776960386,0.0 85.15128072640049,27.92262486882221,0.0 85.15149002814823,27.922266688921088,0.0 85.15068045886532,27.92207532416163,0.0 85.15068353053505,27.92189487058636,0.0 85.15048037103486,27.921892142081937,0.0 85.15048344301309,27.921711688522297,0.0 85.15028028387832,27.921708959739178,0.0 85.15028335616506,27.921528506195173,0.0 85.15008019739572,27.921525777133343,0.0 85.14988318449082,27.921162140751743,0.0 85.14947379486468,27.921337134685302,0.0 85.14947686844233,27.921156681213944,0.0 85.1492737104608,27.921153950995997,0.0 85.14907670092546,27.920790313603586,0.0 85.1488735436748,27.92078758282827,0.0 85.14887046914322,27.920968036247654,0.0 85.14866731158409,27.920965305152283,0.0 85.14867038645261,27.920784851753606,0.0 85.1482640720937,27.92077938870616,0.0 85.14826714760765,27.920598935343836,0.0 85.14785775784875,27.920773924461244,0.0 85.14786083403659,27.920593471140332,0.0 85.14765767729381,27.920590738589535,0.0 85.1476607537901,27.92041028528428,0.0 85.14745759741278,27.920407552454833,0.0 85.1472605953188,27.92004391278322,0.0 85.146651128465,27.92003571172491,0.0 85.14665420656047,27.919855258508093,0.0 85.14624789614105,27.91984978968055,0.0 85.14625097488187,27.91966933650013,0.0 85.14584158583571,27.9198443196556,0.0 85.1458446652504,27.919663866516633,0.0 85.14543835573303,27.91965839533573,0.0 85.14544143579305,27.919477942233176,0.0 85.14503204632979,27.919652922957436,0.0 85.14503512706366,27.919472469896345,0.0 85.14483197274178,27.91946973327891,0.0 85.14483505378405,27.919289280233507,0.0 85.14442874589976,27.919283806142076,0.0 85.14423175602087,27.918920162665877,0.0 85.14382236698579,27.919095139813123,0.0 85.14382544965555,27.918914686861363,0.0 85.14362229651574,27.9189119485101,0.0 85.14362537949387,27.918731495574043,0.0 85.14342222671952,27.918728756944194,0.0 85.143425310006,27.918548304023847,0.0 85.14322215759714,27.91854556511542,0.0 85.14302517305171,27.91818192013485,0.0 85.14241571810366,27.918173700840114,0.0 85.14241880298896,27.917993248008436,0.0 85.14201250050695,27.9179877670235,0.0 85.14181552101505,27.917624120528163,0.0 85.14140922005213,27.917618637830362,0.0 85.14141230653614,27.917438185087406,0.0 85.14120915643446,27.9174354433103,0.0 85.14121224322676,27.917254990583075,0.0 85.14100909349057,27.917252248527433,0.0 85.14101218059116,27.91707179581594,0.0 85.14080903122046,27.91706905348176,0.0 85.14081211862933,27.916888600786006,0.0 85.14060896962408,27.9168858581733,0.0 85.14061205734124,27.916705405493285,0.0 85.14040890870149,27.916702662602045,0.0 85.14021193678632,27.916339014119497,0.0 85.13980255198993,27.916513979530578,0.0 85.13980564099737,27.91633352692364,0.0 85.1396024931458,27.916330782876756,0.0 85.13960558246147,27.91615033028556,0.0 85.13940243497541,27.91614758596017,0.0 85.13920546741087,27.915783936221153,0.0 85.13879917392931,27.91577844615707,0.0 85.13860220903102,27.91541479566641,0.0 85.13779271742511,27.915223358486827,0.0 85.13779890174762,27.914862453613377,0.0 85.13759575687722,27.91485970673999,0.0 85.13759884933233,27.91467925431652,0.0 85.13739570482744,27.91467650716467,0.0 85.13739879759075,27.914496054756967,0.0 85.13719565345134,27.914493307326655,0.0 85.13719874652283,27.914312854934735,0.0 85.13699560274891,27.914310107225965,0.0 85.13699869612856,27.914129654849823,0.0 85.13679555272013,27.91412690686261,0.0 85.13679864640797,27.91394645450224,0.0 85.13639545468355,27.913760505347895,0.0 85.13640473750998,27.913219148346368,0.0 85.13660787917698,27.913221896827988,0.0 85.1366109730583,27.91304144446324,0.0 85.13702034898374,27.912866488075572,0.0 85.13682339487877,27.91250283543774,0.0 85.13702653525587,27.91250558323753,0.0 85.13702962834896,27.91232513081095,0.0 85.1372327684179,27.91232787829066,0.0 85.13723586114554,27.91214742583821,0.0 85.13743900090637,27.912150172997855,0.0 85.13744209326855,27.911969720519537,0.0 85.13764523272124,27.911972467359114,0.0 85.13764832471797,27.91179201485493,0.0 85.13785146386252,27.91179476137445,0.0 85.13785455549382,27.911614308844406,0.0 85.13826392412435,27.91143934836736,0.0 85.13806696804195,27.911075697361046,0.0 85.13827010589665,27.91107844319882,0.0 85.13827319673983,27.910897990606994,0.0 85.13847633428638,27.910900736124717,0.0 85.13847942476417,27.910720283507032,0.0 85.13868256200259,27.91072302870472,0.0 85.13868565211497,27.91054257606118,0.0 85.13909501541437,27.910367612827073,0.0 85.13889805820034,27.910003962915557,0.0 85.13910119414895,27.910006707431574,0.0 85.1391042834733,27.909826254726266,0.0 85.13951364340511,27.909651290067078,0.0 85.1395198205637,27.909290384548047,0.0 85.13992917783013,27.909115418510495,0.0 85.13973221976424,27.90875176970446,0.0 85.13993535347008,27.908754512878044,0.0 85.13993844124715,27.908574060054246,0.0 85.14014157464487,27.90857680290782,0.0 85.14014466205658,27.908396350058197,0.0 85.14034779514618,27.908399092591775,0.0 85.14035088219256,27.90821863971633,0.0 85.14076023412842,27.908043670922247,0.0 85.14076949298985,27.907502312125807,0.0 85.14097262448162,27.907505053657875,0.0 85.14097879623951,27.9071441477268,0.0 85.14118192708644,27.907146888918124,0.0 85.14118501258578,27.906966435924243,0.0 85.14159435848934,27.906791464327306,0.0 85.1415974432581,27.906611011281804,0.0 85.14139431336412,27.906608270751185,0.0 85.14140048348929,27.906247364686585,0.0 85.14119735429729,27.906244623898335,0.0 85.14120043965369,27.906064170879255,0.0 85.141403568509,27.90606691164673,0.0 85.14140973846268,27.90570600555189,0.0 85.14120661028076,27.905703264825956,0.0 85.14121278079345,27.9053423587525,0.0 85.14100965331346,27.90533961776895,0.0 85.14101273886364,27.905159164745434,0.0 85.14121586600695,27.905161905708205,0.0 85.14122203634814,27.904800999604504,0.0 85.14101890987816,27.904798258683286,0.0 85.14102508077835,27.904437352600954,0.0 85.14122820657498,27.904440093480616,0.0 85.14123129164554,27.904259640411123,0.0 85.14102816618556,27.904256899552234,0.0 85.14103125156419,27.90407644649847,0.0 85.14123437668749,27.90407918733658,0.0 85.14123746170087,27.903898734256995,0.0 85.14144058651611,27.903901474775182,0.0 85.14144675578382,27.903540568559343,0.0 85.14164987995433,27.903543308736836,0.0 85.14165296420866,27.903362855600587,0.0 85.1414498403748,27.903360115443867,0.0 85.14145909397625,27.902818756067166,0.0 85.14125597118088,27.902816015673622,0.0 85.141465262901,27.90245784979083,0.0 85.14126214077888,27.90245510943884,0.0 85.14126522553501,27.90227465631388,0.0 85.1408620674506,27.902088721665603,0.0 85.14086823816642,27.90172781547359,0.0 85.14066511747657,27.901725074307322,0.0 85.1406682031282,27.901544621224534,0.0 85.14046508280356,27.90154187977993,0.0 85.1404681687632,27.90136142671288,0.0 85.14026504880377,27.901358684989937,0.0 85.1400681020529,27.900995036901808,0.0 85.13965877637453,27.90117000503748,0.0 85.13966186362342,27.900989552043505,0.0 85.1394587444516,27.90098680916568,0.0 85.1394618320085,27.900806356187456,0.0 85.13925871320187,27.900803613031318,0.0 85.13926180106674,27.900623160068836,0.0 85.138858652722,27.90043721997493,0.0 85.13886482965505,27.900076314107963,0.0 85.13866171228067,27.90007357013771,0.0 85.13867715579536,27.899171305486085,0.0 85.1384740401325,27.899168561320757,0.0 85.13848639577536,27.898446749591912,0.0 85.13828328148736,27.89844400521072,0.0 85.13828945981017,27.898083099357656,0.0 85.1380863462239,27.898080354719006,0.0 85.13809252510531,27.897719448887393,0.0 85.13829563801849,27.89772219348443,0.0 85.13830490511629,27.897180834636778,0.0 85.13850801704847,27.897183578872333,0.0 85.13851419429746,27.89682267290708,0.0 85.13831108303835,27.896819928713136,0.0 85.13831417195645,27.896639475743758,0.0 85.1381110610625,27.896636731271556,0.0 85.13811723948588,27.89627582535928,0.0 85.1377141089717,27.896089882678886,0.0 85.13771719878487,27.895909429751775,0.0 85.1379203082755,27.895912174738825,0.0 85.13793266589579,27.89519036289668,0.0 85.13854199050134,27.89519859581388,0.0 85.13854507882535,27.895018142778323,0.0 85.13895129469914,27.895023629852993,0.0 85.13895438232153,27.894843176770788,0.0 85.13915748996486,27.894845919838772,0.0 85.13896055748049,27.894482270591258,0.0 85.1391636644508,27.89448501361765,0.0 85.13916983882234,27.894124107376346,0.0 85.13937294514831,27.89412685006212,0.0 85.13937603195467,27.893946396913115,0.0 85.13896982000432,27.893940911284144,0.0 85.13917910016507,27.8935827479766,0.0 85.13836667918504,27.893571774492877,0.0 85.13836976758796,27.89339132143275,0.0 85.13816666275096,27.89338857733508,0.0 85.13817284014388,27.89302767124131,0.0 85.13796973600844,27.89302492688624,0.0 85.13797282499843,27.892844473852605,0.0 85.13838212091343,27.892669509141818,0.0 85.13838520917326,27.892489056056483,0.0 85.13818210601859,27.892486312062847,0.0 85.13818519458624,27.89230585899328,0.0 85.13838829740446,27.892308602966107,0.0 85.13839447378102,27.891947696770234,0.0 85.1381913716357,27.891944952839015,0.0 85.13819754857066,27.891584046664583,0.0 85.13840065004311,27.891586790554193,0.0 85.13840373813123,27.891406337438617,0.0 85.13820063699521,27.891403593569812,0.0 85.13820990209715,27.89086223425524,0.0 85.13841300222386,27.89086497806162,0.0 85.13841609019752,27.89068452492588,0.0 85.13821299040723,27.890681781140298,0.0 85.13821916694151,27.890320874895306,0.0 85.13842226605897,27.890323618639275,0.0 85.13843461743848,27.889601806005558,0.0 85.13823151966668,27.889599062344814,0.0 85.1382346077764,27.889418609194582,0.0 85.1384377052118,27.889421352834535,0.0 85.13844388067264,27.88906044647735,0.0 85.13824078391004,27.889057702879015,0.0 85.13824695992919,27.888696796543282,0.0 85.13804386386799,27.8886940526876,0.0 85.13804695217104,27.88851359953298,0.0 85.13764076080727,27.888508110966367,0.0 85.13764384975445,27.88832765784833,0.0 85.137234569558,27.888502621203948,0.0 85.13723765917797,27.88832216812753,0.0 85.13703456393267,27.88831942281871,0.0 85.13703765386038,27.888138969758074,0.0 85.13683455898008,27.88813622417112,0.0 85.13683764921554,27.88795577112627,0.0 85.13663455470027,27.887953025261197,0.0 85.1364376419441,27.88758937307563,0.0 85.13582836067434,27.88758113291486,0.0 85.13583145250571,27.88740067995901,0.0 85.13562835914279,27.88739793266171,0.0 85.13563145128187,27.88721747972166,0.0 85.13522835809788,27.887031531368493,0.0 85.13523454357816,27.88667062554653,0.0 85.1348283597438,27.886665129026085,0.0 85.13483145311366,27.88648467614922,0.0 85.13462836157584,27.886481927461457,0.0 85.13463145525337,27.886301474600398,0.0 85.13442836408056,27.88629872563455,0.0 85.13423146155084,27.885935070715927,0.0 85.13362219030857,27.885926821253197,0.0 85.13362528558177,27.88574636848127,0.0 85.13321910556968,27.885740867386577,0.0 85.13302220808502,27.88537721095703,0.0 85.13261602959041,27.88537170815231,0.0 85.13261912645919,27.885191255469564,0.0 85.13241603759127,27.88518850363971,0.0 85.13241913476767,27.885008050972793,0.0 85.13221604626476,27.885005298864893,0.0 85.13221914374878,27.88482484621381,0.0 85.13181606562968,27.884638888528674,0.0 85.13182226179943,27.88427798328479,0.0 85.13161917472792,27.884275230363688,0.0 85.13142228508524,27.883911571963154,0.0 85.13101611243101,27.883906064709997,0.0 85.1310192117606,27.883725612153928,0.0 85.13081612581287,27.883722858099905,0.0 85.13061923981205,27.88335919870328,0.0 85.1302130694054,27.883353689184354,0.0 85.13021616999399,27.883173236696717,0.0 85.13001308517005,27.883170481509826,0.0 85.12981620281094,27.882806821117246,0.0 85.12941003465193,27.882801309332645,0.0 85.12941313649941,27.88262085691348,0.0 85.12921005279931,27.882618100593774,0.0 85.12921315495431,27.88243764819047,0.0 85.12881009111172,27.882251682329713,0.0 85.12881629662306,27.881890777581525,0.0 85.12841323549935,27.88170481067746,0.0 85.12842254548197,27.881163453627682,0.0 85.12821946461577,27.88116069598093,0.0 85.12842875199323,27.880802548902622,0.0 85.12822567179953,27.8807997912977,0.0 85.12804121451293,27.8797143193487,0.0 85.12783813639416,27.8797115612716,0.0 85.12786607179592,27.878087490051637,0.0 85.12766299673183,27.87808473186398,0.0 85.12766920495483,27.8777238271348,0.0 85.1274661305919,27.87772106869018,0.0 85.12747233937219,27.877360163982683,0.0 85.12726926571041,27.877357405281092,0.0 85.12727237039358,27.877176952940705,0.0 85.12747544371918,27.877179711621366,0.0 85.12747854803739,27.87699925925501,0.0 85.12727547504798,27.87699650059527,0.0 85.12728478883851,27.876455143528712,0.0 85.1270817168864,27.87645238463296,0.0 85.12708482176185,27.87627193228828,0.0 85.12728789337781,27.87627469116311,0.0 85.12729410237009,27.87591378641677,0.0 85.12709103142645,27.875911027583797,0.0 85.12730652000931,27.875191976863594,0.0 85.1271034504103,27.875189218114322,0.0 85.12710655508432,27.87500876573434,0.0 85.12690348585024,27.87500600670722,0.0 85.12690659083162,27.874825554343133,0.0 85.12670352196245,27.874822795038167,0.0 85.12650666434307,27.874459130774845,0.0 85.12609742182482,27.874634063045225,0.0 85.1261005280932,27.874453610754784,0.0 85.12589746001146,27.874450850296594,0.0 85.1257006057534,27.874087185027406,0.0 85.12488833651865,27.87407613917948,0.0 85.1248914447174,27.87389568699958,0.0 85.12448220207412,27.874070614462934,0.0 85.12448531094513,27.873890162324948,0.0 85.12407917728811,27.873884636455255,0.0 85.12408228680255,27.873704184354143,0.0 85.12367304374638,27.87387910939053,0.0 85.12367615393305,27.87369865733134,0.0 85.12347308754156,27.8736958933718,0.0 85.1234761980355,27.87351544132854,0.0 85.12307006601122,27.873509912555118,0.0 85.12307317714858,27.87332946054876,0.0 85.12287011151582,27.873326695734896,0.0 85.12267326944453,27.872963026678303,0.0 85.12206407482245,27.8729547296738,0.0 85.12206718755382,27.87277427775719,0.0 85.1218641230736,27.872771511512507,0.0 85.12166728534281,27.87240784120468,0.0 85.121258043853,27.872582759148294,0.0 85.12126115787105,27.87240230730555,0.0 85.12105809417847,27.872399539907875,0.0 85.12086125980862,27.872035868594807,0.0 85.12045513391216,27.872030332389755,0.0 85.12025830220215,27.871666660328298,0.0 85.11985217782329,27.87166112241485,0.0 85.12006147174982,27.871302988031943,0.0 85.11985841024699,27.87130021896787,0.0 85.1198615264155,27.871119767236813,0.0 85.11965846527764,27.871116997895022,0.0 85.11966158175335,27.87093654617992,0.0 85.11925857735535,27.870750554964083,0.0 85.11926481150658,27.870389651592713,0.0 85.11906175179965,27.870386881438815,0.0 85.11886492750148,27.870023207678727,0.0 85.1184556912287,27.870198117575647,0.0 85.1184588095763,27.870017665961434,0.0 85.11825575065706,27.87001489465473,0.0 85.11805892971941,27.86965121988984,0.0 85.1174497552382,27.869642903407517,0.0 85.1174528751793,27.8694624518833,0.0 85.11704675967516,27.869456906110305,0.0 85.11704988025942,27.869276454623122,0.0 85.1164407082283,27.8692681337865,0.0 85.11644382979173,27.869087682357403,0.0 85.11624077284193,27.86908490816884,0.0 85.11624389471247,27.868904456755736,0.0 85.11583778157173,27.868898907524628,0.0 85.11584090408539,27.86871845614859,0.0 85.11543166854678,27.868893357098752,0.0 85.1154347917325,27.868712905764813,0.0 85.11523173559945,27.86871013012489,0.0 85.11523485909225,27.86852967880697,0.0 85.11483187172098,27.86834367539232,0.0 85.11484749196602,27.867441418912392,0.0 85.11464443827195,27.867438642523854,0.0 85.11445388296961,27.866714060730384,0.0 85.11405090360456,27.86652805538144,0.0 85.11406027900152,27.865986701610055,0.0 85.11385722811126,27.865983924195394,0.0 85.11386347890301,27.86562302169805,0.0 85.11366042871366,27.865620244026886,0.0 85.11366668006146,27.865259341551507,0.0 85.11346363057304,27.865256563623845,0.0 85.11347300838531,27.864715209936165,0.0 85.11306691151114,27.86470965331138,0.0 85.1132762123356,27.86435152933157,0.0 85.11307316458492,27.864348750912022,0.0 85.11307629107833,27.86416829970477,0.0 85.11287324369259,27.86416552100767,0.0 85.11267645057947,27.863801839666635,0.0 85.11227035729667,27.863796280863628,0.0 85.11247965872315,27.863438158091135,0.0 85.11227661276811,27.863435378582498,0.0 85.11227974046035,27.863254927434365,0.0 85.11207669487024,27.863252147648197,0.0 85.1120798228694,27.863071696516105,0.0 85.11167686109006,27.862885684995156,0.0 85.11168624684211,27.862344331680045,0.0 85.11128328842196,27.86215831915543,0.0 85.11129267584141,27.861616965906364,0.0 85.11190180328101,27.86162530738279,0.0 85.11190493135511,27.86144485622638,0.0 85.11170188918216,27.861442076053933,0.0 85.11170814591516,27.86108117376816,0.0 85.11150510444298,27.861078393339312,0.0 85.11151136173177,27.860717491075558,0.0 85.11130832096036,27.860714710390315,0.0 85.11131144989713,27.86053425927197,0.0 85.11110840949063,27.86053147830924,0.0 85.11111153873428,27.860351027206956,0.0 85.11090849869265,27.860348245966748,0.0 85.11091162824317,27.860167794880518,0.0 85.11070858856644,27.860165013362835,0.0 85.11071171842381,27.85998456229266,0.0 85.11050867911197,27.859981780497506,0.0 85.11031190080033,27.859618096332724,0.0 85.11010886221827,27.85961531398264,0.0 85.11010573141131,27.85979576499957,0.0 85.10970278514121,27.859609748386745,0.0 85.10971217940309,27.859068395432374,0.0 85.11011825446496,27.85907396090157,0.0 85.11012138515582,27.858893509864448,0.0 85.11032442239446,27.85889629213008,0.0 85.11032129203946,27.859076743188307,0.0 85.11194559367976,27.859098990733862,0.0 85.11194872134793,27.85891853950681,0.0 85.11255783393396,27.85892687734675,0.0 85.11256096056557,27.85874642605138,0.0 85.11297016102706,27.85857153173375,0.0 85.11297953864593,27.858030177675726,0.0 85.11318257461132,27.858032955656036,0.0 85.11298579024695,27.85766927494516,0.0 85.11318882554065,27.857672052883302,0.0 85.11319195096185,27.857491601489365,0.0 85.1133949859487,27.857494379107884,0.0 85.11339186086333,27.8576748305229,0.0 85.11379793159561,27.85768038490644,0.0 85.11380105600932,27.857499933449272,0.0 85.11400409108306,27.85750271017215,0.0 85.1140009670052,27.857683161650385,0.0 85.11623435842148,27.857713686129323,0.0 85.11623747880517,27.857533234419446,0.0 85.11644051422627,27.857536007559716,0.0 85.11663731022333,27.85789968390031,0.0 85.11805856388484,27.857919085727357,0.0 85.11806168127491,27.85773863383321,0.0 85.11887382551686,27.85774971393919,0.0 85.11887694153467,27.85756926195591,0.0 85.11928301315729,27.85757480017555,0.0 85.11928612847454,27.857394348145185,0.0 85.11969219954103,27.85739988512859,0.0 85.11968908489546,27.857580337200957,0.0 85.11989212080785,27.857583105265835,0.0 85.1198952351176,27.857402653172457,0.0 85.12030130635733,27.857408188364545,0.0 85.12029819271925,27.85758864049993,0.0 85.12050122871827,27.857591407669144,0.0 85.12049811538716,27.857771859820478,0.0 85.12070115175088,27.85777462671214,0.0 85.12089796273804,27.85813829767676,0.0 85.12130403695312,27.858143830051258,0.0 85.12130092487884,27.85832428227144,0.0 85.12109788742102,27.858321516212488,0.0 85.12129470064372,27.858685186696682,0.0 85.12190381520539,27.858693483208086,0.0 85.12190070405212,27.858873935476097,0.0 85.12230678124251,27.858879465032814,0.0 85.12230367073215,27.859059917337753,0.0 85.12250670970646,27.85906268168923,0.0 85.12250981988096,27.85888222936332,0.0 85.12271285854825,27.858884993395247,0.0 85.12270974870961,27.85906544574213,0.0 85.12372494415773,27.85907926152804,0.0 85.12372805231703,27.858898809076315,0.0 85.12413102253869,27.85908478575238,0.0 85.12434027604704,27.858726642382447,0.0 85.1247463532574,27.85873216473152,0.0 85.12474945967979,27.858551712164935,0.0 85.12535857470371,27.858559993386418,0.0 85.12536168008974,27.858379540751944,0.0 85.1251586420555,27.858376780664297,0.0 85.12516174774858,27.858196328045725,0.0 85.12495871007899,27.858193567680456,0.0 85.12476188508138,27.857829901848156,0.0 85.12455884814108,27.85782714092767,0.0 85.12455574149803,27.858007593493475,0.0 85.12414966703211,27.8580020707149,0.0 85.12414655968855,27.858182523233747,0.0 85.12374048466619,27.858176999219005,0.0 85.12373737662212,27.858357451690896,0.0 85.12231611260061,27.85833810808777,0.0 85.12231922299564,27.858157655762668,0.0 85.12211618572947,27.85815489121751,0.0 85.1221192964315,27.85797443890835,0.0 85.12191625953,27.857971674085608,0.0 85.12191937053905,27.857791221792386,0.0 85.12171633400223,27.857788456692074,0.0 85.12171944531828,27.857608004414786,0.0 85.12151640914615,27.8576052390369,0.0 85.12151952076918,27.85742478677556,0.0 85.12131648496174,27.8574220211201,0.0 85.12131959689178,27.857241568874713,0.0 85.12111656144901,27.857238802941694,0.0 85.12091975115193,27.856875132288177,0.0 85.12051056853836,27.85705005118488,0.0 85.120513681754,27.856869599013375,0.0 85.12010761247153,27.85686406454439,0.0 85.12011072632997,27.856683612409842,0.0 85.11990769206784,27.856680844748535,0.0 85.1199045778736,27.856861296862085,0.0 85.11929547425301,27.856852992023885,0.0 85.11929235902241,27.857033444069366,0.0 85.11888940531702,27.85684745397237,0.0 85.11888317348362,27.85720835797422,0.0 85.11868013838729,27.857205588458612,0.0 85.11868325465427,27.857025136481226,0.0 85.11827718521997,27.8570195965964,0.0 85.11827406828132,27.857200048531745,0.0 85.11807103327169,27.857197278120488,0.0 85.11807415054615,27.857016826206166,0.0 85.11766808128522,27.85701128453007,0.0 85.11766496333911,27.85719173640234,0.0 85.11725889352215,27.857186193489994,0.0 85.11726201213992,27.85700574165979,0.0 85.11705897761064,27.85700296977683,0.0 85.11705585865704,27.857183421586004,0.0 85.1148224770499,27.857152910938,0.0 85.11481935437327,27.85733336251059,0.0 85.1144132846947,27.857327811196818,0.0 85.114416408043,27.85714735966636,0.0 85.11340123603253,27.857133476262714,0.0 85.11340436103099,27.85695302483257,0.0 85.11320132705163,27.856950247277286,0.0 85.11319507635409,27.857311150090382,0.0 85.1127921331739,27.857125142638004,0.0 85.11278900713899,27.857305593999868,0.0 85.1125859725749,27.85730281550679,0.0 85.11258284617517,27.857483266842525,0.0 85.11237981130425,27.857480488029807,0.0 85.11237668453971,27.857660939339414,0.0 85.11196748674796,27.857835832038525,0.0 85.11196123173059,27.858196734548137,0.0 85.11175819560327,27.858193954755404,0.0 85.11175506771526,27.858374405981547,0.0 85.11155203128112,27.85837162586916,0.0 85.11155515950497,27.858191174664118,0.0 85.11114595849982,27.858366064748708,0.0 85.11094918058645,27.858002381452117,0.0 85.11054310932256,27.857996818624745,0.0 85.11053997944852,27.858177269729325,0.0 85.11033694352425,27.858174487846696,0.0 85.11034007373415,27.85799403676323,0.0 85.10993400264437,27.85798847214454,0.0 85.10993087176278,27.85816892318578,0.0 85.1091187285882,27.858157790281275,0.0 85.10911559633425,27.858338241232982,0.0 85.10769434454592,27.858318747007832,0.0 85.10769747915077,27.858138296204064,0.0 85.10749444363306,27.85813551014167,0.0 85.10749130869236,27.858315960924305,0.0 85.10708523707247,27.858310387861575,0.0 85.10708837268483,27.858129937121234,0.0 85.10566712528187,27.858110422145298,0.0 85.10567026321603,27.857929971548003,0.0 85.10546722832493,27.857927182521248,0.0 85.10546409005494,27.858107633097383,0.0 85.10505801968833,27.858102054105903,0.0 85.10506115862998,27.857921603572102,0.0 85.10424901958935,27.857910442091224,0.0 85.10425215984522,27.85772999163708,0.0 85.10404912549366,27.857727200541667,0.0 85.10404598490196,27.857907650974628,0.0 85.10363991561454,27.857902067845806,0.0 85.1036430568779,27.857721617455205,0.0 85.10283091999584,27.85771044769974,0.0 85.1028340625734,27.857529997388863,0.0 85.10263102876154,27.857527204224827,0.0 85.10262788584816,27.85770765451451,0.0 85.1022218176402,27.85770206724841,0.0 85.10222496122522,27.857521617001133,0.0 85.10202192750077,27.85751882294147,0.0 85.10201878357994,27.85769927316755,0.0 85.10161271554684,27.85769368411019,0.0 85.1016095709252,27.85787413428881,0.0 85.10120350233706,27.857868543994847,0.0 85.1012003570146,27.858048994126,0.0 85.10038821884494,27.858037809870666,0.0 85.10038507214999,27.85821825991189,0.0 85.0999790025685,27.858212665950482,0.0 85.09976967232912,27.858570768461902,0.0 85.09956663693964,27.858567970692363,0.0 85.09956978503628,27.85838752074614,0.0 85.09916371501659,27.85838192435387,0.0 85.09916056624827,27.858562374257623,0.0 85.09875449567366,27.858556776628674,0.0 85.09875134620447,27.858737226484898,0.0 85.09712706238744,27.858714823856968,0.0 85.09712391020231,27.858895273538145,0.0 85.09671783886853,27.858889669853095,0.0 85.0967146859825,27.85907011948669,0.0 85.09630861409394,27.859064514564892,0.0 85.09630546050698,27.85924496415091,0.0 85.09590254232234,27.85905890844886,0.0 85.09589938806369,27.859239357992333,0.0 85.09549331573734,27.85923375063951,0.0 85.09549016077774,27.859414200135387,0.0 85.0950840878967,27.859408591545776,0.0 85.09508093223614,27.859589040994035,0.0 85.09487789550366,27.859586236230104,0.0 85.09488105150005,27.85940578680312,0.0 85.09447497879454,27.85940017642213,0.0 85.09447182212644,27.859580625806547,0.0 85.09406574886627,27.859575014188735,0.0 85.09406890620608,27.859394564846905,0.0 85.09386586995575,27.859391758611444,0.0 85.0938627122801,27.859572207931983,0.0 85.09264449337786,27.859555364121658,0.0 85.09264765306862,27.859374914928942,0.0 85.09244461702326,27.859372106603562,0.0 85.09244145699665,27.859552555774968,0.0 85.09203538432214,27.859546938185908,0.0 85.09203854502044,27.859366489057127,0.0 85.09163247313482,27.859360870316458,0.0 85.09163563447551,27.859180421225265,0.0 85.09122956337882,27.859174801332998,0.0 85.09123272536188,27.858994352279392,0.0 85.09102969019334,27.858991541906754,0.0 85.09104233917581,27.858269745727117,0.0 85.09083930537993,27.858266935141234,0.0 85.09084879281644,27.857725588017427,0.0 85.09064576005734,27.857722777196994,0.0 85.09065208554006,27.85736187913186,0.0 85.09024602145307,27.85735625668071,0.0 85.09024918482207,27.85717580768323,0.0 85.08983995748339,27.857350633035434,0.0 85.08984944951725,27.856809286155848,0.0 85.08964641858383,27.856806473949433,0.0 85.08944971689883,27.856442763584884,0.0 85.08904365652185,27.856437137764814,0.0 85.08904682175898,27.856256688870115,0.0 85.08864076217097,27.85625106189866,0.0 85.08864392805035,27.856070613041613,0.0 85.08803483989581,27.856062170409626,0.0 85.08803800675318,27.855881721611592,0.0 85.08783497776285,27.855878906825257,0.0 85.08804434037985,27.855520824000376,0.0 85.08784131206107,27.85551800925676,0.0 85.08784447916615,27.855337560464932,0.0 85.08743842328822,27.855331930124912,0.0 85.08744159103549,27.855151481370758,0.0 85.08764461862398,27.85515429666866,0.0 85.0874479264419,27.85479058384729,0.0 85.08683884586719,27.854782136290797,0.0 85.08684201453364,27.85460168758559,0.0 85.08501477741808,27.85457632898966,0.0 85.08480540714137,27.85493440685308,0.0 85.08439935348817,27.85492876764351,0.0 85.08439618073376,27.855109216081967,0.0 85.08419315361552,27.855106396008033,0.0 85.0841836341685,27.855647741228875,0.0 85.0837807518556,27.85546165169799,0.0 85.08377757800561,27.855642100057075,0.0 85.08337152196043,27.855636457691247,0.0 85.08336834740948,27.85581690600245,0.0 85.08154109364133,27.855791500387344,0.0 85.08154427121427,27.85561105226894,0.0 85.08134124350083,27.855608227951706,0.0 85.08134759922989,27.855247331742593,0.0 85.08114457221745,27.855244507169726,0.0 85.08114775037355,27.85506405907902,0.0 85.08135077705022,27.85506688363045,0.0 85.0813571326025,27.854705987391,0.0 85.08095108062167,27.85470033807539,0.0 85.0807416971086,27.855058409080662,0.0 85.08013261743224,27.855049931844395,0.0 85.07993595118533,27.854686209562722,0.0 85.07952671883392,27.854861003997456,0.0 85.0793300549668,27.854497280960356,0.0 85.07892400424707,27.854491625717802,0.0 85.07872734303649,27.854127901936675,0.0 85.07832129383674,27.854122244989043,0.0 85.0783308417875,27.85358090151174,0.0 85.07812781823911,27.853578072654607,0.0 85.07813418406356,27.85321717702073,0.0 85.07793116121614,27.85321434790806,0.0 85.07793434441983,27.853033900105007,0.0 85.07773132193766,27.85303107071534,0.0 85.07773450544757,27.852850622928703,0.0 85.07753148333063,27.852847793262033,0.0 85.07753466714674,27.852667345491817,0.0 85.07733164539505,27.852664515548156,0.0 85.07733482951735,27.85248406779436,0.0 85.0771318081309,27.85248123757372,0.0 85.07693515627288,27.852117511617774,0.0 85.07652911499044,27.852111849770107,0.0 85.07653230036703,27.85193140208708,0.0 85.07511115915888,27.851911576369297,0.0 85.07510797143235,27.85209202390186,0.0 85.07490495104224,27.852089190441138,0.0 85.07490813910448,27.851908742930075,0.0 85.07470511907964,27.8519059091924,0.0 85.07470193068168,27.85208635668196,0.0 85.07429589004926,27.85208068826822,0.0 85.07429270095034,27.8522611357097,0.0 85.07388665976475,27.852255466059116,0.0 85.07388346996484,27.8524359134525,0.0 85.07348061869747,27.852249795214693,0.0 85.0732712165645,27.852607853997387,0.0 85.07225611120481,27.852593669955723,0.0 85.0722497260856,27.852954564372794,0.0 85.07184687605185,27.852768441417815,0.0 85.071843682806,27.85294888858075,0.0 85.07164066121062,27.852946050237026,0.0 85.07163746759946,27.853126497373353,0.0 85.07123142382606,27.85312081974742,0.0 85.07102201265828,27.85347887461496,0.0 85.07061596771966,27.853473195112013,0.0 85.07061916306868,27.85329274809354,0.0 85.07041614097956,27.85328990791591,0.0 85.07041294529479,27.853470354912833,0.0 85.06939783361494,27.853456149439857,0.0 85.06939463622192,27.853636596323902,0.0 85.068988591086,27.853630912002274,0.0 85.06898539299186,27.853811358838126,0.0 85.06817330173288,27.853799986526887,0.0 85.06817010226618,27.853980433271374,0.0 85.06776405614319,27.85397474528174,0.0 85.06776085597534,27.854155191978,0.0 85.06674573950842,27.854140966672627,0.0 85.06673933572631,27.854501859834045,0.0 85.06633328800434,27.85449616753615,0.0 85.06633008539727,27.854676614066076,0.0 85.06612706124508,27.854673767447803,0.0 85.06612065527037,27.855034660449252,0.0 85.06571780938579,27.85484851977585,0.0 85.06571460571209,27.855028966230833,0.0 85.06551158097749,27.855026118673884,0.0 85.06530214749306,27.855384163626795,0.0 85.0644868405072,27.855553215357347,0.0 85.06448363470011,27.855733661662388,0.0 85.06428060880076,27.855730812228025,0.0 85.06407116988476,27.856088855003566,0.0 85.06366511689161,27.856083154555844,0.0 85.06366190965228,27.85626360075919,0.0 85.06345888286455,27.856260750065942,0.0 85.06345567525972,27.856441196242596,0.0 85.06325264816594,27.856438345229204,0.0 85.0632494401956,27.856618791379162,0.0 85.0630464127958,27.856615940045643,0.0 85.06304320445993,27.8567963861689,0.0 85.06284017675408,27.856793534515226,0.0 85.06283696805271,27.85697398061178,0.0 85.06263394004081,27.856971128637955,0.0 85.06242449322353,27.857329168456964,0.0 85.06201843600539,27.857323462930168,0.0 85.0620152258716,27.857503908924958,0.0 85.06181219697137,27.857501055692133,0.0 85.06180898647203,27.857681501660203,0.0 85.06160595726578,27.857678648107207,0.0 85.06139650565815,27.85803668609003,0.0 85.06099044605128,27.858030977404812,0.0 85.06078099172748,27.858389014298538,0.0 85.06017190061505,27.85838044800621,0.0 85.06017511391985,27.858200002231687,0.0 85.05976584002235,27.858374735652024,0.0 85.05976905399878,27.85819428992085,0.0 85.05956602408294,27.858191433317643,0.0 85.05956923836536,27.858010987603077,0.0 85.05916639421889,27.857824827868185,0.0 85.059375852491,27.857466793613995,0.0 85.05896979549466,27.85746107908842,0.0 85.05877319802418,27.85709733007662,0.0 85.05836714254983,27.857091613846713,0.0 85.05837357475667,27.856730722611974,0.0 85.05817054773577,27.85672786409264,0.0 85.05817376413025,27.856547418489367,0.0 85.05797073747493,27.856544559693223,0.0 85.05797395417537,27.856364114106583,0.0 85.05777092788564,27.856361255033633,0.0 85.05777414489204,27.856180809463627,0.0 85.0575711189679,27.856177950113874,0.0 85.05757433628021,27.855997504560495,0.0 85.05717150314698,27.85581133949387,0.0 85.0571779389655,27.85545044844861,0.0 85.0569749144739,27.85544758829018,0.0 85.05697813267415,27.855267142781667,0.0 85.05677510854814,27.85526428234646,0.0 85.0567783270543,27.855083836854583,0.0 85.05657530329387,27.855080976142602,0.0 85.05657852210597,27.85490053066737,0.0 85.0563754987111,27.854897669678618,0.0 85.0561789142237,27.85453391751258,0.0 85.05577286892617,27.854528194129543,0.0 85.05578252903311,27.853986857903653,0.0 85.05557950743632,27.85398399582958,0.0 85.0555762870948,27.854164441221553,0.0 85.05537326519213,27.854161578827295,0.0 85.05537648586939,27.85398113345704,0.0 85.05497044282508,27.853975407816563,0.0 85.05497366414392,27.853794962484695,0.0 85.05477064300227,27.85379209923848,0.0 85.05477708622179,27.853431208603016,0.0 85.05416802499043,27.853422617203986,0.0 85.05417124756252,27.853242171943858,0.0 85.0537652075624,27.853236442895668,0.0 85.053568634676,27.852872687518886,0.0 85.05315937200713,27.853047401928478,0.0 85.05316259619802,27.85286695676694,0.0 85.0527565578396,27.85286122482118,0.0 85.05255998901153,27.852497468192844,0.0 85.05235697057846,27.85249460151735,0.0 85.05235374510455,27.85267504660201,0.0 85.0521507263657,27.8526721796063,0.0 85.05215395217529,27.852491734543396,0.0 85.0507328241907,27.85247165736922,0.0 85.05073605232025,27.85229121245362,0.0 85.05033001669392,27.852285473475668,0.0 85.05033324546493,27.852105028598565,0.0 85.05013022803236,27.852102158683703,0.0 85.05012699892565,27.85228260353903,0.0 85.04992398118732,27.85227973330395,0.0 85.0499272106297,27.852099288470406,0.0 85.04891212406567,27.852084932927273,0.0 85.04890889294484,27.852265377651864,0.0 85.04870587538619,27.852262505626125,0.0 85.04850932141197,27.851898743934875,0.0 85.04770048735739,27.851706807224218,0.0 85.04750393771707,27.851343044293845,0.0 85.04709790640612,27.851337295983853,0.0 85.04710114039824,27.851156851430186,0.0 85.04628907947885,27.851145351316326,0.0 85.04629231478366,27.850964906844858,0.0 85.04446518249104,27.850939014327196,0.0 85.04446194416523,27.851119458602145,0.0 85.04425892928047,27.85111658014177,0.0 85.04425569058897,27.851297024389805,0.0 85.04384966023817,27.851291266530076,0.0 85.0438464208453,27.851471710729342,0.0 85.04344363000749,27.851285507476646,0.0 85.04343390972475,27.851826839928123,0.0 85.04323089364746,27.851823959888186,0.0 85.04322765315746,27.852004404006685,0.0 85.04281837923021,27.852179087057497,0.0 85.04280541416408,27.852900863285633,0.0 85.04300843219542,27.85290374405361,0.0 85.04299870908741,27.85344507623708,0.0 85.0432017281559,27.853447956772182,0.0 85.04319524660508,27.85380884491288,0.0 85.04339826637504,27.853811725193243,0.0 85.04339502589026,27.853992169277852,0.0 85.04359804602598,27.853995049281615,0.0 85.0435948058469,27.854175493383,0.0 85.04379782634835,27.85417837311017,0.0 85.04399436777446,27.854542140813848,0.0 85.04338530425572,27.854533501501237,0.0 85.04338206365078,27.854713945565564,0.0 85.04317904220223,27.854711065175902,0.0 85.0429695381408,27.855069072513775,0.0 85.042563494051,27.855063310154634,0.0 85.04235398727364,27.855421316401884,0.0 85.04154514063586,27.855229342885796,0.0 85.04175464958298,27.854871337975414,0.0 85.04155162803914,27.854868455176117,0.0 85.04155487169568,27.85468801131367,0.0 85.0411520736676,27.854501801039667,0.0 85.04115856217321,27.854140913376952,0.0 85.04075576686097,27.853954702068943,0.0 85.04076225652895,27.853593814463352,0.0 85.04055923748552,27.853590930324913,0.0 85.0405624826101,27.853410486536404,0.0 85.04035946393248,27.853407602121408,0.0 85.04036270936267,27.853227158349714,0.0 85.04015969105083,27.85322427365815,0.0 85.03996316488198,27.85286050119712,0.0 85.03915109474151,27.852848958427796,0.0 85.03914784735733,27.853029402078246,0.0 85.03874505985189,27.852843185252464,0.0 85.03874181179631,27.853023628859102,0.0 85.03833577635577,27.853017854446176,0.0 85.03833252759868,27.853198298003914,0.0 85.03792649160721,27.853192522353368,0.0 85.03792324214861,27.8533729658622,0.0 85.03752045573624,27.853186745509035,0.0 85.03751720560624,27.853367188974026,0.0 85.03528400677826,27.853335394749944,0.0 85.03528075292542,27.853515837968573,0.0 85.03507773469538,27.85351294577193,0.0 85.0350809888839,27.853332502575245,0.0 85.03467495318574,27.85332671733051,0.0 85.03467820801549,27.853146274172655,0.0 85.03386613832406,27.853134700189646,0.0 85.03386939446641,27.85295425711456,0.0 85.03366637745471,27.85295136289466,0.0 85.03366312097666,27.853131805947786,0.0 85.03325708637242,27.853126016568723,0.0 85.03326034352186,27.852945573559538,0.0 85.03305732660073,27.852942678444315,0.0 85.03306058405565,27.852762235452026,0.0 85.03285756750041,27.852759340060334,0.0 85.03286082526081,27.85257889708495,0.0 85.03245805131388,27.8523926625137,0.0 85.03247434286861,27.8514904477551,0.0 85.0322713287537,27.85148755162195,0.0 85.03228110433103,27.85094622277187,0.0 85.03207809125333,27.85094332640625,0.0 85.0320878675657,27.850401997576455,0.0 85.03188485552516,27.85039910097837,0.0 85.03189137358697,27.85003821511045,0.0 85.03168836224792,27.85003531825793,0.0 85.03169162156915,27.849854875338348,0.0 85.03128885961524,27.849668637901388,0.0 85.03129537944912,27.849307752124826,0.0 85.03109236954325,27.849304854465057,0.0 85.03109562975047,27.849124411591166,0.0 85.03089262021047,27.849121513655,0.0 85.03089588072308,27.848941070798023,0.0 85.03069287154891,27.848938172585463,0.0 85.03049638468198,27.84857438843334,0.0 85.02928159758758,27.848376548669403,0.0 85.02928486066416,27.848196105968174,0.0 85.02908185307436,27.848193205456568,0.0 85.02908511645629,27.848012762772278,0.0 85.0286791020387,27.848006960897948,0.0 85.02868236606155,27.84782651825263,0.0 85.02827308774215,27.848001157830115,0.0 85.02827635243621,27.847820715228842,0.0 85.02807334566891,27.847817813269383,0.0 85.02807661066831,27.84763737068507,0.0 85.0278736042669,27.847634468449264,0.0 85.0278768695716,27.847454025881902,0.0 85.02767386353607,27.847451123369755,0.0 85.02767712914608,27.84727068081934,0.0 85.02747412347641,27.847267778030865,0.0 85.02727765030856,27.846903989916118,0.0 85.02666863558558,27.846895278997618,0.0 85.02667190278267,27.846714836542176,0.0 85.02646889827116,27.84671193232799,0.0 85.02627242943556,27.846348142977522,0.0 85.02586642190633,27.846342333145568,0.0 85.02586969035482,27.84616189076309,0.0 85.02546368361794,27.846156079781824,0.0 85.02546695270726,27.845975637438382,0.0 85.02506094676275,27.845969825307833,0.0 85.02506421649288,27.845789383003428,0.0 85.0246549409395,27.845964011983877,0.0 85.02465821134075,27.845783569723604,0.0 85.02425220630991,27.845777755250396,0.0 85.02425547735196,27.845597313029177,0.0 85.02405247521759,27.84559440536713,0.0 85.02405574656485,27.8454139631629,0.0 85.02385274479636,27.84541105522458,0.0 85.02365628700396,27.84504726265255,0.0 85.02304728398481,27.845038536284985,0.0 85.02305055691882,27.84485809417593,0.0 85.02284755630868,27.844855184812154,0.0 85.02285410275671,27.844494300622976,0.0 85.02265110284799,27.844491391005043,0.0 85.02265437636203,27.84431094892493,0.0 85.02245137681918,27.844308039030754,0.0 85.0224546506384,27.844127596967656,0.0 85.02225165146143,27.84412468679724,0.0 85.02225492558584,27.84394424475116,0.0 85.02185220275912,27.843757981552574,0.0 85.0218587521982,27.843397097523415,0.0 85.02165575445441,27.843394186546416,0.0 85.02165902946392,27.84321374454631,0.0 85.02145603208601,27.8432108332931,0.0 85.02146258268495,27.84284994932188,0.0 85.02125958600841,27.842847037814554,0.0 85.02126941268558,27.842305711885956,0.0 85.02106641704593,27.84230280014664,0.0 85.02107624445622,27.84176147423868,0.0 85.02087324985342,27.84175856226738,0.0 85.0208765259316,27.84157812031001,0.0 85.02107952019891,27.841581032259207,0.0 85.02128906521988,27.841223059891746,0.0 85.02209776602591,27.841415145435796,0.0 85.02210758794845,27.840873819120244,0.0 85.02231058105605,27.84087672919133,0.0 85.02231385463405,27.8406962870539,0.0 85.02251684743652,27.840699196804607,0.0 85.0225201206487,27.840518754640016,0.0 85.02292937818466,27.84034413098859,0.0 85.02293592311541,27.839983246545703,0.0 85.02313891466707,27.839986155313245,0.0 85.02294246792484,27.83962236208252,0.0 85.02335172140494,27.839447736947644,0.0 85.02336480785473,27.83872596776344,0.0 85.02356779711891,27.838728875779896,0.0 85.0235710683201,27.838548433449088,0.0 85.02336807939135,27.83854552545471,0.0 85.02337789381917,27.838004198498062,0.0 85.02358088174164,27.83800710642621,0.0 85.0235841528215,27.837826664075106,0.0 85.02338116523444,27.837823756169033,0.0 85.02338770797398,27.837462871495756,0.0 85.0235906948902,27.837465779357675,0.0 85.02359396587906,27.83728533699135,0.0 85.02339097929826,27.83728242915151,0.0 85.02340406429201,27.836560659723776,0.0 85.02360704953121,27.836563567475313,0.0 85.02361359117529,27.836202682686856,0.0 85.0234106066069,27.836199774979473,0.0 85.02341387771885,27.83601933259971,0.0 85.02361686195185,27.836022240285015,0.0 85.02362340341396,27.83566135546612,0.0 85.02342041985175,27.83565844782496,0.0 85.02342696186331,27.835297563029922,0.0 85.02362994475477,27.83530047062693,0.0 85.02363321537969,27.835120028199718,0.0 85.0234302328236,27.835117120624787,0.0 85.02343677465319,27.83475623579931,0.0 85.02363975653851,27.834759143330093,0.0 85.02366264963919,27.83349604612659,0.0 85.02325996158618,27.833309788642104,0.0 85.02346948198134,27.832951811367533,0.0 85.0230635250087,27.832945995852917,0.0 85.02306679624537,27.832765553425997,0.0 85.0228638181399,27.83276264524349,0.0 85.02307333862774,27.832404668556922,0.0 85.0228703611929,27.83240176041858,0.0 85.02267392739073,27.832037967181037,0.0 85.02226797401407,27.83203214950182,0.0 85.02247749483882,27.831674173713363,0.0 85.0222745188363,27.831671264768836,0.0 85.02228106353715,27.831310380015577,0.0 85.0220780882356,27.83130747081707,0.0 85.02208463348566,27.83094658608768,0.0 85.02188165888506,27.830943676635194,0.0 85.02189475036225,27.830221907203924,0.0 85.02169177713319,27.830218997541646,0.0 85.02169832336023,27.829858112839766,0.0 85.02190129591874,27.82986102245784,0.0 85.02190456865145,27.8296805800772,0.0 85.02170159642823,27.829677670481207,0.0 85.02151171754494,27.828952991190512,0.0 85.02110904985449,27.828766728366993,0.0 85.02131856739277,27.828408754052234,0.0 85.02111559760748,27.82840584371652,0.0 85.02112214523903,27.82804495904576,0.0 85.02091917615462,27.828042048456126,0.0 85.0209224502601,27.82786160613523,0.0 85.0205197875985,27.827675341824058,0.0 85.02052633699861,27.827314457245336,0.0 85.02032336934629,27.827311545849774,0.0 85.0203299192954,27.826950661294973,0.0 85.0201269523439,27.82694774964552,0.0 85.02013677804548,27.8264064228416,0.0 85.01993381213003,27.826403510960375,0.0 85.01994036311633,27.82604262644329,0.0 85.0197373979017,27.826039714308198,0.0 85.01974394943691,27.82567882981505,0.0 85.01954098492308,27.825675917426093,0.0 85.01954753700718,27.82531503295688,0.0 85.01934457319415,27.825312120314077,0.0 85.01935440209806,27.824770793638567,0.0 85.01915143932099,27.82476788076404,0.0 85.01916126895699,27.824226554109238,0.0 85.01895830721588,27.824223641002998,0.0 85.01916782189573,27.823865669647333,0.0 85.018964860825,27.823862756585346,0.0 85.01896813758395,27.823682314368902,0.0 85.01856221620397,27.823676487394973,0.0 85.0185654936029,27.823496045217713,0.0 85.01876845394253,27.823498958831586,0.0 85.01877500797885,27.82313807441759,0.0 85.01857204830957,27.82313516084798,0.0 85.01857860289465,27.822774276457938,0.0 85.01837564392608,27.822771362634523,0.0 85.01837892150819,27.82259092045403,0.0 85.01858188014161,27.822593834255308,0.0 85.01858515735816,27.822413392047615,0.0 85.0183821990599,27.82241047826846,0.0 85.01839203153266,27.821869151681305,0.0 85.01859498882548,27.82187206539407,0.0 85.01860154298507,27.821511180933012,0.0 85.01839858636252,27.8215082672645,0.0 85.01840186373187,27.82132782504849,0.0 85.01860482001928,27.821330738694872,0.0 85.01860809702309,27.82115029645166,0.0 85.01820218514892,27.821144468905118,0.0 85.01821201798876,27.820603142277818,0.0 85.01780938646965,27.82041687149698,0.0 85.01781922095539,27.819875544941606,0.0 85.01741331401608,27.819869715320753,0.0 85.01741003521435,27.820050157466675,0.0 85.01720708145521,27.820047242187073,0.0 85.01720380228797,27.82022768430578,0.0 85.01679461432279,27.82040229487759,0.0 85.01678805449575,27.820763179001048,0.0 85.01658509948739,27.820760262738805,0.0 85.0165818191931,27.820940704770774,0.0 85.01637886388005,27.82093778818835,0.0 85.01637558322022,27.8211182301931,0.0 85.01617262760246,27.82111531329049,0.0 85.01616934657709,27.82129575526801,0.0 85.01596639065463,27.821292838045217,0.0 85.0159631092637,27.82147327999551,0.0 85.01555391474817,27.821647886512395,0.0 85.01554735047357,27.822008770298957,0.0 85.0157503076757,27.82201168820646,0.0 85.0157470258279,27.822192130114296,0.0 85.01554406829061,27.822189212184636,0.0 85.01553750383339,27.82255009594075,0.0 85.01574046204098,27.82255301391474,0.0 85.0157338981323,27.82291389769488,0.0 85.01613653464972,27.823100174764114,0.0 85.01612997189906,27.82346105860244,0.0 85.01653261112824,27.823647334641464,0.0 85.01652933034718,27.82382777659225,0.0 85.01632636967173,27.823824859655396,0.0 85.01631980734798,27.824185743497445,0.0 85.01591388474766,27.824179908640915,0.0 85.01591060286978,27.824360350510013,0.0 85.0161135644899,27.82436326810947,0.0 85.01611028291677,27.824543709995652,0.0 85.01651292598551,27.824729986270068,0.0 85.01650636402785,27.825090870105676,0.0 85.01670932708002,27.825093786899515,0.0 85.01670604639075,27.82527422883186,0.0 85.01650308300337,27.825271312015868,0.0 85.01649652086314,27.825632195821033,0.0 85.0160873110527,27.82580680305683,0.0 85.0160774655116,27.826348128578367,0.0 85.01587450020426,27.82634521073518,0.0 85.01586793568757,27.826706094346513,0.0 85.01566496974024,27.826703176160905,0.0 85.01566168710102,27.826883617936797,0.0 85.01586465338357,27.826886536144563,0.0 85.01585808868424,27.827247419725445,0.0 85.01606105566769,27.82725033767943,0.0 85.01605777360761,27.82743077948441,0.0 85.01626074095674,27.82743369716244,0.0 85.01625745920146,27.82761413898451,0.0 85.01646042691625,27.82761705638658,0.0 85.01665683240057,27.827980857208065,0.0 85.01726573783027,27.82798960686414,0.0 85.01746214666706,27.82835340669433,0.0 85.01786808517411,27.828359237800107,0.0 85.01786480594869,27.82853967977398,0.0 85.0180677755831,27.828542594901823,0.0 85.01826418804687,27.828906393752582,0.0 85.01867012880874,27.828912222606167,0.0 85.01866685083313,27.829092664653334,0.0 85.01886982159493,27.829095578655057,0.0 85.0188665439242,27.829276020719288,0.0 85.01926920917894,27.82946228997598,0.0 85.01926265502662,27.829823174167558,0.0 85.01946562722068,27.829826087363365,0.0 85.01945251989251,27.830547855774125,0.0 85.01965549345812,27.830550768760258,0.0 85.01965221688539,27.830731210872383,0.0 85.01985519081667,27.830734123582477,0.0 85.01984863825069,27.831095007835746,0.0 85.02005161288294,27.83109792029192,0.0 85.02004833688967,27.83127836243305,0.0 85.0204510115629,27.83146462867543,0.0 85.02044446076573,27.83182551302077,0.0 85.02064743683034,27.831828424670903,0.0 85.02043790984706,27.83218639734582,0.0 85.02064088658231,27.832189309040164,0.0 85.02063433621281,27.832550193389128,0.0 85.02083731364908,27.832553104829522,0.0 85.0208340387541,27.832733547018492,0.0 85.02123672013371,27.832919811277048,0.0 85.02123017153326,27.83328069571805,0.0 85.02143315040198,27.833283606352303,0.0 85.02142660235076,27.833644490817203,0.0 85.02122362281135,27.833641580138757,0.0 85.02101409378825,27.833999553518314,0.0 85.02081111363889,27.833996642199274,0.0 85.02081438874646,27.83381620004582,0.0 85.02040842920954,27.833810376557363,0.0 85.02041170495743,27.833629934443042,0.0 85.02000246979411,27.833804551876135,0.0 85.02000574621269,27.83362410980603,0.0 85.0195997875895,27.833618283976275,0.0 85.01960306464838,27.833437841945333,0.0 85.01940008571772,27.83343492860529,0.0 85.01939680832348,27.8336153706141,0.0 85.01899084988261,27.833609542995195,0.0 85.01898757178729,27.833789984954695,0.0 85.01858161279732,27.83378415609877,0.0 85.01858489156335,27.833603714183525,0.0 85.01838191244931,27.833600799330405,0.0 85.01837863334794,27.833781241223527,0.0 85.0179726745404,27.83377541057845,0.0 85.01796939473795,27.83395585242221,0.0 85.01817237446186,27.833958767915977,0.0 85.01816909496434,27.834139209776797,0.0 85.01857177631686,27.83432548181403,0.0 85.01856849742923,27.83450592370898,0.0 85.01836551663844,27.8345030087452,0.0 85.01856193956274,27.834866807483625,0.0 85.01917088412974,27.834875550718515,0.0 85.01916760615698,27.835055992664607,0.0 85.01997953401329,27.83506764622472,0.0 85.01997625735164,27.83524808825422,0.0 85.02038549812376,27.835073471215527,0.0 85.02038222213285,27.835253913289247,0.0 85.02058520456902,27.835256825359448,0.0 85.0203756700599,27.835614797421478,0.0 85.02057865316684,27.835617709535896,0.0 85.02057537742017,27.835798151616505,0.0 85.02098461947182,27.835623532870077,0.0 85.02098134439592,27.835803974994906,0.0 85.02138403705766,27.835990239344383,0.0 85.0213643898071,27.837072892221553,0.0 85.02116140389555,27.837069981123197,0.0 85.02115157885413,27.837611307426975,0.0 85.0209485919667,27.837608395964075,0.0 85.02094204111641,27.837969280097013,0.0 85.02053278994947,27.838143898202695,0.0 85.02051640878608,27.839046108199803,0.0 85.02031341930636,27.839043195665294,0.0 85.02031014264709,27.839223637627384,0.0 85.01990088574739,27.83939825353213,0.0 85.01989433093517,27.83975913734247,0.0 85.01969134020484,27.839756223824708,0.0 85.0198877760014,27.84012002113251,0.0 85.01968478460016,27.84011710757052,0.0 85.01968150675222,27.840297549435803,0.0 85.01947851504589,27.840294635553413,0.0 85.01947195858793,27.840655519224526,0.0 85.01926896624109,27.84065260499962,0.0 85.01926568763103,27.84083304680544,0.0 85.01946868031335,27.84083596105247,0.0 85.01946540200838,27.841016402875333,0.0 85.01926240899058,27.841013488606176,0.0 85.0192492941248,27.8417352557584,0.0 85.0190462997955,27.841732341102464,0.0 85.01903974150923,27.84209322460387,0.0 85.01924273650951,27.842096139304058,0.0 85.01923945765625,27.84227658106927,0.0 85.01903646232049,27.842273666346955,0.0 85.01902990385179,27.842634549817912,0.0 85.01923289985855,27.842637464584474,0.0 85.0192296209141,27.84281790633446,0.0 85.01902662457184,27.84281499154577,0.0 85.01901350714796,27.843536758406465,0.0 85.01881050949406,27.843533843230954,0.0 85.01880722972655,27.8437142849113,0.0 85.01901022771598,27.843717200108944,0.0 85.01900366876079,27.844078083498687,0.0 85.01920666745166,27.844080998442255,0.0 85.01920010904591,27.844441881855946,0.0 85.01940310843825,27.84444479654545,0.0 85.01938999260403,27.84516656340042,0.0 85.01959299336892,27.84516947788008,0.0 85.01958971466992,27.845349919603255,0.0 85.01979271580075,27.845352833806707,0.0 85.01978615898263,27.845713717282067,0.0 85.02018888489415,27.845899986656722,0.0 85.01997932636651,27.846257956472744,0.0 85.02038533213569,27.846263783609096,0.0 85.02038205459655,27.84644422539029,0.0 85.02078806115843,27.84645005137747,0.0 85.02078478426003,27.846630493197807,0.0 85.0213937953374,27.846639230007256,0.0 85.02159024788727,27.847003025482625,0.0 85.02240226588836,27.847014669368253,0.0 85.02259872249553,27.847378463596666,0.0 85.02300473308127,27.847384283240945,0.0 85.0230014597224,27.847564725278957,0.0 85.02381021055352,27.84775680319669,0.0 85.02400667317096,27.848120595693395,0.0 85.02420968000341,27.848123503664443,0.0 85.02421295143974,27.84794306150919,0.0 85.02441595796692,27.84794596915979,0.0 85.02461242296386,27.848309760905718,0.0 85.02501843751227,27.848315574803312,0.0 85.02502170763651,27.848135132564874,0.0 85.02522471462059,27.84813803904404,0.0 85.02522144483194,27.84831848130454,0.0 85.02542445218194,27.84832138750739,0.0 85.02562092123642,27.84868517800586,0.0 85.0260269374304,27.848690989007874,0.0 85.02602366889325,27.848871431341372,0.0 85.02622667737131,27.848874336416856,0.0 85.02622994557284,27.84869389406131,0.0 85.02663596194861,27.848699703273017,0.0 85.02663922944863,27.848519260868308,0.0 85.02704524527437,27.848525068842402,0.0 85.02704197844557,27.848705511291197,0.0 85.02724498673948,27.84870841485271,0.0 85.02744146265766,27.84907220308634,0.0 85.02825023403621,27.849264255897,0.0 85.0282469691,27.849444698457688,0.0 85.02844997891806,27.84944760031699,0.0 85.02844344962608,27.8498084854672,0.0 85.02864646014565,27.849811387072148,0.0 85.0286431957899,27.849991829661665,0.0 85.02904595387636,27.850178074648884,0.0 85.02902963484875,27.85108028771519,0.0 85.02923264780861,27.851083188579054,0.0 85.02922612065709,27.851444073814097,0.0 85.0294291343185,27.851446974423567,0.0 85.02942587103303,27.851627417055493,0.0 85.02922285703593,27.85162451642401,0.0 85.02921632970285,27.851985401628614,0.0 85.02941934437128,27.851988302304125,0.0 85.02941281758852,27.852349187532468,0.0 85.02920980224874,27.852346286812928,0.0 85.02920653847632,27.85252672939747,0.0 85.02940955415175,27.852529630139028,0.0 85.02940302718747,27.85289051533693,0.0 85.02960604356454,27.85289341582407,0.0 85.0298025342293,27.853257201278435,0.0 85.03041158564689,27.85326590018596,0.0 85.03040506179751,27.853626785563346,0.0 85.03060807966857,27.853629684646304,0.0 85.03060481803422,27.85381012734939,0.0 85.03080783627124,27.853813026155898,0.0 85.03080457494235,27.85399346887591,0.0 85.0310075935453,27.853996367405966,0.0 85.03100433252189,27.8541768101429,0.0 85.03120735149078,27.854179708396494,0.0 85.03120409077285,27.854360151150352,0.0 85.03140711010766,27.854363049127482,0.0 85.03140384969522,27.854543491898262,0.0 85.031606869396,27.854546389598926,0.0 85.03160360928905,27.854726832386614,0.0 85.03180662935576,27.854729729810806,0.0 85.03200313049099,27.855093512584656,0.0 85.03342427671551,27.85511378441542,0.0 85.03342101953943,27.855294227385713,0.0 85.03403008366726,27.855302910902047,0.0 85.03402682746818,27.855483353933167,0.0 85.03443287104248,27.855489141495614,0.0 85.0344296154847,27.855669584565586,0.0 85.03463263765285,27.855672477921054,0.0 85.0346358928749,27.85549203482913,0.0 85.0348389147375,27.85549492786417,0.0 85.03483565985118,27.855675370978044,0.0 85.03605379367472,27.855692723051998,0.0 85.03606029938835,27.855331836555813,0.0 85.03666936469286,27.855340508431723,0.0 85.03666611285831,27.855520951748154,0.0 85.03727517944134,27.855529621003583,0.0 85.03727192858388,27.855710064380734,0.0 85.03747495117425,27.855712953557518,0.0 85.03767147333238,27.856076729262597,0.0 85.03807752000672,27.856082506211443,0.0 85.03807427040185,27.856262949661065,0.0 85.03888636545501,27.85627450006459,0.0 85.03888311716304,27.8564549435968,0.0 85.03908614133736,27.856457830473367,0.0 85.03908938929361,27.856277386919256,0.0 85.0394954370611,27.856283159733124,0.0 85.03949218977637,27.856463603331044,0.0 85.03969521404103,27.85646648931215,0.0 85.03969846099001,27.856286045692325,0.0 85.0405105570066,27.856297586544258,0.0 85.04050731140063,27.856478030251658,0.0 85.04091336026097,27.856483798930462,0.0 85.04110989544866,27.85684757035304,0.0 85.04212502163386,27.856861985552793,0.0 85.04232156158238,27.857225755470406,0.0 85.04272761367012,27.857231518951313,0.0 85.04273085570298,27.857051075023534,0.0 85.0431369072394,27.857056837266708,0.0 85.04313366587809,27.85723728123821,0.0 85.04333669202714,27.857240161933913,0.0 85.04333993305269,27.85705971794054,0.0 85.0437459847694,27.857065478392713,0.0 85.0437427444154,27.857245922429794,0.0 85.0453669551697,27.85726895247323,0.0 85.04537019283752,27.85708850826139,0.0 85.0459792713584,27.857097139536876,0.0 85.04598250798891,27.856916695254476,0.0 85.04639179574363,27.856742003570847,0.0 85.04640473915954,27.856020226195668,0.0 85.0466077634386,27.856023101962545,0.0 85.04661423429508,27.855662213200908,0.0 85.04681725793263,27.855665088625656,0.0 85.04682049298012,27.855484644215416,0.0 85.04702351631192,27.855487519319862,0.0 85.04723300833578,27.85512950520287,0.0 85.048248122237,27.85514387453736,0.0 85.04824488959966,27.855324319110416,0.0 85.04885395930725,27.85533293719476,0.0 85.04885072764718,27.85551338182815,0.0 85.04925677494022,27.8555191257689,0.0 85.04925354392168,27.85569957044082,0.0 85.04945656794888,27.855702441985258,0.0 85.04945979863166,27.855521997291547,0.0 85.04966282235306,27.855524868515708,0.0 85.04965959200602,27.855705313231212,0.0 85.05067471274087,27.855719664983667,0.0 85.05067794140916,27.855539220159258,0.0 85.0508809653102,27.855542089592507,0.0 85.05087773697765,27.855722534438687,0.0 85.051283785541,27.855728272453288,0.0 85.05128055785005,27.85590871733795,0.0 85.05168983422402,27.855734009273935,0.0 85.05168660720459,27.85591445420213,0.0 85.05188963192673,27.85591732218649,0.0 85.05208620389317,27.85628107980059,0.0 85.05249225483006,27.85628681436388,0.0 85.05268882945269,27.856650571236308,0.0 85.0532979081866,27.85665917007754,0.0 85.05329468370371,27.856839615154453,0.0 85.0534977103439,27.856842480859605,0.0 85.05349448616691,27.857022925953206,0.0 85.05369751317276,27.857025791381602,0.0 85.05369428930166,27.857206236491876,0.0 85.05389731667319,27.857209101643505,0.0 85.05389409310798,27.857389546770467,0.0 85.05409712084517,27.857392411645332,0.0 85.05429370273532,27.85775616654735,0.0 85.05470298198405,27.85758144968769,0.0 85.05469975970222,27.857761894891457,0.0 85.0557149026422,27.857776210527696,0.0 85.05571168200946,27.857956655835036,0.0 85.05632076913913,27.857965241699734,0.0 85.05631754948392,27.85814568706716,0.0 85.05652057892263,27.85814854844673,0.0 85.05651735957339,27.858328993830806,0.0 85.05672038937774,27.85833185493357,0.0 85.05671717033447,27.8585123003343,0.0 85.05692020050445,27.858515161160238,0.0 85.05691698176715,27.8586956065776,0.0 85.05712001230278,27.858698467126732,0.0 85.05731660664735,27.859062218283686,0.0 85.05772266921105,27.859067937976103,0.0 85.05771945172748,27.859248383465083,0.0 85.05792248338989,27.85925124288519,0.0 85.05791926621231,27.859431688390806,0.0 85.05812229824035,27.85943454753407,0.0 85.05811908136877,27.859614993056315,0.0 85.05832211376247,27.859617851922728,0.0 85.05831889719688,27.85979829746161,0.0 85.05852192995623,27.859801156051173,0.0 85.0587185308681,27.86016490549152,0.0 85.06013976592844,27.860184905472952,0.0 85.06013655229592,27.86036535119177,0.0 85.060339586331,27.860368207159446,0.0 85.06034279962766,27.86018776141896,0.0 85.06074886711548,27.860193472415325,0.0 85.06074565449049,27.860373918199148,0.0 85.06115172276913,27.86037962804464,0.0 85.06115493472244,27.860199182217485,0.0 85.0615610024485,27.860204890825447,0.0 85.06155779116686,27.86038533669592,0.0 85.06358813494114,27.860413862039103,0.0 85.06359134286438,27.860233415952184,0.0 85.06379437706958,27.86023626682282,0.0 85.06379116948219,27.860416712931375,0.0 85.06419723865346,27.86042241382025,0.0 85.06420044556918,27.860241967668443,0.0 85.06460651418767,27.86024766731985,0.0 85.06460330794366,27.86042811351491,0.0 85.06480634263335,27.8604309629144,0.0 85.06480954854152,27.860250516697718,0.0 85.06582472075644,27.860264759108794,0.0 85.06582151652746,27.860445205433535,0.0 85.06663365617746,27.860456594074833,0.0 85.06663685906305,27.86027614766367,0.0 85.06683989371395,27.860278994056,0.0 85.0668366911642,27.860459440488764,0.0 85.06724276122674,27.860465132420956,0.0 85.06724596310478,27.860284685945004,0.0 85.06744899784474,27.860287531441664,0.0 85.06745219935726,27.860107084939056,0.0 85.06724916495315,27.860104239463983,0.0 85.06726517374982,27.859202006982983,0.0 85.06746820647477,27.859204852350103,0.0 85.067677641197,27.858846804304495,0.0 85.06808370545195,27.858852493459683,0.0 85.06808050515463,27.859032940062473,0.0 85.06868960276702,27.859041471620962,0.0 85.06869280205689,27.858861024953427,0.0 85.06889583431787,27.8588638681876,0.0 85.06889263536382,27.85904431487671,0.0 85.06909566799027,27.85904715783391,0.0 85.06909886660848,27.858866711123234,0.0 85.06950493127869,27.85887239609889,0.0 85.06950812919563,27.858691949340006,0.0 85.07032345409247,27.8585228687724,0.0 85.07053287824648,27.858164815816473,0.0 85.07093574516776,27.858350943365117,0.0 85.07093894064509,27.85817049644014,0.0 85.07134819793826,27.857995728896558,0.0 85.07135778208878,27.857454387946802,0.0 85.07156081204855,27.8574572271276,0.0 85.07156720066257,27.857096333092716,0.0 85.07136417137441,27.857093493955013,0.0 85.07137056054155,27.85673259994297,0.0 85.07116753195457,27.856729760549843,0.0 85.07117392167483,27.856368866560665,0.0 85.07137694959025,27.856371705910703,0.0 85.07138014407016,27.85619125888698,0.0 85.07117711649052,27.85618841955849,0.0 85.07118350603308,27.855827525538956,0.0 85.07138653294116,27.85583036482435,0.0 85.07138972733225,27.855649917785446,0.0 85.07179897425566,27.855475148330598,0.0 85.0718053615467,27.85511425414132,0.0 85.07221460581363,27.854939483304985,0.0 85.07222099158402,27.854578588999207,0.0 85.07262704102523,27.854584263984993,0.0 85.07263023319453,27.85440381678145,0.0 85.07283325762378,27.854406653805082,0.0 85.07283006579023,27.854587101030155,0.0 85.07323611540899,27.854592774225022,0.0 85.07323930657105,27.854412326956886,0.0 85.07364535563667,27.854417998914762,0.0 85.0736421651461,27.854598446225932,0.0 85.07384519005903,27.854601281778656,0.0 85.07384838021383,27.854420834445968,0.0 85.07425442945691,27.854426504612917,0.0 85.0742512399736,27.85460695198864,0.0 85.07506334015754,27.854618288826746,0.0 85.07506015198767,27.854798736283453,0.0 85.07546939042687,27.854623955454873,0.0 85.07546620292851,27.85480440295458,0.0 85.07587225398754,27.854810068431735,0.0 85.07606890649056,27.855173795835803,0.0 85.07667798540388,27.85518229104631,0.0 85.07667479983144,27.85536273865981,0.0 85.0770808532595,27.85536840068396,0.0 85.07707766832907,27.855548848335367,0.0 85.07768674969992,27.855557339197293,0.0 85.07768356574726,27.855737786908076,0.0 85.0778865932657,27.85574061661985,0.0 85.07788340961932,27.855921064347054,0.0 85.07808643750303,27.855923893781796,0.0 85.0780832541629,27.856104341525413,0.0 85.07828628241191,27.85610717068312,0.0 85.07828309937807,27.856287618443154,0.0 85.07848612799236,27.856290447323822,0.0 85.07868279182308,27.856654171496725,0.0 85.07888582116796,27.85665699982329,0.0 85.07888900325347,27.85647655200898,0.0 85.07909203229205,27.856479380015575,0.0 85.07908885054233,27.856659827851338,0.0 85.07949490937959,27.856665483011884,0.0 85.07949172827195,27.85684593088552,0.0 85.07990096833478,27.856671136978363,0.0 85.07989778789874,27.856851584894905,0.0 85.08050687756005,27.856860063670076,0.0 85.08050369810191,27.857040511645906,0.0 85.0809097586951,27.857046162712965,0.0 85.081106432046,27.85740988386384,0.0 85.08151567199727,27.857235085152595,0.0 85.0815124941592,27.857415533225502,0.0 85.08191855639024,27.85742118139305,0.0 85.08191537919431,27.857601629503762,0.0 85.08211841068983,27.857604453161173,0.0 85.08212158754993,27.857424005029035,0.0 85.0823246187391,27.857426828366492,0.0 85.08232144221479,27.857607276520056,0.0 85.08333660028124,27.857621388836485,0.0 85.08333977512652,27.85744094057583,0.0 85.0835428064923,27.85744376212211,0.0 85.08353963198286,27.857624210404172,0.0 85.08394569547436,27.857629852643964,0.0 85.08394886931218,27.857449404319077,0.0 85.0859823556268,27.857297148848208,0.0 85.08597918517644,27.85747759739209,0.0 85.08618221692457,27.857480415057463,0.0 85.08637890905649,27.857844129582443,0.0 85.08698800658024,27.857852580020044,0.0 85.08698483772079,27.858033028655647,0.0 85.08739090355516,27.858038660830772,0.0 85.087387735338,27.858219109504066,0.0 85.08759076863505,27.858221925165182,0.0 85.08758760072435,27.85840237385479,0.0 85.08779063438661,27.858405189238727,0.0 85.08798733351202,27.85876890177363,0.0 85.08839340232666,27.858774531134213,0.0 85.08839023567118,27.858954979894108,0.0 85.08859327045838,27.858957794147937,0.0 85.08858377132334,27.859499140461338,0.0 85.08878680714743,27.859501954480677,0.0 85.08878047491567,27.85986285204039,0.0 85.08898351144079,27.859865665803866,0.0 85.08897717976333,27.86022656338606,0.0 85.08918021698952,27.860229376893674,0.0 85.08917705144263,27.86040982569854,0.0 85.08897401388059,27.860407012169578,0.0 85.08896768202705,27.860767909721456,0.0 85.08876464382263,27.86076509585122,0.0 85.08875197841986,27.861486890808923,0.0 85.08895501796778,27.861489704764566,0.0 85.08895185187959,27.86167015351271,0.0 85.08935793173526,27.861675780570938,0.0 85.08935476628949,27.86185622935672,0.0 85.0897640117083,27.86168140643482,0.0 85.08976084693431,27.861861855263292,0.0 85.08996388730073,27.861864667768696,0.0 85.08996072283328,27.86204511661346,0.0 85.09016376356493,27.86204792884161,0.0 85.09016059940403,27.862228377702653,0.0 85.09056351810868,27.862414450204508,0.0 85.09055719098384,27.862775347986677,0.0 85.09076023314708,27.862778159404378,0.0 85.09075706987659,27.862958608309214,0.0 85.09116315496281,27.86296423029147,0.0 85.09117264267091,27.862422883433833,0.0 85.09137568425028,27.86242569391308,0.0 85.09137252204614,27.862606142892005,0.0 85.09178176749697,27.862431313975783,0.0 85.09217520724292,27.863158729070584,0.0 85.09258129341131,27.86316434691501,0.0 85.09258445368793,27.86298389782334,0.0 85.09299053930168,27.862989514430723,0.0 85.09298737969688,27.863169963565007,0.0 85.0931904228836,27.863172771442088,0.0 85.09319358215248,27.8629923222865,0.0 85.09359966794194,27.862997937102246,0.0 85.09360598504823,27.862637038690707,0.0 85.09401206961118,27.862642652226842,0.0 85.09402470078523,27.86192085517275,0.0 85.09422774176701,27.86192366140775,0.0 85.0944370968459,27.86156556870163,0.0 85.09525241414211,27.861396339877036,0.0 85.09525556975933,27.86121589045801,0.0 85.0958646892885,27.861224302637204,0.0 85.09586784386883,27.86104385314929,0.0 85.0962739230294,27.86104945973329,0.0 85.09627707690873,27.860869010197774,0.0 85.09668315551451,27.86087461554491,0.0 85.09668630869284,27.86069416596182,0.0 85.09810758238253,27.860713775122676,0.0 85.09811073318052,27.860533325385735,0.0 85.09851681096875,27.860538925273417,0.0 85.09851996106579,27.86035847548893,0.0 85.09892603829908,27.86036407413982,0.0 85.09892918769519,27.860183624307805,0.0 85.09933526437354,27.86018922172191,0.0 85.09933841306872,27.860008771842377,0.0 85.09994752729754,27.860017165660533,0.0 85.09995067495596,27.859836715712255,0.0 85.10096586424159,27.859850699331624,0.0 85.1009690101915,27.85967024927218,0.0 85.1013750854382,27.859675840587514,0.0 85.10137823068725,27.859495390480593,0.0 85.10178430537886,27.859500980559226,0.0 85.10178744992703,27.859320530404833,0.0 85.10199048698071,27.8593233249751,0.0 85.1019873427684,27.8595037751507,0.0 85.10239341763491,27.859509363437923,0.0 85.10239656117552,27.859328913219926,0.0 85.1028026354869,27.859334500270485,0.0 85.10279949261799,27.859514950530883,0.0 85.10300253015325,27.859517743629517,0.0 85.10300881519018,27.85915684306128,0.0 85.10321185208285,27.859159635818962,0.0 85.10320870991481,27.85934008612679,0.0 85.10422389649429,27.859354045542645,0.0 85.10422703698308,27.859173595128887,0.0 85.10463311114698,27.859179176762908,0.0 85.10462997132991,27.859359627219018,0.0 85.10605123417129,27.859379153681477,0.0 85.10604809667612,27.859559604280715,0.0 85.10645730953065,27.859384729983642,0.0 85.1064541727072,27.859565180625193,0.0 85.10665721076636,27.859567968349577,0.0 85.10665093770396,27.85992886965985,0.0 85.10685397646394,27.859931657127962,0.0 85.106850840225,27.860112107796684,0.0 85.10725378290762,27.860298132585452,0.0 85.10724751162788,27.860659033982238,0.0 85.10745055181856,27.86066182063921,0.0 85.10744741647096,27.86084227135118,0.0 85.1076504570266,27.86084505773071,0.0 85.10764732198581,27.861025508458766,0.0 85.1078503629064,27.86102829456085,0.0 85.10784722817246,27.861208745305007,0.0 85.10825017668134,27.86139476743707,0.0 85.10824390841174,27.8617556689847,0.0 85.10844695076307,27.861758454275552,0.0 85.10823764002593,27.862116570512143,0.0 85.10844068304907,27.86211935584526,0.0 85.10862492427749,27.863204845594563,0.0 85.10882796937422,27.863207630457257,0.0 85.10882483597118,27.86338808124652,0.0 85.10923092692364,27.863393650118297,0.0 85.10922779416343,27.863574100944774,0.0 85.10943084001916,27.863576884953858,0.0 85.10942144257204,27.86411823746636,0.0 85.10962448946464,27.864121021240187,0.0 85.10962135726012,27.86430147208871,0.0 85.11002745180429,27.864307038782712,0.0 85.11002432024264,27.864487489668427,0.0 85.11022736789423,27.864490272588593,0.0 85.1102242366395,27.86467072349038,0.0 85.11042728465604,27.86467350613303,0.0 85.11042415370825,27.864853957050883,0.0 85.11062720208979,27.864856739416,0.0 85.11062407144892,27.865037190349916,0.0 85.11082712019542,27.8650399724375,0.0 85.11082398986152,27.865220423387477,0.0 85.11122695842249,27.865406437696073,0.0 85.11122069895345,27.865767339655214,0.0 85.1116236702312,27.8659533529229,0.0 85.11141436071765,27.86631147389545,0.0 85.11182046317536,27.866317035678225,0.0 85.11181107651697,27.866858388723557,0.0 85.11201412879728,27.866861169230244,0.0 85.112007871552,27.867222071277425,0.0 85.11221092453331,27.86722485152763,0.0 85.11220779620318,27.867405302564745,0.0 85.11241084954949,27.867408082537374,0.0 85.11240459347421,27.867768984638648,0.0 85.11280757418874,27.867954994857474,0.0 85.11280131928353,27.86831589701282,0.0 85.11300437439688,27.86831867619485,0.0 85.11300124723681,27.868499127286032,0.0 85.11279819178745,27.868496348082918,0.0 85.11279506426237,27.868676799147977,0.0 85.11299812004776,27.868679578372177,0.0 85.11298873830668,27.869220931600317,0.0 85.11319179512915,27.869223710589075,0.0 85.11318866816018,27.869404161676112,0.0 85.11339172534765,27.86940694038726,0.0 85.11338859868575,27.86958739149033,0.0 85.1137915878009,27.869773399198866,0.0 85.11377283107954,27.870856105933957,0.0 85.1135697711457,27.87085332765159,0.0 85.11355413806733,27.871755583020008,0.0 85.11375719968152,27.871758361407757,0.0 85.11375094691945,27.87211926356195,0.0 85.11395400923479,27.87212204169311,0.0 85.11374469404149,27.87248016569595,0.0 85.113947757029,27.872482943869265,0.0 85.11394463088263,27.87266339494978,0.0 85.11435075761673,27.872668950442336,0.0 85.11454757066419,27.873032630012816,0.0 85.11475063477586,27.873035407054378,0.0 85.11475375963578,27.872854955899683,0.0 85.11495682344032,27.872857732621437,0.0 85.11516613556239,27.872499606635674,0.0 85.11557226197189,27.872505158501237,0.0 85.11556913851427,27.872685609750263,0.0 85.11597526571175,27.87269116046298,0.0 85.11597838849718,27.87251070917185,0.0 85.11618145180326,27.87251348405904,0.0 85.11637827088285,27.872877161308917,0.0 85.11678439898407,27.872882709673792,0.0 85.11678127748515,27.873063161039024,0.0 85.11739047086226,27.873071481408868,0.0 85.11758729498338,27.873435157151608,0.0 85.1181964907242,27.87344347406267,0.0 85.11818713293866,27.87398482853954,0.0 85.11859326559379,27.873990371779303,0.0 85.11859014694636,27.874170823303544,0.0 85.11879321365342,27.87417359449631,0.0 85.1187900953132,27.87435404603653,0.0 85.1189931623853,27.874356816951547,0.0 85.1189900443523,27.87453726850775,0.0 85.11919311178941,27.874540039145025,0.0 85.11938994444726,27.87490371266485,0.0 85.1197960808105,27.874909252529605,0.0 85.11979296403537,27.875089704154725,0.0 85.12040216980529,27.875098011774096,0.0 85.12039905400968,27.87527846345718,0.0 85.12121133011846,27.87528953618416,0.0 85.12120821563855,27.87546998794619,0.0 85.12141128507406,27.875472755401987,0.0 85.12141439921781,27.875292303618956,0.0 85.12161746834605,27.875295070754984,0.0 85.12161435453844,27.875475522559004,0.0 85.1232389112922,27.875497649059035,0.0 85.12323580014493,27.875678101025844,0.0 85.12343887020509,27.87568086551481,0.0 85.12343575936515,27.875861317497545,0.0 85.12363882979031,27.875864081708688,0.0 85.12363571925768,27.876044533707347,0.0 85.12383879004783,27.87604729764067,0.0 85.12383567982255,27.87622774965526,0.0 85.12423871257984,27.876413728718926,0.0 85.12442312804984,27.877499204126412,0.0 85.12482927526828,27.877504729639252,0.0 85.1248261664933,27.877685181718277,0.0 85.12522920636796,27.877871158193674,0.0 85.12521988180087,27.878412514511066,0.0 85.12562603261175,27.878418037842913,0.0 85.12541674134219,27.878776180554677,0.0 85.12561981743445,27.87877894211308,0.0 85.12561360214195,27.879139846363067,0.0 85.12581667893544,27.879142607664544,0.0 85.1258135715822,27.879323059802918,0.0 85.1256104944525,27.879320298480504,0.0 85.12560117121133,27.87986165480252,0.0 85.12580424934968,27.879864416187772,0.0 85.125798034384,27.88022532041913,0.0 85.12600111322362,27.880228081547422,0.0 85.12599800603381,27.880408533676476,0.0 85.12579492685796,27.88040577252724,0.0 85.12579181930312,27.88058622463031,0.0 85.12599489881522,27.880588985800486,0.0 85.12598557698661,27.881130342142256,0.0 85.12618865753623,27.881133103076404,0.0 85.12597936229021,27.881491246344876,0.0 85.12618244351235,27.88149400732091,0.0 85.12617622937327,27.881854911545236,0.0 85.12657928680875,27.88204088483095,0.0 85.12657307384197,27.882401789108766,0.0 85.1267761568318,27.88240454929289,0.0 85.12677305064149,27.88258500144516,0.0 85.12717611183352,27.88277097314776,0.0 85.1271699006541,27.883131877510813,0.0 85.1273729850754,27.883134636882033,0.0 85.1273698797788,27.883315089076923,0.0 85.12757296456516,27.88331784817019,0.0 85.12756985957606,27.883498300380964,0.0 85.12777294472748,27.88350105919627,0.0 85.12776984004591,27.883681511422925,0.0 85.12797292556242,27.88368426996027,0.0 85.12796982118836,27.883864722202794,0.0 85.12817290706992,27.88386748046217,0.0 85.1281698030034,27.884047932720577,0.0 85.12837288925003,27.884050690701972,0.0 85.12836978549106,27.88423114297625,0.0 85.12857287210275,27.884233900679675,0.0 85.1285697686513,27.884414352969824,0.0 85.128972839826,27.884600319848737,0.0 85.12896663412455,27.88496122448745,0.0 85.12916972216779,27.88496398137783,0.0 85.12936660576857,27.885327642671463,0.0 85.12977588492137,27.885152702650938,0.0 85.12977278334405,27.8853331550413,0.0 85.12997587217491,27.885335910777854,0.0 85.12997277090516,27.885516363184085,0.0 85.13017586010109,27.885519118642623,0.0 85.13037274804537,27.88588277868315,0.0 85.13118200858406,27.886074249016104,0.0 85.1311789092174,27.88625470152751,0.0 85.13138199993104,27.88625745527611,0.0 85.131378900872,27.88643790780334,0.0 85.13178508305815,27.88644341444556,0.0 85.13178198464306,27.886623867009504,0.0 85.13198507611555,27.8866266199031,0.0 85.13218197204586,27.886990277694046,0.0 85.13279124873984,27.88699853380971,0.0 85.1329881480337,27.887362190593457,0.0 85.13339742988174,27.887187239950762,0.0 85.13339433404269,27.887367692661496,0.0 85.1337974249714,27.88755364628119,0.0 85.1337943297477,27.887734099023557,0.0 85.13359123599876,27.887731348695166,0.0 85.13378813921425,27.88809500449316,0.0 85.13419432814366,27.888100504336524,0.0 85.13419123350666,27.888280957105476,0.0 85.13439432835078,27.888283706599584,0.0 85.13439123402148,27.888464159384338,0.0 85.13479742446849,27.88846965751742,0.0 85.13479433078328,27.88865011033882,0.0 85.13499742638618,27.88865285897778,0.0 85.13500051973502,27.88847240613553,0.0 85.13540671035403,27.8884779024749,0.0 85.13540052497326,27.88883880823771,0.0 85.13519742897664,27.888836060175823,0.0 85.13519433590686,27.889016513028828,0.0 85.13539743223987,27.889019261111553,0.0 85.13539433947783,27.88919971398035,0.0 85.13580053290262,27.889205209290605,0.0 85.13556651034317,27.89100699040404,0.0 85.135769610434,27.891009738118036,0.0 85.13576651802953,27.89119019097305,0.0 85.13596961848546,27.891192938408885,0.0 85.13616653542086,27.891556591323962,0.0 85.13596343426339,27.89155384414545,0.0 85.1359603421094,27.89173429700618,0.0 85.13555104635205,27.89190925452452,0.0 85.13554486055497,27.892270160137418,0.0 85.13574796300087,27.892272907997253,0.0 85.13573868509965,27.89281426644129,0.0 85.13553558164438,27.89281151851895,0.0 85.1355293955607,27.893172424081428,0.0 85.13573249968887,27.893175172045442,0.0 85.1357294069405,27.893355624839955,0.0 85.13552630247584,27.89335287685511,0.0 85.13571703566039,27.89407743596758,0.0 85.13551392984984,27.89407468789938,0.0 85.13550465007937,27.894616046129652,0.0 85.13530154328802,27.894613297699923,0.0 85.13529535595805,27.894974203119883,0.0 85.1350922485224,27.894971454349445,0.0 85.13508915447792,27.895151907031018,0.0 85.1354953700509,27.89515740431455,0.0 85.13549227665077,27.895337857032757,0.0 85.13528916851342,27.895335108519674,0.0 85.13528607474812,27.895515561211997,0.0 85.13548918322195,27.89551830974592,0.0 85.13548299627831,27.89587921515714,0.0 85.13527988713147,27.895876466581534,0.0 85.13527679328016,27.896056919258736,0.0 85.1354799027635,27.896059667855177,0.0 85.13546134107264,27.897142383937535,0.0 85.1356644526038,27.89714513235995,0.0 85.13565826581727,27.897506037722067,0.0 85.13586137805018,27.89750878588709,0.0 85.13565207891605,27.897866943064017,0.0 85.1360583047567,27.897872439178336,0.0 85.13584900547927,27.898230596634157,0.0 85.13605211908703,27.898233344583453,0.0 85.13604593330271,27.8985942499684,0.0 85.13624904761222,27.898596997660277,0.0 85.13622121319332,27.900221071830398,0.0 85.13662435577332,27.90040701939384,0.0 85.13660580207166,27.901489735500014,0.0 85.13701204166196,27.901495229456568,0.0 85.1370089499513,27.90167568216493,0.0 85.13721207012603,27.901678428715353,0.0 85.13720897872332,27.901858881439498,0.0 85.13761212907384,27.90204482644536,0.0 85.13760594747168,27.902405731951696,0.0 85.13780906907883,27.90240847768802,0.0 85.13780597857142,27.902588930454446,0.0 85.13820913268206,27.90277487387432,0.0 85.13820295287063,27.9031357794652,0.0 85.13860919897839,27.9031412690104,0.0 85.138606109703,27.903321721839887,0.0 85.13880923313646,27.903324466184586,0.0 85.13880614416908,27.903504919029825,0.0 85.13839989665752,27.903499429999677,0.0 85.13840298629816,27.903318977196047,0.0 85.13819986292195,27.90331623225307,0.0 85.13819368293873,27.903677137813677,0.0 85.13799055891786,27.90367439252994,0.0 85.1379658351464,27.905118014404216,0.0 85.13836899867638,27.90530395775871,0.0 85.13836590872081,27.90548441050688,0.0 85.13816278130469,27.905481665314202,0.0 85.1381596909838,27.905662118036517,0.0 85.13836281873661,27.905664863250006,0.0 85.13835663868232,27.90602576872113,0.0 85.13815351025613,27.906023023466023,0.0 85.137944200343,27.906381183279464,0.0 85.13814732941394,27.906383928875357,0.0 85.1381411484572,27.906744834264526,0.0 85.13854740803176,27.906750324642022,0.0 85.13853195850591,27.907652588234757,0.0 85.13832882702077,27.907649843091562,0.0 85.13832264633658,27.90801074845175,0.0 85.13811951420662,27.908008002967748,0.0 85.13812260489976,27.907827550310984,0.0 85.13791947313517,27.907824804548596,0.0 85.13791638210532,27.908005257184545,0.0 85.1375132096919,27.90781931212622,0.0 85.1375101179886,27.90799976472054,0.0 85.1371007615811,27.908174723607384,0.0 85.13707911394113,27.90943789129961,0.0 85.13687597928919,27.90943514385383,0.0 85.13686979331781,27.909796048821715,0.0 85.13646042905069,27.90997100538392,0.0 85.13645733531986,27.910151457813594,0.0 85.13666047126151,27.910154205941122,0.0 85.13665737783876,27.910334658386578,0.0 85.13645424156034,27.91033191023823,0.0 85.13644805395536,27.910692815072363,0.0 85.13603868561843,27.910867770162486,0.0 85.1360263072556,27.911589579583392,0.0 85.13582316870578,27.911586830391514,0.0 85.13602011790216,27.911950484263578,0.0 85.13581697867876,27.91194773503003,0.0 85.13581388362225,27.91212818734172,0.0 85.13561074409074,27.912125437788077,0.0 85.13560764866875,27.912305890073895,0.0 85.13540450882914,27.912303140200162,0.0 85.13540141304166,27.91248359246008,0.0 85.13519827289393,27.912480842266255,0.0 85.13519517674098,27.912661294500296,0.0 85.13478579900273,27.9128362453605,0.0 85.13477650826489,27.91337760189213,0.0 85.13457336651918,27.9133748506963,0.0 85.13457026921236,27.91355530284257,0.0 85.13416088712428,27.91373025161093,0.0 85.13435783405548,27.914093907672605,0.0 85.13415469101989,27.914091155794832,0.0 85.13415159292464,27.91427160787921,0.0 85.13374220746832,27.91444655522174,0.0 85.13373291090323,27.91498791130433,0.0 85.13393605556557,27.91499066388495,0.0 85.13372671304964,27.915348815334163,0.0 85.13392985838567,27.915351567956506,0.0 85.13412680712936,27.91571522437264,0.0 85.13453309929233,27.915720728204292,0.0 85.13432375713435,27.916078880552735,0.0 85.1345269039039,27.91608163236062,0.0 85.13452380616664,27.91626208443121,0.0 85.13472695330177,27.916264835960654,0.0 85.13492390625241,27.91662849140024,0.0 85.13533020201358,27.916633993046002,0.0 85.1353271055377,27.91681444518485,0.0 85.13553025379817,27.916817195579615,0.0 85.13552406143411,27.917178099883863,0.0 85.1361335084089,27.917186349397333,0.0 85.1361304131945,27.91736680160441,0.0 85.13633356258033,27.917369550864436,0.0 85.13653052282753,27.91773320430749,0.0 85.1369368230901,27.917738701414287,0.0 85.13693372913721,27.917919153689546,0.0 85.13754318075668,27.91792739716731,0.0 85.13753699478633,27.91828830182762,0.0 85.13774014605727,27.91829104909653,0.0 85.13773705336602,27.91847150143994,0.0 85.13753390175819,27.91846875415021,0.0 85.13753080870138,27.918649206467755,0.0 85.1373276567853,27.918646458857875,0.0 85.13732456336295,27.918826911149555,0.0 85.13712141113861,27.918824163219522,0.0 85.13711831735068,27.91900461548533,0.0 85.13670891782377,27.919179570904724,0.0 85.13690588227158,27.919543223939836,0.0 85.13670272875692,27.91954047532782,0.0 85.1366965395754,27.919901379730735,0.0 85.13628713597676,27.920076333677592,0.0 85.13648410041748,27.92043998728177,0.0 85.13668725558811,27.920442736297275,0.0 85.13669035027922,27.92026228411347,0.0</coordinates>
                    </LinearRing>
                </outerBoundaryIs>
                <innerBoundaryIs>
                    <LinearRing id="5233">
                        <coordinates>85.04380106619173,27.85399792898692,0.0 85.04400408638752,27.854000808393767,0.0 85.04400084687985,27.85418125253886,0.0 85.04379782634835,27.85417837311017,0.0 85.04380106619173,27.85399792898692,0.0</coordinates>
                    </LinearRing>
                    <LinearRing id="5237">
                        <coordinates>85.09402785850554,27.861740405896608,0.0 85.0940310161966,27.8615599566154,0.0 85.09423405650661,27.86156276280781,0.0 85.09423089915144,27.861743212110305,0.0 85.09402785850554,27.861740405896608,0.0</coordinates>
                    </LinearRing>
                    <LinearRing id="5241">
                        <coordinates>85.15153658007198,27.931472546637828,0.0 85.15153965153594,27.931292093221348,0.0 85.15194293517015,27.931478001944797,0.0 85.15194907672107,27.93111709502415,0.0 85.15215225363855,27.931119822187057,0.0 85.15214918321445,27.931300275670562,0.0 85.1523523604975,27.93130300255463,0.0 85.15235543058446,27.93112254905047,0.0 85.15316813865248,27.931133453509144,0.0 85.1531620011472,27.931494360677636,0.0 85.15295882341327,27.931491634970914,0.0 85.15295575428085,27.93167208852696,0.0 85.15254939822402,27.931666636173713,0.0 85.15254632838888,27.93184708968341,0.0 85.15193679350546,27.93183890884528,0.0 85.15193986435202,27.93165845539756,0.0 85.15173668645157,27.931655727873167,0.0 85.15173361526786,27.93183618130023,0.0 85.15132725887803,27.9318307253116,0.0 85.15133340256558,27.9314698185351,0.0 85.15153658007198,27.931472546637828,0.0</coordinates>
                    </LinearRing>
                    <LinearRing id="5245">
                        <coordinates>85.13956850878449,27.918315761046973,0.0 85.13956232943764,27.918676666103263,0.0 85.1391560250613,27.91867117657082,0.0 85.13916220575578,27.918310271597733,0.0 85.13956850878449,27.918315761046973,0.0</coordinates>
                    </LinearRing>
                    <LinearRing id="5249">
                        <coordinates>85.13878760976381,27.904587635995416,0.0 85.13879069890292,27.904407183180417,0.0 85.1389938243849,27.904409927350784,0.0 85.13900000190392,27.90404902166408,0.0 85.13940625160711,27.904054509024153,0.0 85.13940316353523,27.904234961911627,0.0 85.13960628876642,27.904237705163734,0.0 85.13960320100257,27.904418158066957,0.0 85.13940007543474,27.90441541479405,0.0 85.13919077293535,27.90477357693014,0.0 85.13878760976381,27.904587635995416,0.0</coordinates>
                    </LinearRing>
                    <LinearRing id="5253">
                        <coordinates>85.1098776423349,27.861236590114647,0.0 85.10988077370993,27.861056139159206,0.0 85.1096777324989,27.86105335604303,0.0 85.10988703637294,27.86069523723318,0.0 85.11069606884679,27.860886817593062,0.0 85.11069293884434,27.861067268638,0.0 85.1104898975172,27.861064486716188,0.0 85.11068667875237,27.861428170712742,0.0 85.11007755284268,27.861419823924866,0.0 85.11008068391085,27.86123937295335,0.0 85.1098776423349,27.861236590114647,0.0</coordinates>
                    </LinearRing>
                </innerBoundaryIs>
            </Polygon>
        </Placemark>
        <Placemark id="5261">
            <name>Extreme - danger for all</name>
            <styleUrl>#5264</styleUrl>
            <Polygon id="5260">
                <outerBoundaryIs>
                    <LinearRing id="5262">
                        <coordinates>85.13627784988186,27.920617690104002,0.0 85.13648100536078,27.920620439439688,0.0 85.13648410041748,27.92043998728177,0.0 85.1362809452755,27.920437237966915,0.0 85.13627784988186,27.920617690104002,0.0</coordinates>
                    </LinearRing>
                </outerBoundaryIs>
            </Polygon>
        </Placemark>
    </Document>
</kml>
