{"type": "FeatureCollection", "features": [{"type": "Feature", "geometry": {"type": "MultiPolygon", "coordinates": [[[[85.02204343503023, 27.84983359281358], [85.02194193015097, 27.84983213719006], [85.02194029242663, 27.849922358119674], [85.02204179738979, 27.84992381374873], [85.02204343503023, 27.84983359281358]]], [[[85.02694203323526, 27.854055001120912], [85.02694039935794, 27.854145222268027], [85.02704190856039, 27.85414667442055], [85.02704354235378, 27.854056453267926], [85.02694203323526, 27.854055001120912]]], [[[85.10601898780008, 27.866895686744684], [85.10601741853183, 27.866985911944944], [85.10611894444688, 27.866987306505973], [85.10612051363114, 27.866897081300422], [85.10601898780008, 27.866895686744684]]], [[[85.10193594306963, 27.86810299301262], [85.10193751579251, 27.868012768040614], [85.10183598916801, 27.86801137035468], [85.10183441636113, 27.868101595321384], [85.10193594306963, 27.86810299301262]]], [[[85.10224052323888, 27.86810718563832], [85.10223895076071, 27.868197410624962], [85.10234047758237, 27.86819880802282], [85.10234204997653, 27.868108583030878], [85.10274815700002, 27.86811417185443], [85.1027497290509, 27.868023946840015], [85.10305430914302, 27.86802813765776], [85.10305588093459, 27.867937912626193], [85.10325893419777, 27.867940706120745], [85.10326050581406, 27.86785048107732], [85.1036666120918, 27.86785606714922], [85.1036681833648, 27.86776584208333], [85.1042789132576, 27.86768399382044], [85.10428048401204, 27.86759376872026], [85.10438201039138, 27.867595164587666], [85.10438515171042, 27.86741471437292], [85.10448667792903, 27.867416110155077], [85.10448824849362, 27.86732588504052], [85.10458977463551, 27.867327280742703], [85.10469444155608, 27.86714822611614], [85.1048959233262, 27.867241242264278], [85.10489906374703, 27.867060791986496], [85.10500058966603, 27.867062187374138], [85.10510525564806, 27.866883132383112], [85.10571441035061, 27.866891502629485], [85.10571284083035, 27.866981727813872], [85.10581436672358, 27.866983122598896], [85.10581593615983, 27.866892897409215], [85.10601898780008, 27.866895686744684], [85.10602055706107, 27.86680546154317], [85.10612208280811, 27.866806856093614], [85.10612522114026, 27.866626405676207], [85.10622674672658, 27.866627800141412], [85.10622831579775, 27.86653757492552], [85.10612679029542, 27.866536180465605], [85.10612992858394, 27.86635573004063], [85.10633454822525, 27.866268293639667], [85.1062361610445, 27.86608644882715], [85.1064407800906, 27.86599901223605], [85.10644391778787, 27.865818561764186], [85.10654544264007, 27.865819955957793], [85.10655014887948, 27.865549280224663], [85.10665167348697, 27.865550674327736], [85.1066579480351, 27.865189773311407], [85.10675947231391, 27.865191167318674], [85.1067641778967, 27.86492049152731], [85.10686570193079, 27.864921885444055], [85.10686727035986, 27.86483166017245], [85.10696879431724, 27.864833054009242], [85.10697193098558, 27.864652603451677], [85.10707345478227, 27.864653997203234], [85.10717811488954, 27.86447494029638], [85.10738116218327, 27.86447772740505], [85.10738273015606, 27.864387502100698], [85.1075857773109, 27.864390288900168], [85.10758420950609, 27.864480514215085], [85.10768573317839, 27.864481907508125], [85.10768730089923, 27.864391682187918], [85.10789034809767, 27.86439446853943], [85.1078887805448, 27.86448469387021], [85.1082948753648, 27.864490265698496], [85.10829644258172, 27.864400040346574], [85.10839796622089, 27.864401433111723], [85.10839639908798, 27.86449165846892], [85.10859944655608, 27.86449444378579], [85.10859787958387, 27.864584669152286], [85.10869940341281, 27.86458606170402], [85.10870097030104, 27.86449583633224], [85.10890401781272, 27.864498621201164], [85.10890245109248, 27.864588846583505], [85.10920702266644, 27.864593023342795], [85.10920545619089, 27.86468324873973], [85.10940850411114, 27.864686032883192], [85.10950689561321, 27.864867875664693], [85.10970994391297, 27.864870659381324], [85.1097083778356, 27.864960884800873], [85.10980990208036, 27.864962276552475], [85.1098083360797, 27.86505250197604], [85.10990986041571, 27.865053893658267], [85.1099082944918, 27.865144119085855], [85.11000981891905, 27.8651455106987], [85.1101082118199, 27.865327353109375], [85.1105127448607, 27.865423144013192], [85.1105111794117, 27.8655133694674], [85.11061270421845, 27.86551476065339], [85.1106111388462, 27.86560498611161], [85.11071266374421, 27.865606377228218], [85.11071109844868, 27.865696602690463], [85.11081262343794, 27.86569799373768], [85.11081105821914, 27.865788219203928], [85.11091258329964, 27.86578961018176], [85.11091101815758, 27.865879835652034], [85.11111250352701, 27.865972842873827], [85.11110937354262, 27.86615329382916], [85.11121089898087, 27.866154684604112], [85.11110624352922, 27.866333744779457], [85.11130929474892, 27.86633652627579], [85.111204639261, 27.86651558652075], [85.11130616504248, 27.866516977242142], [85.11130460017839, 27.866607202723422], [85.11150608722772, 27.86670020944332], [85.11150295779926, 27.866880660420676], [85.11160448393848, 27.866882050939168], [85.111601354649, 27.867062501922028], [85.11170288096345, 27.8670638923764], [85.11169818722684, 27.867334568857046], [85.11190124038153, 27.86733734957344], [85.11189967595615, 27.867427575075016], [85.11200120262836, 27.86742896532648], [85.11189654708363, 27.867608026074375], [85.11199807392386, 27.867609416336393], [85.11199494519036, 27.86778986734126], [85.11209647220583, 27.86779125753915], [85.11209490791222, 27.867881483044965], [85.11219643501893, 27.867882873173457], [85.11219330657795, 27.86806332419185], [85.11229483385992, 27.868064714256217], [85.11229326971255, 27.868154939768797], [85.11219174234658, 27.868153549699148], [85.11218861386207, 27.86833400070997], [85.11229014139607, 27.86833539079016], [85.11228701305059, 27.86851584180648], [85.11238854075984, 27.868517231822548], [85.11238697666023, 27.86860745733409], [85.11228544886696, 27.86860606731275], [85.11228232047799, 27.8687865183215], [85.11238384843926, 27.868787908353383], [85.11237915605344, 27.869058584872857], [85.11248068427398, 27.86905997484589], [85.11247912021489, 27.869150200355136], [85.11237759191033, 27.86914881037683], [85.11237602775998, 27.869239035879538], [85.11247755614853, 27.86924042586311], [85.11247286390599, 27.86951110237948], [85.11237133526541, 27.869509712380093], [85.11236977108607, 27.869599937877755], [85.11247129981065, 27.86960132788242], [85.11246817159821, 27.869781778884498], [85.11317887404947, 27.869791506900054], [85.11317731052046, 27.869881732436106], [85.11327883955506, 27.869883121859182], [85.1132772761028, 27.86997334739924], [85.11347877107032, 27.870066351581237], [85.11346939116933, 27.870607704850755], [85.11336786144814, 27.870606315534875], [85.11336473458849, 27.87078676660408], [85.11326320470648, 27.87078537720298], [85.1132616411818, 27.870875602730422], [85.11336317114778, 27.870876992136793], [85.11336160769984, 27.87096721766824], [85.11326007764983, 27.870965828256598], [85.11325225988135, 27.87141695586857], [85.11335379035145, 27.871418345306562], [85.11335222686003, 27.87150857083044], [85.11325069630591, 27.87150718138718], [85.1132475691333, 27.871687632420617], [85.11334909985545, 27.871689021874413], [85.11334597282189, 27.87186947291334], [85.1132444419317, 27.87186808344899], [85.11324287832002, 27.871958308961297], [85.11334440929424, 27.87195969843091], [85.11333971866783, 27.872230374976045], [85.11344124990136, 27.872231764386793], [85.11343343246583, 27.87268289196314], [85.11353496412671, 27.872684281325554], [85.11352871038396, 27.873045183384992], [85.1136302423882, 27.873046572693795], [85.11362711564139, 27.873227023726486], [85.11372864782092, 27.873228412971137], [85.11372708452068, 27.87331863849087], [85.11382861679147, 27.873320027666097], [85.11382705356802, 27.87341025318983], [85.11392858593007, 27.873411642295643], [85.1139270227834, 27.87350186782338], [85.11402855523673, 27.873503256859774], [85.11402699216684, 27.873593482391524], [85.11412852471145, 27.8735948713585], [85.11412696171834, 27.87368509689425], [85.11422849435421, 27.873686485791808], [85.11422693143788, 27.873776711331566], [85.11442843414392, 27.873869714462185], [85.11442530861117, 27.874050165556454], [85.11452684160489, 27.874051554251018], [85.11452527891167, 27.87414177980153], [85.11472678255652, 27.8742347825369], [85.11472365747, 27.874415233652684], [85.11482519082156, 27.874416622144242], [85.11472053235454, 27.874595684763417], [85.11492359940104, 27.8745984616929], [85.11481894089778, 27.874777524381727], [85.11492047459272, 27.87477891281966], [85.11491734975544, 27.874959363941365], [85.1150188836257, 27.874960752315136], [85.11501732128022, 27.875050977879365], [85.11511885524175, 27.87505236618371], [85.11521726483399, 27.875234205559092], [85.11531879897805, 27.875235593724575], [85.11532036108589, 27.875145368147084], [85.11542189515316, 27.87514675623261], [85.11542033312936, 27.87523698181537], [85.11592800399447, 27.875243921148957], [85.1159264423836, 27.875334146756774], [85.11602797666237, 27.875335534404673], [85.1160264151283, 27.875425760016494], [85.11612794949835, 27.875427147594966], [85.1162263611219, 27.875608986339646], [85.11642943023432, 27.875611761144164], [85.11642786901467, 27.875701986773244], [85.11632633437083, 27.875700599403075], [85.11632321174176, 27.875881050646942], [85.1164247465537, 27.875882438027634], [85.11642318531236, 27.875972663652938], [85.1163216504164, 27.87597127626698], [85.11631852774393, 27.876151727503277], [85.11642006280796, 27.876153114899758], [85.11641694027465, 27.87633356614153], [85.116518475514, 27.876334953473837], [85.11651691432053, 27.876425179098096], [85.11661844965116, 27.876426566360962], [85.1166168885345, 27.87651679198922], [85.1167184239564, 27.876518179182654], [85.11671686291653, 27.87660840481491], [85.11681839842973, 27.876609791938908], [85.11681683746667, 27.87670001757516], [85.11701834788062, 27.876793017255103], [85.11701522625448, 27.876973468542342], [85.11721673734802, 27.877066467961786], [85.1172089339604, 27.8775175962041], [85.11731047035018, 27.877518983007203], [85.11730734911261, 27.87769943430582], [85.11720581255472, 27.877698047492196], [85.11720425184103, 27.87778827313436], [85.11730578848295, 27.877789659953237], [85.11730110655064, 27.878060336887913], [85.11740264345194, 27.878061723647875], [85.11740108287742, 27.878151949295503], [85.11729954589208, 27.878150562530283], [85.11729798522627, 27.878240788171386], [85.11739952229566, 27.87824217494187], [85.11739796170667, 27.878332400586977], [85.11729642455325, 27.878331013811234], [85.11729018178877, 27.878691916358], [85.1173917192784, 27.878693303154773], [85.11738859802088, 27.878873754431105], [85.11759167335806, 27.878876527821582], [85.11759011288655, 27.87896675346837], [85.11819933957591, 27.87897507187841], [85.11820089954311, 27.878884846200073], [85.11840397499596, 27.878887618395265], [85.11840553478783, 27.878797392705152], [85.11860705047772, 27.87889039029163], [85.11860861010149, 27.87880016459101], [85.11881168544407, 27.878802936178044], [85.11891634184775, 27.878623870422942], [85.11922095443319, 27.878628026987563], [85.11921939532816, 27.87871825272224], [85.11952400823078, 27.878722408630292], [85.1195224493707, 27.878812634379468], [85.11972552484333, 27.878815404621818], [85.11962086952967, 27.87899447104308], [85.11982394535295, 27.878997241157023], [85.11982238672334, 27.879087466918175], [85.12002546274363, 27.8790902367438], [85.12002390427492, 27.8791804625142], [85.1202285387928, 27.879093006270605], [85.12022698049219, 27.879183232051506], [85.12032851861166, 27.879184616708095], [85.12032696038787, 27.87927484249299], [85.12042849859861, 27.879276227080126], [85.12052692068356, 27.87945806317955], [85.12073155537938, 27.879370606197924], [85.12072999747737, 27.879460832001293], [85.12113615115162, 27.8794663687483], [85.12113459357859, 27.8795565945714], [85.12133767062713, 27.879559362507152], [85.12133611321501, 27.87964958833949], [85.12143765183417, 27.879650972200555], [85.12144076648308, 27.879470520524116], [85.12133922803203, 27.879469136673553], [85.12134234282018, 27.879288685002575], [85.12124080454447, 27.8792873010878], [85.12124236201177, 27.87919707525566], [85.12114082382733, 27.879195691271423], [85.12114238137147, 27.879105465443274], [85.12094086289737, 27.879012471442273], [85.12094397828575, 27.87883201980066], [85.12084244045919, 27.878830635613312], [85.12094709364528, 27.878651568154016], [85.12145478204596, 27.878658487917743], [85.12145633929462, 27.878568262066285], [85.12155787691236, 27.87856964578967], [85.12155631974773, 27.878659871646377], [85.12196247062703, 27.87866540581385], [85.12196091379138, 27.87875563169028], [85.12246860297309, 27.878762547744987], [85.1224670465505, 27.87885277364639], [85.12256858449251, 27.87885415663846], [85.12257014083106, 27.87876393073181], [85.12277321656866, 27.878766696481343], [85.12277166039823, 27.878856922398484], [85.12307627431086, 27.878861070478223], [85.12307471838535, 27.878951296409827], [85.12327779453126, 27.87895406143328], [85.12327935028866, 27.878863835491188], [85.12338088828838, 27.87886521788561], [85.12337933261504, 27.878955443832943], [85.12419163754471, 27.878966500340855], [85.12419319254565, 27.878876274351594], [85.12429473061023, 27.878877656073662], [85.12429317569335, 27.878967882068167], [85.12449625201226, 27.87897064529867], [85.12449780676103, 27.87888041929369], [85.1251070353863, 27.87888870716082], [85.12510548114186, 27.878978933197228], [85.12530855757602, 27.878981695232433], [85.12530078708626, 27.879432825447957], [85.12519924844531, 27.879431444441526], [85.12519769424169, 27.879521670475604], [85.12509615552389, 27.879520289389234], [85.12509460122902, 27.879610515416818], [85.12499306243436, 27.879609134250497], [85.12488841469933, 27.8797882050399], [85.1249899536549, 27.879789586291402], [85.12498684484662, 27.87997003832729], [85.1250883839775, 27.87997141951456], [85.12508682964662, 27.88006164553584], [85.12529146226088, 27.87997418166498], [85.1252899080981, 27.880064407696743], [85.12539144733465, 27.880065788665124], [85.12538989324872, 27.88015601470086], [85.12559141798654, 27.880249002468915], [85.12558831011494, 27.880429454555028], [85.12568984970932, 27.88043083532023], [85.12568829584679, 27.880521061366625], [85.12558675616833, 27.88051968059619], [85.12558520221454, 27.88060990663609], [85.12568674197703, 27.880611287411767], [85.1256820803246, 27.88088196553961], [85.12578362034648, 27.88088334625628], [85.12578206653198, 27.880973572301617], [85.12568052642604, 27.880972191579712], [85.1256758646872, 27.881242869692425], [85.12577740504533, 27.88124425043004], [85.12577274349385, 27.881514928547112], [85.12587428411138, 27.88151630922572], [85.12587117654252, 27.88169676130794], [85.12597271733539, 27.881698141922307], [85.12596960990585, 27.88187859400995], [85.12607115087404, 27.881879974560064], [85.12596650244753, 27.882059046092547], [85.12616958472736, 27.88206180713901], [85.12606493626485, 27.88224087874116], [85.12626646539317, 27.882333865711722], [85.12626335836725, 27.882514317813122], [85.12636489994551, 27.882515698175734], [85.12636334650583, 27.882605924229782], [85.12646488817533, 27.88260730452291], [85.1264617814425, 27.882787756637686], [85.12656332328736, 27.88278913686656], [85.12655866338633, 27.883059815044962], [85.12676174760203, 27.883062575309964], [85.12676019445544, 27.883152801377378], [85.12686173665817, 27.883154181403032], [85.12675708814066, 27.883333253508418], [85.12685863051153, 27.883334633544536], [85.12695706688231, 27.88351646565287], [85.12716015199632, 27.883519225372435], [85.12715859915004, 27.88360945145448], [85.1272601418019, 27.883610831207413], [85.1272585890325, 27.88370105729342], [85.12736013177563, 27.88370243697686], [85.1273585790831, 27.88379266306685], [85.12756011222753, 27.883885648319215], [85.12755700714278, 27.8840661005138], [85.12765855024381, 27.884067479994005], [85.12765699777471, 27.88415770609463], [85.12775854096701, 27.884159085505342], [85.12775698857479, 27.884249311609942], [85.12785853185837, 27.884250690951163], [85.12785697954304, 27.88434091705973], [85.12795852291788, 27.88434229633146], [85.12805696198397, 27.884524127762734], [85.12836159267765, 27.88452826493677], [85.12836004076115, 27.884618491067698], [85.12846158442417, 27.884619869981496], [85.12845692888371, 27.88489054838242], [85.12865846504275, 27.884983532158778], [85.1286553616351, 27.88516398443815], [85.12875690582416, 27.885165363159135], [85.12875380255589, 27.885345815443923], [85.12885534692032, 27.885347194100625], [85.12885224379146, 27.88552764639083], [85.12895378833123, 27.88552902498327], [85.12894913383627, 27.88579970342479], [85.12905067863548, 27.88580108195818], [85.12904757577107, 27.88598153425668], [85.12914912074562, 27.8859829127258], [85.1291460180206, 27.886163365029706], [85.12924756317054, 27.886164743434552], [85.12924290928136, 27.886435421896632], [85.12964753998754, 27.886531161003827], [85.12964598900592, 27.886621387174984], [85.1297475346122, 27.886622765232303], [85.12974598370751, 27.886712991407418], [85.1299475243661, 27.886805973492617], [85.1299444228571, 27.886986425857433], [85.13004596882129, 27.88698780371146], [85.1300444181401, 27.88707802989721], [85.13024595973802, 27.887171011586442], [85.13024285867607, 27.88735146397252], [85.1303444049982, 27.887352841623244], [85.13034130407569, 27.88753329401473], [85.13023975758537, 27.88753191635356], [85.13023820702927, 27.887622142542185], [85.13033975360365, 27.887623520208578], [85.13033820312442, 27.88771374640116], [85.13043974979009, 27.887715123998046], [85.13053819581931, 27.88789695392249], [85.13074128952292, 27.887899708763467], [85.13073973935852, 27.88798993497317], [85.13084128630517, 27.887991312286776], [85.13083663602116, 27.888261990923976], [85.1309381832273, 27.88826336817852], [85.13093508317023, 27.888443820607456], [85.13103663055173, 27.8884451977977], [85.13103508059652, 27.8885354240155], [85.1311366280693, 27.888536801136233], [85.13123507595367, 27.888718630634926], [85.13143972090471, 27.888631158287424], [85.13143817127151, 27.88872138452359], [85.13164126661809, 27.888724138113293], [85.13163971714592, 27.888814364358634], [85.13174126491406, 27.8888157410466], [85.13173816611635, 27.888996193543946], [85.13183971405988, 27.888997570167607], [85.13183816473435, 27.889087796419606], [85.13203971164663, 27.889180775714344], [85.13203506411003, 27.889451454490302], [85.13213661249559, 27.88945283091585], [85.13213506338646, 27.8895430571772], [85.13203351491681, 27.889541680746433], [85.13203041650884, 27.889722133254924], [85.13213196514668, 27.889723509696122], [85.13212886687819, 27.88990396221001], [85.13223041569142, 27.889905338586903], [85.13222886663053, 27.889995564847162], [85.13233041553502, 27.88999694115454], [85.13242886663977, 27.89017876992479], [85.13263196482109, 27.890181522186683], [85.13263041607505, 27.890271748464045], [85.13303506444342, 27.890367478408763], [85.13303351601944, 27.89045770470446], [85.13313506540187, 27.890459080439964], [85.13313196870062, 27.89063953303802], [85.13323351825844, 27.89064090870922], [85.13323196998115, 27.890731135011574], [85.13333351963026, 27.890732510613237], [85.13333042322238, 27.890912963224597], [85.13343197304685, 27.890914338761952], [85.13342732863354, 27.891185017685164], [85.13352887871751, 27.89118639316342], [85.13352733064953, 27.891276619473857], [85.1338319811968, 27.89128074547579], [85.13383043337393, 27.891370971800608], [85.13393198365482, 27.8913723469903], [85.13393043590891, 27.891462573319064], [85.13413198907551, 27.891555549822584], [85.13412889388425, 27.89173600249467], [85.13423044452308, 27.891737377480982], [85.13422889700081, 27.89182760382035], [85.13443045110697, 27.891920579927678], [85.13442735636299, 27.892101032620957], [85.13452890735977, 27.89210240740387], [85.13442426159035, 27.89228148530919], [85.13462736392752, 27.892284234821112], [85.13462581669867, 27.89237446117377], [85.13472736796214, 27.892375835822815], [85.13482582508999, 27.892557663119486], [85.1350289279892, 27.89256041206467], [85.1350273810753, 27.892650638434393], [85.13522893741855, 27.892743613469875], [85.13522584389136, 27.89292406622384], [85.1353273957025, 27.89292544045565], [85.13532275561032, 27.893196119592773], [85.13542430768098, 27.893197493765463], [85.13542276105336, 27.893287720147192], [85.1353212088986, 27.8932863459693], [85.13531811545363, 27.893466798718556], [85.13541966777665, 27.89346817290687], [85.13541812112753, 27.893558399284824], [85.1353165687204, 27.893557025091297], [85.13541193445943, 27.893919304784013], [85.13531038171584, 27.893917930569646], [85.13530574138716, 27.89418860966518], [85.13520418839836, 27.89418723536043], [85.13520109464183, 27.89436768807406], [85.13509954149195, 27.894366313684134], [85.13519800085663, 27.894548140782643], [85.13509644753852, 27.894546766382298], [85.13509335355641, 27.894727219075424], [85.13499180007722, 27.8947258445899], [85.13499025299129, 27.894816070929362], [85.1350918065546, 27.894817445420095], [85.13509025954562, 27.894907671763505], [85.1349887058982, 27.894906297267557], [85.13498561169048, 27.895086749940173], [85.13508716550616, 27.89508812444655], [85.13508407143804, 27.89526857712454], [85.13518562542913, 27.89526995156657], [85.13518253150059, 27.895450404249946], [85.13508097734125, 27.895449029797497], [85.13507943028209, 27.895539256132082], [85.13518098452556, 27.89554063058974], [85.135177890554, 27.89572108326555], [85.13507633614228, 27.89571970879747], [85.13507478906163, 27.895809935128277], [85.13517634355748, 27.89581130960157], [85.13517479655378, 27.895901535936318], [85.13507324197381, 27.895900161457817], [85.13506550642717, 27.89635129308663], [85.13486084914834, 27.896438770164785], [85.13485620720805, 27.896709449091897], [85.13475465189241, 27.896708074342207], [85.13475155706143, 27.896888526943556], [85.13465000158469, 27.896887152108686], [85.13474846220178, 27.89706897953986], [85.1346469065568, 27.897067604694566], [85.13452987450785, 27.897968492576137], [85.13442831803584, 27.897967117529184], [85.13442522249932, 27.89814757006396], [85.1343236658662, 27.89814619493181], [85.13432211800303, 27.898236421192102], [85.13422056129296, 27.898235045979973], [85.13421901333848, 27.898325272233787], [85.13401435164165, 27.898412747816923], [85.13400970720885, 27.89868342653573], [85.13390815009959, 27.898682051073234], [85.13390350534982, 27.898952729765043], [85.13380194799531, 27.89895135421213], [85.13379575455862, 27.89931225909604], [85.13359418773624, 27.899219281515535], [85.13359263919801, 27.899309507724187], [85.13338797515242, 27.899396982250213], [85.13338178022596, 27.89975788702547], [85.13328022215005, 27.899756511051766], [85.13327867331634, 27.899846737237205], [85.13338023147641, 27.899848113216127], [85.13337713395578, 27.900028565593665], [85.13327557562744, 27.900027189604316], [85.1332740267722, 27.900117415785978], [85.1333755851847, 27.900118791780542], [85.133372487621, 27.900299244150514], [85.13347404620896, 27.90030062008074], [85.13347094878486, 27.9004810724561], [85.1333693900286, 27.900479696515443], [85.13336784122166, 27.900569922696015], [85.13346940006205, 27.90057129864189], [85.13346475385057, 27.900841977191686], [85.13366632347456, 27.90093495508156], [85.13366322628661, 27.90111540746013], [85.13356166692698, 27.901114031632524], [85.1335601182381, 27.901204257814697], [85.13366167768187, 27.901205633647514], [85.13366012906997, 27.901295859833645], [85.13376168860509, 27.90129723559691], [85.13375859152804, 27.901477687975824], [85.13386015123864, 27.901479063674735], [85.13385395733506, 27.90183996843827], [85.13395551738944, 27.901841344083262], [85.1339508721389, 27.902112022658322], [85.1340524324529, 27.90211339824417], [85.13405088410586, 27.90220362443855], [85.1339493237077, 27.902202248847487], [85.1339462268238, 27.90238270122203], [85.13404778739026, 27.902384076823527], [85.1340462390217, 27.902474303014124], [85.13394467837108, 27.90247292740742], [85.13394158144412, 27.902653379774396], [85.13384002063233, 27.90265200408248], [85.13383847207395, 27.90274223025887], [85.1337369111852, 27.902740854486957], [85.13363225282868, 27.90291993096839], [85.13322445961597, 27.90300465293337], [85.13322291052393, 27.90309487907342], [85.1331213493416, 27.903093502831954], [85.13311980015821, 27.903183728965523], [85.1330182388989, 27.903182352644055], [85.13291357892184, 27.903361428490296], [85.13331982464673, 27.903366933668345], [85.13331827561014, 27.903457159808564], [85.13352139868395, 27.903459911959317], [85.13352294755224, 27.903369685808663], [85.13372607048643, 27.903372437649843], [85.13372452178649, 27.903462663810924], [85.13382608334851, 27.903464039624556], [85.1338276319643, 27.90337381345826], [85.13423387794751, 27.903379315944072], [85.13423232966835, 27.903469542131223], [85.13504482265232, 27.903480543554885], [85.13504327503928, 27.903570769782473], [85.13514483677871, 27.90357214462911], [85.13514328924265, 27.90366237086065], [85.13524485107341, 27.90366374563772], [85.13524330361436, 27.9037539718732], [85.13534486553644, 27.903755346580688], [85.13534331815437, 27.903845572820124], [85.1354448801678, 27.903846947458042], [85.13544333286272, 27.903937173701426], [85.13564490993548, 27.904030149015856], [85.13564181562616, 27.90421060151717], [85.13523401870948, 27.904295329259657], [85.13523092368384, 27.90447578171172], [85.13533248627922, 27.90447715646089], [85.13532939139323, 27.904657608918335], [85.13543095416414, 27.904658983603138], [85.13542785941779, 27.904839436065956], [85.13552942236417, 27.90484081068639], [85.13552478044342, 27.905111489386787], [85.13562634364948, 27.905112863948066], [85.1356217019167, 27.90538354265275], [85.13572326538244, 27.90538491715486], [85.13571552943863, 27.905836048330155], [85.13581709333238, 27.90583742278352], [85.135810904785, 27.9061983277219], [85.13611559751932, 27.906202450695744], [85.13611405061708, 27.906292676942808], [85.13621561496036, 27.906294051123048], [85.13621406813513, 27.906384277374066], [85.13641565034747, 27.906477251780732], [85.13641255699787, 27.906657704297302], [85.13651412169934, 27.906659078273982], [85.1365094818737, 27.906929757054982], [85.13661104683487, 27.90693113097249], [85.13660795375031, 27.90711158349727], [85.13650638862079, 27.907110209569346], [85.13650484198358, 27.907200435824635], [85.1362001463855, 27.90719631357647], [85.13619859948862, 27.907286539814876], [85.1360970342194, 27.90728516557735], [85.13609858120049, 27.907194939344155], [85.13548919024083, 27.907186692379526], [85.1354876427547, 27.907276918581463], [85.1350813819216, 27.90727141908827], [85.13507983409157, 27.907361645268114], [85.1347751382895, 27.907357519847213], [85.13477359019979, 27.907447746010153], [85.13497517296715, 27.907540722548088], [85.13497207708856, 27.907721174888515], [85.13507364269981, 27.907722549974864], [85.13507054696092, 27.90790300232067], [85.13517211274768, 27.907904377342646], [85.13517056495165, 27.907994603518873], [85.13537369671505, 27.90799735334884], [85.13537214908023, 27.90808757953422], [85.13547371505686, 27.90808895434222], [85.13557218608621, 27.90827078146324], [85.13577531841206, 27.908273530726074], [85.13577377109243, 27.908363756928512], [85.13597690361532, 27.908366505902556], [85.13597535645688, 27.908456732114153], [85.13617694217959, 27.908549707020175], [85.13617384816362, 27.9087301594579], [85.13627541478688, 27.908731533703953], [85.13626768004251, 27.909182664802234], [85.13616611299832, 27.909181290530142], [85.13616301888204, 27.909361742950214], [85.13626458609458, 27.909363117232722], [85.13626303910989, 27.909453343446074], [85.13616147181314, 27.909451969158358], [85.13615992473709, 27.90954219536524], [85.13605835736332, 27.909540820997513], [85.13605526302133, 27.909721273397082], [85.13595369548636, 27.909719898944125], [85.13594905366705, 27.909990577518396], [85.13584748588669, 27.909989202975012], [85.13584129635717, 27.910350107702214], [85.1357397282472, 27.910348733063184], [85.13573818076271, 27.910438959236625], [85.13533190805785, 27.910433459911612], [85.13533036022942, 27.910523686062948], [85.13512722375162, 27.910520935941182], [85.13512412773649, 27.91070138821923], [85.13522569614018, 27.91070276332794], [85.13522414820605, 27.910792989470284], [85.13532571670113, 27.910794364509393], [85.13532416884401, 27.910884590655687], [85.13542573743044, 27.9108859656252], [85.13542418965037, 27.910976191775443], [85.13562577939423, 27.91106916765987], [85.13561649353048, 27.91161052458979], [85.13551492425616, 27.911609149728218], [85.13550873320015, 27.911970054302103], [85.13540716359623, 27.911968679344877], [85.13550563762912, 27.91215050658148], [85.13540406785681, 27.912149131613827], [85.13540251997634, 27.91223935774642], [85.13519783222876, 27.912326833697165], [85.13519473609519, 27.91250728593519], [85.13509316600756, 27.91250591072226], [85.13509161784583, 27.91259613683417], [85.1348869291864, 27.91268361227367], [85.13488383249025, 27.91286406447033], [85.13478226208736, 27.912862689012112], [85.13478071364432, 27.91295291510334], [85.13457602407303, 27.913040390031583], [85.13457292681427, 27.913220842186885], [85.13447135609609, 27.91321946648337], [85.13446670990156, 27.91349014469122], [85.13436513893794, 27.913488768897253], [85.13436359010787, 27.913578994958808], [85.13415889902811, 27.913666469185852], [85.13415425196811, 27.91393714732786], [85.13394956004629, 27.91402462119846], [85.13394646161925, 27.914205073263446], [85.13384489001787, 27.91420369705368], [85.13374021963108, 27.91438277280818], [85.13353707612737, 27.91438001999369], [85.1335355265519, 27.91447024600091], [85.13333083315742, 27.914557718872235], [85.13332928339916, 27.914647944866505], [85.1334308553857, 27.914649321476443], [85.1334293057045, 27.914739547474664], [85.13332773363375, 27.91473817085951], [85.13332463408136, 27.91491862284173], [85.13342620632052, 27.91491999946732], [85.13342310690786, 27.91510045145493], [85.13332153450027, 27.91509907481891], [85.13331998469896, 27.915189300805604], [85.13342155719076, 27.91519067744685], [85.1335200304024, 27.915372506003738], [85.1337231757587, 27.915375258932965], [85.1337216262727, 27.915465484936746], [85.13392322250141, 27.915558463590056], [85.13391857448407, 27.91582914162132], [85.13412172073994, 27.915831894004125], [85.1341201715549, 27.915922120022454], [85.13422174477782, 27.915923496106835], [85.13421709743228, 27.916194174169892], [85.13431867091502, 27.916195550195088], [85.13431557281723, 27.916376002241243], [85.13441714647556, 27.91637737820204], [85.13441559750012, 27.916467604228444], [85.13451717124985, 27.916468980119628], [85.13451562235144, 27.916559206149984], [85.13461719619256, 27.916560581971552], [85.1346156473712, 27.91665080800586], [85.13471722130372, 27.916652183757826], [85.13481569791603, 27.916834011520635], [85.1350188461538, 27.916836762671263], [85.13501265208671, 27.917197666869175], [85.13511422655324, 27.917199042353097], [85.13511267810276, 27.917289268404637], [85.13541740179801, 27.917293394423073], [85.13541585359302, 27.91738362048898], [85.13551742825666, 27.91738499568401], [85.13551588012871, 27.91747522175387], [85.13571902964597, 27.917477971929866], [85.13581750864327, 27.917659799072812], [85.13591908358826, 27.91766117398416], [85.13592063139366, 27.91757094789599], [85.13612223349975, 27.917663923582356], [85.13611913820435, 27.917844375775765], [85.1362207133393, 27.917845750473035], [85.13621607059508, 27.918116428769302], [85.13631764598985, 27.918117803407373], [85.1363130034338, 27.918388481707915], [85.13641457908842, 27.91838985628677], [85.13630990836059, 27.918568933901962], [85.13641148418365, 27.91857030849124], [85.13640838925024, 27.91875076069067], [85.13650996524893, 27.91875213521553], [85.13660535197573, 27.919114414090934], [85.13650377563295, 27.919113039620072], [85.13650068078196, 27.91929349181478], [85.1362959801763, 27.919380968712776], [85.13629133731918, 27.91965164696035], [85.13618976049253, 27.91965027223374], [85.13618821277491, 27.91974049830853], [85.13598505897465, 27.91973774862039], [85.13598351108142, 27.919827974683496], [85.13577880907249, 27.919915450737022], [85.13576642426337, 27.920637259103074], [85.135664846546, 27.92063588394498], [85.13576332798937, 27.92081771118198], [85.13566175010355, 27.920816336013452], [85.13566020187156, 27.920906562045804], [85.13555862390866, 27.920905186797235], [85.1354539491305, 27.921084263513897], [85.13525079290362, 27.92108151262172], [85.13524924431317, 27.92117173862944], [85.13504763670544, 27.92107876143018], [85.1350460879465, 27.921168987427475], [85.13494450977394, 27.921167611714232], [85.13494296092361, 27.921257837705056], [85.13504453918043, 27.921259213423514], [85.1350414416267, 27.921439665411803], [85.13483673582722, 27.921527139861027], [85.13493521656433, 27.921708967640257], [85.13483363789351, 27.921707591820898], [85.1348320889159, 27.921797817798947], [85.134730510168, 27.92179644189953], [85.13472896109897, 27.921886667871103], [85.13462738227402, 27.92188529189164], [85.13462583311356, 27.921975517856726], [85.1344211259806, 27.922062991616247], [85.13441957663733, 27.922153217568393], [85.13452115570064, 27.92215459371319], [85.13451960643442, 27.92224481966928], [85.13441802728687, 27.922243443519275], [85.13440718163274, 27.922875025140137], [85.13430560190264, 27.9228736488788], [85.13430250291125, 27.92305410074868], [85.13440408280984, 27.92305547702046], [85.1344009839582, 27.923235928895732], [85.13429940389115, 27.92323455261353], [85.13429785437032, 27.923324778544067], [85.13439943452164, 27.923326154831482], [85.13439788507789, 27.923416380765964], [85.13429630484232, 27.923415004473338], [85.13429010665857, 27.9237759081778], [85.1341885260932, 27.923774531789462], [85.13418542678976, 27.923954983623695], [85.13428700752362, 27.923956360022462], [85.13428545794541, 27.9240465859429], [85.13418387712727, 27.92404520953892], [85.13418077778078, 27.924225661365586], [85.13397606597655, 27.924313134213232], [85.134074547475, 27.92449496259122], [85.13397296624998, 27.92449358601147], [85.1339667667107, 27.924854489592803], [85.13386518515586, 27.924853112917344], [85.13386208517463, 27.925033564690008], [85.13376050345845, 27.925032187929265], [85.1338589851647, 27.925214016457627], [85.13375740328001, 27.925212639686446], [85.13375275295851, 27.925483317312768], [85.13365117082823, 27.925481940451093], [85.1336372187177, 27.92629397321498], [85.1335356358363, 27.92629259623151], [85.13363411816971, 27.92647442492641], [85.1335325351198, 27.9264730479325], [85.13353098475076, 27.926563273781113], [85.13342940162377, 27.92656189670713], [85.1333247174073, 27.926740971230853], [85.13342630069565, 27.92674234839012], [85.13342319973881, 27.92692280006807], [85.13352478320286, 27.926924177162917], [85.13352168238583, 27.927104628846248], [85.13362326602557, 27.92710600587667], [85.13361861499895, 27.927376683407854], [85.13382178280557, 27.927379437275412], [85.13392026650492, 27.927561265809345], [85.13412343469166, 27.927564019248603], [85.13412498463408, 27.927473793382582], [85.13432660290712, 27.927566772388424], [85.13432970244774, 27.92738632063426], [85.13443128639771, 27.92738769708145], [85.13453596952972, 27.927208621673717], [85.13484072093863, 27.927212750310265], [85.1348422702625, 27.9271225244027], [85.13494385399558, 27.927123900459957], [85.13494695245326, 27.92694344863062], [85.13514857054713, 27.92703642642542], [85.13515011960386, 27.9269462004997], [85.13525170318992, 27.92694757632195], [85.13525325215522, 27.926857350389756], [85.1353548356642, 27.926858726131933], [85.13545951675238, 27.926679649910234], [85.13566268346915, 27.926682400999457], [85.13566423207588, 27.92659217504264], [85.13576581536076, 27.92659355046975], [85.13576736387607, 27.926503324506456], [85.13597207863843, 27.92641584915071], [85.13597517529614, 27.926235397196976], [85.1360767582655, 27.926236772378676], [85.13607830649934, 27.926146546394712], [85.1362830203492, 27.926059070527483], [85.13628611644398, 27.925878618532398], [85.1361845337973, 27.92587724352124], [85.13618608191821, 27.92578701752701], [85.13628766448062, 27.92578839253296], [85.13629076053239, 27.925607940530302], [85.13639234293345, 27.925609315450984], [85.13629385655548, 27.925427488522605], [85.13639543878803, 27.925428863432863], [85.13639853461393, 27.925248411409704], [85.13650011668514, 27.92524978623469], [85.13650476011746, 27.924979108174863], [85.13660634194308, 27.924980482909373], [85.13671411424457, 27.92462095342994], [85.13691572981969, 27.92471392853012], [85.13691727725761, 27.924623702483043], [85.1370188587749, 27.924625076897318], [85.13712353481665, 27.924445999117967], [85.13732669755002, 27.92444874755143], [85.13732824462944, 27.924358521479746], [85.13753295412673, 27.924271043520033], [85.13753450102331, 27.924180817435413], [85.13743291989145, 27.924179443421423], [85.13743446686512, 27.924089217340747], [85.13753604791272, 27.92409059134953], [85.13753914167005, 27.92391013917398], [85.13764072255631, 27.9239115130975], [85.13754223539873, 27.923729686993383], [85.1376438161165, 27.923731060906494], [85.13764690964801, 27.923550608710443], [85.13774849020444, 27.923551982538296], [85.13775003687522, 27.923461756433184], [85.13795474433618, 27.92337427773715], [85.13795938377854, 27.923103599379207], [85.13806096393522, 27.9231049729565], [85.13806251031744, 27.923014746829455], [85.13826721669035, 27.922927267610397], [85.13827185526706, 27.922656589186694], [85.13837343502401, 27.922657962513437], [85.13837961935572, 27.922297057910047], [85.13848119878286, 27.92229843114113], [85.13848274476364, 27.92220820498193], [85.1385843241137, 27.92220957813296], [85.13858587000307, 27.922119351967297], [85.13868744927603, 27.922120725038287], [85.13868899507402, 27.922030498866157], [85.13889369909529, 27.921943018589406], [85.13889524471047, 27.92185279240435], [85.1387936656759, 27.92185141949865], [85.13879675705326, 27.921670967135164], [85.13889833591935, 27.92167234003046], [85.13889988151304, 27.92158211384162], [85.13879830273119, 27.921580740951534], [85.13880448537135, 27.92121983620438], [85.13890606381625, 27.921221209073668], [85.1389091549249, 27.921040756682107], [85.13901073320848, 27.921042129466155], [85.13901227866783, 27.920951903263294], [85.13891070046849, 27.920950530484454], [85.1389122460049, 27.920860304285526], [85.13901382412001, 27.920861677059168], [85.13901691500293, 27.920681224647133], [85.13911849295671, 27.920682597335535], [85.13902000585719, 27.920500772230042], [85.13912158364252, 27.920502144908042], [85.1391246742997, 27.920321692475518], [85.1392262519237, 27.920323065068278], [85.13922779715732, 27.920232838844928], [85.13943249731634, 27.920145357560514], [85.13933401010945, 27.91996353266442], [85.13943558741084, 27.9199649050867], [85.13943713244737, 27.919874678847897], [85.13953870967167, 27.919876051190148], [85.13964337661778, 27.91969697095538], [85.13984653076527, 27.9196997152449], [85.13984807544338, 27.919609488981514], [85.13994965244363, 27.91961086100882], [85.13994810784973, 27.9197010872774], [85.14015126204013, 27.919703831117893], [85.14014971760754, 27.919794057395606], [85.14055602641112, 27.919799544199343], [85.14065451558558, 27.91998136831679], [85.14106082520605, 27.919986853665353], [85.14115931539847, 27.92016867746592], [85.14146404821575, 27.920172790498196], [85.14146250484244, 27.920263016837144], [85.14156408254672, 27.92026438770342], [85.1415625392505, 27.9203546140463], [85.14166411704618, 27.920355984842935], [85.14166257382703, 27.92044621118975], [85.1417641517141, 27.92044758191674], [85.14176260857205, 27.920537808267486], [85.14186418655049, 27.920539178924823], [85.14186264348551, 27.920629405279502], [85.14196422155534, 27.9206307758672], [85.1420627138179, 27.920812599106394], [85.14226587033022, 27.92081533992835], [85.14226432758076, 27.920905566300014], [85.14246748429014, 27.920908306832988], [85.14246902687114, 27.92081808045094], [85.1425706051523, 27.920819450599968], [85.14256906265555, 27.92090967698721], [85.1427722194078, 27.920912417071133], [85.14277067707239, 27.9210026434675], [85.14287225554348, 27.921004013402392], [85.14287071328515, 27.921094239802677], [85.14297229184761, 27.92109560966792], [85.1430707862161, 27.92127743227588], [85.14327548564934, 27.92118994523438], [85.1432739437137, 27.92128017165291], [85.14347710123985, 27.92128291073057], [85.14347555946553, 27.92137313715821], [85.14378029606107, 27.921377245228957], [85.1437787545323, 27.9214674716709], [85.14438822842156, 27.92147568582275], [85.14438668739113, 27.921565912294557], [85.14509774117637, 27.921575492102658], [85.14509620072847, 27.921665718609496], [85.14529935918554, 27.9216684550343], [85.145297818899, 27.921758681550248], [85.14560255689081, 27.921762785641675], [85.14560101684987, 27.92185301217191], [85.14580417571523, 27.92185574786901], [85.14580263583561, 27.92194597440834], [85.14610737443988, 27.9219500774082], [85.14610583480588, 27.922040303961825], [85.14620741443913, 27.922041671483928], [85.14620587488224, 27.92213189804147], [85.14630745460687, 27.92213326549392], [85.1463059151271, 27.922223492055377], [85.1464074949431, 27.922224859438163], [85.14640595554043, 27.922315086003543], [85.14660757612103, 27.92240804712941], [85.146604497617, 27.922588500274585], [85.14670607779138, 27.92258986745355], [85.14670299942735, 27.922770320604037], [85.14680457977735, 27.922771687718512], [85.1466999210348, 27.92295077374949], [85.14680150155328, 27.92295214087433], [85.14679996243056, 27.923042367450346], [85.14700466261165, 27.92295487489945], [85.14700312365743, 27.923045101485823], [85.14710470428155, 27.92304646839129], [85.14710316540443, 27.923136694981576], [85.14720474611993, 27.923138061817376], [85.14720320731995, 27.923228288411586], [85.14740483030221, 27.92332124847229], [85.14740175300358, 27.923501701675118], [85.14750333407746, 27.923503068307078], [85.14750025691883, 27.92368352151521], [85.14739867567647, 27.923682154872896], [85.14739713700222, 27.923772381469902], [85.14749871832883, 27.92377374811739], [85.14759414556832, 27.92413602110685], [85.1476957272462, 27.924137387625343], [85.14769418878907, 27.924227614231583], [85.14789581403898, 27.924320573669693], [85.1478942757361, 27.924410800283752], [85.1477926937912, 27.92440943389943], [85.14778807858707, 27.924680113718527], [85.14788966078473, 27.924681480118377], [85.1477850017487, 27.924860566924945], [85.14788658411486, 27.92486193333515], [85.14798201339993, 27.92522420610964], [85.14808359611737, 27.925225572390843], [85.14808205791175, 27.925315799002647], [85.1482836854923, 27.92540875797173], [85.14827445707739, 27.925950117670652], [85.14837604049028, 27.925951483768685], [85.14837142643943, 27.926222163616657], [85.14847301011221, 27.92622352965536], [85.14845763032234, 27.927125795785074], [85.1485592148449, 27.927127161800655], [85.14854998713464, 27.92766852144903], [85.14865157216991, 27.927669887420805], [85.14865003427754, 27.92776011402963], [85.148548449158, 27.927758748052685], [85.14854691117424, 27.927848974655067], [85.14844532597756, 27.927847608598086], [85.14834066446204, 27.928026695646537], [85.14813749376722, 27.92802396313755], [85.14813595542502, 27.92811418971546], [85.1479343231009, 27.928021230329108], [85.14793278459015, 27.92811145689666], [85.14752490415101, 27.92819621690629], [85.14752182641972, 27.92837666999369], [85.1473171161199, 27.928464162776905], [85.14741562388548, 27.92864598276311], [85.14731403800876, 27.928644615836028], [85.1473124989425, 27.9287348423637], [85.14710778779995, 27.928822334790624], [85.14710163076093, 27.929183240842235], [85.14700004439996, 27.929181873659484], [85.14699850503811, 27.929272100164045], [85.14710009148337, 27.929273467351983], [85.14709701290683, 27.9294539203677], [85.14699542629302, 27.929452553169412], [85.14699080812191, 27.929723232667993], [85.14688922126241, 27.929721865379296], [85.1468876817735, 27.92981209187112], [85.14668296824276, 27.92989958353898], [85.14667988889218, 27.930080036495617], [85.14678147607454, 27.930081403954762], [85.1466768095131, 27.9302604894472], [85.146778396864, 27.93026185691671], [85.14687690515153, 27.930443677278618], [85.1470800802261, 27.930446411863997], [85.1469754137548, 27.93062549758132], [85.14707700146421, 27.93062686484693], [85.1470723832679, 27.93089754431188], [85.14717397123728, 27.93089891151816], [85.14716627452223, 27.93135004396042], [85.14726786292016, 27.93135141111771], [85.1472647843528, 27.93153186409615], [85.1471631957863, 27.931530496928495], [85.14716165640765, 27.93162072341065], [85.14726324505843, 27.93162209058348], [85.14725554847963, 27.932073223001204], [85.14735713755897, 27.932074590125044], [85.1473494412234, 27.932525722537143], [85.1474510307313, 27.932527089611998], [85.14744487387168, 27.932887995539698], [85.14754646372386, 27.93288936256039], [85.14764189728382, 27.933251635455136], [85.14784353877408, 27.933344595657974], [85.14783738300652, 27.93370550162311], [85.14793897364585, 27.933706868390875], [85.1479358958879, 27.933887321376236], [85.14803748670292, 27.933888688079463], [85.14803440908506, 27.93406914107014], [85.14813600007581, 27.934070507708835], [85.14803133143866, 27.934249594055768], [85.14813292259801, 27.93425096070482], [85.14812984509173, 27.934431413695755], [85.1482314364268, 27.93443278028027], [85.1482283590606, 27.934613233276515], [85.14832995057138, 27.934614599796507], [85.14822528166587, 27.93479368626772], [85.14832687334525, 27.934795052798055], [85.14832379609065, 27.93497550579457], [85.14842538794575, 27.934976872260375], [85.14842231083124, 27.935157325262193], [85.14832071880753, 27.935155958786034], [85.14831918015528, 27.935246185279876], [85.1484207722633, 27.935247551761208], [85.14841769510602, 27.935428004755458], [85.14851928738976, 27.93542937117225], [85.14851621037259, 27.935609824171813], [85.14861780283205, 27.935611190524064], [85.14861011058596, 27.93606232302678], [85.14871170347406, 27.936063689330012], [85.14871016508778, 27.936153915831955], [85.14881175806731, 27.936155282065474], [85.1488102197582, 27.93624550857132], [85.14891181282916, 27.93624687473513], [85.14901032960488, 27.936428693852655], [85.14941670266289, 27.936434157500816], [85.1494182404804, 27.93634393096645], [85.14951983367841, 27.936345296686092], [85.14951829594519, 27.936435523225622], [85.14972148253116, 27.936438254450575], [85.14971840738059, 27.93661870754656], [85.14982000085287, 27.936620073057046], [85.14981846335121, 27.936710299608315], [85.15032643124094, 27.93671712606321], [85.15032489415371, 27.93680735263908], [85.15052961844667, 27.936719856120927], [85.15052808152804, 27.93681008270713], [85.15062967522589, 27.936811447628823], [85.15062813838445, 27.93690167421893], [85.15072973217372, 27.936903039070902], [85.15072819540947, 27.936993265664917], [85.15082978929017, 27.936994630447156], [85.15082825260312, 27.93708485704509], [85.15092984657522, 27.93708622175761], [85.15092830996537, 27.937176448359438], [85.15102990402892, 27.93717781300224], [85.15112842519574, 27.937359630790702], [85.1513331499825, 27.937272133102507], [85.15133007740168, 27.937452586341216], [85.15143167174661, 27.937453950699936], [85.15143013552985, 27.937544177322565], [85.15183651331797, 27.93754963402918], [85.15183497743134, 27.93763986067121], [85.1517333828893, 27.937638496601735], [85.15173031092607, 27.93781894987169], [85.15152558536522, 27.937906448110144], [85.15162410797139, 27.93808826559697], [85.15152251302204, 27.93808690135187], [85.15152097683979, 27.938177127970842], [85.1513162504358, 27.938264625853], [85.15141477297084, 27.938446443479542], [85.15131317769847, 27.938445079063985], [85.15131164131913, 27.93853530566758], [85.15110691407199, 27.938622803193436], [85.15110230436402, 27.938893482961877], [85.15120390004375, 27.938894847553076], [85.15120236354451, 27.93898507414519], [85.15201512991297, 27.938995988219705], [85.15201359408115, 27.939086214851898], [85.15211518999354, 27.939087578779336], [85.15211672574104, 27.93899735214197], [85.15231991741851, 27.93900007976181], [85.15231838183965, 27.9390903064095], [85.15241997777336, 27.939091670112237], [85.15241844227171, 27.939181896763834], [85.15262009898899, 27.93927485061559], [85.15271555401834, 27.939637120754657], [85.15281715048643, 27.939638484188773], [85.1528156152794, 27.939728710853466], [85.152714018727, 27.939727347414188], [85.15271094812296, 27.939907800729443], [85.15281254484398, 27.939909164179053], [85.15280947438016, 27.940089617499602], [85.15291107127695, 27.940090980884634], [85.15290953611868, 27.94018120754818], [85.15280793913757, 27.940179844157985], [85.15290339541455, 27.940542114189764], [85.1531065900727, 27.940544840786735], [85.15310505504755, 27.940635067454313], [85.15330978475927, 27.9405475670841], [85.15330824990276, 27.940637793761994], [85.15340984734104, 27.940639156803474], [85.15340217337351, 27.941090290199845], [85.15330057551361, 27.94108892713255], [85.15329904061446, 27.941179153802878], [85.1534006385587, 27.941180516875335], [85.15339756890772, 27.941360970222544], [85.1534991670277, 27.941362333230412], [85.15349763227589, 27.94145255990728], [85.1535992304873, 27.941453922845405], [85.1536977595182, 27.941635739079228], [85.1539009563139, 27.94163846460159], [85.15389942187807, 27.941728691295324], [85.15410261887085, 27.94173141652837], [85.15410108459658, 27.94182164323116], [85.15440588039202, 27.941825730534397], [85.15440434636363, 27.941915957251403], [85.15491233991976, 27.94192276795108], [85.15491387352648, 27.941832541208285], [85.1550154721747, 27.941833903118336], [85.15501393865229, 27.94192412986629], [85.15542033365342, 27.941929576778044], [85.15541880046125, 27.942019803545367], [85.15562199817307, 27.942022526562106], [85.15562046514246, 27.942112753338474], [85.15582213018229, 27.942205702851304], [85.15581753153255, 27.94247638320001], [85.15591913083497, 27.94247774447197], [85.15591759802186, 27.942567971257507], [85.1558159986351, 27.942566609980396], [85.15581293281892, 27.942747063537375], [85.15591453237434, 27.942748424824796], [85.15590533526142, 27.94328978549642], [85.15600693532997, 27.94329114673986], [85.15600846811553, 27.943200919959253], [85.1562116681052, 27.94320364221108], [85.156213200715, 27.9431134154189], [85.15631480063615, 27.94311477642729], [85.1563163331545, 27.9430245496287], [85.15651953284944, 27.943027271410436], [85.15652106519202, 27.94293704460028], [85.1566226649658, 27.942938405373624], [85.15662113270754, 27.94302863218894], [85.15672273257275, 27.943029992892523], [85.15672120039173, 27.943120219711723], [85.15692286829265, 27.943213167732708], [85.15681820401576, 27.943392260811056], [85.15702140445633, 27.94339498188488], [85.15701987249996, 27.94348520871449], [85.15691827219177, 27.943483848209883], [85.15691674014397, 27.943574075033087], [85.15701834053647, 27.943575435542844], [85.15701527658824, 27.943755889195774], [85.15681054331952, 27.943843394895016], [85.15690907979848, 27.944025209130203], [85.15680747899137, 27.94402384851977], [85.15680441463483, 27.94420430213949], [85.15670281366614, 27.94420294144384], [85.15669821682509, 27.944473621848513], [85.15659661561048, 27.944472261062486], [85.15659355084561, 27.94465271464899], [85.15669515222893, 27.94465407544532], [85.15669208760438, 27.9448345290371], [85.15679368916346, 27.944835889768818], [85.1567921569249, 27.94492611656796], [85.15689375857542, 27.944927477229914], [85.15689222641409, 27.945017704032953], [85.15699382815606, 27.945019064625143], [85.15699229607198, 27.945109291432075], [85.1570938979054, 27.945110651954494], [85.15709236589856, 27.945200878765313], [85.15729403791012, 27.945293826415558], [85.15729097419839, 27.94547428005151], [85.1574926468918, 27.9455672274395], [85.15748958347488, 27.945747681088484], [85.15759118593418, 27.945749041272354], [85.15748652002961, 27.94592813473243], [85.15758812265761, 27.945929494926606], [85.15758505935266, 27.946109948575806], [85.15768666215642, 27.94611130870536], [85.15768359899181, 27.94629176235982], [85.15778520197138, 27.946293122424752], [85.15768053579882, 27.94647221600924], [85.15788374210246, 27.946474936084776], [85.15788221066403, 27.946565162917896], [85.15798381391083, 27.946566522848432], [85.158082354604, 27.946748336387085], [85.15828556147049, 27.946751055894122], [85.15828403034818, 27.94684128274406], [85.15838563387642, 27.946842642390337], [85.15848417548328, 27.947024455678367], [85.15878898663787, 27.94702853397376], [85.15888752908828, 27.947210347008518], [85.15909226738754, 27.947122838482162], [85.15909073691171, 27.947213065368228], [85.15929394476348, 27.947215783428227], [85.15939248823322, 27.947397596145063], [85.15959722653315, 27.947310086866814], [85.15959569646492, 27.94740031377609], [85.1596973005914, 27.94740167247921], [85.15969577060046, 27.947491899392368], [85.15989897904339, 27.94749461658412], [85.15989744921406, 27.947584843506302], [85.16020226218465, 27.947588918747407], [85.16020073260131, 27.947679145683757], [85.16050554588871, 27.947683220265944], [85.16050401655136, 27.94777344721646], [85.16070722561375, 27.94777616324023], [85.16070569643803, 27.94786639019978], [85.1608073010642, 27.94786774810441], [85.16080424286024, 27.948048202029998], [85.1609058476622, 27.94804955986999], [85.16090431863397, 27.948139786836034], [85.16100592352737, 27.948141144606236], [85.16100286561836, 27.94832159854483], [85.16110447068756, 27.948322956250383], [85.16109835512202, 27.94868386413301], [85.16119996053575, 27.948685221784192], [85.16119078748123, 27.94922658360117], [85.1612923934082, 27.949227941208267], [85.16118772973975, 27.949407037530083], [85.16128933583546, 27.949408395147458], [85.1612862782344, 27.949588849081618], [85.16138788450591, 27.94959020663433], [85.16138482704528, 27.949770660573723], [85.1614864334926, 27.949772018061786], [85.16147267532861, 27.950584060772933], [85.16157428254232, 27.950585418232308], [85.16157275390643, 27.95067564519905], [85.16147114660833, 27.950674287734532], [85.16146808914654, 27.950854741653956], [85.16156969661336, 27.950856099128753], [85.161566639292, 27.95103655305343], [85.16166824693464, 27.951037910463562], [85.16156358194232, 27.95121700697305], [85.1616651897537, 27.951218364393466], [85.16166060392922, 27.951489045278873], [85.16176221200081, 27.951490402639763], [85.16176068346286, 27.951580629604184], [85.1616590753069, 27.951579272238153], [85.16165448939749, 27.951849953108432], [85.16175609780656, 27.951851310489882], [85.16174845490453, 27.952302445274174], [85.16185006374256, 27.95230380260638], [85.16184853522529, 27.952394029564587], [85.16174692630288, 27.95239267222725], [85.16174386907836, 27.952573126129636], [85.16184547816952, 27.952574483477242], [85.16184394963103, 27.952664710431677], [85.16174234045549, 27.952663353078925], [85.16173928318851, 27.95284380697374], [85.16163767385129, 27.952842449535765], [85.16163155889487, 27.953203357289716], [85.16173316856961, 27.953204714748246], [85.1617316398972, 27.953294941688725], [85.16163003013807, 27.953293584225058], [85.16162697260324, 27.95347403809195], [85.16172858253111, 27.9534753955659], [85.16172705383747, 27.953565622502587], [85.16162544382519, 27.953564265023505], [85.16161932864227, 27.95392517273713], [85.16151771829955, 27.953923815162536], [85.16151466049685, 27.95410426900151], [85.16161627100834, 27.954105626586376], [85.16161474218076, 27.954195853509116], [85.16151313158488, 27.954194495919108], [85.16150548691884, 27.954645630488177], [85.16140387590812, 27.954644272797527], [85.1614023468693, 27.954734499702422], [85.1615039579644, 27.954735857398212], [85.1615024290029, 27.954826084306987], [85.16140081782339, 27.954824726606056], [85.16139775971033, 27.95500518040954], [85.16149937105861, 27.955006538120756], [85.16139470156895, 27.955185634207986], [85.16159792461013, 27.955188349576023], [85.1615963956976, 27.95527857648363], [85.16149478408909, 27.955277218831952], [85.161491726074, 27.955457672633113], [85.16159333785131, 27.95545903029507], [85.16158416414254, 27.95600039169916], [85.16148255185887, 27.95599903400636], [85.16147796465575, 27.95626971467597], [85.16137635212598, 27.956268356892792], [85.16137482295971, 27.956358583775003], [85.16127321035265, 27.956357225911734], [85.16127168109492, 27.956447452787543], [85.16117006841053, 27.95644609484419], [85.16116853906132, 27.956536321713592], [85.16096378401993, 27.95662383244959], [85.16095919540217, 27.95689451301563], [85.16085758231705, 27.95689315482169], [85.16085605267925, 27.956983381669378], [85.16075443951681, 27.956982023395344], [85.16075290978752, 27.95707225023662], [85.16065129654777, 27.957070891882495], [85.16064976672699, 27.95716111871738], [85.16044501010332, 27.957248628597284], [85.16043276987511, 27.957970443138574], [85.16022954175722, 27.95796772580276], [85.16022648129173, 27.95814817940491], [85.16032809551594, 27.958149538120583], [85.16032962566783, 27.958059311314997], [85.16053285396869, 27.958062028511186], [85.1605343839447, 27.95797180169405], [85.16063599802135, 27.95797316017456], [85.16063905778329, 27.95779270652623], [85.16084228562025, 27.957795423241794], [85.16094695877656, 27.957616327802928], [85.16115018631842, 27.957619044048176], [85.16115171575261, 27.95752881719389], [85.16125332944975, 27.957530175198936], [85.16135800166352, 27.957351079396112], [85.16156122875562, 27.95735379501085], [85.16156275783095, 27.957263568132223], [85.16166437130323, 27.957264925822017], [85.1616659002871, 27.957174698936996], [85.16176751368207, 27.957176056546693], [85.16176904257445, 27.95708582965526], [85.16187065589209, 27.957087187184865], [85.16197532664276, 27.95690809083233], [85.16217855297582, 27.956910805496182], [85.1621800815094, 27.95682057858042], [85.16228169460214, 27.95682193579478], [85.16238636441031, 27.95664283907833], [85.1625895902936, 27.956645553111713], [85.16259111846837, 27.95655532617162], [85.16269273133624, 27.956556683070744], [85.16269120324588, 27.956646910015966], [85.16279281620521, 27.956648266845264], [85.16278976017205, 27.95682872074221], [85.16289137330725, 27.956830077506815], [85.16288831741458, 27.95701053140899], [85.16298993072566, 27.957011888108916], [85.16298687497348, 27.957192342016317], [85.16308848846043, 27.957193698651555], [85.16298381919303, 27.95737279591867], [85.16308543284876, 27.95737415256418], [85.16318399104041, 27.95755596305259], [85.16338721872486, 27.957558675989365], [85.16338569114748, 27.957648902956677], [85.16348730508471, 27.95765025931776], [85.16348577758465, 27.957740486288937], [85.16358739161336, 27.957741842580194], [85.16368595096539, 27.957923652755607], [85.16388917939575, 27.957926364983848], [85.16398773941594, 27.95810817497041], [85.16419096822634, 27.95811088676942], [85.16428952891468, 27.958292696567106], [85.1644927581051, 27.95829540793688], [85.16449123139957, 27.958385634950574], [85.16459284608979, 27.958386990528147], [85.16469140769243, 27.958568800074875], [85.16489616382786, 27.958481283844044], [85.16489463744581, 27.958571510875736], [85.16499625233311, 27.958572866163724], [85.1649947260284, 27.95866309319928], [85.16509634100717, 27.958664448417434], [85.16509481477979, 27.958754675456863], [85.16519642985004, 27.958756030605187], [85.1651949037, 27.958846257648485], [85.16529651886171, 27.95884761272697], [85.16529499278901, 27.95893783977414], [85.16539660804219, 27.958939194782793], [85.16549517147348, 27.959121003827555], [85.16569840235279, 27.959123713490545], [85.165699928102, 27.959033486425376], [85.16630962040304, 27.959041613584454], [85.16630809516028, 27.95913184068038], [85.1665113261526, 27.95913454914394], [85.1665098010716, 27.959224776248863], [85.16671455717318, 27.959137257307642], [85.16671150734173, 27.959317711536723], [85.16691473872817, 27.959320419421065], [85.16691321397067, 27.959410646543965], [85.16701482975888, 27.959412000378816], [85.16701178039153, 27.959592454631085], [85.16711339635565, 27.959593808401213], [85.16711034712887, 27.959774262658687], [85.16731205496073, 27.959867197131636], [85.16720738962898, 27.960046297756232], [85.16730900602926, 27.96004765140205], [85.16730748155294, 27.96013787853537], [85.1675091902289, 27.96023081275465], [85.16750614157861, 27.960411267035465], [85.1676077583377, 27.960412620476877], [85.16760623408638, 27.960502847620518], [85.167807943705, 27.9605957814413], [85.16780489550474, 27.960776235742774], [85.16790651262265, 27.960777588979763], [85.167903464563, 27.96095804328645], [85.16800508185679, 27.96095939645871], [85.16799746200627, 27.961410532228978], [85.1680990797292, 27.961411885351875], [85.16809755582234, 27.961502112507272], [85.167995938015, 27.961500759379255], [85.16799289001128, 27.961681213676023], [85.16809450798748, 27.961682566814282], [85.16809146012437, 27.961863021116255], [85.16798984197935, 27.961861667967753], [85.1679883179528, 27.96195189511172], [85.16808993618224, 27.96195324826535], [85.16808079238129, 27.962494611133465], [85.16818241112432, 27.962495964242844], [85.16817936330308, 27.962676418532382], [85.1680777443912, 27.962675065412757], [85.16807622038557, 27.962765292550515], [85.16817783938187, 27.96276664567526], [85.16817021967, 27.963217781370748], [85.1680686002516, 27.963216428220395], [85.16806707620363, 27.96330665535059], [85.16816869570647, 27.963308008506065], [85.16816717173587, 27.963398235640124], [85.1680655521486, 27.963396882479525], [85.1680625040174, 27.963577336733614], [85.16816412377352, 27.963578689904455], [85.16816259978177, 27.96366891703473], [85.16806097994122, 27.963667563858774], [85.16805793176769, 27.963848018105303], [85.16815955177708, 27.963849371291506], [85.16815650374419, 27.96402982554324], [85.16825812392949, 27.9640311786647], [85.16825659998689, 27.964121405793804], [85.16815497971714, 27.96412005266722], [85.1681519316419, 27.964300506911396], [85.16825355208051, 27.964301860048224], [85.1682505041459, 27.964482314297598], [85.16814888353844, 27.964480961150528], [85.16814735947612, 27.964571188268206], [85.16824898016803, 27.9645725414204], [85.16824593219108, 27.964752995662217], [85.16834755305891, 27.964754348749665], [85.16834602914429, 27.964844575873812], [85.16854774731713, 27.96493750896713], [85.1685431760164, 27.96520819035893], [85.16864479732753, 27.96520954324703], [85.16864327363093, 27.965299770380227], [85.16843850697434, 27.965387291640496], [85.16853403322443, 27.96574955310851], [85.16863565504218, 27.96575090602733], [85.16863413130328, 27.965841133152974], [85.16873575321252, 27.965842486001936], [85.16883432796757, 27.966024293043887], [85.16903757215908, 27.966026998387353], [85.16903604873676, 27.966117225529697], [85.16923776986485, 27.96621015773477], [85.16913310087155, 27.96638925952888], [85.16933482258368, 27.96648219161603], [85.16933177616808, 27.966662645917562], [85.16943339888664, 27.96666399828768], [85.16943187575271, 27.966754225441672], [85.16953349856277, 27.966755577741917], [85.16963207542861, 27.96693738429186], [85.16993694442888, 27.9669414405484], [85.169935421696, 27.9670316677242], [85.17003704479463, 27.96703301966485], [85.17003552213914, 27.967123246844505], [85.17013714532926, 27.967124598715287], [85.17013562275118, 27.96721482589879], [85.17023724603278, 27.967216177699697], [85.17033582448191, 27.967397983809317], [85.17054059367254, 27.96731045985518], [85.1706391727198, 27.96749226577311], [85.17094404345148, 27.967496319872012], [85.17094556537516, 27.96740609265137], [85.1716569300712, 27.967415549554982], [85.17165540873863, 27.96750577681142], [85.17175703237925, 27.9675071275028], [85.17175855362738, 27.96741690024125], [85.17196180076085, 27.9674196013888], [85.17196027968163, 27.96750982866057], [85.17206190334338, 27.967511179126976], [85.17206342433818, 27.967420951850094], [85.17226667151391, 27.9674236525477], [85.172265150688, 27.967513879834808], [85.17236677437089, 27.967515230076234], [85.17236525362237, 27.967605457367185], [85.17256698059148, 27.967698384935193], [85.17256393939707, 27.96787883953124], [85.17266556343884, 27.967880189568124], [85.17266404291553, 27.967970416869367], [85.17276566704878, 27.967971766836374], [85.17286425045911, 27.968153571347525], [85.17296587477533, 27.968154921174754], [85.17296739505939, 27.968064693860704], [85.1731691234289, 27.96815762060423], [85.17317064354407, 27.96806739327997], [85.17347551632388, 27.968071441846416], [85.17347703617865, 27.96798121450557], [85.17357866036821, 27.96798256387262], [85.17357714059787, 27.968072791218578], [85.17367876487891, 27.96807414051574], [85.17368028456481, 27.967983913164684], [85.1738835329791, 27.967986611523827], [85.1738820134621, 27.968076838885096], [85.17408526207342, 27.96807953695447], [85.17408678142154, 27.96798930958299], [85.17429002989209, 27.967992007342183], [85.17428851071287, 27.968082234723873], [85.17459338372481, 27.968086280815516], [85.17459186479192, 27.968176508211254], [85.17469348922775, 27.968177856763592], [85.17469197037227, 27.968268084163174], [85.17479359489957, 27.968269432645613], [85.1747920761215, 27.968359660049043], [85.17489370074028, 27.968361008461592], [85.17489218203964, 27.968451235868866], [85.17509391292842, 27.968544159895398], [85.17509087582978, 27.968724614724064], [85.17529260740119, 27.96881753848765], [85.17518794536012, 27.96899664518088], [85.17528957059818, 27.96899799332916], [85.17528653376705, 27.969178448165636], [85.17538815918104, 27.969179796249122], [85.17538664083938, 27.96927002367056], [85.17548826634484, 27.969271371684155], [85.17558685549076, 27.96945317448227], [85.17589173257714, 27.96945721787866], [85.17589021463667, 27.96954744532183], [85.17599184043063, 27.969548792975733], [85.17599032256759, 27.969639020422743], [85.17609194845303, 27.969640368006747], [85.17609043066741, 27.969730595457595], [85.17619205664434, 27.9697319429717], [85.17619053893615, 27.969822170426387], [85.17629216500457, 27.969823517870587], [85.1762906473738, 27.969913745329123], [85.17639227353371, 27.96991509270342], [85.17649086475585, 27.970096894936397], [85.17669411744859, 27.97009958933039], [85.17669260013459, 27.970189816805537], [85.17679422657594, 27.970191163895134], [85.17679270933935, 27.970281391374115], [85.1768943358722, 27.9702827383938], [85.17689281871306, 27.970372965876628], [85.17699444533739, 27.97037431282641], [85.17709303796721, 27.970556114683443], [85.17760117207385, 27.97056284798329], [85.17759965548485, 27.970653075498014], [85.17780290934557, 27.97065576830313], [85.17780139291847, 27.970745995826775], [85.17769976590014, 27.97074464945663], [85.17769824938156, 27.97083487697392], [85.17779987648436, 27.970836223349163], [85.17769218323706, 27.971195787030506], [85.17779381067768, 27.971197133426127], [85.17779229420847, 27.97128736094222], [85.17789392174058, 27.971288707267934], [85.17799251665808, 27.971470508567432], [85.17829739982436, 27.971474546900097], [85.17839599558648, 27.97165634794547], [85.17860076723925, 27.971568812110778], [85.17869936359963, 27.971750612964264], [85.17890261964183, 27.97175330424152], [85.1789011040596, 27.971843531806087], [85.17900273217569, 27.9718448773373], [85.17899970115913, 27.97202533247283], [85.17910132945116, 27.97202667793922], [85.17909981401681, 27.97211690551018], [85.17920144240033, 27.97211825090666], [85.17919841167952, 27.972298706054993], [85.17930004023899, 27.972300051386643], [85.17919538093066, 27.972479161198287], [85.17939712317846, 27.972572079386875], [85.17939409272537, 27.972752534542984], [85.17949572172121, 27.972753879750062], [85.17949420656862, 27.972844107331326], [85.17959583565593, 27.972845452468484], [85.17969443476191, 27.973027252709723], [85.17989769330948, 27.973029942629353], [85.17989617847374, 27.973120170227187], [85.17999780784251, 27.973121515079576], [85.17999326354659, 27.973392197880788], [85.18009489317579, 27.973393542673435], [85.18009186377907, 27.973573997878127], [85.18019349358421, 27.97357534260593], [85.18019197895981, 27.97366557021148], [85.18029360885646, 27.973666914869362], [85.18029057975555, 27.973847370086844], [85.18039220982814, 27.973848714679892], [85.1802875506266, 27.97402782529929], [85.18049081111671, 27.974030514430726], [85.18048929671066, 27.97412074204524], [85.1805909270507, 27.97412208650352], [85.18048626787754, 27.974301197270478], [85.18068801464442, 27.97439411375329], [85.18068498610715, 27.974574568991315], [85.1807866168836, 27.97457591332501], [85.18078358848724, 27.974756368568176], [85.18088521943965, 27.97475771283703], [85.18088219118422, 27.97493816808534], [85.18098382231258, 27.974939512289343], [85.18098230825883, 27.975029739916685], [85.18088067704599, 27.975028395707596], [85.1808776487485, 27.975208850948352], [85.1809792801303, 27.975210195167612], [85.18097170968635, 27.975661333272882], [85.18087007788213, 27.97565998902819], [85.18086402106287, 27.97602089946939], [85.18076238892775, 27.97601955512933], [85.18086099261119, 27.97620135468243], [85.18075936030709, 27.976200010332207], [85.18075784598625, 27.976290237931746], [85.18065621360468, 27.976288893501412], [85.180653184773, 27.97646934868655], [85.18055155222947, 27.976468004171018], [85.18055003771863, 27.976558231756613], [85.18065167034665, 27.976559576277232], [85.18065015591328, 27.976649803866653], [85.18054852320078, 27.976648459340947], [85.18054549414406, 27.97682891450584], [85.1804438612696, 27.976827569894933], [85.18043780273405, 27.977188480189255], [85.18053943594646, 27.97718982482051], [85.18053792137954, 27.977280052396033], [85.18043628808263, 27.977278707759684], [85.18043325875877, 27.977459162896775], [85.1803316252999, 27.977457818175232], [85.18032708100807, 27.977728500856152], [85.18022544730275, 27.977727156044324], [85.1802224175708, 27.97790761114846], [85.18012078370352, 27.977906266251427], [85.18011623879956, 27.97817694888292], [85.17991145542804, 27.97826448636438], [85.17990690993297, 27.978535168950234], [85.17980527549526, 27.9785338237925], [85.17980224496115, 27.97871427883325], [85.17959746032224, 27.978801815780656], [85.17959291394047, 27.979072498298027], [85.17949127901683, 27.979071152884668], [85.17948976345772, 27.979161380382845], [85.17928497772738, 27.9792489168076], [85.1792804304799, 27.979519599260264], [85.17917879515483, 27.97951825359636], [85.1790741279654, 27.979697362799204], [85.17887237312054, 27.979604443615806], [85.17876770534662, 27.9797835525554], [85.17835964667007, 27.97986839531996], [85.17835661355956, 27.980048850180367], [85.17825497779064, 27.98004750381063], [85.17825042781871, 27.980318186076506], [85.17814879180332, 27.98031683961646], [85.17814272473778, 27.98067774926628], [85.17793793509911, 27.980765283479435], [85.17793641813915, 27.980855510877294], [85.17803805464752, 27.98085685751798], [85.17803653776504, 27.980947084919674], [85.17793490117216, 27.980945738273896], [85.17792883323402, 27.981306647847696], [85.17782719631015, 27.9813053011065], [85.17782416212992, 27.981485755875646], [85.1779257992228, 27.98148710262703], [85.17792428220666, 27.981577330014815], [85.17782264502928, 27.981575983258335], [85.17781961080694, 27.981756438019932], [85.17771797346757, 27.98175509117822], [85.17771645626134, 27.98184531855203], [85.17761481884449, 27.98184397163018], [85.17751014666312, 27.98202307935676], [85.1773068715265, 27.9820203851175], [85.17730535396119, 27.982110612467146], [85.17710207868363, 27.98210791791754], [85.17710056094226, 27.982198145255737], [85.17689880343418, 27.98210522306777], [85.17689728552381, 27.982195450395775], [85.1765923724488, 27.982191407543056], [85.17659085427786, 27.982281634854495], [85.17567611467176, 27.98226950219832], [85.17567763360327, 27.982179274932776], [85.17557599598892, 27.982177926489776], [85.1755744769729, 27.98226815375022], [85.17537120159626, 27.982265456628898], [85.1753727207813, 27.982175229378655], [85.17496617045046, 27.98216983425596], [85.17496465092736, 27.98226006148579], [85.17486301327773, 27.98225871251242], [85.17486453288531, 27.982168485287687], [85.17466125777617, 27.98216578712603], [85.17466277754573, 27.982075559910246], [85.17456114008621, 27.982074210721965], [85.17455962023213, 27.98216443793265], [85.17445798269513, 27.98216308866422], [85.17445950263372, 27.982072861458647], [85.17425622774985, 27.982070162706897], [85.17425774785042, 27.981979935510278], [85.17405295289413, 27.982067463654992], [85.17405447316371, 27.981977236468584], [85.17395283583092, 27.981975886835176], [85.17385423936125, 27.981794082770563], [85.17365096506886, 27.981791383148995], [85.17365248565537, 27.981701155979223], [85.17355084860424, 27.981699806061], [85.17354932793323, 27.98179003322565], [85.17344769080464, 27.981788683227272], [85.17344921156015, 27.981698456067726], [85.17294102644529, 27.981691704975823], [85.17293950526724, 27.981781932109826], [85.17283786818089, 27.981780581661233], [85.17283938944345, 27.981690354532333], [85.17263611546088, 27.98168765342025], [85.1726345940293, 27.981777880538925], [85.17243131990588, 27.981775179116468], [85.17243284150646, 27.98168495200801], [85.17233120453982, 27.98168360118934], [85.17232968285474, 27.981773828292688], [85.17131331273072, 27.981760315927843], [85.17131179019351, 27.981850542978815], [85.17121015313538, 27.981849191324514], [85.17121167575708, 27.981758964278647], [85.17111003879047, 27.981757612554432], [85.17110851608426, 27.98184783959518], [85.16999050898733, 27.981832965620043], [85.1699889853445, 27.981923192603265], [85.16948080015996, 27.981916428678424], [85.16947927608754, 27.982006655634788], [85.16937763898729, 27.982005302619594], [85.16937916314421, 27.981915075668347], [85.16917588913388, 27.98191236942308], [85.16917436480796, 27.982002596364087], [85.16897109065684, 27.981999889808435], [85.16896956615483, 27.982090116737943], [85.16886792900534, 27.982088763342443], [85.16876324249971, 27.98226786370666], [85.16855996789799, 27.982265156519986], [85.16856149275215, 27.98217492961348], [85.16845985554639, 27.982173575912707], [85.16845833060772, 27.982263802814092], [85.16815341877927, 27.98225974124618], [85.16815189358003, 27.982349968130947], [85.16805025623349, 27.98234861411978], [85.16794556813632, 27.982527713778822], [85.16774381869189, 27.982434778499062], [85.1676391300102, 27.98261387789461], [85.16774076758205, 27.9826152322213], [85.16783935419186, 27.982797040200392], [85.16804415502789, 27.982709521625726], [85.16814274223634, 27.982891329413036], [85.16834601796471, 27.98289403727172], [85.16834449288507, 27.982984264157903], [85.16864940678411, 27.982988325398487], [85.16864788195095, 27.983078552298778], [85.16874952001592, 27.98307990590068], [85.16874799526022, 27.983170132804826], [85.16864635711073, 27.983168779197804], [85.16864330740911, 27.98334923299206], [85.16874494572764, 27.98335058660933], [85.16874342095075, 27.983440813509688], [85.1691499746334, 27.983446227248823], [85.1691484501875, 27.98353645416841], [85.16925008871033, 27.983537807420706], [85.16925161307171, 27.983447580495998], [85.16996308233736, 27.983457051125093], [85.16996460610008, 27.983366824163305], [85.17026952135191, 27.983370881863372], [85.17027104485403, 27.983280654884968], [85.17037268320091, 27.983282007296456], [85.17037420661147, 27.983191780311685], [85.17057748315733, 27.983194484899304], [85.17057900639183, 27.983104257903037], [85.17068064459082, 27.98310561007917], [85.17068216773374, 27.983015383076527], [85.17078380585528, 27.9830167351725], [85.17088848991052, 27.982837633163918], [85.17109176585079, 27.982840336960212], [85.17109328863452, 27.982750109933324], [85.17129656443396, 27.982752813419236], [85.17129808704163, 27.982662586380872], [85.17170463838703, 27.982667992431757], [85.1717061606496, 27.982577765371676], [85.17272253866113, 27.98259127519503], [85.17272101724366, 27.98268150230622], [85.173025931038, 27.98268555380529], [85.17302440986701, 27.98277578093054], [85.17322768593412, 27.982778481564935], [85.1733262821222, 27.982960286046964], [85.17352955856958, 27.982962986251543], [85.17352803780004, 27.98305321339856], [85.17362967611881, 27.9830545633934], [85.17362815542673, 27.983144790544266], [85.17372979383705, 27.98314614046917], [85.17372827322245, 27.983236367623885], [85.17382991172431, 27.98323771747885], [85.17382839118719, 27.983327944637406], [85.1739300297806, 27.983329294422443], [85.17392850932096, 27.983419521584846], [85.17403014800593, 27.98342087129994], [85.17402862762376, 27.98351109846619], [85.17413026640027, 27.983512448111348], [85.17412874609558, 27.983602675281446], [85.17423038496365, 27.98360402485667], [85.17432898354632, 27.983785828713685], [85.17453378163641, 27.98369830032134], [85.17453226165571, 27.983788527509336], [85.17473553979325, 27.983791226004822], [85.17473401997454, 27.983881453201757], [85.17483565913835, 27.983882802342038], [85.17483717887256, 27.98379257513999], [85.17493881795892, 27.98379392420012], [85.17493729830923, 27.983884151407267], [85.17636024743973, 27.983903030440942], [85.1763617659062, 27.98381280316238], [85.176463405098, 27.983814151096855], [85.17646188671606, 27.983904378380526], [85.17666516528982, 27.98390707403454], [85.17666668350272, 27.98381684674068], [85.17686996193554, 27.98381954208432], [85.17686844389166, 27.983909769388383], [85.17829139489139, 27.983928628460323], [85.17829291175204, 27.983838401084913], [85.17880110844862, 27.983845132877676], [85.17880262487965, 27.983754905475546], [85.1789042641555, 27.98375625160388], [85.178905780495, 27.983666024195394], [85.17900741969338, 27.983667370243584], [85.17900893594133, 27.983577142828747], [85.1791105750622, 27.983578488796798], [85.17921524632689, 27.983399379835998], [85.17941700836977, 27.98349229881425], [85.17941397655697, 27.98367275368591], [85.17931233733056, 27.98367140793789], [85.17941094471611, 27.983853208552524], [85.17920614983223, 27.983940744382327], [85.17919250461654, 27.984752791116787], [85.17929414485019, 27.984754137000937], [85.17929111267188, 27.98493459182714], [85.17939275308157, 27.984935937646434], [85.17938972104425, 27.98511639247778], [85.17949136163, 27.9851177382322], [85.17948984568534, 27.985207965651075], [85.17938820501506, 27.985206619891564], [85.17938517293564, 27.98538707471535], [85.17948681377496, 27.985388420485048], [85.17948378183651, 27.985568875313977], [85.1795854228519, 27.98557022101881], [85.17958087514518, 27.98584090326803], [85.17968251642117, 27.98584224891308], [85.17967493719227, 27.98629338599537], [85.1797765788979, 27.986294731590817], [85.17976293660467, 27.98710677830539], [85.17986457907807, 27.987108123871593], [85.1798554844074, 27.987649488321825], [85.17995712739503, 27.98765083384351], [85.17995106447906, 27.988011743472153], [85.18005270781183, 27.988013088939145], [85.1800481608048, 27.988283771162674], [85.1801498043982, 27.98828511656987], [85.18004512943172, 27.98846422597206], [85.18014677319418, 27.988465571389437], [85.18024538590066, 27.988647371556457], [85.18044867379881, 27.988650062036264], [85.18034399892426, 27.988829171663735], [85.18054577187213, 27.988922089436983], [85.18054274124623, 27.989102544279607], [85.18064438563553, 27.98910388935731], [85.18063832463773, 27.989464799047816], [85.18073996937221, 27.989466144070796], [85.18073693900031, 27.98964659891866], [85.18083858391088, 27.989647943876758], [85.18083706879895, 27.989738171303888], [85.18103884386036, 27.989831088441115], [85.18103581393963, 27.990011543309425], [85.18113745920941, 27.990012888062676], [85.18113442942972, 27.990193342936124], [85.1812360748756, 27.990194687624484], [85.18123456005978, 27.9902849150644], [85.18113291452936, 27.990283570370952], [85.18113139962199, 27.990373797804526], [85.18123304523695, 27.99037514250306], [85.18123001557026, 27.9905555973766], [85.18143179248464, 27.990648514013866], [85.1815273799433, 27.99101076829041], [85.18162902617814, 27.991012112724274], [85.18162751163742, 27.991102340173203], [85.18172915796382, 27.99110368453709], [85.18172764350062, 27.991193911989832], [85.18192942204244, 27.991286827964228], [85.18192185043186, 27.991737965253616], [85.1818202034996, 27.99173662100428], [85.1818171746372, 27.991917075901046], [85.18171552754285, 27.991915731566465], [85.18170946939573, 27.99227664132455], [85.1818111168283, 27.99227798567947], [85.18180960235856, 27.992368213120923], [85.18170795484143, 27.992366868760918], [85.1817049257118, 27.99254732362988], [85.18180657339805, 27.992548668000055], [85.18180354440948, 27.99272912287414], [85.18190519227183, 27.992730467179413], [85.1819006489901, 27.993001149496354], [85.18200229711313, 27.993002493741805], [85.1819992683927, 27.993182948623637], [85.18210091669187, 27.993184292804184], [85.18209788811252, 27.99336474769114], [85.1821995365878, 27.993366091806774], [85.18219650814954, 27.993546546698862], [85.18229815680095, 27.99354789074959], [85.1822936143447, 27.993818573093527], [85.1823952632568, 27.993819917084423], [85.18239223508672, 27.99400037198425], [85.18249388417493, 27.99400171591024], [85.18249237016394, 27.99409194336334], [85.18259401934374, 27.99409328721934], [85.1825925054103, 27.994183514676273], [85.18279429018871, 27.99427642963903], [85.18279126262506, 27.99445688456691], [85.1828929121641, 27.994458228218008], [85.18289139845635, 27.994548455685134], [85.18299304808697, 27.99454979926623], [85.18299002081955, 27.994730254206885], [85.1830916706263, 27.994731597723064], [85.18309015706664, 27.99482182519658], [85.18298850717531, 27.994820481675326], [85.18298547986586, 27.995000936608417], [85.18308712992632, 27.995002280139833], [85.18308410275797, 27.99518273507805], [85.18298245252838, 27.995181391536466], [85.18298093884913, 27.995271618998608], [85.18308258916328, 27.995272962545275], [85.1830735074481, 27.995814327322137], [85.18327680911226, 27.99581701425119], [85.1832737821561, 27.99599746918706], [85.18337543316783, 27.995998812549125], [85.18337694656482, 27.995908585076737], [85.18358024844014, 27.995911271565465], [85.18357873521227, 27.99600149904801], [85.18378355034345, 27.995913957753853], [85.1838821753503, 27.99609575572973], [85.18408547763393, 27.99609844148794], [85.18408396481489, 27.996188668993355], [85.18418561605178, 27.996190011764913], [85.18418259056189, 27.99637046678213], [85.18428424197491, 27.996371809488757], [85.18428272930403, 27.99646203700055], [85.18438438080862, 27.996463379637174], [85.18438286821532, 27.99655360715279], [85.1845846589835, 27.99664651973544], [85.18458163410018, 27.996826974780674], [85.18478342555194, 27.996919887099825], [85.18477737634994, 27.997280797210752], [85.18487902865068, 27.99728213951764], [85.18487600417684, 27.997462594575698], [85.18497765665376, 27.99746393681765], [85.18497463232107, 27.997644391880826], [85.184872979675, 27.997643049628724], [85.18487146741359, 27.99773327715334], [85.18497312014424, 27.997734619410515], [85.18496858357173, 27.998005301992055], [85.18486693058735, 27.99800395971965], [85.18486541829793, 27.998094187239236], [85.1849670713669, 27.99809552951671], [85.18496102247758, 27.998456439602755], [85.18475620326105, 27.998543982440296], [85.1847501535551, 27.99890489246053], [85.18464849973891, 27.99890354998718], [85.18474712866015, 27.999085347463097], [85.18464547467478, 27.999084004979586], [85.18464396213223, 27.999174232473898], [85.18454230806928, 27.999172889910227], [85.18453928279398, 27.999353344884916], [85.18443762856887, 27.999352002235995], [85.18443611583614, 27.999442229716376], [85.18453777014584, 27.99944357237037], [85.18453474482855, 27.99962402733751], [85.18443309034967, 27.999622684673355], [85.18442855206749, 27.999893367099364], [85.18432689734185, 27.999892024344884], [85.1843238716162, 28.000072479279115], [85.1842222167284, 28.000071136439388], [85.18422070377048, 28.000161363899522], [85.18432235874288, 28.000162706744334], [85.1844209881238, 28.000344504450876], [85.18452264327938, 28.000345847155646], [85.18452566870867, 28.00016539220867], [85.18462732370207, 28.00016673482819], [85.18462581107552, 28.00025696230739], [85.1847274661605, 28.000258304856896], [85.18472897870248, 28.000168077372617], [85.18493228872426, 28.00017076223618], [85.18493380109005, 28.000080534740498], [85.18513862316028, 27.99999299178643], [85.18514315968716, 27.99972230925758], [85.1852448142996, 27.999723651401144], [85.18524632637664, 27.99963342388393], [85.1853479809115, 27.99963476594733], [85.18534949289696, 27.999544538423788], [85.18545114735423, 27.999545880407013], [85.18545265924811, 27.99945565287713], [85.18555431362779, 27.99945699478019], [85.18555582543009, 27.999366767243973], [85.18565747973219, 27.99936810906686], [85.18565899144289, 27.999277881524318], [85.18586381143344, 27.999190337380707], [85.1857651805038, 27.99900854061661], [85.18586683448154, 27.999009882269018], [85.18586985750167, 27.998829427152295], [85.18607467647021, 27.998741882641127], [85.18597604554122, 27.998560086019694], [85.18607769911006, 27.998561427496554], [85.18608827812916, 27.997929834450847], [85.1861899311129, 27.9979311758171], [85.1861929534577, 27.9977507206397], [85.1860913006431, 27.997749379283594], [85.18609281188958, 27.99765915169808], [85.18619446461959, 27.997660493049114], [85.1862050425571, 27.997028899879737], [85.18630669470208, 27.997030241120175], [85.18630971673785, 27.996849785907443], [85.18620806476203, 27.996848444677145], [85.18620957585401, 27.99675821707396], [85.18631122774525, 27.996759558299185], [85.18631273874566, 27.99666933068967], [85.1861094351393, 27.996666648174283], [85.18611094630185, 27.996576420573653], [85.18621259801697, 27.99657776186381], [85.18621562015196, 27.996397306648632], [85.186113968606, 27.99639596536861], [85.18611547974758, 27.996305737764207], [85.18591368814951, 27.996212827393524], [85.18591671073598, 27.996032372198705], [85.1858150595493, 27.996031030713723], [85.18581657091661, 27.995940803119495], [85.18561326873335, 27.995938119934433], [85.18561629178528, 27.995757664762486], [85.18551464087328, 27.995756323067475], [85.18551615247333, 27.995666095484697], [85.18541450165289, 27.995664753719677], [85.18541601333051, 27.99557452614071], [85.18521422371953, 27.995481614825493], [85.18521724737805, 27.995301159681556], [85.18511559691687, 27.99529981771159], [85.18511862071655, 27.995119362572765], [85.18501697043152, 27.99511802053787], [85.18512164448825, 27.994938907428903], [85.18501999437234, 27.994937565404157], [85.18502150633226, 27.99484733783541], [85.18481820629056, 27.994844653570834], [85.18481971841261, 27.994754426010974], [85.18471806848682, 27.994753083771148], [85.18471958068643, 27.994662856215122], [85.18451779338673, 27.99456994397322], [85.18452384276374, 27.99420903377205], [85.18442219336633, 27.994207691337447], [85.18442521818197, 27.994027236239457], [85.18432356896069, 27.994025893739924], [85.18432508144257, 27.993935666194126], [85.18442673057928, 27.993937008688576], [85.18442975535292, 27.993756553583026], [85.18432810638531, 27.99375521109873], [85.18433113130007, 27.993574755998303], [85.18412934634013, 27.993481843282837], [85.18413842188912, 27.992940478004694], [85.18424007008169, 27.992941820593447], [85.18424309503958, 27.992761365480497], [85.18414144701612, 27.992760022901905], [85.18414295956912, 27.992669795348622], [85.184244607508, 27.992671137922137], [85.18414900971109, 27.99230888512288], [85.18425065731178, 27.992310227676086], [85.18425216974522, 27.992220000111423], [85.18415052222909, 27.9922186575633], [85.18415808471408, 27.991767519746485], [85.18405643762772, 27.991766177148676], [85.18406551288604, 27.99122481175741], [85.18396386631397, 27.991223469115006], [85.18396689151317, 27.99104301398466], [85.18376511148647, 27.99095010093806], [85.18376813698185, 27.990769645820464], [85.18366649085354, 27.99076830297825], [85.18367102929776, 27.990497620307664], [85.18356938343008, 27.99049627740562], [85.18357240919364, 27.990315822295752], [85.18337063085788, 27.990222908740126], [85.18337819595469, 27.98977177098792], [85.1832765507844, 27.989770427901316], [85.18327957694319, 27.989589972801777], [85.1833812219444, 27.989591315878222], [85.18338273492874, 27.98950108832149], [85.18328109001207, 27.98949974525013], [85.18328411612885, 27.989319290143026], [85.18318247138828, 27.989317947006768], [85.18318549764612, 27.98913749190479], [85.18328714221761, 27.989138835030893], [85.18328865525149, 27.989048607472935], [85.18318701076454, 27.989047264351917], [85.18319155007778, 27.988776581685734], [85.18308990585143, 27.988775238504886], [85.18319457625158, 27.988596126568638], [85.18309293219431, 27.988594783397964], [85.1831020110549, 27.988053418046952], [85.18300036751185, 27.988052074831693], [85.18300339391178, 27.987871619714777], [85.18310503728574, 27.98787296291987], [85.18310655039065, 27.98778273535444], [85.18300490710122, 27.98778139215443], [85.18301852549111, 27.986969344054614], [85.18291688296947, 27.986968000825275], [85.18291990937037, 27.98678754568829], [85.1828182670248, 27.98678620239406], [85.18282129356673, 27.986605747262196], [85.18271965139722, 27.986604403903076], [85.18272116474222, 27.98651417634034], [85.18282280682719, 27.986515519694386], [85.1828258333271, 27.98633506455496], [85.18272419141118, 27.986333721211086], [85.18272721805214, 27.986153266076794], [85.182828859799, 27.98615460941051], [85.18283037302443, 27.986064381836396], [85.1827287313621, 27.986063038507762], [85.18273175796104, 27.985882583365907], [85.18283339945431, 27.985883926684377], [85.18283793904659, 27.98561324394691], [85.18293958029331, 27.985614587175085], [85.18294563264688, 27.985253676820506], [85.18315042738693, 27.985166135409102], [85.18315345316961, 27.98498568020142], [85.18305181250057, 27.984984337158906], [85.18305483842425, 27.984803881956342], [85.18295319793125, 27.984802538848946], [85.18295471096712, 27.984712311250856], [85.18305635137561, 27.984713654353172], [85.1830593772573, 27.98453319914305], [85.18295773701786, 27.9845318560509], [85.18295925003271, 27.984441628449023], [85.1828576098848, 27.984440285286908], [85.18285912297716, 27.984350057688854], [85.18275748292078, 27.984348714456775], [85.18265886937321, 27.984166915970096], [85.18245558963352, 27.984164229151027], [85.18245710304296, 27.984074001569525], [85.18235546326814, 27.984072658052497], [85.1823569767551, 27.983982430474825], [85.1822553370718, 27.983981086887844], [85.18225685063626, 27.983890859313988], [85.18215521104449, 27.98388951565704], [85.18215672468646, 27.98379928808701], [85.18205508518622, 27.9837979443601], [85.1820565989057, 27.983707716793898], [85.18185483397677, 27.98361480156781], [85.1818578617188, 27.98343434644944], [85.18175622257762, 27.983433002517735], [85.18176076439164, 27.983162319845974], [85.18165912551102, 27.983160975854485], [85.18166366751552, 27.982890293186642], [85.18156202889546, 27.982888949135358], [85.1815680851414, 27.98252803891429], [85.18146644686637, 27.982526694808303], [85.18147401743866, 27.982075557029045], [85.18157565529111, 27.982076901109604], [85.18158019729687, 27.98180621841168], [85.1816818349028, 27.98180756240195], [85.1816833488062, 27.98171733482837], [85.18178498633462, 27.981718678738524], [85.18178801395138, 27.981538223577417], [85.1818896513178, 27.981539567402365], [85.18189873349284, 27.980998201858323], [85.18200037035925, 27.980999545577724], [85.18200491109867, 27.980728862773457], [85.18210654771855, 27.980730206402576], [85.18210957467413, 27.980549751183265], [85.18221121113203, 27.980551094727176], [85.18221575125935, 27.98028041187352], [85.18231738747073, 27.98028175532715], [85.18232041401825, 27.980101300074917], [85.18221877797588, 27.98009995663145], [85.18222029132363, 27.980009729008522], [85.1823219272815, 27.980011072446906], [85.18232344053776, 27.979920844817634], [85.18242507641813, 27.97992218817591], [85.18242658958289, 27.979831960540306], [85.1826313741844, 27.979744419374555], [85.18263742606933, 27.97938350877384], [85.18273906146374, 27.979384851876517], [85.18274511289863, 27.97902394123533], [85.18284674796205, 27.979025284242656], [85.18284826071877, 27.978935056574127], [85.18274662573985, 27.97893371357188], [85.18274813857407, 27.978843485907177], [85.18284977346848, 27.97884482890434], [85.18286036252047, 27.978213235180565], [85.18296199683043, 27.978214578067142], [85.18296502204184, 27.978034122695995], [85.18306665618982, 27.978035465497378], [85.18306816870054, 27.977945237804843], [85.18296653463705, 27.977943895008533], [85.18296955980645, 27.977763439629832], [85.18307119370095, 27.977764782415974], [85.18307573114909, 27.977494099323245], [85.18317736479713, 27.977495442019123], [85.183183414292, 27.97713453119086], [85.18328504760906, 27.97713587379139], [85.18328807214553, 27.97695541835955], [85.18349285055147, 27.97686787558725], [85.18349738677574, 27.97659719239578], [85.1835990196069, 27.976598534740774], [85.18360053158317, 27.976508307002682], [85.18380530889779, 27.976420763707928], [85.1838098442567, 27.976150080451866], [85.18391147668642, 27.9761514225464], [85.18391450005508, 27.975970967025905], [85.18401613232282, 27.975972309035257], [85.18401764391216, 27.975882081268047], [85.1839160117289, 27.97588073926377], [85.18391903505557, 27.975700283735726], [85.18402066706987, 27.975701625729844], [85.18402520175395, 27.975430942413094], [85.18412683352179, 27.975432284316966], [85.18412834498469, 27.975342056537116], [85.18422997667504, 27.975343398360895], [85.18433463093926, 27.975164284525874], [85.18474115712283, 27.975169650730102], [85.18483976696415, 27.975351447728148], [85.18504454114534, 27.975263902423634], [85.1850430304498, 27.975354130250413], [85.18514466220311, 27.97535547139903], [85.18514315158504, 27.97544569922963], [85.18534641528161, 27.97544838131193], [85.18534490482551, 27.97553860915142], [85.18544653676877, 27.975539950085125], [85.18544804714038, 27.975449722240565], [85.18554967900614, 27.97545106309417], [85.18564829046662, 27.975632859580923], [85.1858530646117, 27.975545313069738], [85.18585155457102, 27.975635540933336], [85.18605481870338, 27.97563822198567], [85.18605330882468, 27.975728449858153], [85.18615494098584, 27.975729790276866], [85.18625355371354, 27.975911586382033], [85.18645681840871, 27.975914266864635], [85.18645379927825, 27.976094722641363], [85.18665706433931, 27.976097402844168], [85.18665555493257, 27.97618763074078], [85.18675718755807, 27.97618897073472], [85.18675567822883, 27.97627919863515], [85.18685731094581, 27.97628053855914], [85.18685580169405, 27.976370766463383], [85.18695743450249, 27.976372106317417], [85.18705604913143, 27.976553901921413], [85.18725931512117, 27.97655658127465], [85.18725780618641, 27.97664680919539], [85.1874610723731, 27.976649488258676], [85.18745956360031, 27.97673971618829], [85.18766282998389, 27.976742394961615], [85.18766132137313, 27.976832622900112], [85.18806785456204, 27.97683797956676], [85.18806634628223, 27.976928207524264], [85.18827112119838, 27.976840657449948], [85.18826961308756, 27.97693088541758], [85.1883712465007, 27.976932224251694], [85.18836973846736, 27.977022452223146], [85.18857300548355, 27.97702512967645], [85.18857149761223, 27.977115357656757], [85.18867313121527, 27.977116696275935], [85.18877174939966, 27.977298490797196], [85.18907665077857, 27.977302506009902], [85.18907514330876, 27.977392734011758], [85.18927991839941, 27.977305182443235], [85.18927841109857, 27.977395410455227], [85.18948167891628, 27.97739808659859], [85.18948017177746, 27.977488314619443], [85.18988670783457, 27.97749366602612], [85.18988520102673, 27.977583894065955], [85.19029173753339, 27.977589244292457], [85.19029023105655, 27.977679472351284], [85.19039186528514, 27.9776808097254], [85.19039337167749, 27.977590581661513], [85.19049500582858, 27.97759191895555], [85.19049651212946, 27.977501690885347], [85.19059814620302, 27.977503028099296], [85.19059965241243, 27.977412800022776], [85.19070128640847, 27.977414137156632], [85.19070279252644, 27.977323909073792], [85.19080442644494, 27.97732524612757], [85.19080593247145, 27.977235018038417], [85.19090756631245, 27.977236355012117], [85.19101221185453, 27.977057235708468], [85.19121547923342, 27.977059909260493], [85.19121698490105, 27.97696968114733], [85.19172515304778, 27.976976363689182], [85.19172665828599, 27.976886135549474], [85.19192992542449, 27.976888808030942], [85.19193143048675, 27.976798579879862], [85.19213319259083, 27.976891480212302], [85.19213469748412, 27.976801252051114], [85.19223633099327, 27.976802588024203], [85.19234097393709, 27.9766234675759], [85.19254424065224, 27.976626139126747], [85.19254574518669, 27.976535910941568], [85.19264737847023, 27.9765372465994], [85.19264888291322, 27.976447018407903], [85.19275051611922, 27.97644835398566], [85.19285515785934, 27.976269233081425], [85.19316005703311, 27.97627323910917], [85.19316156103278, 27.976183010888633], [85.19326319402015, 27.976184346076124], [85.19326169010496, 27.976274574301705], [85.19366822246197, 27.976279914321623], [85.19366671887778, 27.976370142566157], [85.19386998526703, 27.976372812136077], [85.19387148868225, 27.976282583881442], [85.19397312180281, 27.976283918548827], [85.19397161847209, 27.976374146808507], [85.19417488490308, 27.976376815928294], [85.19417338173434, 27.976467044196816], [85.19427501504478, 27.976468378649226], [85.194276518129, 27.976378150375655], [85.1943781513619, 27.976379484747987], [85.19437664836217, 27.976469713026614], [85.19447828168649, 27.976471047328975], [85.19447978460175, 27.976380819045303], [85.1954961173828, 27.976394157892162], [85.19549461531243, 27.9764843862263], [85.19559624871327, 27.976485719703405], [85.19559775069916, 27.97639549136422], [85.19569938402248, 27.976396824761252], [85.19569788212107, 27.97648705310548], [85.19681585006555, 27.976501715576806], [85.19681735103758, 27.976411487177092], [85.19691898444428, 27.976412819673854], [85.19691748355675, 27.976503048078595], [85.19712075055998, 27.976505712857115], [85.19712225127856, 27.97641548444229], [85.19722388470609, 27.97641681671397], [85.19722538533323, 27.976326588292842], [85.19732701868324, 27.976327920484465], [85.19732851921894, 27.976237692057033], [85.1974301524914, 27.976239024168592], [85.19743165293568, 27.976148795734865], [85.1975332861306, 27.976150127766356], [85.19763791986223, 27.975971002831436], [85.19784118594885, 27.975973666499154], [85.19784268603435, 27.975883438041496], [85.19804595197976, 27.97588610139904], [85.19804445206324, 27.97597632986678], [85.19865425057307, 27.975984318169115], [85.19865275115652, 27.976074546665817], [85.19895765075859, 27.976078539819294], [85.19895914992168, 27.97598831130748], [85.19906078305176, 27.975989642203565], [85.19905928397317, 27.976079870720405], [85.19926255042311, 27.976082532297568], [85.19926404933274, 27.975992303770646], [85.19946731564148, 27.97599496503764], [85.1994688143752, 27.9759047364994], [85.19997697984601, 27.975911388328825], [85.19997847815036, 27.975821159764152], [85.20008011118085, 27.975822489899937], [85.20007861296098, 27.975912718469644], [85.20028187921173, 27.975915378526206], [85.20028337726262, 27.975825149946438], [85.20079154258839, 27.975831798749812], [85.20079304020992, 27.975741570143626], [85.2011995722574, 27.975746887815802], [85.20120106953405, 27.97565665918824], [85.20160760135447, 27.975661975639948], [85.20160610441576, 27.975752204287623], [85.20170773747267, 27.975753533218025], [85.20170923432688, 27.975663304565323], [85.20191250029255, 27.975665962190998], [85.2019110036073, 27.975756190853758], [85.20231753595965, 27.97576150522496], [85.20231603960542, 27.97585173390658], [85.2025208021774, 27.975764161960427], [85.20251930599214, 27.975854390652103], [85.20262093919588, 27.975855718912324], [85.20262243529666, 27.975765490215636], [85.20292733469599, 27.975769474531095], [85.2029288305364, 27.97567924581807], [85.20303046359886, 27.97568057376816], [85.20313508799032, 27.975501444193302], [85.20333835381194, 27.975504099698266], [85.20334134476839, 27.975323642223213], [85.2031380792847, 27.975320986738343], [85.20313957492151, 27.975230758008983], [85.20303794227453, 27.975229430159043], [85.20303943798889, 27.975139201433443], [85.20283617288469, 27.975136545518545], [85.20273753225781, 27.97495476002375], [85.20253277141016, 27.97504233238181], [85.20253426753308, 27.97495210367883], [85.20233100283606, 27.974949447033836], [85.20233249912103, 27.974859218339642], [85.20162107349101, 27.974849917754227], [85.20162257036041, 27.974759689093965], [85.20152093823977, 27.974758360143856], [85.20151944128587, 27.974848588799084], [85.20060475175141, 27.974836624826988], [85.20060325403026, 27.974926853435697], [85.19928203570704, 27.974909561349506], [85.19928053688068, 27.974999789891513], [85.19887400806378, 27.97499446667881], [85.19887250889255, 27.975084695199435], [85.19795781870019, 27.975072713536896], [85.19795631876167, 27.975162942010915], [85.19724489285392, 27.975153618703683], [85.19724339231709, 27.975243847141154], [85.19714175998784, 27.975242514935008], [85.19714326060917, 27.975152286502567], [85.19673673169962, 27.97514695694792], [85.19673823265192, 27.97505672853439], [85.1965349684078, 27.975054063317035], [85.19653346728653, 27.975144291720486], [85.19633170419146, 27.975051397799604], [85.19633020290124, 27.975141626192972], [85.19602530637542, 27.975137627339052], [85.19602380482479, 27.975227855716017], [85.19592217257893, 27.97522652260963], [85.19592367421404, 27.9751362942377], [85.19572040991216, 27.97513362780995], [85.19572191170927, 27.975043399446854], [85.19541701556203, 27.975039399257717], [85.19541851760563, 27.974949170908495], [85.1952152537112, 27.974946503750733], [85.19521675591683, 27.974856275410353], [85.19491186038076, 27.974852274126214], [85.19491336283288, 27.974762045799697], [85.1947100993459, 27.974759377911948], [85.19471160196002, 27.974669149594277], [85.19440670703517, 27.974665147215152], [85.19440820989577, 27.974574918911372], [85.1936967892393, 27.97456557743648], [85.19369528578734, 27.974655805704913], [85.19247570729883, 27.974639783135366], [85.19247721176454, 27.974549554927563], [85.19237558035357, 27.974548219230872], [85.19237407580337, 27.97463844743363], [85.19227244431488, 27.974637111656865], [85.19227394894956, 27.974546883459173], [85.191765792034, 27.974540203475396], [85.19176428697695, 27.974630431647817], [85.1909512355985, 27.97461973973244], [85.19095274133142, 27.974529511600466], [85.19075098462034, 27.97443660975846], [85.19075700813016, 27.974075697253426], [85.19055374639686, 27.974073023285055], [85.19055525242584, 27.973982795165767], [85.19045362165413, 27.973981458074114], [85.19045512776061, 27.97389122995863], [85.19025337267551, 27.973798327453782], [85.19035801561141, 27.9736192084582], [85.19015475477863, 27.9736165339403], [85.19015626111066, 27.97352630583496], [85.1900546307892, 27.973524968468553], [85.19005613719874, 27.973434740367015], [85.18985287674569, 27.97343206541928], [85.18975425983461, 27.97325027165641], [85.18934773971593, 27.97324492060123], [85.18934924669583, 27.97315469253135], [85.18904435693348, 27.97315067846752], [85.18904586415984, 27.973060450411573], [85.1888426045221, 27.973057774004086], [85.18884411191041, 27.972967545957005], [85.18853922275956, 27.97296353079838], [85.18854073039432, 27.97287330276523], [85.1884391007758, 27.972871964234066], [85.18843759305656, 27.972962192262152], [85.18823433367152, 27.972959514964657], [85.18823584155967, 27.972869286946704], [85.18782932321122, 27.97286393147184], [85.18783083143029, 27.972773703472892], [85.1877292019451, 27.97277236442172], [85.18772769364156, 27.972862592415602], [85.18752443452318, 27.97285991407808], [85.18752594299566, 27.97276968609434], [85.18722105462389, 27.972765668040676], [85.1872225633428, 27.97267544007088], [85.18701930463214, 27.972672761003526], [85.187020813513, 27.972582533042612], [85.18691918425262, 27.97258119340149], [85.18691767528729, 27.972671421357337], [85.18671441661854, 27.972668741839918], [85.18671592575281, 27.972578513894213], [85.1866142965134, 27.97257717402806], [85.18661580572515, 27.97248694608616], [85.18651417657718, 27.972485606150062], [85.18651568586642, 27.972395378211974], [85.18631393721157, 27.972302470195697], [85.18631695609298, 27.97212201433351], [85.18621532730384, 27.972120674192674], [85.18621985582696, 27.971849990405165], [85.18632148436271, 27.971851330530782], [85.18622287480743, 27.97166953454053], [85.18642764085885, 27.971581986752142], [85.1864321687494, 27.971311302911545], [85.18653379679235, 27.971312642856734], [85.18653530599076, 27.97122241490228], [85.18684018990804, 27.97122643427259], [85.1868447167012, 27.970955750356048], [85.18704948092237, 27.970868201545976], [85.18705551584516, 27.970507289594046], [85.18715714316983, 27.97050862904358], [85.18716166903522, 27.970237945051206], [85.18706004196392, 27.970236605616886], [85.18696143244611, 27.970054810126634], [85.1867566697376, 27.970142358884196], [85.18675817867629, 27.970052130903248], [85.18604679070194, 27.97004275125885], [85.18604830022484, 27.969952523312127], [85.18584504674968, 27.969949842748854], [85.18574643955417, 27.969768046487932], [85.18554167652756, 27.969855593418817], [85.18554318645877, 27.969765365494943], [85.18544155992156, 27.96976402488594], [85.18534295357061, 27.96958222837071], [85.18513970086897, 27.969579546798006], [85.1851427213581, 27.969399090982026], [85.18504109518668, 27.96939775009333], [85.18494551059226, 27.96903549752317], [85.18484388477263, 27.969034156504765], [85.18484539523212, 27.968943928605082], [85.18474376950392, 27.96894258751675], [85.18464516501854, 27.968760790570578], [85.18444191393496, 27.968758108039236], [85.18444342471126, 27.96866788015607], [85.18413854839172, 27.968663855811812], [85.18414005941437, 27.968573627942618], [85.18363193277729, 27.968566919227623], [85.18363344421522, 27.968476691382563], [85.18342868217144, 27.968564235216647], [85.18343019377826, 27.968474007381744], [85.1832269433693, 27.968471323080937], [85.18322845513804, 27.968381095254937], [85.18292357983043, 27.968377068256487], [85.1829250918455, 27.968286840444467], [85.18251859187116, 27.968281470083582], [85.18252010421705, 27.968191242290622], [85.18241847932542, 27.968189899518], [85.18241696689508, 27.96828012730587], [85.18231534192599, 27.96827878445317], [85.18231685444078, 27.96818855667037], [85.18191035497227, 27.96818318452992], [85.18191186781785, 27.968092956766196], [85.18181024305268, 27.96809161354868], [85.18181175597572, 27.96800138578878], [85.181710131302, 27.968000042501348], [85.18171164430247, 27.967909814745276], [85.1816100197202, 27.96790847138794], [85.18161153279812, 27.967818243635683], [85.1815099083073, 27.967816900208433], [85.18141131029611, 27.96763510121825], [85.1811064373934, 27.967631070292057], [85.18110795087254, 27.967540842561455], [85.18100632667009, 27.96753949877449], [85.18100784022667, 27.967449271047713], [85.18090621611567, 27.96744792719084], [85.18090772974969, 27.96735769946788], [85.18080610573016, 27.967356355541103], [85.18080761944161, 27.96726612782198], [85.18070599551352, 27.967264783825296], [85.18070750930242, 27.967174556110002], [85.1806058854658, 27.96717321204341], [85.18050728953071, 27.966991412487797], [85.18040566587698, 27.9669900682814], [85.18040263781354, 27.967170523685244], [85.18030101399793, 27.96716917939368], [85.18030252811761, 27.96707895169747], [85.17999765696618, 27.96707491838808], [85.17999917133217, 27.96698469070587], [85.1798975477135, 27.966983346124515], [85.1798990621569, 27.96689311844614], [85.17979743862969, 27.96689177379488], [85.17969884431305, 27.96670997372846], [85.17949559763143, 27.96670728407134], [85.17939700398333, 27.96652548381563], [85.1791922426751, 27.966613021376713], [85.17919375768157, 27.966522793728927], [85.1790921345412, 27.966521448573094], [85.17899354173751, 27.966339648063286], [85.17878878049942, 27.966427185026973], [85.17869018829383, 27.966245384325322], [85.1784869425969, 27.966242693219318], [85.1784884581664, 27.966152465602146], [85.1783868354129, 27.966151119941753], [85.17828824412213, 27.96596931898861], [85.17808499898798, 27.965966627313257], [85.17808954662554, 27.96569594450773], [85.17798792432231, 27.96569459857285], [85.17788933408713, 27.965512797373385], [85.1776860898535, 27.96551010514908], [85.17779074416863, 27.965330996114275], [85.1774858783564, 27.96532695747094], [85.1774873947001, 27.965236729892105], [85.17738577286117, 27.965235383532786], [85.17749042736644, 27.965056274730667], [85.17738880569638, 27.965054928381544], [85.17739032210343, 27.96496470080402], [85.17718707895325, 27.964962007891], [85.17718859552217, 27.96487178032242], [85.17708697404203, 27.96487043375853], [85.17708849068838, 27.964780206193787], [85.1769868692997, 27.964778859560006], [85.17698838602344, 27.964688631999095], [85.17688676472622, 27.964687285295433], [85.17688828152737, 27.964597057738363], [85.17678666032161, 27.96459571096481], [85.17678817720018, 27.96450548341158], [85.17668655608585, 27.96450413656814], [85.17668807304184, 27.964413909018745], [85.17658645201898, 27.964412562105423], [85.17648786523176, 27.964230760034944], [85.17638624439182, 27.96422941298185], [85.1763847271966, 27.96431964051847], [85.17628310627924, 27.964318293385297], [85.1762846235589, 27.964228065853774], [85.17608138191413, 27.964225371372677], [85.17608289935562, 27.9641351438501], [85.17587814029746, 27.96422267659165], [85.17587965790781, 27.96413244907927], [85.17577803719445, 27.964131101581383], [85.17577955488221, 27.96404087407284], [85.17557631364542, 27.964038178862324], [85.17547772889858, 27.963856376154336], [85.17527448804167, 27.96385368051434], [85.17527600613052, 27.96376345302752], [85.17486952483874, 27.96375806086816], [85.17477094153423, 27.96357625771447], [85.17456770128231, 27.963573561055366], [85.17456921994105, 27.963483333600486], [85.17446759991006, 27.963481985163572], [85.17447063737531, 27.96330153026024], [85.17436901752019, 27.963300181758548], [85.17437205512617, 27.963119726860395], [85.17427043544696, 27.96311837829393], [85.17427195432381, 27.963028150848068], [85.17406871515533, 27.963025453500407], [85.17397013382082, 27.962843649849237], [85.17376689503222, 27.96284095207213], [85.17387155280291, 27.962661846138474], [85.17366983371431, 27.96256892081031], [85.17367287238972, 27.96238846596347], [85.17357125343511, 27.962387116913007], [85.17357429225123, 27.962206662071345], [85.17347267347252, 27.96220531295612], [85.17347419295443, 27.9621150855385], [85.17357581164872, 27.96211643464862], [85.1735773310392, 27.96202620722464], [85.17347571242932, 27.962024858119626], [85.173478751358, 27.9618444032781], [85.17337713292399, 27.961843054108318], [85.1733786524622, 27.961752826690777], [85.17327703411966, 27.961751477451127], [85.17317845517714, 27.96156967331807], [85.1729736990031, 27.961657201883973], [85.1729752188649, 27.96156697448434], [85.17287360071934, 27.961565624955014], [85.17287512065855, 27.96147539755923], [85.17277350260444, 27.961474047960042], [85.17277502262102, 27.961383820568095], [85.17267340465837, 27.961382470899043], [85.17267492475233, 27.961292243510957], [85.17257330688113, 27.961290893772034], [85.17257482705247, 27.961200666387793], [85.17247320927274, 27.96119931657901], [85.17247472952145, 27.961109089198622], [85.17237311183317, 27.96110773931998], [85.17237463215926, 27.96101751194344], [85.17217291746054, 27.96092458460387], [85.1721759584152, 27.96074412986493], [85.1720743410857, 27.96074277978181], [85.17207586163688, 27.960652552415556], [85.17197424439885, 27.96065120226258], [85.17197576502741, 27.96056097490018], [85.17187414788081, 27.96055962467734], [85.17177557231493, 27.960377819671393], [85.17157233839461, 27.960375118871312], [85.17157690120877, 27.96010443683033], [85.17137518891589, 27.960011508421754], [85.17137823108035, 27.959831053739403], [85.1712766146513, 27.959829703107648], [85.1712781358074, 27.959739475769684], [85.17117651946981, 27.95973812506807], [85.17117956192965, 27.959557670398606], [85.17107794576793, 27.95955631963225], [85.17108403094076, 27.95919541029865], [85.17098241512372, 27.95919405947778], [85.1709854578367, 27.959013604813652], [85.17088384219551, 27.959012253928044], [85.17088536362584, 27.958922026599208], [85.1707837480761, 27.958920675643743], [85.1707852695838, 27.95883044831876], [85.17068365412553, 27.958829097293446], [85.17068517571056, 27.958738869972315], [85.17058356034373, 27.95873751887715], [85.17058508200616, 27.958647291559878], [85.17048346673077, 27.958645940394867], [85.17038489510375, 27.958464134537017], [85.17018166492586, 27.958461431852637], [85.17008309396704, 27.958279625805783], [85.16987986416903, 27.958276922692093], [85.16988138638705, 27.95818669540432], [85.16957654199612, 27.95818264018692], [85.1695780644603, 27.95809241291323], [85.16947644976182, 27.95809106102929], [85.16947797230335, 27.95800083375947], [85.16937635769634, 27.957999481805686], [85.16937788031522, 27.957909254539718], [85.16917617407177, 27.957816323160515], [85.1691792196119, 27.957635868642754], [85.16907760536364, 27.957634516484557], [85.16918226512384, 27.95745541411996], [85.16897903697195, 27.957452709749084], [85.16898055988615, 27.95736248249603], [85.16887894590519, 27.957361130203264], [85.16888046889673, 27.95727090295408], [85.16877885500722, 27.95726955059148], [85.1686802874243, 27.957087743672236], [85.16847706001812, 27.95708503859272], [85.16837849310333, 27.95690323148451], [85.16817526607707, 27.956900525975726], [85.16817678962414, 27.956810298756082], [85.16807517620599, 27.956808945894366], [85.16807669983041, 27.956718718678577], [85.16797508650372, 27.956717365747032], [85.16787652074932, 27.956535558325662], [85.16767329446878, 27.95653285210827], [85.16767481840962, 27.956442624909187], [85.16726836627082, 27.95643721159542], [85.16726989054217, 27.956346984415575], [85.16706514024375, 27.9564345044888], [85.1670666646839, 27.9563442773192], [85.16696505176535, 27.95634292365858], [85.16686648805057, 27.956161115600523], [85.16666173782274, 27.956248635076623], [85.16666326258634, 27.956158407925003], [85.16656164986482, 27.956157053974803], [85.16656317470577, 27.956066826827048], [85.1663599494527, 27.956064118712046], [85.16636147445539, 27.955973891573286], [85.1660566368819, 27.955969828853995], [85.1660581621307, 27.95587960172935], [85.16585493728581, 27.955876892885307], [85.16585646269633, 27.955786665769654], [85.16555162573513, 27.955782601956816], [85.16555315139179, 27.955692374855285], [85.16524831474734, 27.955688310383245], [85.16524984065009, 27.95559808329585], [85.16514822853381, 27.955596728327052], [85.16525289243441, 27.955417629117264], [85.1651512804869, 27.955416274158733], [85.16515433241172, 27.955235819985365], [85.16505272064006, 27.955234464962142], [85.16505577270541, 27.955054010793994], [85.16495416110959, 27.955052655706073], [85.1649587394078, 27.954781974459795], [85.16475551674368, 27.95477926408988], [85.16486018040445, 27.954600165152087], [85.1647585692447, 27.954598809939913], [85.16466306334681, 27.954236546358267], [85.16446136820255, 27.9541436085337], [85.1645660316588, 27.95396450979798], [85.16446442111095, 27.95396315439688], [85.16446747399108, 27.953782700255022], [85.16436586361907, 27.953781344789228], [85.16436891663969, 27.95360089065259], [85.16447052684293, 27.95360224610811], [85.16447205325825, 27.953512019032775], [85.1643704431394, 27.953510663582378], [85.16437654906755, 27.95314975528894], [85.1644781588489, 27.953151110718817], [85.1644812116018, 27.95297065655427], [85.16437960198924, 27.95296930113467], [85.16438112843947, 27.952879074055637], [85.16448273796766, 27.952880429470113], [85.16448579067817, 27.95269997529801], [85.16458740004467, 27.952701330627278], [85.16458892630494, 27.95261110353421], [85.16438723416974, 27.952518165726918], [85.16439486617355, 27.952067030287676], [85.16429325741183, 27.952065674844437], [85.16429631033263, 27.951885220670178], [85.16419470174675, 27.951883865162262], [85.16419928132807, 27.95161318390683], [85.16409767300236, 27.951611828339367], [85.16409919959972, 27.951521601256836], [85.16420080784103, 27.95152295681916], [85.16420233434694, 27.95143272973024], [85.16410072618999, 27.951431374173044], [85.1641068324804, 27.95107046582526], [85.16420844029987, 27.95107182136193], [85.16421607258201, 27.950620685873208], [85.1643176799867, 27.95062204130928], [85.16431920633754, 27.95053181420262], [85.16421759901723, 27.95053045877168], [85.16423438933823, 27.949537960571753], [85.16413278295303, 27.949536605122326], [85.16413430938782, 27.94944637801081], [85.16423591568864, 27.94944773345511], [85.16423896836827, 27.949267279218038], [85.16434057450743, 27.94926863457714], [85.16434515322076, 27.948997953196688], [85.16444675911391, 27.94899930846546], [85.16444981138542, 27.948818854195274], [85.16465454881188, 27.94873133734025], [85.16465912663877, 27.948460655890944], [85.16476073204693, 27.94846201090414], [85.16476378372748, 27.948281556588046], [85.16455904725018, 27.948369073655673], [85.16456057325563, 27.948278846507257], [85.16445896803032, 27.94827749135446], [85.16446049411306, 27.948187264209917], [85.16435888897917, 27.948185908987323], [85.16436041513921, 27.948095681846652], [85.16425881009674, 27.94809432655426], [85.16426033633407, 27.94800409941746], [85.16405865283804, 27.947911161490353], [85.16406170561481, 27.947730707230978], [85.16396010093096, 27.947729351734328], [85.16396315384817, 27.94754889748018], [85.16386154934013, 27.947547541918862], [85.16396620673711, 27.947368443220984], [85.16386460239778, 27.94736708766994], [85.1637691044334, 27.947004823551524], [85.16366750044563, 27.947003467871152], [85.16366902710428, 27.94691324075003], [85.16346734613893, 27.946820302062655], [85.16347039975831, 27.946639847834632], [85.16336879612913, 27.94663849195002], [85.16347345334941, 27.94645939360157], [85.16337184988895, 27.94645803772723], [85.16337337675824, 27.946367810613943], [85.16317017002724, 27.946365098650748], [85.16317475109882, 27.94609441733414], [85.16297307208063, 27.946001478004266], [85.16297765357345, 27.945730796703344], [85.16287605082316, 27.945729440495455], [85.16287757805763, 27.94563921339777], [85.16297918072358, 27.94564056960052], [85.16298376213155, 27.945369888284482], [85.16278208460335, 27.945276948737273], [85.16278666643252, 27.945006267436927], [85.16258346231683, 27.945003554728718], [85.16268811905726, 27.94482445692402], [85.16258651717165, 27.944823100542727], [85.16258804458843, 27.944732873447848], [85.16248644279425, 27.944731516996768], [85.1624894977753, 27.944551062813495], [85.16238789615686, 27.944549706297774], [85.16239706143632, 27.94400834374854], [85.16229546033101, 27.944006987188715], [85.16230004312828, 27.943736305912505], [85.16219844228307, 27.943734949293177], [85.16220149761456, 27.943554495113002], [85.1620998969451, 27.94355313842904], [85.16210295241696, 27.943372684254097], [85.16220455291774, 27.943374040927793], [85.16220608055873, 27.943283813833304], [85.16210448014228, 27.94328245716474], [85.1621090632758, 27.94301177588911], [85.16200746311944, 27.94301041916106], [85.16211211866278, 27.942831321699057], [85.16201051867509, 27.942829964981282], [85.16201357420245, 27.94264951079646], [85.1619119743905, 27.942648154014037], [85.16191503005822, 27.942467699834456], [85.16181343042203, 27.9424663429874], [85.16181648623011, 27.942285888813053], [85.16171488676966, 27.942284531901365], [85.1618195420099, 27.942105434633667], [85.16161787148134, 27.942012493674618], [85.161620927556, 27.941832039508235], [85.16141925770917, 27.941739098286877], [85.16142231407872, 27.941558644133483], [85.16132071532121, 27.941557286963256], [85.16132377183109, 27.941376832815102], [85.16122217324933, 27.941375475580255], [85.16132682831268, 27.941196378661907], [85.16122522989957, 27.94119502143734], [85.16122981482185, 27.940924340213513], [85.1611282166688, 27.94092298292946], [85.16112974504641, 27.94083275585747], [85.1612313431151, 27.940834113136383], [85.16123287140131, 27.940743886058], [85.16113127341691, 27.940742528784217], [85.16114044349142, 27.940201166318275], [85.16103884602005, 27.940199809000433], [85.1610449595988, 27.93983890068516], [85.16094336247181, 27.939837543312972], [85.16084787949198, 27.939475277571585], [85.16074628271643, 27.93947392007015], [85.16074781131807, 27.939383692998565], [85.16054461795687, 27.93938097778128], [85.16054614672008, 27.939290750718722], [85.16044455013441, 27.93928939300287], [85.16034601139829, 27.939107581103777], [85.16014281859965, 27.939104865318132], [85.1601443476789, 27.939014638272365], [85.1600427513745, 27.93901328027233], [85.15994421355173, 27.938831468122647], [85.15974102131565, 27.938828751768654], [85.15964248416033, 27.93864693943038], [85.15903443864774, 27.93854856118767], [85.15893590293288, 27.938366748405006], [85.15873271168165, 27.938364030604486], [85.15873424188467, 27.938273803620653], [85.15863264635401, 27.938272444613194], [85.15863417663425, 27.938182217633255], [85.15853258119499, 27.938180858556038], [85.1584340466393, 27.937999045460856], [85.15823085613346, 27.937996326952533], [85.15823238672971, 27.9379060999894], [85.15813079157174, 27.93790474062804], [85.1581323222452, 27.937814513668794], [85.15793066295416, 27.937721567781477], [85.15793525541665, 27.937450886923298], [85.15773206599346, 27.937448167727798], [85.15773665889799, 27.937177486889166], [85.15763506444996, 27.937176127194522], [85.15764578156929, 27.93654453856298], [85.1575441877185, 27.936543178829492], [85.1575457187915, 27.93645295188224], [85.15764731255797, 27.936454311610582], [85.15765037451408, 27.936273857702002], [85.15754878091622, 27.936272497983953], [85.15755031196792, 27.936182271032926], [85.15765190548149, 27.93618363074582], [85.15765496739503, 27.936003176829676], [85.15775656074706, 27.93600453645738], [85.15776268415188, 27.935643628589368], [85.15766109113707, 27.935642268982264], [85.15766262205486, 27.93555204201726], [85.15776421498536, 27.93555340161922], [85.15776727663105, 27.935372947675134], [85.15766568386917, 27.935371588083477], [85.1576687456551, 27.93519113414465], [85.1577703382484, 27.935192493726017], [85.15777186904643, 27.935102266749563], [85.15767027653744, 27.935100907173354], [85.1576748691419, 27.934830226251886], [85.15757327689292, 27.934828866616233], [85.1575748078312, 27.934738639645044], [85.15767639999589, 27.934739999275543], [85.15767946168256, 27.93455954531908], [85.15778105368575, 27.934560904864394], [85.15778258443416, 27.934470677879126], [85.15757940060348, 27.934467958723904], [85.15768405415942, 27.93428886437493], [85.15758246241623, 27.93428750477018], [85.15748699455773, 27.933925237188564], [85.15728534290142, 27.933832290677486], [85.15738999625253, 27.93365319653039], [85.15728840512068, 27.93365183673703], [85.15728993621967, 27.933561609764904], [85.15708522287824, 27.93364911692566], [85.15698669446434, 27.933467302993055], [85.15658033076728, 27.933461862213402], [85.15658186244215, 27.93337163527482], [85.15648027161993, 27.933370274897857], [85.156481803372, 27.933280047963162], [85.15638021264115, 27.933278687516466], [85.15638174447044, 27.933188460585672], [85.15628015383096, 27.933187100069247], [85.15628168573744, 27.93309687314234], [85.15618009518937, 27.933095512556186], [85.15608156877722, 27.93291369805818], [85.15587838805374, 27.932910976532085], [85.15587992027609, 27.93282074962201], [85.15577833000927, 27.932819388751795], [85.15577986230883, 27.93272916184562], [85.1556782721334, 27.93272780090568], [85.15567980451014, 27.932637574003397], [85.15547815688738, 27.93254462501596], [85.15548122194255, 27.932364171225714], [85.15527957500123, 27.93227122197622], [85.15538422990797, 27.932092129402406], [85.15528264035095, 27.932090768199032], [85.15528417301518, 27.93200054130856], [85.15508099409102, 27.9319978186875], [85.15508252691671, 27.931907591806063], [85.1549809375496, 27.931906230388375], [85.15498247045247, 27.93181600351084], [85.15478082497243, 27.931723053592666], [85.15478235802968, 27.93163282672293], [85.15488394712976, 27.9316341882749], [85.15488548009563, 27.931543961398752], [85.15478389107984, 27.93154259985193], [85.15478695715886, 27.931362146106153], [85.1549901348604, 27.93136486910428], [85.15499166772068, 27.931274642219183], [85.1557027893097, 27.93128417031797], [85.15570125703941, 27.93137439723915], [85.15590290275989, 27.931467345819744], [85.15589983852097, 27.931647799676426], [85.15600142769912, 27.93164916040476], [85.1559998956533, 27.931739387336364], [85.15610148492283, 27.931740747994972], [85.15620001042367, 27.931922562458748], [85.15640472105824, 27.931835056472494], [85.15640318933538, 27.931925283422196], [85.15650477880186, 27.9319266437916], [85.1565032471562, 27.932016870745187], [85.15660483671405, 27.93201823104487], [85.15660330514558, 27.93210845800235], [85.15680495304419, 27.93220140535391], [85.15680189020892, 27.932381859283183], [85.15690348012524, 27.932383219378835], [85.15690194878125, 27.932473446346744], [85.15700353878894, 27.93247480637266], [85.15700200752217, 27.932565033344453], [85.15710359762123, 27.932566393300654], [85.15710206643165, 27.932656620276326], [85.1572036566221, 27.93265798016279], [85.15730218475638, 27.932839793942563], [85.15770854629176, 27.932845232481306], [85.15770701558665, 27.932935459484113], [85.15791172710199, 27.9328479513014], [85.15791019656547, 27.9329381783145], [85.15811337757265, 27.932940896845366], [85.15811184719762, 27.933031123867504], [85.15821343779614, 27.93303248302576], [85.15831196796759, 27.933214296170217], [85.15891998303955, 27.93331267621926], [85.15891845331053, 27.933402903277525], [85.1590200443029, 27.933404261857312], [85.15901851465111, 27.933494488919468], [85.15912010573484, 27.93349584742952], [85.15911857616025, 27.933586074495565], [85.15922016733538, 27.933587432935873], [85.15931869968433, 27.93376924545019], [85.15952188240719, 27.93377196197698], [85.15952035314852, 27.93386218905982], [85.15972506515836, 27.933774678204237], [85.15972353606828, 27.93386490529736], [85.16002831050106, 27.933868979092036], [85.16002678165681, 27.93395920619934], [85.16012837323285, 27.93396056398627], [85.16012684446581, 27.93405079109746], [85.16033002780775, 27.934053506456955], [85.16032849920221, 27.93414373357716], [85.16063327452109, 27.934147806070193], [85.16063174616139, 27.93423803320457], [85.1607333380328, 27.934239390557615], [85.1607318097503, 27.934329617695866], [85.16083340171309, 27.934330974979172], [85.16083187350783, 27.934421202121303], [85.160933465562, 27.934422559334866], [85.16093193743396, 27.934512786480877], [85.16113359376558, 27.934605727848652], [85.16113053781132, 27.93478618215494], [85.16123213022391, 27.934787539164393], [85.16122907440993, 27.934967993475926], [85.16133066699821, 27.934969350420776], [85.16132608347706, 27.935240031894033], [85.16142767632532, 27.935241388779414], [85.16142462077781, 27.9354218430989], [85.16152621380175, 27.935423199919665], [85.16152468610166, 27.93551342708266], [85.16172939987085, 27.935425913336534], [85.16172787233938, 27.935516140509804], [85.16182946546884, 27.93551749711104], [85.16192800385845, 27.935699308000697], [85.16243597049032, 27.93570608956046], [85.16243444352777, 27.935796316765913], [85.16253603695966, 27.935797672858328], [85.16253756383792, 27.93570744564774], [85.16263915719256, 27.93570880166013], [85.16263763039862, 27.93579902887586], [85.16284081729776, 27.935801740686234], [85.1628423439231, 27.935711513460237], [85.16304553068191, 27.935714224960787], [85.16304705713156, 27.935623997723262], [85.16324871746899, 27.935716936161768], [85.16325024375004, 27.935626708913983], [85.16345495650214, 27.935539192545825], [85.16345800869168, 27.93535873802342], [85.16366272077641, 27.935271221310852], [85.16366577258631, 27.93509076676036], [85.1637673654286, 27.935092121913023], [85.1637734686264, 27.934731212776384], [85.16397817927094, 27.934643695518425], [85.16398428165303, 27.93428278631554], [85.16388268955532, 27.934281431358833], [85.16388421521746, 27.9341912040601], [85.16368103121185, 27.9341884939323], [85.1636795053811, 27.93427872122077], [85.1635779133046, 27.93427736603941], [85.16357943921965, 27.934187138756066], [85.16337625525642, 27.934184428178956], [85.16337472917276, 27.934274655452022], [85.16327313711746, 27.934273300046], [85.16316849254352, 27.93445239908694], [85.16296530813104, 27.934449687879933], [85.16296683456602, 27.934359460629913], [85.16286524245467, 27.934358104919212], [85.1628637159354, 27.9344483321641], [85.16266053156534, 27.934445620507773], [85.1625619929282, 27.934263810107065], [85.16225721695315, 27.934259741867084], [85.16225874396409, 27.934169514650492], [85.16215715207085, 27.93416815842586], [85.162158679159, 27.934077931213157], [85.16205708735714, 27.934076574918773], [85.16205861452254, 27.933986347709936], [85.16195702281203, 27.933984991345817], [85.16195855005465, 27.933894764140845], [85.16185695843552, 27.933893407706982], [85.16175842162464, 27.93371159680508], [85.16155523875895, 27.933708883583467], [85.16155676631752, 27.93361865639528], [85.16145517497958, 27.933617299677284], [85.16145670261538, 27.93352707249298], [85.16135511136879, 27.93352571570524], [85.16125657571686, 27.933343904490783], [85.16105339359626, 27.933341190561446], [85.1609548586116, 27.93315937915841], [85.16075167687065, 27.93315666480034], [85.16065314255326, 27.932974853208744], [85.16044996119194, 27.93297213842195], [85.16045148962115, 27.93288191128022], [85.16034989903541, 27.932880553779633], [85.16035142754183, 27.932790326641804], [85.16024983704744, 27.932788969071478], [85.16015130388891, 27.932607157167386], [85.15994812327273, 27.93260444167291], [85.15995270971854, 27.932333760305976], [85.1597510586061, 27.93224081742829], [85.15975411652423, 27.932060363195426], [85.15965252674665, 27.93205900521697], [85.15965405577938, 27.93196877810379], [85.15955246609319, 27.931967420055596], [85.15955399520313, 27.9318771929463], [85.15945240560829, 27.931875834828375], [85.15935387455633, 27.931694022433778], [85.15914916630629, 27.931781532935357], [85.15905063585141, 27.93159972034962], [85.158745867953, 27.931595644694355], [85.15874739770891, 27.931505417621178], [85.15854421931395, 27.931502700153573], [85.15854574923135, 27.931412473089434], [85.1584441601288, 27.931411114248466], [85.15844263012711, 27.931501341307463], [85.15834104094735, 27.93149998238647], [85.15834257103332, 27.93140975533262], [85.15813939286363, 27.9314070372763], [85.15814092311108, 27.93131681023149], [85.15793621472228, 27.931404318920478], [85.15793774513831, 27.93131409188597], [85.15783615616255, 27.93131273260089], [85.15783768665577, 27.93122250557026], [85.15773609777138, 27.931221146215453], [85.1577376283418, 27.931130919188714], [85.15763603954879, 27.931129559764177], [85.1576375701964, 27.931039332741335], [85.15753598149476, 27.931037973247076], [85.15753751221958, 27.930947746228117], [85.15743592360931, 27.930946386664136], [85.15743745441131, 27.930856159649068], [85.15733586589243, 27.930854800015364], [85.15733739677161, 27.93076457300418], [85.15723580834411, 27.930763213300747], [85.15713728199792, 27.930581399516903], [85.15693257431333, 27.93066890674937], [85.15693410551548, 27.930578679756277], [85.1568325172849, 27.930577319763653], [85.15683404856422, 27.93048709277444], [85.156732460425, 27.9304857327121], [85.1566339351674, 27.930303918613294], [85.15632917131927, 27.93029983778331], [85.15633070299874, 27.930209610816085], [85.15521323702902, 27.930194642064343], [85.15521170442248, 27.93028486897487], [85.1549069408724, 27.93028078500025], [85.1549054080059, 27.930371011894042], [85.15419429271424, 27.930361479963295], [85.15419582617068, 27.93027125310561], [85.15399265060553, 27.930268529033295], [85.15399111698054, 27.93035875588067], [85.15388952912433, 27.930357393727043], [85.15389106283361, 27.93026716688482], [85.15348471181696, 27.93026171754224], [85.15348624585627, 27.930171490719406], [85.15328307055913, 27.9301687656092], [85.15328460475988, 27.930078538795428], [85.15307989529042, 27.930166040199513], [85.15308142965972, 27.930075813396062], [85.1529798421203, 27.930074450584073], [85.15298137656679, 27.929984223784523], [85.15287978911876, 27.92998286090283], [85.1528813236424, 27.929892634107183], [85.15267968362132, 27.929799681342914], [85.15268428763399, 27.929529000975613], [85.15278587464643, 27.929530363981243], [85.15278740921882, 27.92944013718446], [85.15268582229066, 27.929438774183996], [85.15268889158268, 27.929258320596976], [85.1527904783423, 27.929259683587112], [85.15279201289336, 27.92916945678655], [85.15258883954981, 27.92916673074173], [85.15258730483018, 27.92925695753197], [85.15248571808479, 27.929255594392092], [85.15248111363044, 27.929526274739757], [85.15237952663934, 27.92952491150952], [85.15238106154884, 27.929434684733394], [85.15227947464912, 27.929433321433454], [85.15228254461535, 27.929252867887733], [85.15218095789128, 27.929251504523254], [85.15218249294801, 27.929161277753675], [85.15208090631533, 27.929159914319488], [85.15198239011899, 27.928978097288148], [85.15177921722628, 27.928975370066098], [85.15178075259878, 27.92888514331339], [85.15157911543699, 27.928792189058573], [85.1515852575016, 27.92843128207144], [85.15168684342453, 27.928432645838633], [85.15168837883861, 27.928342419083535], [85.15189308577574, 27.928254919616315], [85.15179457063122, 27.928073102482344], [85.15199927697132, 27.92798560282546], [85.1520023472157, 27.927805149270398], [85.15220705288876, 27.927717649268953], [85.15221165767502, 27.92744696889215], [85.15231324271367, 27.927448332153347], [85.1523193819921, 27.92708742494598], [85.15242096670079, 27.927088788111664], [85.15242250141836, 27.926998561301502], [85.15232091679395, 27.926997198140988], [85.15232552115681, 27.92672651771845], [85.15242710552843, 27.926727880863474], [85.15242864021756, 27.926637654048275], [85.15232705593021, 27.926636290908412], [85.1523301254557, 27.926455837284568], [85.15243170957454, 27.926457200414102], [85.15243477890306, 27.92627674677489], [85.15233319495276, 27.926275383655685], [85.15233626442138, 27.926094930021755], [85.15223468064671, 27.92609356683802], [85.15223775025542, 27.925913113209372], [85.15213616665639, 27.925911749961106], [85.15213770153433, 27.925821523150063], [85.15223928504912, 27.925822886393163], [85.1522408198357, 27.92573265957569], [85.15213923640518, 27.925731296337755], [85.15214230612554, 27.92555084270936], [85.15204072287065, 27.925549479406897], [85.15204225780442, 27.925459252595974], [85.15194067464091, 27.92545788922381], [85.15194374465565, 27.925277435608514], [85.15184216166776, 27.925276072171833], [85.15184369674873, 27.92518584536745], [85.15194527965235, 27.925187208798977], [85.15194681464195, 27.925096981988176], [85.15184523182258, 27.92509561856182], [85.15185597714049, 27.9244640308871], [85.15195755937006, 27.924465394277306], [85.1519606292284, 27.924284940634287], [85.15185904716732, 27.924283577254414], [85.15186211716572, 27.92410312361669], [85.1519636990583, 27.924104486986227], [85.1519759780935, 27.92338267234359], [85.15187439687494, 27.923381309015365], [85.15188207146215, 27.92293017484858], [85.15178049067194, 27.92292881147133], [85.15178356062556, 27.92274835780613], [85.1515819345381, 27.922655404023594], [85.15158500478604, 27.922474950371488], [85.1514834244384, 27.922473586795526], [85.15148495963595, 27.922383359972756], [85.15138337937967, 27.922381996327104], [85.15138491465434, 27.922291769508234], [85.1512833344894, 27.92229040579291], [85.15128486984123, 27.92220017897795], [85.15118328976766, 27.922198815192942], [85.15118482519661, 27.92210858838189], [85.1510832452144, 27.9221072245272], [85.15098473641284, 27.921925406992447], [85.15078157682093, 27.92192267892952], [85.15078311256553, 27.92183245213535], [85.15068153286448, 27.921831087996793], [85.15068306868622, 27.92174086120653], [85.15047990947397, 27.92173813271521], [85.15048144545706, 27.921647905934023], [85.15037986594585, 27.921646541581264], [85.15038140200606, 27.92155631480399], [85.15027982258621, 27.921554950381555], [85.15018131560953, 27.921373132346623], [85.14997815714236, 27.921370403148213], [85.14997969351819, 27.921280176387842], [85.14987811437953, 27.92127881168154], [85.14987965083249, 27.921188584925066], [85.14977807178518, 27.921187220149097], [85.14977960831527, 27.92109699339655], [85.14967802935931, 27.921095628550898], [85.14957952378624, 27.92091381014221], [85.14927478748788, 27.92090971496272], [85.14927632441781, 27.920819488232244], [85.14917474575016, 27.920818123027907], [85.14907624126508, 27.92063630430467], [85.14887308430234, 27.920633573542474], [85.14887462154785, 27.920543346828904], [85.1487730431614, 27.920541981340715], [85.14877150583165, 27.920632208049113], [85.14866992736808, 27.92063084248091], [85.14867146478207, 27.920540615777686], [85.14826515133595, 27.920535152777177], [85.14826668907976, 27.92044492609338], [85.14816511082029, 27.920443560161328], [85.14816664864121, 27.92035333348146], [85.14806507047308, 27.920351967479743], [85.14806660837112, 27.92026174080379], [85.14796503029436, 27.920260374732404], [85.14796656826951, 27.92017014806036], [85.1478649902841, 27.92016878191932], [85.14776648857169, 27.91998696237627], [85.14746175518499, 27.91998286331063], [85.14746329355995, 27.919892636660695], [85.14736171586287, 27.91989127016098], [85.14736325431493, 27.91980104351497], [85.14716009911061, 27.919798310301374], [85.14716163772401, 27.91970808366445], [85.14695694393481, 27.919795576788434], [85.14695848271668, 27.919705350161866], [85.14665375025912, 27.919701249346705], [85.14665528928656, 27.91961102273442], [85.14645213451897, 27.91960828849382], [85.14645367370773, 27.919518061890624], [85.1461489418625, 27.919513959983984], [85.14615048129686, 27.919423733395075], [85.1460489041136, 27.91942236594837], [85.14595040612171, 27.91924054526594], [85.14574725212779, 27.91923781001907], [85.14574879187765, 27.919147583447096], [85.14554717799193, 27.919054621348387], [85.14555025779292, 27.918874168218878], [85.14544868115784, 27.918872800354244], [85.14545022113188, 27.918782573792775], [85.14534864458817, 27.918781205858494], [85.14525014831516, 27.9185993847434], [85.14494541925359, 27.918595280298145], [85.14494695962736, 27.918505053758807], [85.144845383372, 27.918503685465907], [85.14484692382287, 27.918413458930498], [85.14474534765887, 27.918412090567955], [85.14464685271922, 27.918230269076716], [85.14434212479682, 27.91822616334667], [85.14434366564741, 27.91813593683341], [85.14424208977178, 27.918134568112247], [85.14414359591994, 27.91795274630669], [85.14393890336805, 27.918040235005993], [85.14394044454126, 27.917950008510953], [85.14383886886263, 27.91794863950084], [85.14374037585304, 27.91776681744278], [85.14353722486837, 27.91776407906914], [85.14353876635707, 27.91767385259107], [85.14333407391227, 27.91776134039618], [85.14323558192051, 27.917579518021178], [85.14303243134414, 27.917576778919987], [85.14293394001902, 27.917394956356965], [85.1427307898224, 27.917392216827544], [85.14273233195631, 27.917301990385948], [85.14263075695293, 27.917300620514187], [85.14253226653997, 27.91711879770137], [85.14232911690584, 27.91711605760446], [85.14223062715949, 27.916934234603648], [85.1420274779051, 27.916931494078533], [85.14202902059283, 27.91684126766697], [85.14192744606058, 27.916839897297358], [85.14182895722635, 27.916658074046783], [85.14162580853446, 27.916655332954196], [85.14152732036685, 27.91647350951564], [85.14132262880602, 27.91656099437513], [85.1413241720547, 27.91647076799487], [85.14112102377115, 27.91646802617479], [85.14112256718111, 27.91637779980365], [85.14051466691546, 27.916279346237545], [85.14051621081643, 27.916189119895062], [85.14031306315259, 27.916186376908932], [85.14031460721482, 27.916096150575598], [85.14021303347785, 27.91609477897549], [85.14011454818792, 27.91591295465088], [85.13980982754667, 27.915908839208324], [85.13981137200852, 27.91581861289719], [85.13970979855996, 27.915817240938555], [85.13971134309888, 27.915727014631354], [85.1396097697417, 27.915725642603093], [85.13951128578488, 27.91554381790262], [85.13930659458167, 27.915631299781694], [85.13930813944313, 27.915541073492772], [85.139206566283, 27.91553970117562], [85.1392081112215, 27.915449474890625], [85.13910653815275, 27.915448102503845], [85.13910808316832, 27.9153578762228], [85.13900651019091, 27.915356503766393], [85.13900805528355, 27.915266277489287], [85.13890648239753, 27.91526490496326], [85.13890802756721, 27.915174678690086], [85.13880645477255, 27.915173306094438], [85.1387079726398, 27.914991480894656], [85.13850328193088, 27.915078961604944], [85.1385048274231, 27.91498873535005], [85.13840325482549, 27.91498736246552], [85.13840480039477, 27.914897136214577], [85.13830322788853, 27.914895763260425], [85.13830477353486, 27.91480553701342], [85.13820320111999, 27.914804163989654], [85.13820474684336, 27.914713937746587], [85.13810317451986, 27.9147125646532], [85.13810472032029, 27.91462233841408], [85.13790312182488, 27.91452936578327], [85.13790621372675, 27.91434891331954], [85.13780464176158, 27.914347540022508], [85.13780618778598, 27.914257313793954], [85.13760304404552, 27.91425456698583], [85.13760768258102, 27.91398388832383], [85.13750611097414, 27.913982514823154], [85.13761386719473, 27.913622983423505], [85.1375122959247, 27.913621609943647], [85.13751384214441, 27.913531383720617], [85.13761541333027, 27.913532757195274], [85.13761850557982, 27.913352304735024], [85.13772007660441, 27.91335367812445], [85.13762159780075, 27.913171852269727], [85.13782628545158, 27.91308437270801], [85.13783092320254, 27.912813693965607], [85.13793249373624, 27.91281506717418], [85.137935585366, 27.912634614662537], [85.13814027175383, 27.912547134566307], [85.1381418173824, 27.912456908296924], [85.13804024717119, 27.91245553525879], [85.1380417928768, 27.91236530899335], [85.13814336300382, 27.912366682026278], [85.13814645422518, 27.912186229481204], [85.13824802419097, 27.912187602428922], [85.1381495454179, 27.912005776931096], [85.13835423043706, 27.911918296443545], [85.1384619814251, 27.911558764043196], [85.13856355082298, 27.91156013673006], [85.13856509603602, 27.911469910425993], [85.13866666535685, 27.911471283032846], [85.13866821047853, 27.91138105672232], [85.13876977972234, 27.911382429249162], [85.13877132475267, 27.91129220293217], [85.13887289391943, 27.911293575379002], [85.13887443885841, 27.911203349055555], [85.13897600794813, 27.911204721422365], [85.13897755279577, 27.91111449509246], [85.13907912180845, 27.911115867379266], [85.13908066656474, 27.911025641042894], [85.13918223550037, 27.911027013249686], [85.1391837801653, 27.910936786906856], [85.13928534902391, 27.910938159033645], [85.1392868935975, 27.910847932684362], [85.13949157556583, 27.910760450342153], [85.1393930958043, 27.910578625660097], [85.13949466434045, 27.91057999761647], [85.13949620871702, 27.91048977125174], [85.13959777717614, 27.91049114312811], [85.13960086573944, 27.910310690384463], [85.13970243403732, 27.91031206217562], [85.13970706657607, 27.910041383035107], [85.13980863462852, 27.910042754735866], [85.13971015489946, 27.90986093026846], [85.13981172278355, 27.909862301958825], [85.13981326685031, 27.90977207556841], [85.14001794636282, 27.909684592312253], [85.14002103412386, 27.90950413950433], [85.14012260169264, 27.90950551094949], [85.14012877679215, 27.909144605297737], [85.14023034403134, 27.9091459766473], [85.140131864299, 27.90896415246429], [85.14023343136982, 27.90896552380346], [85.1402365186797, 27.90878507095458], [85.14044119598188, 27.908697586951003], [85.14044428291211, 27.908517134073772], [85.14054584958346, 27.908518505162547], [85.14054739295368, 27.90842827871685], [85.14064895954797, 27.908429649725637], [85.14065050282686, 27.908339423273475], [85.14075206934413, 27.908340794202267], [85.14075361253168, 27.908250567743647], [85.14085517897193, 27.908251938592436], [85.14085672206815, 27.90816171212737], [85.14095828843135, 27.90816308289617], [85.14095983143623, 27.908072856424642], [85.14116450684512, 27.907985371244262], [85.14116604966735, 27.907895144759827], [85.14106448354238, 27.90789377415622], [85.14106602644164, 27.907803547675712], [85.14116759248242, 27.907804918274127], [85.14117376367126, 27.90744401231875], [85.14127532938247, 27.907445382821585], [85.14127841476564, 27.907264929825946], [85.14137998031565, 27.907266300243595], [85.14138152291234, 27.90717607373869], [85.14148308838531, 27.907177444076353], [85.14148463089067, 27.907087217564992], [85.14168930401958, 27.906999731482536], [85.14169393096631, 27.906729051905952], [85.14179549603982, 27.90673042199326], [85.14170010012859, 27.906368145786196], [85.1418016648654, 27.906369515852735], [85.14180320705394, 27.906279289314455], [85.14170164240127, 27.90627791925311], [85.14170472692525, 27.906097466183148], [85.1416031624481, 27.90609609605739], [85.14160624711185, 27.90591564299277], [85.14150468281018, 27.90591427280261], [85.14160933174702, 27.90573518992311], [85.14150776761367, 27.90573381974334], [85.14151085238862, 27.905553366679026], [85.14140928843078, 27.905551996434845], [85.14142471271836, 27.904649731089574], [85.14132314960936, 27.904648360822534], [85.14132469208299, 27.90455813428627], [85.14142625510783, 27.904559504548114], [85.14143242459421, 27.90419859836968], [85.14153398728953, 27.904199968535966], [85.14153552955909, 27.90410974198301], [85.14163709217739, 27.904111112069312], [85.14163863435564, 27.904020885509915], [85.14174019689693, 27.90402225551623], [85.14174173898388, 27.903932028950372], [85.14184330144815, 27.90393339887672], [85.14184484344378, 27.903843172304402], [85.14194640583102, 27.90384454215077], [85.14194794773536, 27.90375431557201], [85.14204951004558, 27.903755685338393], [85.14215415581353, 27.903576601847913], [85.14205259366449, 27.9035752321667], [85.14205567725483, 27.903394778989963], [85.14195411528125, 27.903393409244337], [85.14195565714988, 27.90330318265928], [85.14175407542228, 27.903210216378127], [85.14175715946044, 27.903029763222463], [85.14165559784495, 27.90302839327325], [85.14165868202284, 27.902847940122935], [85.14155712058282, 27.902846570109325], [85.14156020490044, 27.902666116964344], [85.14145864363589, 27.902664746886337], [85.14146327031123, 27.902394067175], [85.14136170930628, 27.902392697037786], [85.1413647938891, 27.902212243900983], [85.14126323305962, 27.902210873699378], [85.14126477542446, 27.902120647134275], [85.14106319648124, 27.90202767996114], [85.14106628151183, 27.90184722684542], [85.14096472104039, 27.90184585644024], [85.14096626362911, 27.901755629885674], [85.140864703249, 27.901754259410918], [85.14086624591472, 27.901664032860293], [85.14066466817111, 27.90157106515533], [85.14066775380346, 27.901390612068557], [85.14056619378138, 27.901389241390238], [85.14056773667099, 27.901299014850157], [85.14016304020984, 27.90120330488932], [85.14016458342175, 27.9011130783675], [85.14006302368787, 27.90111170733088], [85.14006456697679, 27.901021480813], [85.1399630073342, 27.901020109706792], [85.13996455070014, 27.900929883192845], [85.13986299114886, 27.900928512017067], [85.13986453459178, 27.900838285507056], [85.1397629751318, 27.90083691426169], [85.13976451865172, 27.900746687755614], [85.13966295928304, 27.900745316440677], [85.13966450287997, 27.900655089938542], [85.1395629436026, 27.90065371855402], [85.1395644872765, 27.900563492055817], [85.13936291274656, 27.900470522583777], [85.13936600039524, 27.900290069601883], [85.13926444147592, 27.90028869801382], [85.13926752926426, 27.900108245037277], [85.13916597052038, 27.900106873384843], [85.139270617024, 27.899927792055696], [85.13916905844842, 27.899926420413657], [85.13917369028681, 27.899655740947416], [85.1390721319708, 27.89965436924621], [85.13907367598678, 27.899564142760145], [85.13917523421863, 27.899565514456157], [85.13917677814331, 27.899475287963636], [85.13938143820941, 27.899387804616754], [85.13938452568642, 27.899207351604602], [85.13928296777684, 27.899205980078932], [85.13928451158876, 27.899115753576172], [85.13908293993238, 27.89902278381728], [85.13908448389827, 27.89893255732239], [85.13918604154114, 27.898933928982007], [85.13918912928318, 27.89875347597805], [85.1390875718086, 27.89875210432883], [85.13909065969034, 27.898571651330233], [85.13898910239119, 27.898570279616646], [85.1389921904126, 27.898389826623397], [85.1388906332889, 27.89838845484544], [85.13889526551974, 27.898117775361722], [85.1387937086556, 27.898116403524593], [85.13869832867937, 27.897754125658363], [85.13890298576139, 27.89766664286365], [85.13890607380799, 27.897486189855595], [85.1390076300903, 27.89748756158156], [85.13900917401872, 27.897397335070448], [85.13931384265622, 27.89740144978413], [85.1393153863251, 27.897311223256153], [85.13951849861758, 27.89731396601437], [85.13952004211102, 27.897223739474747], [85.13972315426385, 27.897226481923504], [85.13972161093866, 27.89731670847354], [85.13982316710992, 27.897318079590963], [85.13982471035098, 27.89722785303574], [85.1400278225467, 27.897230595035914], [85.14002936561232, 27.897140368469028], [85.13992780959502, 27.89713899751153], [85.13993243900141, 27.896868317818914], [85.13983088324366, 27.896866946802238], [85.13993861144316, 27.89650741154446], [85.13983705602193, 27.89650604054857], [85.13973858712237, 27.896324216353918], [85.13984014236819, 27.89632558741417], [85.13984168553058, 27.89623536084509], [85.14004633886238, 27.896147876150177], [85.14004942481489, 27.895967422984906], [85.14025253468351, 27.895970164540504], [85.1402540774808, 27.89587993794559], [85.14035563234171, 27.895881308606054], [85.14035717504771, 27.89579108200468], [85.14025562027093, 27.89578971134942], [85.14025716305392, 27.895699484751983], [85.14035871774658, 27.89570085540205], [85.14036643113364, 27.895249722369982], [85.14026487686162, 27.895248351745895], [85.14026950506047, 27.89497767192712], [85.14037105908011, 27.89497904253562], [85.14037260171465, 27.894888815921647], [85.14027104777914, 27.894887445318346], [85.14027413319499, 27.89470699209701], [85.14037568696226, 27.894708362689922], [85.14037877218128, 27.894527909453142], [85.14027721858226, 27.894526538870625], [85.14028030394094, 27.894346085639203], [85.14017875051731, 27.894344714992325], [85.14018029327005, 27.894254488379918], [85.14028184660957, 27.89425585902161], [85.14028493192535, 27.894075405782633], [85.14018337875409, 27.89407403515133], [85.14019417772305, 27.89344244881158], [85.14009262514777, 27.8934410781419], [85.14019726307842, 27.893261995560312], [85.14009571067139, 27.893260624901025], [85.14009725342247, 27.89317039827869], [85.13989569171022, 27.89307743013305], [85.13989877751312, 27.892896976902886], [85.13979722546398, 27.89289560604012], [85.13979876843882, 27.89280537942835], [85.13949411258666, 27.892801266407144], [85.13949565580671, 27.8927110398097], [85.13929255210925, 27.8927082974322], [85.13929409549037, 27.892618070843895], [85.13919254373648, 27.892616699548213], [85.13909407906698, 27.892434875018182], [85.13889097593142, 27.892432132073868], [85.13889251962755, 27.892341905502583], [85.13879096815461, 27.89234053392349], [85.13879714320396, 27.89197962764652], [85.13869559207463, 27.891978256013488], [85.13869867972463, 27.89179780287784], [85.13859712877067, 27.89179643118046], [85.13860484819101, 27.891345298345286], [85.13870639872442, 27.891346670016667], [85.13870948627427, 27.891166216863375], [85.13860793590908, 27.8911648452024], [85.13861102359851, 27.89098439205447], [85.13871257379549, 27.890985763705046], [85.13871411754539, 27.890895537123992], [85.13861256743252, 27.890894165478613], [85.13861411125936, 27.890803938901495], [85.1387156612881, 27.89080531054167], [85.13872801097249, 27.89008349783777], [85.13882956033555, 27.8900848693616], [85.1388311039298, 27.889994642762755], [85.13872955465084, 27.889993271244123], [85.138734185643, 27.889722591455584], [85.13883573466966, 27.889723962958612], [85.13883727823531, 27.88963373635471], [85.13873572929273, 27.889632364856887], [85.13873881657078, 27.889451911655705], [85.13884036534515, 27.889453283143137], [85.13884190888932, 27.88936305653546], [85.13874036019907, 27.88936168505323], [85.13874499104102, 27.88909100523823], [85.13864344261022, 27.88908963369686], [85.13874807823322, 27.888910552021933], [85.13854498171516, 27.88890780888525], [85.1386496173024, 27.88872872728002], [85.13854806921515, 27.888727355684715], [85.1385496129544, 27.88863712908255], [85.1384480649584, 27.888635757417706], [85.138349604763, 27.88845393249083], [85.13814650914313, 27.888451188808236], [85.13804804961333, 27.888269363693706], [85.13784495437278, 27.888266619583508], [85.13784649866494, 27.888176393011456], [85.13744030860609, 27.88817090391501], [85.13744185322749, 27.888080677362517], [85.1372372136196, 27.88816815891836], [85.13723875840918, 27.888077932376273], [85.13713721101077, 27.888076559771047], [85.13713875587729, 27.887986333232906], [85.13703720857012, 27.887984960558146], [85.13703875351358, 27.887894734023945], [85.13693720629767, 27.887893361279655], [85.13693875131806, 27.8878031347494], [85.1368372041934, 27.88780176193558], [85.13683874929072, 27.887711535409277], [85.13673720225732, 27.88771016252592], [85.13663874574061, 27.88752833653225], [85.1363341052094, 27.88752421724082], [85.13633565070569, 27.887433990736756], [85.13623410396038, 27.887432617495346], [85.1362356495336, 27.887342390995233], [85.13603410196689, 27.88724941780767], [85.13603719341388, 27.887068964821967], [85.13583564652704, 27.886975991373344], [85.13583873826742, 27.886795538400907], [85.13573719214655, 27.886794164822287], [85.1357387380901, 27.886703938339384], [85.13563719206046, 27.886702564691237], [85.13563873808093, 27.886612338212288], [85.13553719214256, 27.88661096449462], [85.13553873823993, 27.886520738019616], [85.13543719239281, 27.886519364232424], [85.13543873856712, 27.88642913776137], [85.13533719281126, 27.886427763904656], [85.13533873906249, 27.886337537437548], [85.13523719339787, 27.886336163511306], [85.13513874055772, 27.88615433659319], [85.13483410413288, 27.886150214173156], [85.13483565078305, 27.88605998772832], [85.13473410540651, 27.88605861344406], [85.1347356521336, 27.885968387003178], [85.13463410684832, 27.88596701264939], [85.13463565365231, 27.88587678621246], [85.13453410845828, 27.88587541178916], [85.13453565533919, 27.885785185356177], [85.13443411023643, 27.885783810863366], [85.13433565921748, 27.885601983446925], [85.13403102447818, 27.885597859327188], [85.13403257175801, 27.88550763291649], [85.13382948213582, 27.88550488314012], [85.13373103237812, 27.88532305534593], [85.1335263954494, 27.8854105315292], [85.1335279431353, 27.885320305142045], [85.13342639852463, 27.885318929928008], [85.13342794628744, 27.885228703544808], [85.13332640176804, 27.885227328261262], [85.13332794960775, 27.88513710188202], [85.13312640875934, 27.8850441247311], [85.13312950473922, 27.884863671987166], [85.13302796057766, 27.884862296500298], [85.13303105669702, 27.884681843761758], [85.13292951271079, 27.884680468210597], [85.13294189757391, 27.88395865724773], [85.13304344088753, 27.88396003275717], [85.13304808484061, 27.883689353609658], [85.13314962790918, 27.88369072902872], [85.13315272367387, 27.883510276246973], [85.13325426658146, 27.883511651580882], [85.13325581436898, 27.883421425182906], [85.13335735719966, 27.88342280043688], [85.13335890489594, 27.883332574032423], [85.13346044764972, 27.883333949206456], [85.13346199525475, 27.883243722795537], [85.13366662804539, 27.883156246486397], [85.13377435996341, 27.88279671570191], [85.13387590224143, 27.88279809054578], [85.13387744946715, 27.88270786410644], [85.13408208092699, 27.88262038710856], [85.1339836330502, 27.88243855952913], [85.1341882639144, 27.882351082341547], [85.13429599317213, 27.88199155098692], [85.13439753472937, 27.88199292541028], [85.13439908147022, 27.881902698933523], [85.13450062295058, 27.88190407327696], [85.13460525756204, 27.88172499456754], [85.13480679383207, 27.881817969360103], [85.13481143298132, 27.881547289855966], [85.13491297415409, 27.881548663879688], [85.13491452043877, 27.88145843737058], [85.13511914874704, 27.881370958662668], [85.13512378703223, 27.881100279092745], [85.13522532780614, 27.88110165286627], [85.13522841979233, 27.88092119980292], [85.13512687918652, 27.88091982603982], [85.13512842525293, 27.88082959951147], [85.13522996577467, 27.88083097326937], [85.13523305771784, 27.880650520198465], [85.13513151736424, 27.880649146450985], [85.13513460944691, 27.880468693385463], [85.13523614963239, 27.88047006712252], [85.13523769557891, 27.880379840582663], [85.13513615547747, 27.880378466850814], [85.13514079352623, 27.880107787239293], [85.13503925368416, 27.88010641344836], [85.13504389192062, 27.879835733841137], [85.13494235233786, 27.879834359991122], [85.134946990762, 27.879563680388184], [85.13484545143861, 27.87956230647909], [85.13484854385366, 27.879381853414586], [85.13495008300895, 27.879383227313262], [85.13495317522722, 27.879202774233292], [85.13485163624004, 27.87920140034504], [85.13485318242249, 27.879111173808372], [85.13495472132563, 27.87911254769142], [85.1349578135009, 27.878932094603886], [85.1348562747659, 27.878930720731265], [85.13485782092685, 27.878840494190825], [85.1349593595778, 27.878841868058238], [85.13496245171011, 27.878661414963144], [85.13506399020012, 27.878662788745427], [85.13506553617147, 27.878572562190783], [85.13496399776551, 27.878571188413712], [85.13496554381375, 27.878480961863016], [85.13506708213566, 27.878482335634878], [85.13507017404253, 27.878301882519295], [85.13486709774209, 27.878299134921704], [85.13486864385288, 27.878208908372436], [85.13466402147031, 27.878296387025284], [85.13466556774921, 27.87820616048644], [85.13456402970812, 27.878204786431386], [85.1345655760639, 27.878114559896495], [85.13446403811403, 27.878113185771948], [85.13436559319759, 27.877931358519973], [85.13406097991678, 27.877927235505247], [85.13406252667131, 27.87783700899264], [85.13396098900942, 27.877835634510205], [85.13386254517847, 27.877653806944906], [85.13365947022675, 27.87765105762736], [85.13365792315034, 27.877741284121644], [85.13355638560118, 27.877739909345603], [85.13355793276162, 27.87764968285654], [85.13345639530368, 27.87764830801101], [85.13345794254101, 27.8775580815259], [85.13335640517428, 27.877556706610882], [85.13335795248848, 27.87746648012972], [85.13325641521297, 27.877465105145212], [85.13325796260406, 27.87737487866801], [85.13305643579464, 27.877281902017288], [85.13305953087713, 27.877101449077436], [85.13295799395934, 27.877100073889686], [85.13295954157387, 27.877009847423086], [85.13285800474728, 27.877008472165844], [85.13285955243869, 27.876918245703198], [85.13275801570333, 27.87691687037648], [85.13265957467262, 27.876735042066844], [85.13255803811967, 27.87673366660115], [85.13255649019047, 27.876823893050666], [85.13245495356068, 27.876822517505058], [85.13245650157393, 27.876732291060762], [85.13205035546264, 27.87672678815218], [85.13195191579815, 27.876544959398082], [85.1317488431361, 27.876542207367063], [85.13175039171611, 27.87645198095551], [85.13164885547988, 27.876450604833167], [85.13165195278648, 27.87627015201672], [85.13155041672553, 27.87626877583012], [85.1315519654521, 27.876178549425227], [85.13145042948237, 27.87617717316914], [85.13145197828581, 27.876086946768208], [85.13135044240728, 27.876085570442648], [85.13125200445745, 27.875903741257616], [85.13104893307246, 27.875900988253893], [85.13105048219055, 27.87581076187006], [85.13084741100235, 27.87580800857798], [85.13084896028131, 27.875717782203328], [85.130544353805, 27.875713651720652], [85.13044591753598, 27.87553182203239], [85.1302428469382, 27.87552906787528], [85.1301444113343, 27.87534723799967], [85.12994134111577, 27.875344483415276], [85.12994289111519, 27.87525425708133], [85.12984135610073, 27.87525287968231], [85.12984290617699, 27.875162653352326], [85.12963983633772, 27.875159898340662], [85.12964138657487, 27.875069672019865], [85.12933678212194, 27.875065538957827], [85.12933833260402, 27.874975312651443], [85.12923679788479, 27.874973934819938], [85.12913836445149, 27.874792104318086], [85.12893529538509, 27.874789348302503], [85.12893684618176, 27.87469912201324], [85.12853225959698, 27.87460338283704], [85.12843382766913, 27.87442155189634], [85.1282292080123, 27.87450902113332], [85.12823075937564, 27.874418794876874], [85.12802769111092, 27.87441603755863], [85.12802924263514, 27.874325811311383], [85.12772464054407, 27.874321674789517], [85.1277261923132, 27.874231448556696], [85.12752312445652, 27.87422869051245], [85.12752467638651, 27.874138464288826], [85.12681393970293, 27.874128808817797], [85.12681549221396, 27.87403858262954], [85.12671395851484, 27.874037202983004], [85.12671240591976, 27.874127429166027], [85.12650933837503, 27.874124669638412], [85.12651089113815, 27.874034443465856], [85.1262062901271, 27.874030303629944], [85.12610786264808, 27.87384847122823], [85.12590324244097, 27.873935936979404], [85.12580481555736, 27.873754104387743], [85.1256017488144, 27.873751343557565], [85.12560330230504, 27.873661117427073], [85.12539868210027, 27.873748582428632], [85.12530025623222, 27.87356674952131], [85.1250971898974, 27.87356398796518], [85.12509874379379, 27.873473761858357], [85.1248941235914, 27.873561226110304], [85.12489567765583, 27.873471000013947], [85.12469261154669, 27.87346823787078], [85.12469416577197, 27.873378011783643], [85.12459263281222, 27.873376630605264], [85.12459107850292, 27.873466856687166], [85.12408341339214, 27.87345994964875], [85.1240849681216, 27.873369723593044], [85.12388034739827, 27.873457186310564], [85.12388190229578, 27.87336696026534], [85.12378036939367, 27.87336557848945], [85.12378192436802, 27.873275352448218], [85.12368039155716, 27.87327397060288], [85.1236819466083, 27.873183744565626], [85.12348043638825, 27.87309075463333], [85.12348199159304, 27.873000528604035], [85.12368661171853, 27.872913066446277], [85.12368972175598, 27.87273261436041], [85.12379125406268, 27.872733996174293], [85.12379591881273, 27.872463318020312], [85.12389745087457, 27.872464699743794], [85.12390988921878, 27.87174289123577], [85.12380835782912, 27.871741509554226], [85.12381146751116, 27.87156105742509], [85.12391299873278, 27.87156243909616], [85.12391455347895, 27.87147221302446], [85.12381302234137, 27.871470831358632], [85.12381768678877, 27.871200153151698], [85.12371615591044, 27.871198771426908], [85.12382079638432, 27.87101970100743], [85.12361773497096, 27.87101693750414], [85.12372237540882, 27.870837867154304], [85.12362084487377, 27.8708364853758], [85.12362239981437, 27.87074625930974], [85.12352086937055, 27.870744877461792], [85.12342244912956, 27.870563043424237], [85.12301788355039, 27.870467288990483], [85.12301943896625, 27.870377062950826], [85.12291790890174, 27.870375680675775], [85.1229194643944, 27.870285454640108], [85.12281793442112, 27.87028407229562], [85.1228194899906, 27.87019384626393], [85.12271796010853, 27.87019246385001], [85.12261954168706, 27.87001062931523], [85.12241648229505, 27.87000786413497], [85.12231806453848, 27.869826029413066], [85.12211500552577, 27.869823263805717], [85.12211656164729, 27.869733037804437], [85.12201503223577, 27.869731654894], [85.12201658843408, 27.8696414288967], [85.12191505911379, 27.869640045916825], [85.12181664251176, 27.869458210884883], [85.12161358424328, 27.869455444572736], [85.121615140756, 27.869365218592648], [85.1215136117166, 27.869363835329803], [85.12141519602424, 27.86918200004932], [85.12121213831755, 27.869179233171245], [85.12111372329007, 27.86899739770367], [85.12101219462278, 27.86899601408845], [85.12101063763485, 27.869086240042098], [85.12090910889076, 27.869084856346948], [85.12091066596268, 27.868994630398543], [85.12070760866419, 27.868991862794722], [85.12070916589693, 27.86890163685556], [85.12050455139456, 27.868989094892207], [85.12050610879531, 27.86889886896354], [85.12040458025533, 27.86889748490552], [85.12030616683845, 27.868715648932714], [85.12010155240827, 27.868803106374497], [85.12010311013061, 27.868712880464308], [85.11990005345164, 27.86871011169721], [85.11980164105009, 27.868528275409005], [85.11959702662253, 27.86861573210132], [85.11949861481622, 27.868433895623344], [85.11929555872797, 27.86843112599168], [85.11929711709348, 27.86834090011847], [85.11899253326727, 27.868336745126694], [85.11889412272107, 27.86815490827192], [85.11858953948557, 27.8681507524156], [85.11859109841745, 27.868060526575395], [85.11848957077076, 27.868059141145867], [85.11839116130938, 27.86787730397849], [85.1181881063881, 27.867874532767107], [85.11808969759153, 27.867692695412718], [85.11778511578953, 27.86768853784314], [85.11778823491785, 27.867508086232952], [85.11758518075534, 27.86750531416758], [85.11758674047665, 27.867415088371107], [85.11748521349024, 27.86741370223168], [85.1174883330792, 27.867233250645473], [85.11728683941571, 27.867140252379166], [85.1172899592973, 27.866959800806416], [85.11718843275258, 27.86695841446928], [85.11718999276653, 27.866868188686272], [85.11729151922724, 27.866869575018157], [85.11729307914996, 27.866779349228626], [85.11719155277324, 27.866777962902002], [85.11719467276498, 27.866597511329683], [85.11709314656348, 27.86659612493891], [85.1170947066325, 27.866505899156124], [85.11689321464898, 27.866412900387573], [85.11689633508685, 27.866232448836723], [85.11679480924305, 27.866231062242996], [85.11679636953514, 27.866140836470933], [85.11669484378255, 27.866139449807804], [85.1166964041514, 27.866049224039745], [85.11659487849003, 27.86604783730721], [85.1164964738879, 27.865865998981153], [85.11609037201568, 27.865860451047787], [85.1160919328668, 27.865770225307514], [85.11588732112297, 27.86585767663312], [85.11588888214207, 27.865767450903377], [85.1156858314463, 27.865764676200584], [85.11568739262617, 27.8656744504801], [85.11538281688875, 27.865670287881724], [85.11538437831337, 27.865580062175773], [85.11528285316602, 27.865578674498916], [85.11528441466739, 27.865488448796967], [85.11518288961128, 27.86548706105071], [85.1151844511894, 27.865396835352765], [85.11508292622452, 27.86539544753711], [85.11508448787939, 27.865305221843176], [85.11488299995496, 27.865212220313744], [85.11488612356447, 27.865031768940607], [85.11468463631921, 27.86493876715088], [85.11468776022124, 27.86475831579124], [85.11458623588051, 27.86475692763914], [85.11458935992157, 27.864576476284984], [85.11448783575605, 27.86457508806876], [85.11448939784971, 27.86448486239506], [85.11459092193125, 27.864486250606014], [85.11459404592887, 27.8643057992443], [85.11449252201531, 27.864304411043875], [85.11449408408726, 27.864214185366386], [85.1143925602649, 27.864212797096563], [85.11439568455505, 27.864032345748345], [85.11429416090793, 27.864030957414403], [85.11439880881622, 27.86385189439508], [85.11429728533707, 27.86385050607167], [85.11429884754078, 27.863760280398413], [85.11419732415285, 27.863758892005617], [85.11420044870653, 27.86357844066585], [85.1140989254938, 27.863577052208928], [85.11410048784377, 27.86348682654242], [85.11389900411871, 27.863393823757914], [85.11390212911836, 27.86321337243966], [85.1138006062633, 27.863211983779845], [85.11380216883623, 27.86312175812409], [85.11360068604947, 27.863028754944562], [85.113605374207, 27.862758077997572], [85.11350385179358, 27.862756689140134], [85.11360849960913, 27.86257762669327], [85.11350697736367, 27.862576237846373], [85.11350854013784, 27.862486012197596], [85.11340701798362, 27.862484623281322], [85.11330862169918, 27.862302783010133], [85.11310557776284, 27.862300004825386], [85.11310714085118, 27.862209779193908], [85.11300561897787, 27.862208389994827], [85.11300718214297, 27.862118164367356], [85.11280570191182, 27.8620251601376], [85.11291035006461, 27.86184609822473], [85.11270730702601, 27.861843319495485], [85.11270887041405, 27.86175309387878], [85.11260734898961, 27.861751704407446], [85.11261203936219, 27.861481027565592], [85.11251051819691, 27.861479638035423], [85.11251208172392, 27.861389412424213], [85.11230903958305, 27.861386633150484], [85.11241368785008, 27.861207571609032], [85.11221220981679, 27.861114566607913], [85.11221533730944, 27.860934115405783], [85.11211381667698, 27.860932725608656], [85.11211694430857, 27.860752274412032], [85.1120154238513, 27.860750884550807], [85.11201698774019, 27.860660658955872], [85.11211850811347, 27.860662048811825], [85.11212163570156, 27.86048159760763], [85.11192015924925, 27.860388592248725], [85.11192328712973, 27.860208141058056], [85.11182176719079, 27.86020675107917], [85.11182333120414, 27.86011652548722], [85.11172181135642, 27.86011513543897], [85.11172493952927, 27.859934684261823], [85.11162341985674, 27.859933294149478], [85.11162498401626, 27.859843068564288], [85.11172650360483, 27.85984445867136], [85.11172963173418, 27.859664007486646], [85.11162811231355, 27.85966261739012], [85.11162967645133, 27.859572391801144], [85.11173119578798, 27.859573781892394], [85.11183584304982, 27.85939472070617], [85.11203888142352, 27.859397500494364], [85.11204044520368, 27.859307274880507], [85.11244652170218, 27.85931283354008], [85.11244808513923, 27.859222607903874], [85.11265112326404, 27.859225386775265], [85.11265268652592, 27.859135161127256], [85.11275420551523, 27.85913655044572], [85.11275576868589, 27.85904632479117], [85.11285728759847, 27.85904771402971], [85.11285885067792, 27.858957488368635], [85.1129603695138, 27.858958877527268], [85.11296193250205, 27.85886865185966], [85.1130634512612, 27.85887004093838], [85.11316809564649, 27.858690978582377], [85.11337113286515, 27.858693756345527], [85.11337269549583, 27.858603530653053], [85.11347421403205, 27.8586049194174], [85.11347733910371, 27.858424468018132], [85.11357885747927, 27.8584258566973], [85.11358041992027, 27.858335630990506], [85.11347890162868, 27.858334242316605], [85.11348202665688, 27.858153790909775], [85.11358354478055, 27.858155179573135], [85.11358510719984, 27.85806495386256], [85.11378814330098, 27.858067730954822], [85.1137897055451, 27.85797750523244], [85.11399274150729, 27.857980282015614], [85.1139911794311, 27.858070507748536], [85.114092697507, 27.85807189603343], [85.11409425949924, 27.857981670295242], [85.11521095788856, 27.85799693644499], [85.1152093968199, 27.8580871622411], [85.1158185059051, 27.85809548545686], [85.11581694533295, 27.858185711283287], [85.11601842150904, 27.858278710937636], [85.11601530066444, 27.85845916260522], [85.11611681922093, 27.858460549418385], [85.11611213815169, 27.858731226926103], [85.1162136569673, 27.858732613680406], [85.11631205537701, 27.858914452046616], [85.11661661239275, 27.858918611669313], [85.11661505242724, 27.859008837526478], [85.1167165715309, 27.859010223923352], [85.11671813141247, 27.85891999806093], [85.1168196504394, 27.858921384377904], [85.1168180906418, 27.859011610245588], [85.11763024378928, 27.859022698136318], [85.11763180291516, 27.85893247222656], [85.11793636021282, 27.858936628938206], [85.1179394779391, 27.858756177083368], [85.11804099688484, 27.85875756249412], [85.11804255565319, 27.858667336559556], [85.11814407452219, 27.858668721890407], [85.11814563319935, 27.85857849594932], [85.11824715199161, 27.858579881200274], [85.11824871057757, 27.858489655252676], [85.1183502292931, 27.858491040423733], [85.11845486483026, 27.85831197360014], [85.11865790196157, 27.858314743548036], [85.11865946019002, 27.85822451757563], [85.11876097868254, 27.85822590243236], [85.11886561328167, 27.85804683524484], [85.11927168668123, 27.858052373584766], [85.11927324438423, 27.857962147577062], [85.1193747626682, 27.85796353197019], [85.11937320504916, 27.85805375798315], [85.11977927859311, 27.85805929483028], [85.11987768257703, 27.85824113093013], [85.1200807197426, 27.85824389877758], [85.12007916268963, 27.858334124823525], [85.12018068136722, 27.85833550864054], [85.12017912439099, 27.858425734690478], [85.12028064315975, 27.85842711843809], [85.12027908626028, 27.85851734449201], [85.12048056724859, 27.858610337837003], [85.12047745374942, 27.85879078995955], [85.12057897287568, 27.85879217350424], [85.12057585951557, 27.858972625632244], [85.12077734160266, 27.859065618591316], [85.12077422853513, 27.85924607073275], [85.12087574810286, 27.859247454079764], [85.12087419164224, 27.859337680153832], [85.1210772309673, 27.859340446634423], [85.12107878725998, 27.859250220549864], [85.12128182644595, 27.859252986721387], [85.1212833825635, 27.859162760625054], [85.12138490208334, 27.859164143593606], [85.12138334604975, 27.859254369695176], [85.121586385279, 27.859257135418837], [85.12158794114464, 27.85916690930677], [85.12168946068613, 27.859168292051383], [85.12168790490445, 27.859258518168705], [85.12209398347832, 27.859264048421714], [85.12209242802531, 27.859354274558743], [85.12219394777077, 27.859355656940636], [85.12219239239451, 27.85944588308165], [85.12229391223116, 27.859447265394145], [85.12229235693165, 27.859537491539143], [85.12239387685948, 27.859538873782235], [85.12249228650975, 27.85972070825788], [85.1228983669937, 27.85972623622715], [85.12289681217638, 27.859816462399834], [85.12320137286692, 27.859820607608736], [85.12319981829431, 27.859910833795887], [85.12340285895863, 27.85991359690574], [85.1234044133633, 27.859823370708106], [85.1235059336223, 27.859824752145823], [85.12350437930161, 27.859914978348698], [85.12360589965178, 27.85991635971701], [85.12360434540784, 27.86000658592387], [85.12380738629776, 27.860009348447033], [85.12390579874786, 27.860191182038022], [85.12411039385535, 27.86010371790373], [85.12410884001687, 27.86019394413426], [85.12431188131468, 27.860196705931923], [85.12441029477966, 27.860378539207506], [85.12471485730585, 27.860382681151616], [85.12471330394958, 27.86047290740981], [85.12481482489001, 27.860474287913796], [85.12481327161052, 27.860564514175955], [85.12491479264214, 27.860565894610527], [85.12491323943942, 27.86065612087667], [85.1250147605622, 27.860657501241825], [85.12501320743627, 27.860747727511946], [85.12511472865022, 27.860749107807692], [85.1252131439338, 27.86093094058619], [85.12541773953802, 27.860843474536836], [85.12551615541662, 27.861025307125523], [85.12571919842756, 27.86102806692729], [85.12572075098726, 27.860937840624295], [85.12582227241954, 27.860939220407968], [85.12582071994382, 27.86102944671619], [85.12693745709751, 27.861044619467243], [85.12693590553832, 27.86113484583177], [85.12714050030988, 27.861047377178796], [85.12713894891863, 27.86113760355379], [85.12754503576555, 27.86114311810201], [85.12754348470303, 27.861233344496675], [85.12774652833757, 27.86123610133334], [85.12774807923215, 27.86114587492822], [85.12784960097623, 27.86114725322935], [85.12784805016562, 27.8612374796397], [85.12815261569293, 27.86124161411086], [85.12815571680308, 27.861061161257535], [85.12805419512141, 27.86105978318559], [85.12805574574968, 27.860969556762264], [85.12795422415917, 27.860968178620894], [85.12795577486423, 27.860877952201534], [85.12785425336487, 27.86087657399075], [85.12775583359718, 27.860694742883734], [85.12755123994377, 27.860782212510784], [85.12755279097034, 27.860691986109824], [85.1274512696677, 27.860690607610895], [85.12745282077107, 27.86060038121391], [85.12735129955959, 27.86059900264556], [85.12735285073974, 27.860508776252544], [85.12725132961943, 27.86050739761478], [85.12725288087636, 27.860417171225727], [85.1271513598472, 27.86041579251854], [85.12715291118093, 27.86032556613347], [85.12705139024294, 27.860324187356866], [85.1269529722939, 27.860142355752608], [85.12674837913457, 27.86022982421376], [85.12674993078977, 27.860139597847088], [85.1266484100485, 27.860138218782364], [85.12664996178052, 27.860047992419663], [85.1265484411304, 27.860046613285522], [85.12654999293919, 27.85995638692679], [85.12644847238025, 27.85995500772323], [85.12635005576035, 27.859773175744728], [85.1260454946521, 27.85976903749363], [85.12604704685914, 27.859678811157288], [85.125845558692, 27.85958582563333], [85.12585021575221, 27.859315146644384], [85.12564717591782, 27.859312387190847], [85.12565183341708, 27.859041708221962], [85.12555031376259, 27.859040328398933], [85.12555341889403, 27.85885987575718], [85.12535193266535, 27.85876688959584], [85.12535503808948, 27.858586436967464], [85.1252535188764, 27.858585056946687], [85.12525817721053, 27.858314378010384], [85.12505513930975, 27.858311617776327], [85.12505669224132, 27.858221391472174], [85.12495517338569, 27.858220011248413], [85.12505979808286, 27.858040938860096], [85.12485831379256, 27.857947952061437], [85.12486141992676, 27.85776749946274], [85.12475990150534, 27.85776611911589], [85.12466148953237, 27.857584286111614], [85.12455997129327, 27.85758290562596], [85.12455841799228, 27.857673131912748], [85.12445689967643, 27.857671751347215], [85.12445845306137, 27.857581525065665], [85.12425541661916, 27.857578763721165], [85.1242538630663, 27.857668989992238], [85.12405082648499, 27.85766622833869], [85.124049272757, 27.857756454598018], [85.12394775439319, 27.85775507365405], [85.12394930820514, 27.85766484739996], [85.12374627166704, 27.857662085298585], [85.12374471768717, 27.857752311542196], [85.12364319934495, 27.857750930374305], [85.1236447534088, 27.85766070413594], [85.12344171691392, 27.857657941586723], [85.12344327113847, 27.85756771535758], [85.1233417529858, 27.857566333976255], [85.12324334360365, 27.857384500079185], [85.12283727176552, 27.857378973550883], [85.1227388633981, 27.857197139338496], [85.12243431012052, 27.857192993466114], [85.12233590259268, 27.85701115900256], [85.12213131218783, 27.857098620754705], [85.12213286746059, 27.857008394586156], [85.12192983235737, 27.85700562987121], [85.1218314258442, 27.85682379509236], [85.12162683544192, 27.85691125609542], [85.12162839112005, 27.856821029950574], [85.12142535642475, 27.856818264510242], [85.12142691226359, 27.85672803837463], [85.12102084329533, 27.856722506619317], [85.12102239946279, 27.85663228050344], [85.12081780885448, 27.856719740293848], [85.12081936518985, 27.856629514188462], [85.12041329673055, 27.856623980662878], [85.12041485339452, 27.85653375457724], [85.12021181937608, 27.85653098737713], [85.1201134161877, 27.85634915152155], [85.11970734893792, 27.856343615969188], [85.1197057917007, 27.856433842020603], [85.11950275795121, 27.85643107378611], [85.11950120053885, 27.856521299825758], [85.11939968359098, 27.85651991559131], [85.11940124108729, 27.856429689556908], [85.11919820738112, 27.856426920874608], [85.1191966497169, 27.856517146898497], [85.1189936158717, 27.856514377907153], [85.11899205803236, 27.856604603919273], [85.11889054103662, 27.856603219306393], [85.11889209895992, 27.856512993299525], [85.11868906515805, 27.856510223860372], [85.11868750706685, 27.856600449856728], [85.11848447312595, 27.856597680108525], [85.11848603138507, 27.856507454122678], [85.1183845145094, 27.856506069141872], [85.11838295616634, 27.85659629512247], [85.11807840533085, 27.856592139716486], [85.11807684672868, 27.85668236568006], [85.11797532971401, 27.856680980390205], [85.11797688840012, 27.856590754431895], [85.11777385456037, 27.856587983638796], [85.11777229570635, 27.856678209586597], [85.11756926172758, 27.856675438484444], [85.11757082074952, 27.856585212547156], [85.11746930385493, 27.856583826889384], [85.11746774474905, 27.856674052821415], [85.11726471081363, 27.856671281271453], [85.11726315153261, 27.8567615071917], [85.11706011745822, 27.856758735332672], [85.11706167690716, 27.85666850942295], [85.11696015996475, 27.85666712338674], [85.11695860043186, 27.85675734929121], [85.11655253239873, 27.856751804378995], [85.11655409226745, 27.85666157849557], [85.11645257536118, 27.85666019208619], [85.11645101540851, 27.856750417964356], [85.11574039667956, 27.856740710972083], [85.11574195721991, 27.856650485130743], [85.11564044037152, 27.856649098124283], [85.11563887974721, 27.85673932396035], [85.1155373628221, 27.856737936873994], [85.11553892353035, 27.856647711043184], [85.11533588986974, 27.856644936657087], [85.11533432899357, 27.856735162477374], [85.11523281209014, 27.85673377516711], [85.11513441727492, 27.856551936161434], [85.11503290055389, 27.85655054871243], [85.11503133943307, 27.856640774518187], [85.11482830584482, 27.856637999385743], [85.11482674454888, 27.8567282251797], [85.11472522768165, 27.856726837496264], [85.11462058787222, 27.85690590130127], [85.11401148585685, 27.85689757312229], [85.1140130478389, 27.85680734737298], [85.11350546344497, 27.856800405197696], [85.11350702583957, 27.85671017947347], [85.11340550906645, 27.856708790819773], [85.1134039465879, 27.85679901653873], [85.11309939606018, 27.856794850114042], [85.11309783332251, 27.856885075815928], [85.11289479950567, 27.85688229781575], [85.11289323659285, 27.856972523505835], [85.11279171961134, 27.85697113438852], [85.11279015660732, 27.85706136007208], [85.1126886395491, 27.85705997087486], [85.11268707645388, 27.85715019655188], [85.11258555931896, 27.857148807274758], [85.11258399613253, 27.85723903294524], [85.1124824789209, 27.857237643588203], [85.11248091564326, 27.857327869252163], [85.1123793983549, 27.85732647981522], [85.11227475416099, 27.857505541606685], [85.1120717192847, 27.85750276233852], [85.1120701556495, 27.857592987977604], [85.11196863813826, 27.8575915982263], [85.11186399300631, 27.857770659653635], [85.11115336950597, 27.857760928708327], [85.1111549339113, 27.857670703119233], [85.11105341638134, 27.857669312690916], [85.11105185189207, 27.857759538274735], [85.11095033428542, 27.857758147766503], [85.11095189885864, 27.85766792218796], [85.11064734633409, 27.857663750231268], [85.11064578150898, 27.85775397579398], [85.11054426393135, 27.8577525849872], [85.1105458288404, 27.857662359429764], [85.1103427938748, 27.857659577602835], [85.11034122879784, 27.857749803149716], [85.11013819369333, 27.857747021013687], [85.11013662844117, 27.857837246548748], [85.10993515861786, 27.85774423857911], [85.10993359319778, 27.857834464103615], [85.10973055798341, 27.85783168135992], [85.10972899238817, 27.857921906872598], [85.10932292171069, 27.857916340468453], [85.10932135577235, 27.85800656595876], [85.10911832030925, 27.858003782298294], [85.10911675419572, 27.858094007776767], [85.10891371859374, 27.85809122380719], [85.10891528487517, 27.858000998339275], [85.10881376716902, 27.85799960624782], [85.10881220080363, 27.858089831710444], [85.10830461196201, 27.858082870107133], [85.1083061787472, 27.857992644670915], [85.1081015764762, 27.85808008494334], [85.10810314342932, 27.857989859517694], [85.10729100244832, 27.857978715919273], [85.10729257006584, 27.85788849053465], [85.10708796727573, 27.85797592927329], [85.10708953506115, 27.857885703899235], [85.10658194767664, 27.857878736004555], [85.1065835158746, 27.85778851065568], [85.10648199850347, 27.85778711685812], [85.10648043022154, 27.857877342201707], [85.10637891277372, 27.857875948324224], [85.1063804811396, 27.85778572298593], [85.10617744643366, 27.857782935017624], [85.10617587789989, 27.857873160345342], [85.10607436047385, 27.857871766243942], [85.10607592909162, 27.857781540921515], [85.1056698597961, 27.857775963790715], [85.10567142874238, 27.85768573848818], [85.10546839430619, 27.857682949485547], [85.10546996341313, 27.85759272419233], [85.10536844628989, 27.857591329584345], [85.10536687709899, 27.85768155487227], [85.10526535989906, 27.85768016018436], [85.10526692917394, 27.85758993490172], [85.10506389496382, 27.857587145312575], [85.10506546439932, 27.857496920039274], [85.10486086078282, 27.857584355424887], [85.10486243038622, 27.857494130162166], [85.10476091339059, 27.857492735111663], [85.10476248307069, 27.85740250985297], [85.10455944926915, 27.857399719538638], [85.10456101910987, 27.85730949428927], [85.10445950230398, 27.857308099025442], [85.1044579323793, 27.857398324269514], [85.10435641549674, 27.85739692892576], [85.10435798550536, 27.857306703686987], [85.10415495192997, 27.857303912786154], [85.10415338175342, 27.85739413801434], [85.10395034803922, 27.85739134680438], [85.10395191838367, 27.857301121586783], [85.10385040162146, 27.85729972587515], [85.10384883119305, 27.85738995108745], [85.10344276388112, 27.85738436747336], [85.10344433464535, 27.857294142282246], [85.10293675108905, 27.85728716111183], [85.10293832226579, 27.857196935945947], [85.10273371771751, 27.857284368121224], [85.10273528906214, 27.857194142965934], [85.10253225588764, 27.857191349687383], [85.10243388248247, 27.857009502653582], [85.10222927793767, 27.857096934079742], [85.1022308496875, 27.857006708948425], [85.10212933330094, 27.857005311983897], [85.10213090512745, 27.85691508685662], [85.10202938883214, 27.856913689822754], [85.1020309607353, 27.856823464699513], [85.10192944453122, 27.856822067596315], [85.10193101651106, 27.856731842477117], [85.10182950039822, 27.856730445304592], [85.10183107245473, 27.856640220189426], [85.10172955643313, 27.85663882294757], [85.10163118484577, 27.856456975418176], [85.10142815317481, 27.856454180582507], [85.10143287026429, 27.856183505285497], [85.1013313546916, 27.856182107771623], [85.10133292712413, 27.856091882675397], [85.10112832356808, 27.856179312519984], [85.1011298961685, 27.856089087434363], [85.10102838070162, 27.8560876897019], [85.10102995337871, 27.855997464620327], [85.10082692263472, 27.855994668942106], [85.10082849547244, 27.855904443869875], [85.10021940391914, 27.855896055075927], [85.10022097725324, 27.85580583003426], [85.09920582608741, 27.85579184279368], [85.09920740025369, 27.85570161780383], [85.09849679545938, 27.855691822332123], [85.09849837020599, 27.85560159737818], [85.09829534049835, 27.855598798010934], [85.09829376558385, 27.85568902295426], [85.0980907357375, 27.85568622327787], [85.09808916064779, 27.855776448209305], [85.09798764565163, 27.855775048253854], [85.09798607047067, 27.85586527317872], [85.09788455539787, 27.855863873143328], [85.09777988961274, 27.85604292285799], [85.09737382875215, 27.856037321629117], [85.0973722530456, 27.8561275465183], [85.097067707225, 27.856123344797087], [85.0970692831834, 27.856033119923833], [85.09686625284075, 27.856030318413833], [85.09686782895973, 27.855940093549954], [85.09676631388332, 27.855938692688323], [85.09676473768039, 27.856028917546887], [85.09666322252733, 27.85602751660531], [85.0966647988142, 27.855937291752063], [85.09615722357827, 27.855930285951317], [85.09615564687165, 27.85602051077798], [85.09605413176243, 27.856019109388626], [85.09605570855301, 27.85592888456728], [85.09585267852441, 27.855926081575312], [85.09585110156594, 27.856016306386028], [85.09574958647866, 27.856014904772774], [85.09575116352107, 27.855924679967387], [85.09554813353633, 27.855921876527642], [85.09554971073933, 27.855831651731616], [85.09514365119337, 27.855826043977853], [85.09514522872486, 27.85573581920184], [85.09494062146427, 27.855823239653194], [85.09494219916365, 27.855733014887832], [85.0947391696317, 27.855730210275297], [85.09464081075717, 27.855548358354497], [85.0944362035004, 27.855635778056765], [85.0943378452208, 27.855453925946808], [85.0942363307469, 27.855452523246054], [85.09423475248184, 27.855542747977957], [85.09382869432358, 27.855537136407357], [85.09382711571544, 27.85562736111671], [85.09352257192174, 27.85562315163919], [85.09352099305443, 27.855713376331305], [85.09301341979157, 27.855706359016253], [85.09301499907862, 27.855616134350775], [85.09281196999261, 27.855613326913005], [85.09281354944021, 27.85552310225691], [85.09271203499215, 27.85552169843141], [85.09271361451637, 27.855431473779387], [85.09251216549487, 27.85533844127251], [85.0925153248425, 27.85515799198345], [85.09241381075216, 27.855156587955378], [85.09231861594809, 27.85479428530201], [85.0921155884756, 27.854791476915363], [85.09211400849895, 27.85488170154426], [85.09201249468975, 27.85488029723367], [85.09201091462185, 27.85497052185599], [85.092112428515, 27.854971926171903], [85.09211084852372, 27.855062150798286], [85.09200933454662, 27.855060746477037], [85.09200617437419, 27.855241195715347], [85.09210768851919, 27.855242600047255], [85.09209030797057, 27.85623507082628], [85.09219182304628, 27.856236475142172], [85.09219024303641, 27.856326699756206], [85.09208872787674, 27.85632529543498], [85.09208556766714, 27.856505744648587], [85.0919840523469, 27.85650434024208], [85.09187937645927, 27.856683384948173], [85.09157483006081, 27.85667917102499], [85.0915732495106, 27.856769395600725], [85.09147173397515, 27.856767990805068], [85.0914733146093, 27.856677766234665], [85.09137179916512, 27.85667636136971], [85.09137337987588, 27.856586136803372], [85.09117034917739, 27.85658332686023], [85.09117193004874, 27.85649310230329], [85.09107041479444, 27.856491697225106], [85.09097206160395, 27.85630984297595], [85.0907690314678, 27.85630703246775], [85.09077061265293, 27.85621680792835], [85.09066909767981, 27.85621540256764], [85.0905707453981, 27.856033548071036], [85.09036771582424, 27.856030736997802], [85.09026936420679, 27.855848882314934], [85.089864887752, 27.85575303451935], [85.08986646964868, 27.855662810020373], [85.0897649552452, 27.855661404020005], [85.0897665372185, 27.855571179525104], [85.0896650229063, 27.855569773455443], [85.08966660495621, 27.85547954896461], [85.08946515873217, 27.85538651213065], [85.08946990531955, 27.855115838678806], [85.08936839144907, 27.855114432411938], [85.08927004227661, 27.854932577117573], [85.0890670149081, 27.854929764232068], [85.08906543239854, 27.855019988698462], [85.08896391864134, 27.855018582138435], [85.08896550123485, 27.854928357677377], [85.08886398756893, 27.85492695104806], [85.08886557023904, 27.854836726591078], [85.08876405666439, 27.85483531989247], [85.08876563941111, 27.854745095439565], [85.08866412592775, 27.85474368867167], [85.08856577825891, 27.854561832940902], [85.08836116859683, 27.854649243487433], [85.08836275166463, 27.854559019053347], [85.08815972509971, 27.8545562048673], [85.08806137844549, 27.85437434882242], [85.08775683917881, 27.85437012679184], [85.08775842272824, 27.854279902386008], [85.08765690973797, 27.854278494898573], [85.08765849336399, 27.854188270496817], [85.08755698046501, 27.854186862940104], [85.08745863513913, 27.854005006522826], [85.08715409701185, 27.854000783213124], [85.08715568103553, 27.853910558834293], [85.08695265582193, 27.853907742932062], [85.08695424000616, 27.853817518562646], [85.08664970249265, 27.853813294165676], [85.08665128692134, 27.85372306981102], [85.08654977451546, 27.853721661534795], [85.08645143128801, 27.853539804492243], [85.0861468946401, 27.85353557902405], [85.08614847946643, 27.853445354692337], [85.08604696734909, 27.853443946059038], [85.08604538243883, 27.853534170385416], [85.0859438702449, 27.853532761672152], [85.08594228524335, 27.853622985991908], [85.08584077297284, 27.853621577198684], [85.08583918788001, 27.85371180151183], [85.0857376755329, 27.853710392638646], [85.08563299264969, 27.853889432291965], [85.08522535707415, 27.853974019988996], [85.08512067309242, 27.85415305919211], [85.08491923355409, 27.854060016014213], [85.08491764766907, 27.854150240272922], [85.08481613496843, 27.854148830701398], [85.08481454899214, 27.854239054953496], [85.08461152344503, 27.85423623557588], [85.08460993729351, 27.85432645981601], [85.08450842444704, 27.85432505000992], [85.08440373894706, 27.854504088584285], [85.08420071295514, 27.85450126857759], [85.0841991264458, 27.854591492792537], [85.08409761337694, 27.8545900826719], [85.08409602677631, 27.854680306880226], [85.08399451363084, 27.854678896679623], [85.0839929269389, 27.85476912088133], [85.08378831363503, 27.854856524435284], [85.08388665334512, 27.855038383182258], [85.08378513987863, 27.855036972810993], [85.08368045246576, 27.855216010725055], [85.08347742523377, 27.85521318958799], [85.08347583807799, 27.85530341375536], [85.08256221514274, 27.855290714896444], [85.08256380305401, 27.855200490777253], [85.08246228951528, 27.85519907942515], [85.08246070152006, 27.85528930353899], [85.08235918790477, 27.855287892106908], [85.08236236405568, 27.855107443888688], [85.08226085061561, 27.8551060323927], [85.08226243876396, 27.85501580828705], [85.08236395212009, 27.85501721977769], [85.08236554017715, 27.854926995665416], [85.08226402690497, 27.854925584180137], [85.08226720316488, 27.854745135962524], [85.08236871626917, 27.85474654743709], [85.082373480352, 27.85447587508512], [85.08247499321185, 27.854477286469002], [85.08247816906238, 27.854296838217323], [85.08257968176173, 27.85429824951586], [85.08258603303872, 27.853937352975926], [85.08248452067514, 27.853935941698804], [85.08248610855992, 27.85384571756601], [85.08258762083956, 27.85384712883778], [85.08259079641918, 27.8536666805577], [85.08248928430741, 27.85366526929664], [85.08249087217011, 27.85357504516006], [85.08259238419795, 27.85357645641576], [85.0825955597334, 27.8533960081281], [85.08269707160073, 27.85339741929847], [85.08270183459692, 27.853126746841433], [85.08300636948766, 27.853130979856648], [85.08300795688655, 27.853040755685708], [85.08290644533287, 27.85303934476061], [85.08291120773715, 27.852768672256285], [85.08280969644262, 27.852767261272636], [85.08281445903246, 27.852496588772993], [85.08261302465218, 27.852403542455594], [85.08271771077249, 27.85222450523584], [85.08231325562457, 27.85212863623901], [85.0822149209331, 27.85194677655989], [85.0819103894923, 27.85194254196273], [85.08191197771872, 27.851852317834275], [85.08150593623643, 27.851846670681557], [85.08150752479119, 27.85175644657327], [85.08130450426208, 27.851753622559936], [85.08130609297734, 27.851663398461096], [85.08120458280776, 27.851661986347867], [85.08120776038403, 27.85148153815712], [85.08110625038967, 27.851480125979993], [85.08111260578954, 27.851119229604777], [85.08101109613824, 27.851117817374465], [85.08091594244773, 27.850755508716993], [85.08081443314687, 27.8507540963589], [85.08081602220072, 27.85066387227296], [85.08071451299114, 27.85066245984562], [85.08061618221024, 27.850480599189442], [85.08051467318323, 27.8504791866236], [85.08051308389233, 27.850569410695993], [85.08031006569257, 27.85056658532977], [85.08030847622646, 27.85065680939017], [85.08020696705371, 27.850655396589776], [85.08020537749631, 27.850745620643558], [85.08010386824702, 27.850744207763196], [85.08010227859833, 27.850834431810345], [85.07989767013008, 27.85092182985023], [85.07999600003043, 27.851103690967797], [85.07989449046018, 27.851102277916763], [85.07989131076077, 27.851282725978244], [85.07978980103005, 27.851281312841877], [85.07978821108536, 27.851371536865358], [85.07988972090003, 27.851372950007093], [85.07988654115641, 27.851553398060997], [85.0797850311739, 27.851551984908536], [85.07978344120711, 27.851642208928222], [85.07988495127356, 27.85164362208604], [85.07998010207793, 27.852005931278278], [85.08008161249481, 27.85200734430832], [85.08008002274295, 27.852097568337772], [85.0802814541753, 27.852190618223656], [85.08027827497047, 27.8523710662977], [85.08048129652725, 27.85237389187837], [85.08047811762864, 27.852554339968805], [85.08068113955062, 27.852557165272447], [85.08067955025814, 27.852647389326492], [85.0807810613141, 27.852648801871748], [85.08087939410608, 27.852830662468126], [85.08108241659056, 27.85283348720699], [85.0810808276117, 27.852923711278688], [85.08097931628183, 27.8529222989412], [85.08097772721167, 27.853012523006264], [85.08107923862546, 27.85301393534911], [85.0810760606309, 27.85319438348617], [85.08097454904924, 27.85319297113261], [85.08096819263599, 27.853553867370113], [85.08086668072598, 27.853552454920493], [85.08096501438517, 27.853734315481294], [85.08086350230728, 27.85373290302096], [85.08086032385911, 27.85391335111635], [85.08075881162073, 27.853911938570672], [85.08075404364142, 27.854182610688206], [85.08065253115858, 27.85418119805182], [85.08054783965765, 27.854360233391414], [85.08024330177183, 27.854355994778498], [85.08024489154005, 27.854265770769917], [85.08014337901011, 27.85426435775506], [85.08014496885491, 27.85417413375058], [85.08004345641626, 27.85417272066646], [85.07994512398822, 27.853990859516415], [85.07974209948357, 27.85398803299653], [85.07974368964199, 27.853897809009702], [85.07933764105687, 27.85389215509593], [85.07933923154366, 27.853801931129297], [85.07923771949974, 27.85380051746966], [85.0792424911677, 27.853529845578258], [85.07914097938297, 27.853528431860106], [85.07914416062594, 27.853347983936917], [85.07904264901646, 27.853346570154866], [85.07904423971081, 27.853256346196737], [85.07894272819263, 27.85325493234544], [85.07894431896355, 27.853164708391414], [85.07884280753666, 27.85316329447086], [85.07884439838413, 27.853073070520935], [85.07864296672834, 27.852980018526246], [85.07864614872214, 27.852799570641533], [85.07844471774516, 27.852706518387517], [85.07844790003044, 27.852526070516692], [85.07824646973226, 27.852433018003342], [85.078249652309, 27.8522525701464], [85.07814814177306, 27.85225115575719], [85.07814973313428, 27.852160931832188], [85.07804822268965, 27.85215951737373], [85.07804981412743, 27.852069293452836], [85.0779483037741, 27.852067878925133], [85.07794989528843, 27.85197765500834], [85.07784838502639, 27.851976240411393], [85.07784997661727, 27.8518860164987], [85.07774846644654, 27.851884601832502], [85.07765013977853, 27.851702739283997], [85.0773456098363, 27.851698494646097], [85.07734720182468, 27.851608270756458], [85.07724569194262, 27.851606855733298], [85.07724728400754, 27.851516631847772], [85.07714577421679, 27.851515216755374], [85.07704744887683, 27.85133335383498], [85.07684283728206, 27.851420747165175], [85.07674451253695, 27.851238884056023], [85.07654149354018, 27.85123605308271], [85.07653990090994, 27.85132627693444], [85.0764383913387, 27.85132486133049], [85.07643998405287, 27.851234637484144], [85.0762369651004, 27.851231806063154], [85.07623855797505, 27.851141582226273], [85.07613704859382, 27.851140166409238], [85.07613545563525, 27.851230390240747], [85.07593243672709, 27.851227558372095], [85.0759340298535, 27.851137334551332], [85.07552799246149, 27.851131669940184], [85.07552639899939, 27.851221893739446], [85.07542488958593, 27.851220477394754], [85.07542648313196, 27.851130253600868], [85.07532497380981, 27.85112883718694], [85.07532338017987, 27.851219060975456], [85.0751187675847, 27.851306451689506], [85.07511557995215, 27.851486899238708], [85.07501407031647, 27.85148548257944], [85.0750124764052, 27.85157570634677], [85.07470794729072, 27.851571455905166], [85.07470635312028, 27.851661679655102], [85.07450333357973, 27.851658845643552], [85.07450173923405, 27.85174906938146], [85.07389268028624, 27.851740565523833], [85.07389427513546, 27.851650341818186], [85.07379276542062, 27.851648924252814], [85.07379117048745, 27.851739147953083], [85.0735865558037, 27.851826536275976], [85.07358336556473, 27.852006983648664], [85.07348185553637, 27.852005565837935], [85.07337715491114, 27.852184595298702], [85.07307262438906, 27.8521803411627], [85.07307102882405, 27.85227056481771], [85.07276649811674, 27.852266309994032], [85.07276490229256, 27.852356533631635], [85.07266339198766, 27.852355115202464], [85.07266498789576, 27.852264891570247], [85.07246196747602, 27.852262054498826], [85.07246037140004, 27.852352278120282], [85.07225735084205, 27.852349440739637], [85.07225575459083, 27.852439664349063], [85.07205273389454, 27.852436826659194], [85.07205113746807, 27.85252705025658], [85.07174660622738, 27.852522793146004], [85.07174500954171, 27.852613016725975], [85.07154198858375, 27.852610178268414], [85.07154039172282, 27.852700401836344], [85.0713373706266, 27.85269756306955], [85.0713357735904, 27.852787786625452], [85.07123426296948, 27.852786367124743], [85.07123586008959, 27.85269614357423], [85.07103283903778, 27.852693304359736], [85.07103124174981, 27.85278352789948], [85.07042217826854, 27.852775008432904], [85.0704205804696, 27.852865231939052], [85.07031906983137, 27.85286381176141], [85.07032066771426, 27.852773588260657], [85.06991302735257, 27.852858130304693], [85.06991462557116, 27.852767906825495], [85.06961009404164, 27.852763644965663], [85.06961169250461, 27.852673421501365], [85.06940867168983, 27.852670579899186], [85.06941027031326, 27.85258035644442], [85.06930876000091, 27.852578935536794], [85.06930716129355, 27.852669158986167], [85.06910414052324, 27.852666316936293], [85.06910254164062, 27.852756540373626], [85.06889952073209, 27.8527536980145], [85.06889792167419, 27.85284392143978], [85.06879641114712, 27.8528425001429], [85.06879801028893, 27.852752276723017], [85.06839196859049, 27.852746590810924], [85.06839356806061, 27.85265636741135], [85.06829205773846, 27.852654945752175], [85.0682936572851, 27.852564722356743], [85.06819214705429, 27.85256330062835], [85.06819374667742, 27.852473077237033], [85.06809223653796, 27.85247165543943], [85.06799392596568, 27.852289786802373], [85.06768939611759, 27.8522855207704], [85.06769099613811, 27.85219529740226], [85.0675894862875, 27.852193875247774], [85.06759108638455, 27.85210365188378], [85.06738806687345, 27.852100807361758], [85.06738966713093, 27.85201058400729], [85.06728815747043, 27.85200916163976], [85.06718984864574, 27.851827292506467], [85.06698682969754, 27.85182444741993], [85.06699163138802, 27.851553777406117], [85.06689012217683, 27.85155235476713], [85.06679501579454, 27.851190038727253], [85.06669350693387, 27.851188615960634], [85.0666951077046, 27.851098392631307], [85.06659359893528, 27.85109696979548], [85.06659519978253, 27.85100674647028], [85.06649369110454, 27.85100532356524], [85.06639538444189, 27.850823453953005], [85.06598614782591, 27.850998207920906], [85.06598294511696, 27.85117865450523], [85.06608445392567, 27.851180077794112], [85.06608285264399, 27.85127030108978], [85.06598134375133, 27.851268877795494], [85.06597653960995, 27.851539547658692], [85.06587503047295, 27.851538124273592], [85.06587342899371, 27.851628347553394], [85.06567201222126, 27.85153527727955], [85.06567041057417, 27.85162550054854], [85.06536588300054, 27.851621229481687], [85.06536428109428, 27.851711452733216], [85.06526277183397, 27.851710028889634], [85.06526437382418, 27.851619805643516], [85.06506135549374, 27.851616957743335], [85.06505975333569, 27.85170718097865], [85.06495824409768, 27.851705756911237], [85.06495984633965, 27.851615533681326], [85.06475682805377, 27.851612685333475], [85.06475843045615, 27.85152246211311], [85.06414937628034, 27.851513915311326], [85.06415097917882, 27.851423692122125], [85.0637449435459, 27.851417992783684], [85.06374654677265, 27.85132776961484], [85.06364503796692, 27.851326344599116], [85.06364343465624, 27.851416567762545], [85.06333890803188, 27.851412292251464], [85.06334051159432, 27.851322069104263], [85.06323900281832, 27.851320643790093], [85.06323739917197, 27.85141086693189], [85.06303438147442, 27.851408016068902], [85.0630327776528, 27.851498239198616], [85.06293126873125, 27.851496813649796], [85.06293287263681, 27.851406590525492], [85.06242532856024, 27.851399461689287], [85.06242693287797, 27.851309238590776], [85.06222231098168, 27.851396609632538], [85.06222391546724, 27.851306386544845], [85.06212240677304, 27.851304960409966], [85.06211919762663, 27.851485406573264], [85.062017688772, 27.851483980352953], [85.06201447942799, 27.85166442650035], [85.06191297041296, 27.851663000194606], [85.06180825169592, 27.85184201993494], [85.06160523336739, 27.851839166928734], [85.06160362833364, 27.85192938997637], [85.06140060986704, 27.851926536660887], [85.06130231120846, 27.851744663827198], [85.06089466945191, 27.851829179056757], [85.06089306383072, 27.851919402066482], [85.06079155464577, 27.85191797492377], [85.06078994893322, 27.85200819792681], [85.0606884396718, 27.852006770704072], [85.06068683386786, 27.85209699370042], [85.06048220922027, 27.852184362004536], [85.06047899723949, 27.85236480796926], [85.0603774876647, 27.85236338050101], [85.06027276575108, 27.85254239889615], [85.06017125602334, 27.852540971267846], [85.06017286228412, 27.8524507483049], [85.06007135264774, 27.8524493206074], [85.06006974630304, 27.85253954356493], [85.05976521718682, 27.85253526000849], [85.0597668237833, 27.85244503706722], [85.05956541133449, 27.85235195806899], [85.05957505171943, 27.85181062045219], [85.05947354271521, 27.85180919234495], [85.05947675628512, 27.85162874647339], [85.0595782651215, 27.851630174569795], [85.05957987181137, 27.8515399516267], [85.0594783630589, 27.85153852353572], [85.05948157658413, 27.85135807765657], [85.05938006800696, 27.851356649501813], [85.0593768543139, 27.851537095370123], [85.05927534557635, 27.85153566712992], [85.05927213168563, 27.85171611298232], [85.05906750677282, 27.851803479169856], [85.05906429250173, 27.85198392499299], [85.05896278336691, 27.851982496501847], [85.05896117613626, 27.85207271940609], [85.05865664852473, 27.85206843346874], [85.05865504103487, 27.85215865635546], [85.058553531762, 27.852157227555033], [85.05855192418076, 27.852247450435065], [85.05865343353754, 27.852248879240914], [85.05854870899593, 27.85242789619132], [85.05875172805266, 27.8524307537501], [85.0587501206169, 27.852520976637166], [85.05885163024037, 27.85252240531006], [85.0588500228811, 27.852612628201296], [85.05905143511937, 27.852705708234883], [85.0590417917697, 27.853247045613138], [85.05894028145991, 27.853245617046106], [85.05893867412496, 27.853335839932633], [85.05873565335989, 27.853332982563884], [85.05873404584962, 27.8534232054383], [85.05853102494649, 27.853420347760242], [85.05852941726091, 27.85351057062255], [85.0584279067366, 27.853509141666176], [85.0584295145061, 27.853418918809286], [85.05812498322965, 27.85341463150873], [85.05812659124348, 27.853324408666854], [85.05731611751688, 27.853222749825914], [85.05731772618722, 27.8531325270249], [85.05711470599638, 27.853129667290155], [85.05711309715818, 27.853219890080325], [85.05691007682933, 27.85321703003626], [85.0569084678158, 27.853307252814318], [85.05670544734892, 27.85330439246094], [85.0567070565303, 27.853214169693747], [85.05660554639198, 27.853212739410562], [85.05660393712667, 27.853302962172336], [85.05579185561723, 27.85329151717732], [85.05579346555398, 27.853201294458973], [85.0556919554828, 27.853199863504262], [85.05569034546214, 27.85329008621717], [85.0555888353145, 27.853288655182407], [85.0555904454191, 27.85319843247493], [85.05538742531407, 27.853195570192426], [85.05538581504162, 27.85328579288905], [85.05518279479858, 27.853282930297222], [85.05518440523889, 27.853192707611463], [85.05508289521251, 27.85319127620906], [85.05508128468827, 27.85328149888938], [85.05497977458542, 27.85328006740693], [85.05498138519359, 27.853189844732043], [85.05487987518214, 27.85318841318041], [85.05478158670778, 27.853006536222317], [85.0545785670579, 27.85300367276771], [85.05458017797939, 27.852913450110744], [85.05447866824957, 27.852912018276953], [85.05438038068348, 27.852730141072566], [85.05397434254022, 27.852724412736283], [85.05397595394282, 27.85263419010813], [85.05377132351339, 27.852721548120464], [85.05377293508387, 27.852631325503182], [85.0536714256656, 27.852629893088785], [85.05367303731252, 27.852539670475675], [85.05357152798564, 27.8525382379921], [85.05347324227337, 27.852356360225635], [85.05337173312928, 27.852354927603717], [85.05337012124551, 27.85244515020305], [85.05316710281191, 27.852442284724496], [85.05316871486352, 27.852352062136035], [85.05306720574184, 27.852350629290278], [85.0530688178699, 27.852260406705977], [85.05296730883963, 27.85225897379105], [85.05286902438621, 27.85207709565087], [85.0526643942499, 27.852164452034778], [85.05266600669871, 27.8520742294697], [85.05236148022352, 27.85206992963837], [85.05236309291664, 27.85197970708834], [85.05195705805673, 27.851973972957108], [85.05195867107804, 27.851883750427575], [85.05145112809102, 27.851876581112005], [85.05145274152446, 27.85178635860842], [85.05135123303342, 27.851784924526918], [85.0513544600457, 27.851604479526817], [85.0514559683689, 27.851605913597428], [85.05145919518343, 27.85142546858138], [85.05135768702806, 27.851424034521646], [85.0513609139805, 27.85124358951141], [85.05146242196804, 27.851245023560264], [85.05146403534911, 27.85115480104781], [85.0513625274455, 27.8511533670044], [85.05136414090303, 27.851063144496113], [85.0511611252861, 27.851060276196364], [85.05116273890397, 27.850970053697694], [85.05095972348478, 27.850967185110402], [85.05096133726303, 27.850876962621353], [85.05085982964857, 27.850875528221234], [85.0508582157864, 27.85096575070484], [85.05065520041211, 27.8509628816699], [85.05065681444209, 27.85087265919719], [85.05055530685009, 27.850871224573247], [85.05055369273619, 27.850961447040515], [85.05024916975329, 27.85095714270473], [85.05024755538015, 27.8510473651544], [85.05014604765024, 27.851045930221147], [85.05014766210729, 27.850955707776922], [85.04994464683774, 27.850952837697484], [85.04994626145515, 27.85086261526289], [85.04954184628716, 27.85076665181644], [85.04954507615587, 27.85058620698448], [85.04934367673845, 27.85049311364635], [85.04934690689791, 27.850312668828586], [85.04944841389661, 27.850314104315117], [85.04945164385829, 27.850133659481394], [85.04955315069665, 27.850135094882422], [85.04955476558236, 27.850044872458206], [85.04975777911372, 27.850047743025563], [85.04976585259081, 27.849596630831044], [85.04966434624096, 27.849595195611908], [85.04966596099783, 27.849504973174646], [85.04925670581635, 27.849679676403504], [85.04925347559389, 27.84986012122811], [85.04915196902972, 27.84985868561961], [85.04915035382334, 27.84994890802456], [85.04894572516795, 27.85003625896565], [85.04904400126695, 27.850218139526927], [85.0489424943821, 27.850216703747424], [85.04894087897794, 27.85030692613642], [85.04883937201669, 27.850305490276863], [85.04883775652112, 27.85039571265914], [85.04873624948343, 27.850394276719534], [85.04873463389646, 27.850484499095092], [85.04863312678235, 27.85048306307543], [85.04852838814365, 27.850662071706687], [85.04812235912073, 27.850656326539966], [85.04812397522615, 27.850566104199636], [85.04792096092747, 27.85056323117955], [85.04792257719323, 27.85047300884886], [85.04771956309234, 27.850470135541244], [85.04772117951846, 27.850379913220195], [85.04751978220182, 27.850286817313656], [85.04752301535223, 27.850106372687026], [85.04742150866366, 27.85010493579392], [85.04742312531152, 27.850014713484153], [85.04732161871438, 27.850013276521896], [85.04732323543867, 27.84992305421632], [85.04722172893293, 27.84992161718491], [85.04722334573364, 27.849831394883516], [85.04702194987348, 27.849738298316048], [85.04702518377307, 27.849557853728747], [85.04692367762546, 27.849556416495346], [85.04692529464793, 27.849466194205256], [85.04672389972579, 27.8493730972451], [85.04672713406886, 27.8491926526804], [85.04662562827939, 27.849191215245007], [85.04662724552358, 27.849100992966214], [85.0465257398255, 27.849099555461674], [85.04652735714612, 27.849009333187073], [85.04642585153944, 27.849007895613394], [85.04632758089463, 27.84882601343392], [85.04622607547076, 27.848824575721952], [85.04622445791342, 27.84891479798272], [85.04602144692036, 27.848911922324074], [85.04602306464552, 27.848821700074215], [85.0457185484639, 27.848817386043116], [85.04572016643328, 27.848727163808356], [85.04551715585086, 27.848724287425544], [85.04551877398056, 27.848634065200436], [85.04531414529843, 27.848721410744336], [85.04531576359594, 27.848631188530145], [85.04511275324134, 27.848628311561455], [85.04511437169916, 27.848538089356918], [85.04501286661701, 27.84853665076614], [85.04501124807528, 27.848626872965212], [85.04490974291674, 27.848625434294373], [85.04491136154238, 27.848535212100753], [85.04420082623001, 27.848525139354326], [85.04419920701704, 27.848615361509722], [85.04369168159958, 27.848608164425585], [85.04369006195957, 27.8486983865524], [85.04297952610312, 27.848688307463227], [85.04297790586826, 27.848778529550522], [85.04277489552334, 27.848775649128438], [85.04277327511316, 27.848865871203536], [85.04267176986806, 27.848864430875132], [85.04266690834072, 27.849135097076424], [85.04246551805404, 27.84904199410812], [85.04236077111946, 27.849220997642576], [85.04195474896183, 27.84921523460029], [85.04195637007332, 27.849125012573992], [85.04185486463662, 27.849123571632393], [85.04185810700487, 27.848943127586942], [85.04165509648962, 27.84894024550181], [85.04165671783029, 27.848850023488122], [85.0413522023655, 27.84884569981734], [85.04135382395039, 27.848755477818795], [85.04094780377153, 27.848749711901913], [85.04094942568452, 27.84865948992398], [85.04074641580802, 27.848656606528895], [85.04074479372723, 27.848746828495884], [85.04044027871714, 27.848742502827353], [85.04033552887344, 27.848921504675047], [85.04013251858375, 27.84891862035194], [85.04013089597696, 27.8490088422823], [85.04002939075947, 27.849007400003376], [85.04002776806125, 27.84909762192699], [85.03992626276741, 27.849096179567997], [85.03992463997776, 27.84918640148487], [85.03982313460752, 27.8491849590458], [85.0397183833073, 27.84936396034018], [85.03951537226881, 27.849361075067144], [85.0394106202898, 27.849540076088857], [85.03920760896081, 27.84953719034632], [85.03920598554618, 27.84962741221853], [85.03910447980907, 27.84962596922989], [85.03899972689202, 27.84980496988536], [85.0387983388851, 27.84971186166538], [85.03858883153308, 27.850069862345393], [85.03848732542157, 27.850068418881754], [85.0384889494612, 27.84997819705422], [85.03808130105085, 27.850062644281174], [85.03808292542612, 27.849972422475552], [85.03777840747887, 27.849968090758228], [85.03778003209834, 27.84987786896777], [85.03757702033899, 27.849874980794183], [85.03757864511874, 27.849784759013417], [85.03747713933427, 27.849783314820197], [85.03737888342991, 27.849601427008977], [85.03697286106875, 27.849595649235532], [85.03697448632937, 27.849505427483862], [85.03636545351712, 27.84949675861858], [85.03636707927365, 27.84940653689853], [85.03626557391522, 27.849405091832033], [85.03616732039043, 27.84922320326898], [85.03586280488642, 27.849218867431002], [85.03586443103988, 27.849128645734577], [85.03566142090939, 27.849125754813898], [85.03566304722312, 27.849035533127175], [85.03535853233564, 27.849031196203125], [85.03536015889355, 27.848940974531594], [85.03515714917408, 27.848938082886875], [85.03515552244835, 27.84902830454743], [85.03505401751602, 27.84902685860769], [85.03505564432565, 27.84893663695262], [85.03495413948477, 27.848935190943767], [85.03495251259122, 27.84902541259335], [85.03474950276427, 27.84902252034087], [85.03475112982562, 27.848932298702263], [85.03464962500736, 27.848930852469614], [85.03465125214507, 27.848840630835223], [85.03454974741825, 27.848839184533464], [85.03445149728739, 27.84865729490649], [85.03434999274347, 27.848655848466514], [85.03434836536914, 27.848746070086968], [85.03414535613612, 27.848743176972246], [85.03414698367827, 27.848652955362773], [85.03404547915699, 27.848651508699007], [85.03404385153094, 27.84874173030299], [85.0338408423432, 27.84873883674069], [85.03384247013706, 27.848648615147678], [85.03343645218776, 27.848642827149867], [85.03343808030968, 27.84855260557756], [85.03313356717867, 27.848548263812408], [85.03313519554474, 27.84845804225531], [85.03293218699628, 27.848455147383206], [85.03293381552263, 27.848364925835828], [85.03262930300825, 27.84836058298469], [85.03263093177875, 27.848270361452524], [85.0324279236414, 27.84826746585644], [85.03242629470309, 27.84835768737762], [85.03232479056183, 27.84835623946219], [85.03232641958404, 27.848266017946507], [85.032123411492, 27.84826312190285], [85.03212178230199, 27.848353343407545], [85.03191877407234, 27.84835044705452], [85.03192040343015, 27.848260225560814], [85.03181889941057, 27.848258777277906], [85.03181726996884, 27.84834899876611], [85.0317157658729, 27.8483475504031], [85.03171739539853, 27.848257328920397], [85.03151438739711, 27.848254431981594], [85.03151601708298, 27.84816421050861], [85.03141451317751, 27.848162761932812], [85.03141288340774, 27.8482529834003], [85.03131137942592, 27.84825153474441], [85.03131300927959, 27.848161313282418], [85.03111000150643, 27.84815841575785], [85.03110837148493, 27.848248637208847], [85.03100686752579, 27.848247188329168], [85.03100849763118, 27.848156966883675], [85.03060248220574, 27.848151170641014], [85.03060411263917, 27.84806094921625], [85.03040110513959, 27.848058050658356], [85.03040273573328, 27.847967829243316], [85.03009822479231, 27.84796348086351], [85.03009985563014, 27.847873259463714], [85.02989684854177, 27.847870360181876], [85.02989847953982, 27.847780138791812], [85.02969384148362, 27.847867460601655], [85.02959560045785, 27.847685567951274], [85.02929109045344, 27.847681217830733], [85.02929272193978, 27.847590996471155], [85.02908971547579, 27.847588096028833], [85.02909134712235, 27.847497874678982], [85.0287868377348, 27.847493523472572], [85.02878846962548, 27.84740330213797], [85.02868696659533, 27.84740185159215], [85.02868859856234, 27.84731163026179], [85.02848559269253, 27.847308728957387], [85.02838735418369, 27.8471268355618], [85.02798297576788, 27.84703081050795], [85.0279846082919, 27.84694058921105], [85.02788310574176, 27.84693913809603], [85.02778486856013, 27.846757244330853], [85.02748036148118, 27.846752890347528], [85.027481994402, 27.846662669074362], [85.02738049214138, 27.846661217602914], [85.0272822560428, 27.846479323528783], [85.02697774983245, 27.84647496847619], [85.02697938315002, 27.846384747226768], [85.02687788117895, 27.84638329539891], [85.02687951457281, 27.84629307415372], [85.0267780126932, 27.846291622256782], [85.0267796461634, 27.846201401015843], [85.02667814437525, 27.84619994904982], [85.02657990984792, 27.846018054545567], [85.02637690664505, 27.846015150262627], [85.0263785404281, 27.845924929039924], [85.02597416855986, 27.845828898399116], [85.02587593553498, 27.845647003461824], [85.02557143190779, 27.84564264542535], [85.02547319972182, 27.845460750239766], [85.0252701976923, 27.845457844382068], [85.02527183235267, 27.845367623212407], [85.02496732961689, 27.84536326388302], [85.02496896452134, 27.84527304272862], [85.02486746370846, 27.84527158947517], [85.02486582872011, 27.84536181062405], [85.02476432783091, 27.845360357290495], [85.02476596290315, 27.84527013614713], [85.02456296131528, 27.8452672292673], [85.02456459654772, 27.845177008133707], [85.02436323055056, 27.84508387984274], [85.02436650131308, 27.84490343759127], [85.02426500088121, 27.844901983912383], [85.02427154265081, 27.84454109941629], [85.02417004256208, 27.844539645684883], [85.02407508480026, 27.844177307406646], [85.02397358506224, 27.844175853548144], [85.02397522070699, 27.84408563243243], [85.02387372106043, 27.84408417850487], [85.02387699249496, 27.84390373628066], [85.02367562943377, 27.843810607120904], [85.02368053700924, 27.843539943804398], [85.02327781292271, 27.84335368471096], [85.02328272139097, 27.843083021441654], [85.02318122272018, 27.843081567052746], [85.02318449516218, 27.842901124877905], [85.02298313455623, 27.842807994820152], [85.02299458898547, 27.842176447236668], [85.02309608680234, 27.842177901719523], [85.02309772303516, 27.842087680625575], [85.02299622530217, 27.84208622614824], [85.02299949791279, 27.841905783967572], [85.02310099547805, 27.84190723843387], [85.02310426789057, 27.84172679623709], [85.02320576529566, 27.84172825061777], [85.02320903751011, 27.841547808404876], [85.02310754027278, 27.841546354035234], [85.0231091764525, 27.8414561329324], [85.02331380677141, 27.841368820470944], [85.02331707875744, 27.841188378236854], [85.02341857567448, 27.841189832435276], [85.02342348334503, 27.84091916905808], [85.02352498001804, 27.840920623165363], [85.02352825159275, 27.840740180896525], [85.0236297481056, 27.840741634918196], [85.02363138379772, 27.840651413776357], [85.02352988736874, 27.840649959760192], [85.02353315889795, 27.840469517483736], [85.02373778701354, 27.840382204268245], [85.02363956214455, 27.8402003080481], [85.02374105816179, 27.840201761962096], [85.02374760036729, 27.839840877334595], [85.02384909605665, 27.839842331151953], [85.02385727322361, 27.839391225311438], [85.02395876850125, 27.839392679026634], [85.02396040382803, 27.839302457849207], [85.02385890863427, 27.839301004139525], [85.02386217943281, 27.83912056179191], [85.02396367445886, 27.839122015490553], [85.02396858034822, 27.838851351943052], [85.02386708557377, 27.838849898260968], [85.02387689765096, 27.838308571164827], [85.02377540338722, 27.838307117441285], [85.02377703879074, 27.838216896259674], [85.02387853297061, 27.838218349977698], [85.02388180358722, 27.838037907599634], [85.02378030957505, 27.838036453892645], [85.02388507417346, 27.8378574652165], [85.02378358032902, 27.837856011520547], [85.02379012174598, 27.837495126761127], [85.02368862824451, 27.837493673012684], [85.02369026366365, 27.83740345182518], [85.02379175708126, 27.837404905568107], [85.02379502772908, 27.83722446317825], [85.0236935344792, 27.837223009446365], [85.02369516987558, 27.837132788255044], [85.02379666304161, 27.83713424198141], [85.0238081100171, 27.836502693568082], [85.02390960260375, 27.836504147181266], [85.02391287293226, 27.83632370475501], [85.0238113805133, 27.83632225115286], [85.02381301575001, 27.836232029943353], [85.02391450808513, 27.83623348353998], [85.02391777836813, 27.83605304110611], [85.02381628620071, 27.836051587520515], [85.02381955662109, 27.835871145092607], [85.0239210486208, 27.83587259866717], [85.02392268373578, 27.83578237744579], [85.0238211918199, 27.83578092387675], [85.02382773253936, 27.835420039000653], [85.02392922411985, 27.83542149254762], [85.02393249426639, 27.835241050090918], [85.0238310028536, 27.835239596554988], [85.02383263799933, 27.83514937533025], [85.0239341293283, 27.835150828860666], [85.02403889059822, 27.834971839841185], [85.02495231145896, 27.834984917489734], [85.02495394565969, 27.834894696200518], [85.02515529395582, 27.834987822813776], [85.02515692798886, 27.83489760151353], [85.02525841916481, 27.83489905405821], [85.02526332096696, 27.83462839013331], [85.02516183004253, 27.834626937605172], [85.02516346404528, 27.834536716299855], [85.02496048238685, 27.83453381103096], [85.0249621165497, 27.834443589735404], [85.02475750075872, 27.834530905463854], [85.02475913508925, 27.83444068417933], [85.02465764437041, 27.834439231289462], [85.0246592787772, 27.834349010009184], [85.02455778814976, 27.834347557050283], [85.02455942263282, 27.83425733577425], [85.0244579320968, 27.834255882746316], [85.02445956665612, 27.834165661474525], [85.02425822049392, 27.834072533944024], [85.02426148991002, 27.833892091416175], [85.02415999973209, 27.83389063818666], [85.0242647592958, 27.833711648883252], [85.02416326928554, 27.833710195664768], [85.02416653880869, 27.833529753137814], [85.0240650489737, 27.833528299855818], [85.02406831863419, 27.833347857334815], [85.02396682897445, 27.83334640398931], [85.02407158826438, 27.83316741480874], [85.02386860928782, 27.83316450806525], [85.02397336853983, 27.83298551895416], [85.02377202495383, 27.832892390832725], [85.0237752950112, 27.832711948327074], [85.02367380596105, 27.83271049479655], [85.02367707615578, 27.832530052296867], [85.02357558728086, 27.832528598702833], [85.0235772224507, 27.832438377456608], [85.02367871124176, 27.832439831045125], [85.02368034632018, 27.832349609792107], [85.02357885761293, 27.832348156209115], [85.02358212791466, 27.832167713710323], [85.02348063938267, 27.83216626006382], [85.02348390982175, 27.83198581757099], [85.02358539818607, 27.831987271206454], [85.02358703331042, 27.83189704995262], [85.0234855450299, 27.831895596322678], [85.02348718023049, 27.83180537507309], [85.02338569204139, 27.83180392137412], [85.02338896258746, 27.83162347888218], [85.0232874745736, 27.83162202511971], [85.0232891099191, 27.831531803877358], [85.02318762199666, 27.831530350045863], [85.0231892574184, 27.831440128807763], [85.02298791734572, 27.831346999703857], [85.02299282404564, 27.83107633601126], [85.02289133656508, 27.83107488198374], [85.02299609514102, 27.830895893543193], [85.02279312052278, 27.83089298543569], [85.02289787906079, 27.830713997064613], [85.02279639192312, 27.830712542984635], [85.02279966329311, 27.830532100528497], [85.02269817633068, 27.830530646385025], [85.02270144783799, 27.83035020393486], [85.02259996105077, 27.830348749727893], [85.02260159687687, 27.830258528506427], [85.02270308358027, 27.830259982707876], [85.0227079907616, 27.82998931901931], [85.02260650430966, 27.829987864834422], [85.02260814010545, 27.82989764360789], [85.02270962647354, 27.829899097787255], [85.02272598317585, 27.82899688539692], [85.02262449764594, 27.82899543127277], [85.02262940476018, 27.8287247675475], [85.02252791948929, 27.828723313365376], [85.02253119102852, 27.82854287088657], [85.02242970593284, 27.82854141664095], [85.02243461343623, 27.828270752929797], [85.02223327975744, 27.82817762301955], [85.02214161128487, 27.827634841207647], [85.02204012705766, 27.827633386719135], [85.02204176315911, 27.827543165492756], [85.02194027902331, 27.82754171093523], [85.02194191520098, 27.82745148971311], [85.02174058345747, 27.82735835917317], [85.02174385611009, 27.82717791674467], [85.0216423723323, 27.82717646198566], [85.02164400873104, 27.82708624077504], [85.0214426779246, 27.82699310984362], [85.02144431447579, 27.826902888641502], [85.02154579798697, 27.826904343533], [85.02154907089896, 27.826723901113915], [85.0214475875554, 27.826722446233465], [85.02145086060463, 27.82654200382036], [85.0215523437806, 27.826543458689766], [85.02155398021004, 27.82645323747578], [85.02135265062277, 27.826360106469302], [85.02125771424676, 27.825997766654506], [85.02115623159638, 27.82599631159468], [85.02115786831551, 27.825906090395183], [85.02105638575654, 27.825904635266358], [85.02105965933963, 27.82572419287462], [85.02085833152742, 27.825631061228773], [85.02096308752495, 27.825452074101776], [85.02076012328297, 27.825449163526752], [85.02076176029178, 27.82535894234176], [85.02056043341656, 27.825265810304487], [85.02066518949822, 27.82508682340197], [85.0205637077314, 27.82508536795025], [85.02056698201586, 27.82490492559095], [85.02036565613865, 27.82481179331558], [85.02036893071278, 27.824631350970776], [85.02026744938773, 27.82462989532314], [85.02026908674719, 27.824539674154362], [85.02016760551355, 27.82453821843773], [85.02017088037731, 27.824357776107426], [85.02006939931884, 27.824356320327336], [85.0201741552107, 27.824177333772045], [85.02007267431982, 27.824175878003008], [85.02007594929042, 27.823995435673613], [85.01997446857473, 27.82399397984112], [85.01998101875999, 27.823633095189216], [85.01987953838707, 27.823631639304313], [85.01988281360174, 27.823451196981807], [85.01978133340398, 27.82344974103345], [85.01978460875587, 27.823269298716934], [85.0196831287333, 27.82326784270511], [85.01968640422238, 27.823087400394574], [85.01978788407735, 27.82308885639534], [85.01978952172671, 27.82299863523264], [85.01968804195553, 27.82299717923741], [85.01969131739904, 27.822816736919265], [85.01958983780303, 27.822815280860578], [85.01959802669785, 27.822364175070664], [85.01949654752838, 27.822362718965117], [85.01950637445427, 27.82182139200854], [85.0194048957951, 27.821819935861658], [85.01940980940688, 27.82154927238284], [85.01930833100668, 27.82154781617803], [85.01931160687744, 27.821367373863538], [85.0192101286524, 27.82136591759528], [85.01921340466036, 27.821185475286775], [85.01911192661048, 27.821184018955066], [85.01911684081679, 27.82091335549939], [85.01901536302586, 27.820911899109763], [85.01901863929298, 27.820731456810698], [85.0189171616772, 27.82073000035763], [85.01892043808151, 27.82054955806455], [85.01881896064089, 27.82054810154804], [85.01882223718236, 27.820367659260953], [85.01872075991689, 27.82036620268099], [85.01872239826001, 27.82027598154108], [85.0188238754417, 27.8202774381155], [85.0188271519376, 27.820096995820805], [85.01872567492346, 27.82009553925744], [85.01872895155653, 27.819915096968735], [85.01862747471755, 27.819913640341934], [85.01863402822761, 27.81955275577143], [85.01843271376873, 27.81945962120382], [85.01843599079808, 27.819279178930557], [85.01833451456832, 27.819277722118965], [85.01833615315537, 27.81918750098596], [85.01823467701699, 27.819186044105397], [85.01823303834617, 27.81927626523287], [85.0181315621316, 27.819274808272276], [85.0181299233694, 27.819365029392948], [85.01802844707866, 27.819363572352316], [85.01802680822509, 27.81945379346618], [85.01792533185818, 27.819452336345517], [85.01792369291323, 27.81954255745259], [85.01782221647015, 27.819541100251882], [85.01782057743381, 27.819631321352148], [85.01761598519141, 27.819718627804093], [85.01761270674565, 27.819899069976152], [85.01751122999028, 27.819897612529793], [85.0175095906722, 27.819987833608383], [85.01740811384063, 27.819986376081996], [85.01740647443121, 27.82007659715378], [85.01730499752347, 27.820075139547345], [85.01730335802264, 27.82016536061233], [85.01720188103873, 27.820163902925863], [85.01720024144653, 27.820254123984036], [85.01709876438643, 27.820252666217527], [85.01709712470286, 27.8203428872689], [85.0169956475666, 27.820341429422346], [85.01699400779164, 27.82043165046691], [85.0168925305792, 27.820430192540318], [85.01689089071284, 27.820520413578087], [85.01678941342423, 27.820518955571448], [85.0167877734665, 27.820609176602403], [85.01668629610172, 27.820607718515724], [85.0166846560526, 27.820697939539876], [85.016480060954, 27.820785244143728], [85.01647678048262, 27.82096568616354], [85.01637530280553, 27.82096422783119], [85.01637366247465, 27.821054448833657], [85.01627218472139, 27.82105299042126], [85.01627054429912, 27.821143211416913], [85.01616906646967, 27.821141752924472], [85.016167425956, 27.82123197391333], [85.0160659480504, 27.821230515340837], [85.01606430744535, 27.821320736322885], [85.01596282946355, 27.82131927767035], [85.01596118876711, 27.82140949864558], [85.01585971070915, 27.821408039913], [85.01585806992131, 27.821498260881427], [85.01575659178718, 27.821496802068793], [85.01575495090795, 27.821587023030418], [85.01565347269762, 27.821585564137735], [85.01565183172701, 27.821675785092545], [85.01555035344053, 27.821674326119815], [85.01554871237852, 27.82176454706782], [85.01534411442361, 27.821851849823393], [85.01534083192641, 27.8220322916909], [85.0152393533276, 27.82203083247248], [85.01523771198379, 27.82212105339878], [85.01513623330882, 27.822119594100297], [85.01513459187362, 27.822209815019793], [85.01503311312247, 27.82220835564127], [85.01503147159586, 27.822298576553955], [85.01492999276854, 27.822297117095374], [85.01492835115054, 27.822387338001246], [85.01482687224706, 27.822385878462605], [85.01482523053764, 27.822476099361673], [85.01472375155798, 27.822474639742985], [85.01472210975717, 27.82256486063524], [85.01462063070133, 27.822563400936495], [85.01461898880913, 27.822653621821928], [85.0145175096771, 27.822652162043127], [85.0145158676935, 27.82274238292176], [85.01431126712593, 27.82282968399581], [85.01440946223745, 27.82301158567455], [85.01420486107574, 27.823098886556952], [85.01419829193787, 27.823459769971958], [85.01429977180116, 27.823461230024197], [85.01429484511918, 27.823731892588764], [85.01439632524145, 27.82373335258312], [85.0143930409163, 27.82391379429757], [85.01429156062645, 27.82391233429213], [85.01428499154962, 27.824273217683636], [85.01418351093218, 27.824271757581506], [85.0141785837932, 27.82454242009518], [85.014077102932, 27.8245409599019], [85.01407381796702, 27.824721401560243], [85.01397233694584, 27.82471994128135], [85.0139641239811, 27.8251710453773], [85.01406560542125, 27.825172505683927], [85.01406067780242, 27.825443168142893], [85.01395919611085, 27.825441707819646], [85.0139575534722, 27.825531928631225], [85.01405903524756, 27.82553338896002], [85.01405739268509, 27.82562360977587], [85.01425871402378, 27.825716751046663], [85.01425378677065, 27.825987413516074], [85.01435526898787, 27.825988873649024], [85.0143503419176, 27.826259536123644], [85.01445182439386, 27.826260996198705], [85.01444689750646, 27.82653165867853], [85.01454838024172, 27.8265331186957], [85.01454016902946, 27.826984222831097], [85.01464165219139, 27.82698568280146], [85.01453688449126, 27.827164664476378], [85.0146383678208, 27.827166124457825], [85.01463508341973, 27.82734656610911], [85.0147365669245, 27.82734802602712], [85.01483148221386, 27.827710369202293], [85.01503280802476, 27.82780350955085], [85.01503116610998, 27.827893730390418], [85.01492968207953, 27.827892270662733], [85.01502788225758, 27.82807417206574], [85.01523249243897, 27.827986870471566], [85.01523085067659, 27.828077091319688], [85.01533233489751, 27.828078550834864], [85.01533069321133, 27.828168771687245], [85.01543217752366, 27.828170231133438], [85.01543053591368, 27.828260451990097], [85.01553202031744, 27.828261911367296], [85.01553037878365, 27.828352132228225], [85.01563186327886, 27.828353591536438], [85.0157300650265, 27.828535492510333], [85.01603451908345, 27.828539869797428], [85.0160328779459, 27.828630090682253], [85.01643881713028, 27.828635926043766], [85.01643717632038, 27.82872614694948], [85.01684311596173, 27.828731981140646], [85.0168414754795, 27.828822202067236], [85.01724741557783, 27.828828035088037], [85.01734562047227, 27.82900993506166], [85.01765007615157, 27.829014308854287], [85.01764843631703, 27.829104529821358], [85.01785140697555, 27.82910744532152], [85.01794961312724, 27.82928934492335], [85.01825406969775, 27.829293717424193], [85.0182524303433, 27.829383938420673], [85.01845376240155, 27.829477074065895], [85.01845048398992, 27.829657516074636], [85.01865345577589, 27.829660430448655], [85.01864526045205, 27.830111535503637], [85.01874674677552, 27.830112992606498], [85.01874182974149, 27.83038365564086], [85.01894316405527, 27.830476790676155], [85.01883839947307, 27.83065577572532], [85.01893988631468, 27.830657232712305], [85.0189349696468, 27.830927895757018], [85.01903645674749, 27.830929352686056], [85.01902170708792, 27.831741341801486], [85.01912319495064, 27.83174279870576], [85.0190184293022, 27.83192178381318], [85.01911991733259, 27.83192324072852], [85.01911500084852, 27.83219390375315], [85.01921648913797, 27.83219536061054], [85.01921485037859, 27.83228558162174], [85.0191133620053, 27.832284124758818], [85.01911008429606, 27.832464566766348], [85.0190085957627, 27.832463109817827], [85.0190053178554, 27.832643551809223], [85.01880234047617, 27.83264063766641], [85.01880070134345, 27.832730858649146], [85.01859772382694, 27.83272794419709], [85.01859608451896, 27.832818165167488], [85.01849459568828, 27.83281670782411], [85.0184962350801, 27.832726486859247], [85.01829161804972, 27.83281379291372], [85.01829325760919, 27.832723571959924], [85.01819176888515, 27.83272211439844], [85.01819340852083, 27.832631893448905], [85.01809191988822, 27.832630435818416], [85.01809355960016, 27.83254021487314], [85.01789222239739, 27.832447078464128], [85.01789550211856, 27.832266636589384], [85.01779401384407, 27.832265178757396], [85.01779565377709, 27.832174957823657], [85.01759431751167, 27.832081821023184], [85.01769908559895, 27.831902837130425], [85.01749610975862, 27.83189992113802], [85.01749774991272, 27.83180970021581], [85.0173962620878, 27.831808242113333], [85.0173979023181, 27.831718021195385], [85.01729641458462, 27.831716563023903], [85.01729805489114, 27.831626342110226], [85.01719656724909, 27.831624883869743], [85.01709836054019, 27.831442983745696], [85.01689538562941, 27.831440066914162], [85.01689702624843, 27.831349846018817], [85.0156791784288, 27.831332338834713], [85.01568082004613, 27.831242118004564], [85.0154778456837, 27.831239199108072], [85.01547620389874, 27.831329419927137], [85.01537471664513, 27.831327960361538], [85.01537635851392, 27.831237739548015], [85.01527487135174, 27.831236279913423], [85.01527322939913, 27.831326500721403], [85.01507025492995, 27.831323581217507], [85.01506861280207, 27.831413802013127], [85.01445968907437, 27.831405041679236], [85.01445804643592, 27.83149526244033], [85.0143565590908, 27.831493802118253], [85.01435820181308, 27.8314035813627], [85.01415522731334, 27.831400660506006], [85.0141535844234, 27.831490881250463], [85.01374763518004, 27.83148503862041], [85.01374599194718, 27.83157525934143], [85.01344152984316, 27.83157087656959], [85.01333675533122, 27.8317498568904], [85.01313378031324, 27.831746934498533], [85.01313213655457, 27.831837155182455], [85.01303064897319, 27.83183569386916], [85.01302900512306, 27.831925914546265], [85.0128243857901, 27.83201321234971], [85.01282109771643, 27.832193653675382], [85.0127196098226, 27.83219219211627], [85.01261483349693, 27.83237117178102], [85.01220723679121, 27.8324555450817], [85.01219572461224, 27.833087089421845], [85.01209423592586, 27.83308562735998], [85.01209259121453, 27.833175847969382], [85.01219407998474, 27.833177310036792], [85.0121891460565, 27.833447971874016], [85.01229063508586, 27.833449433883533], [85.01228899051169, 27.83353965449895], [85.0121875013985, 27.833538192483882], [85.01228241213879, 27.833900536947933], [85.01218092269026, 27.833899074910658], [85.01217598857902, 27.834169736717417], [85.0120744988866, 27.834168274588944], [85.01207120927332, 27.834348715776006], [85.01196971942085, 27.834347253561877], [85.0120679196295, 27.834529156957984], [85.01196642960937, 27.834527694732763], [85.01196313976739, 27.834708135898556], [85.01186164958719, 27.83470667358768], [85.0119598498949, 27.83488857705928], [85.01185835954702, 27.834887114737302], [85.01185013431311, 27.835338217589143], [85.01174864355366, 27.83533675516486], [85.01184684416616, 27.835518658721], [85.01174535323902, 27.835517196285604], [85.01174206289387, 27.83569763740128], [85.0118435539887, 27.835699099847773], [85.01184026378073, 27.83587954096946], [85.01194175505087, 27.835881003352508], [85.01194011001928, 27.835971223917003], [85.01183861866531, 27.83596976152841], [85.01183532841156, 27.836150202642486], [85.01173383689753, 27.83614874016824], [85.01173219167538, 27.83623896071782], [85.01183368327327, 27.83624042319763], [85.01183203812732, 27.836330643751488], [85.0117305464456, 27.836329181266134], [85.01172725596315, 27.836509622358964], [85.01162576412136, 27.836508159787943], [85.01162411878484, 27.836598380326897], [85.01172561071049, 27.836599842903468], [85.01172232018227, 27.836780283988677], [85.01162082808894, 27.836778821401005], [85.01161589198786, 27.837049483002637], [85.01141126177099, 27.837136778090546], [85.01140797064814, 27.8373172191272], [85.01130647807459, 27.83731575628255], [85.01130483241788, 27.83740597679342], [85.01110184712596, 27.837403050869327], [85.0111002012939, 27.83749327136783], [85.01099870857553, 27.83749180828839], [85.0108939238424, 27.83767078610536], [85.01069093810841, 27.83766785955148], [85.01058615269683, 27.83784683709526], [85.01038316667325, 27.837843910071804], [85.01038152021606, 27.83793413052507], [85.01028002713187, 27.83793266689595], [85.01027838058322, 27.83802288734239], [85.01007539427, 27.83801995984935], [85.010073747546, 27.838110180283405], [85.00987240798733, 27.838017032058076], [85.00976762089869, 27.838196008884104], [85.00946314105173, 27.83819161638096], [85.00946149380933, 27.838281836779135], [85.00926015452526, 27.838188687672734], [85.00925850711516, 27.838278908059788], [85.00905552045157, 27.8382759790422], [85.0090538728661, 27.838366199416868], [85.00864625136663, 27.838450560815893], [85.00864460343047, 27.838540781165772], [85.00854310988913, 27.838539316230218], [85.00843832012477, 27.83871829189383], [85.00823698103169, 27.838625141302554], [85.00813219068799, 27.838804116701002], [85.00772456699356, 27.838888475248194], [85.0077229182645, 27.838978695541673], [85.00762142437264, 27.838977229907247], [85.00761977555209, 27.8390674501939], [85.00741678762358, 27.839064518690236], [85.00741513862765, 27.839154738964496], [85.00721379972566, 27.83906158688832], [85.00721215056203, 27.83915180715145], [85.00700916252698, 27.839148875040152], [85.00700751318799, 27.839239095290882], [85.00680452501581, 27.839236162870197], [85.00680287550145, 27.839326383108535], [85.00660153687421, 27.839233230151272], [85.00659823750242, 27.83941367060439], [85.00649674327536, 27.83941220412195], [85.00649509349414, 27.83950242434103], [85.00629045493868, 27.839589711348008], [85.00628715500252, 27.839770151757573], [85.006185660463, 27.839768685029167], [85.00618071024984, 27.84003934561729], [85.00607921546637, 27.84003787879761], [85.00607591511829, 27.840218319172205], [85.00617741006947, 27.840219786003008], [85.00617575996782, 27.840310006193963], [85.00607426493276, 27.840308539357597], [85.00607096453876, 27.84048897972456], [85.00586632377998, 27.84057626597628], [85.00586467339612, 27.84066648614546], [85.00596616875131, 27.84066795315324], [85.00596451844369, 27.840758173326716], [85.00586302300462, 27.840756706313368], [85.00585642136211, 27.841117586972285], [85.00575492559524, 27.84111611986209], [85.00575327508162, 27.841206340018076], [85.00565177923853, 27.84120487282775], [85.00554698201744, 27.84138384584874], [85.00534399003404, 27.841380911072964], [85.00534233916201, 27.84147113120285], [85.00513934704149, 27.84146819611766], [85.00513769599407, 27.841558416235145], [85.00483320761913, 27.841554013031367], [85.00483155631244, 27.841644233130868], [85.00473006011889, 27.84164276524156], [85.00472840872068, 27.841732985334225], [85.00493140128314, 27.841735921049413], [85.00492809879923, 27.841916361253208], [85.00502959525967, 27.84191782901009], [85.0050279440901, 27.84200804911566], [85.005332433769, 27.84201245195557], [85.00522763517507, 27.84219142464644], [85.0053291319101, 27.842192892196316], [85.00532748096919, 27.84228311231478], [85.00553047462992, 27.842286047201952], [85.00552882384909, 27.84237626733029], [85.00563032077481, 27.842377734667586], [85.0056286700702, 27.84246795480022], [85.00573016708745, 27.84246942206851], [85.00572851645904, 27.842559642205444], [85.00583001356783, 27.842561109404734], [85.00582836301565, 27.842651329545962], [85.00592986021596, 27.842652796676244], [85.00592820973998, 27.842743016821785], [85.00612955401542, 27.84283617102516], [85.00612625336073, 27.84301661133214], [85.00622775091948, 27.843018078260975], [85.00612295267545, 27.84319705163405], [85.00642744587789, 27.843201452230222], [85.0064257957754, 27.84329167239597], [85.00652729360871, 27.843293139117776], [85.00662549155724, 27.843475046114964], [85.00683013737994, 27.843387759022487], [85.00692833592325, 27.84356966583237], [85.00713133217728, 27.84357259848904], [85.0071329817156, 27.84348237828814], [85.00733762719537, 27.843395090422074], [85.00734092589823, 27.843214649991662], [85.00723942808762, 27.843213183872024], [85.00724272692766, 27.84303274344767], [85.00714122929243, 27.84303127726459], [85.00714452826963, 27.84285083684628], [85.00724602573712, 27.84285230301823], [85.00724767513039, 27.8427620828016], [85.00714617774676, 27.842760616635214], [85.00715112613229, 27.842489955994417], [85.00694978150553, 27.8423968032663], [85.00695473030251, 27.842126142643654], [85.00685323352894, 27.8421246762925], [85.00685488319652, 27.842034456087973], [85.00665188984006, 27.842031523173087], [85.0067566859944, 27.841852549266093], [85.00665518948773, 27.841851082782494], [85.00665848910484, 27.84167064238682], [85.00645714641473, 27.841577489029568], [85.00646044632138, 27.841397048648542], [85.00635895025701, 27.841395581969067], [85.00636060028273, 27.84130536178221], [85.00646209626325, 27.841306828456112], [85.00646374619745, 27.841216608262428], [85.00656524210174, 27.841218074856204], [85.00656689194444, 27.841127854655678], [85.0066683877725, 27.841129321169316], [85.0067731829352, 27.840950347181256], [85.00697617429414, 27.840953279813423], [85.00697782377841, 27.840863059586823], [85.00717916568364, 27.84095621214732], [85.0071808150002, 27.840865991909585], [85.00728231062256, 27.840867457959124], [85.00728560906501, 27.840687017468717], [85.00738710452728, 27.840688483432555], [85.00738875365317, 27.84059826317988], [85.00749024903922, 27.840599729063584], [85.0074918980736, 27.84050950880408], [85.00759339338344, 27.840510974607653], [85.00759504232633, 27.84042075434132], [85.00769653755994, 27.840422220064756], [85.0076981864113, 27.840331999791587], [85.0077996815687, 27.8403334654349], [85.0079044740781, 27.840154490431242], [85.00810746409566, 27.840157421322775], [85.00810911258864, 27.840067201023547], [85.00841359742073, 27.840071596784917], [85.00841524565449, 27.83998137646773], [85.00861823541302, 27.839984306591347], [85.00861988347141, 27.83989408626178], [85.0088228730928, 27.839897016076023], [85.00882122520213, 27.839987236416718], [85.00892272010813, 27.839988701217546], [85.00892601571411, 27.839808260523768], [85.00902751046004, 27.83980972523892], [85.00902586274474, 27.839899945592006], [85.00912735758216, 27.839901410238145], [85.00912900521361, 27.839811189879505], [85.00933199474365, 27.83981411893697], [85.00933034727993, 27.839904339306734], [85.00943184214026, 27.839905803729174], [85.00943513689235, 27.839725362977262], [85.009636479096, 27.839818511963934], [85.00963812630052, 27.83972829157623], [85.0098411157392, 27.839731219876928], [85.00984276276834, 27.839640999476835], [85.01004575206987, 27.83964392746816], [85.01004739892366, 27.839553707055675], [85.01035188268162, 27.83955809846676], [85.01035352927619, 27.83946787803635], [85.01076115364307, 27.8393835117311], [85.01086594041954, 27.839204534153563], [85.01106892903513, 27.839207460598047], [85.01107057501216, 27.839117240123674], [85.01117206924754, 27.83911870322851], [85.0112768550863, 27.838939725284018], [85.01147819763344, 27.839032871597798], [85.01148148887849, 27.838852430598273], [85.01178597094437, 27.838856818744382], [85.01178761630388, 27.83876659822606], [85.01188911025723, 27.83876806078675], [85.01189075552527, 27.838677840261607], [85.01209538837983, 27.838590544610682], [85.01209867854232, 27.83841010353184], [85.01220017218313, 27.83841156584664], [85.01220181716909, 27.838321345299768], [85.01230331073367, 27.83832280753445], [85.01230495562812, 27.83823258698076], [85.01240644911648, 27.83823404913534], [85.01240809391948, 27.83814382857482], [85.012612725379, 27.838056532076312], [85.01261930381338, 27.837695649772087], [85.01272079682148, 27.83769711166968], [85.01272737479844, 27.83733622932295], [85.01282886747877, 27.837337691123796], [85.0127306637412, 27.837155788141967], [85.01283215625381, 27.837157249931714], [85.01283544499836, 27.836976808734555], [85.0129369373509, 27.83697827043865], [85.0128387337124, 27.83679636753232], [85.01294022589724, 27.83679782922531], [85.01294351441311, 27.836617388006903], [85.01304500643788, 27.836618849614243], [85.01305158304272, 27.836257967140003], [85.01315307473975, 27.836259428650592], [85.01315471878804, 27.836169208023314], [85.0130532271749, 27.836167746518274], [85.01305651541632, 27.835987305270994], [85.01315800686179, 27.835988766764945], [85.01316458291784, 27.835627884232967], [85.01306309180774, 27.83562642276121], [85.01306473588653, 27.83553620213059], [85.01316622691279, 27.835537663596806], [85.01316951487982, 27.835357222320663], [85.01306802402125, 27.835355760865546], [85.01306966807718, 27.835265540231124], [85.01317115885192, 27.83526700168069], [85.01317280281638, 27.83517678103944], [85.01307131212549, 27.83517531959542], [85.01308282025022, 27.834543775110024], [85.01328744428548, 27.83445647718889], [85.01329073190193, 27.834276035871195], [85.01339222176965, 27.834277497110637], [85.0133938654826, 27.834187276444336], [85.01349535527412, 27.834188737603682], [85.01360013214094, 27.834009757329884], [85.01380311142671, 27.83401267925365], [85.01390788761522, 27.83383369870677], [85.01410922351573, 27.833926840871264], [85.01411086661136, 27.833836620161065], [85.01431384563796, 27.83383954131717], [85.01431548855828, 27.83374932059461], [85.01451846744769, 27.83375224144144], [85.01451682469504, 27.83384246217509], [85.01461831423501, 27.833843922492225], [85.01461995690383, 27.83375370175304], [85.01522889380054, 27.833762462057102], [85.01523053595872, 27.83367224128339], [85.01543351481752, 27.83367516077729], [85.01543187282701, 27.833765381562085], [85.01553336235168, 27.833766841202753], [85.01553500425835, 27.83367662041241], [85.01563649370678, 27.83367807997299], [85.01563485188395, 27.83376830076887], [85.01644676841615, 27.833779974614128], [85.01644512725638, 27.83387019545306], [85.01654661694099, 27.83387165435379], [85.01654825801691, 27.83378143350932], [85.01675123724127, 27.83378435107606], [85.01684944520844, 27.833966251468507], [85.01705406547813, 27.833878947739226], [85.01705242481378, 27.83396916861011], [85.01715391462788, 27.83397062706909], [85.01715227403976, 27.834060847944247], [85.0172537639453, 27.834062306334218], [85.01725212343341, 27.834152527213636], [85.01745346308316, 27.834245664670224], [85.01745018235671, 27.834426106444866], [85.01755167262043, 27.834427564633334], [85.01755003232964, 27.834517785524287], [85.01765152268479, 27.834519243643737], [85.01764824224809, 27.83469968543291], [85.01784958325446, 27.83479282237405], [85.01774481231793, 27.834971806179727], [85.01794779390465, 27.83497472210123], [85.01794615390361, 27.83506494300671], [85.01804764479223, 27.835066400861166], [85.0180460048674, 27.835156621770906], [85.0182473470704, 27.835249758186777], [85.01824406751813, 27.83543020002207], [85.01834555876492, 27.835431657675002], [85.01833899990453, 27.83579254135248], [85.01844049149432, 27.835793998952994], [85.01843885184405, 27.83588421987472], [85.01854034352527, 27.83588567740621], [85.01853706436965, 27.836066119256937], [85.01863855622616, 27.836067576724943], [85.0186369167208, 27.836157797653932], [85.01873840866875, 27.836159255052912], [85.01873676923964, 27.83624947598617], [85.01893811405704, 27.836342611514574], [85.01893483549618, 27.836523053396867], [85.01903632780234, 27.83652451059431], [85.01893155690492, 27.836703495274083], [85.0191329027209, 27.836796630564304], [85.01912962441943, 27.836977072456033], [85.01923111716005, 27.836978529532015], [85.0192278389959, 27.837158971429737], [85.0193293319118, 27.837160428442218], [85.01930146771474, 27.83869418446194], [85.01940296206378, 27.83869564149389], [85.01940132300882, 27.83878586243034], [85.01929982857592, 27.83878440539286], [85.01929655027551, 27.838964847250885], [85.01939804487613, 27.83896630429942], [85.01939476671303, 27.83914674616344], [85.01929327194469, 27.83914528910384], [85.01929163276789, 27.83923551002841], [85.01939312762009, 27.83923696709354], [85.01939148851955, 27.839327188022384], [85.0192899935835, 27.83932573095172], [85.01928671519188, 27.839506172794522], [85.01918522009571, 27.83950471563823], [85.01928343676988, 27.839686614632246], [85.01918194150598, 27.839685157464896], [85.01918030219971, 27.839775378376327], [85.01897567204539, 27.839862684705956], [85.01907388864356, 27.840044583838957], [85.0189723930594, 27.840043126500348], [85.01896911404302, 27.840223568289662], [85.01886761829873, 27.840222110865415], [85.01886597869527, 27.84031233175264], [85.01896747452342, 27.840313789182417], [85.01896583499622, 27.8404040100739], [85.0188643390842, 27.840402552638594], [85.01886105983928, 27.84058299440669], [85.01896255591903, 27.840584451853058], [85.01896091636902, 27.84067467274074], [85.01885942020542, 27.840673215288835], [85.01885286159394, 27.841034098804734], [85.01875136510246, 27.84103264125613], [85.01874808558337, 27.841213082995402], [85.0188495822426, 27.841214540555065], [85.01884794255552, 27.841304761428326], [85.01874644581243, 27.841303303863135], [85.0187448060339, 27.841393524729593], [85.0185401724489, 27.841480830218543], [85.0185368925183, 27.84166127192299], [85.01833225826995, 27.841748577065577], [85.01832569761615, 27.842109460409908], [85.01822420015624, 27.84210800242205], [85.01822255988992, 27.842198223249422], [85.0183240574337, 27.842199681242818], [85.01832077704597, 27.842380122904835], [85.0184222747651, 27.84238158083472], [85.01841899451472, 27.842562022502726], [85.01852049240921, 27.8425634803691], [85.01851885235648, 27.842653701206732], [85.0184173543781, 27.842652243334815], [85.0184140740821, 27.84283268499521], [85.01851557222821, 27.842834142878186], [85.01851393215267, 27.842924363712015], [85.01841243392268, 27.8429229058235], [85.01839931237365, 27.84364467240415], [85.01850081127466, 27.843646130336932], [85.01849425065316, 27.84400701361893], [85.0185957498973, 27.844008471499265], [85.01859246970871, 27.844188913143714], [85.01879382861736, 27.844282049534165], [85.01879218867181, 27.844372270364282], [85.01869068907695, 27.844370812610983], [85.01868904903992, 27.8444610334343], [85.01879054871866, 27.844462491193138], [85.01877906883375, 27.845094036959555], [85.0188805691073, 27.84509549468254], [85.01877578879822, 27.845274478595684], [85.01887728923953, 27.84527593632973], [85.01887400934135, 27.845456377971846], [85.01907537078961, 27.845549514068537], [85.01907209118137, 27.84572995572516], [85.01917359206494, 27.845731413263117], [85.0191719523333, 27.84582163409506], [85.01927345330834, 27.845823091563958], [85.01937167514049, 27.84600499064048], [85.01927017399005, 27.846003533235105], [85.01926689464136, 27.84618397490117], [85.01906389202775, 27.846181059844533], [85.01906225217421, 27.846271280664602], [85.01885924942322, 27.846268365298556], [85.0188576093943, 27.846358586106277], [85.01865460650593, 27.84635567043082], [85.01865624670265, 27.846265449634156], [85.01855474535377, 27.846263991690076], [85.01855310507317, 27.846354212481202], [85.01835010223044, 27.846351296358222], [85.01834846177445, 27.84644151713702], [85.0182469602806, 27.846440058958112], [85.01814217752403, 27.84661904223627], [85.01824367917806, 27.84662050050083], [85.01824039804508, 27.846800942038477], [85.01844504211404, 27.846713637586728], [85.01844340171154, 27.84680385836598], [85.0186464054084, 27.846806774395123], [85.01864476516607, 27.846896995184174], [85.0187462671098, 27.846898453092397], [85.01884448888927, 27.84708035252246], [85.01914899529226, 27.847084725609015], [85.01914735544659, 27.847174946421926], [85.01935035992105, 27.847177861451083], [85.01945514135004, 27.846998877193496], [85.0196581455345, 27.847001791752984], [85.01965650611592, 27.847092012594814], [85.01985951049859, 27.847094926867005], [85.01995773434471, 27.84727682560425], [85.02026224150188, 27.847281196262518], [85.02036046618697, 27.84746309475162], [85.02046196876327, 27.84746455142499], [85.02046360754109, 27.847374330544], [85.02056511004109, 27.847375787137256], [85.02056347134717, 27.84746600802377], [85.02076647653777, 27.847468920997564], [85.02076811506389, 27.84737870009999], [85.0208696175867, 27.847380156469473], [85.02096784339281, 27.847562054580347], [85.02117084881195, 27.847564966968456], [85.02116921060622, 27.847655187885596], [85.02127071341107, 27.847656643973288], [85.02136566399585, 27.848018983686465], [85.02156703240661, 27.848112116465998], [85.02156375656762, 27.848292558327984], [85.02146225315268, 27.848291102425385], [85.02146061513788, 27.848381323348953], [85.02156211863672, 27.84838277925708], [85.02156048069824, 27.848473000184903], [85.02166198428857, 27.84847445602395], [85.02165870855664, 27.848654897886835], [85.02176021232236, 27.848656353662346], [85.0217585745289, 27.848746574597403], [85.02196158225092, 27.848749485935674], [85.02195994461768, 27.848839706880522], [85.02206144857398, 27.848841162443293], [85.02206308612332, 27.848750941492924], [85.02216459000331, 27.848752396975573], [85.02216295253787, 27.84884261793146], [85.02236596048843, 27.848845528684016], [85.02247073889497, 27.84866654200221], [85.02267374655544, 27.8486694522851], [85.02267538358619, 27.84857923129906], [85.02297989488213, 27.84858359614737], [85.02297662131645, 27.848764038151316], [85.02287511737575, 27.848762583265433], [85.02297334772042, 27.848944480150184], [85.022770339511, 27.84894157028173], [85.02266556128788, 27.84912055719628], [85.02246255278835, 27.84911764685817], [85.02245927829259, 27.849298088791663], [85.02235777388641, 27.849296633499666], [85.02235613654324, 27.849386854458988], [85.02215312758584, 27.84938394364016], [85.0221498525411, 27.849564385532908], [85.02204834790598, 27.849562930000552], [85.02204343503023, 27.84983359281358], [85.02214493991707, 27.849835048362518], [85.02214330236055, 27.849925269303178], [85.02234631232481, 27.849928180188293], [85.02244454268595, 27.85011007742961], [85.02264919018356, 27.850022766923477], [85.02264755303139, 27.85011298788921], [85.02285056340719, 27.850115898050415], [85.02284892641525, 27.850206119025934], [85.02325331092963, 27.85030215947155], [85.02325167425815, 27.850392380466612], [85.02335317973952, 27.85039383515348], [85.0233499065416, 27.850574277150834], [85.02355291786272, 27.850577186322845], [85.0235512814202, 27.85066740733066], [85.02365278717605, 27.850668861810274], [85.02364951443609, 27.850849303833137], [85.02385089009265, 27.85094243361121], [85.02384761764282, 27.85112287564854], [85.02394912384098, 27.85112432993194], [85.0239474876886, 27.85121455095422], [85.02414886428336, 27.85130768034031], [85.02414722828365, 27.851397901371094], [85.02404572181858, 27.85139644722033], [85.02394094300325, 27.851575435030643], [85.02404244962857, 27.85157688926704], [85.02403917740821, 27.851757331308683], [85.02424055506353, 27.851850460609676], [85.02413577607328, 27.852029448550997], [85.02433715430843, 27.852122577737603], [85.02433224658529, 27.85239324082498], [85.02423073918196, 27.85239178676274], [85.02422910317517, 27.852482007783813], [85.02402608822345, 27.85247909942447], [85.02402445204123, 27.85256932043324], [85.02382307330208, 27.85247619076671], [85.02382143695203, 27.85256641176444], [85.0237199294188, 27.85256495731812], [85.02371665652808, 27.85274539929873], [85.02381816422916, 27.85274685375608], [85.02381652785633, 27.852837074750006], [85.02401954344906, 27.852839983451922], [85.02401790723648, 27.85293020445561], [85.02411941512815, 27.85293165870017], [85.02411614284811, 27.85311210071478], [85.02431752300632, 27.853205230018588], [85.02430607090912, 27.85383677709812], [85.02440757966276, 27.85383823117403], [85.02450581666365, 27.8540201272087], [85.02470883454454, 27.854023035009533], [85.02471047026064, 27.853932813982446], [85.02501499688707, 27.853937175107543], [85.0250166323438, 27.853846954062636], [85.0252180146759, 27.853940082151215], [85.0252196499648, 27.85384986109528], [85.0254243027296, 27.853762546761242], [85.02542757293378, 27.85358210462097], [85.02552908151905, 27.853583557859608], [85.02553071652585, 27.85349333678206], [85.02583524207532, 27.853497696033756], [85.02583687682278, 27.853407474938393], [85.02603989372581, 27.853410380722114], [85.02614467115733, 27.853231391274452], [85.02634768777011, 27.853234296588454], [85.02634932207522, 27.853144075461724], [85.02675535505603, 27.853149885172364], [85.02675698901788, 27.85305966402232], [85.02685849719809, 27.853061116257948], [85.02685686332018, 27.853151337413504], [85.02695837159187, 27.85315278958003], [85.0268535955416, 27.853331779720808], [85.02705661242827, 27.85333468400129], [85.02705171120714, 27.853605347485797], [85.0271532199136, 27.85360679953065], [85.02714995256284, 27.853787241858328], [85.02694530096717, 27.853874558822884], [85.026943667105, 27.85396477997253], [85.0270451761396, 27.85396623211404], [85.02714341777042, 27.85414812649846], [85.02734643621318, 27.85415103043045], [85.0273480697548, 27.8540608092613], [85.02755108805998, 27.854063712883818], [85.02754945468622, 27.854153934063987], [85.02765096393412, 27.85415538576883], [85.02765259722395, 27.854065164583155], [85.02785561557457, 27.854068067757993], [85.02785724868897, 27.85397784656003], [85.02806026690203, 27.8539807494254], [85.02805863395547, 27.854070970634375], [85.02816014315728, 27.854072421960648], [85.02816177601991, 27.853982200746163], [85.02846630341895, 27.853986554260786], [85.02846793602224, 27.853896333028516], [85.02856944508648, 27.853897784045326], [85.0285678125671, 27.853988005283103], [85.02897384923538, 27.85399380862623], [85.02897221704417, 27.854084029884756], [85.0292767448766, 27.854088381625182], [85.02927511292958, 27.85417860289895], [85.02947813169021, 27.85418150369717], [85.0294764999035, 27.85427172498068], [85.0295780093791, 27.85427317527338], [85.02957964108188, 27.854182953984363], [85.0296811504811, 27.85418440419694], [85.02967951886224, 27.854274625491456], [85.03008555687046, 27.854280425617635], [85.03008392557976, 27.85437064693289], [85.0302869447971, 27.854373546559295], [85.03028531366668, 27.854463767884287], [85.0303868233706, 27.85446521759107], [85.03038519231656, 27.854555438920297], [85.03048670211199, 27.85455688855796], [85.0305849501199, 27.854738780797657], [85.03078797008429, 27.854741679721915], [85.03078633934327, 27.854831901069332], [85.03088784942072, 27.854833350425036], [85.03098609833675, 27.855015242419157], [85.03118911886519, 27.85501814077949], [85.03118748843721, 27.855108362145096], [85.0312889987967, 27.85510981121883], [85.03138724862086, 27.855291702967364], [85.0316917802709, 27.855296049550013], [85.03169015023992, 27.855386270939302], [85.03199468220976, 27.85539061686687], [85.03199305242302, 27.855480838271387], [85.03219607394189, 27.855483735194344], [85.03219444431546, 27.855573956608584], [85.03260048777956, 27.855579749581047], [85.03259885848132, 27.855669971015995], [85.03270036945017, 27.85567141907806], [85.03270199866448, 27.855581197637616], [85.03290502045695, 27.8555840935269], [85.0329033914105, 27.855674314978337], [85.03330943542178, 27.85568010588345], [85.03330780670353, 27.855770327355597], [85.03351245747272, 27.855683000888295], [85.03351082892235, 27.855773222371425], [85.03361234004308, 27.85577466976741], [85.03361071156908, 27.85586489125475], [85.03381373400104, 27.85586778583385], [85.03391198876132, 27.856049676015314], [85.03401350016405, 27.85605112312929], [85.0340151283174, 27.855960901622513], [85.03421815097762, 27.855963795615637], [85.03421652299214, 27.856054017133392], [85.03452105729086, 27.856058357579883], [85.03451942954966, 27.85614857911284], [85.0348239641681, 27.85615291890422], [85.03482233667114, 27.856243140452385], [85.0350253599557, 27.85624603328451], [85.03502373261907, 27.856336254842372], [85.0351252443566, 27.856337701151986], [85.03512361709637, 27.856427922714076], [85.03522512892539, 27.856429368954558], [85.03532338655461, 27.85661125826273], [85.0355264105861, 27.85661415039254], [85.03552478363899, 27.856704371972775], [85.03562629574998, 27.85670581793123], [85.03562466887928, 27.856796039515675], [85.03572618108176, 27.856797485405], [85.03572455428746, 27.85688770699366], [85.03582606658141, 27.856889152813846], [85.0358244398635, 27.856979374406727], [85.03592595224893, 27.856980820157773], [85.03592432560744, 27.85707104175487], [85.03602583808436, 27.85707248743678], [85.03602421151925, 27.857162709038096], [85.03612572408764, 27.857164154650867], [85.03622398384651, 27.857346043409777], [85.03652852212319, 27.85735037960937], [85.03642375684532, 27.85752937752177], [85.03652526977963, 27.857530822857978], [85.03652364359654, 27.85762104448038], [85.03672504363294, 27.85771415657198], [85.03672179156486, 27.857894599832377], [85.03682330485756, 27.85789604496664], [85.03682005292723, 27.85807648823293], [85.03692156639535, 27.858077933303534], [85.03691994050283, 27.85816815494026], [85.03702145406244, 27.858169599941714], [85.03702307987102, 27.858079378299507], [85.03722610684495, 27.85808226806758], [85.03733087143411, 27.85790326951856], [85.03743238477203, 27.857904714205056], [85.03743075931429, 27.857994935871734], [85.0375322727437, 27.85799638048909], [85.03753389811747, 27.857906158816935], [85.03773692483098, 27.857909047816815], [85.03773855002935, 27.857818826132437], [85.03784006331344, 27.857820270514946], [85.03784168842034, 27.857730048823818], [85.03804471484325, 27.85773293735401], [85.03804633977472, 27.85764271565066], [85.0382477412963, 27.8577358255857], [85.03824936605989, 27.857645603871386], [85.03845239237516, 27.85764849179362], [85.03845401696331, 27.857558270067077], [85.03886169359333, 27.857473823244387], [85.03886331783066, 27.857383601493403], [85.03896483077789, 27.857385045027637], [85.03896645492374, 27.857294823269907], [85.03906796779455, 27.85729626672405], [85.03906959184894, 27.857206044959575], [85.03917110464333, 27.857207488333614], [85.03927586519569, 27.857028488078367], [85.03947889048635, 27.85703137443141], [85.03958365035963, 27.856852373903415], [85.03998970038982, 27.856858145371717], [85.03999132365112, 27.856767923551626], [85.04019434854348, 27.856770808827093], [85.04019272545008, 27.856861030658134], [85.04029423799149, 27.8568624731894], [85.04029586100096, 27.856772251352883], [85.04049888593846, 27.856775136180605], [85.04049726309688, 27.856865358028063], [85.04080180081137, 27.856869684726384], [85.04090006836371, 27.857051570544797], [85.04110471624809, 27.85696423263211], [85.04110309389512, 27.85705445450986], [85.0412046066721, 27.85705589638046], [85.04130287506385, 27.857237781950015], [85.04150590099118, 27.857240665339962], [85.04160417004695, 27.85742255072433], [85.04180881815063, 27.857335211777436], [85.04180719635517, 27.8574254336884], [85.04201022269345, 27.85742831635397], [85.04200860105836, 27.85751853827462], [85.04211011432272, 27.85751997950094], [85.04211173587386, 27.857429757574817], [85.04231476225723, 27.857432639792638], [85.04231314087399, 27.857522861729688], [85.0427191940667, 27.857528625291668], [85.0427208151142, 27.85743840333275], [85.0428223283472, 27.857439844031216], [85.04282070738367, 27.8575300659956], [85.04302373404013, 27.857532947179585], [85.04302211323697, 27.857623169153626], [85.04312362666043, 27.857624609639142], [85.04312524737965, 27.857534387659634], [85.04353130081277, 27.85754014883358], [85.04352968042933, 27.857630370834947], [85.04373270735886, 27.85763325098509], [85.04373432757441, 27.85754302897279], [85.0438358409665, 27.857544468930456], [85.0438342208349, 27.857634690948213], [85.04403724780947, 27.8576375706506], [85.04403886777318, 27.85754734862191], [85.04424189460991, 27.85755022801486], [85.04424027481409, 27.85764045005447], [85.04434178832766, 27.85764188964446], [85.04434340803952, 27.85755166759939], [85.04444492147667, 27.857553107109297], [85.04444330184873, 27.857643329159835], [85.04484935600811, 27.857649086475035], [85.04484773670845, 27.85773930854615], [85.04505076400106, 27.857742186766913], [85.04504914486178, 27.857832408847678], [85.04535368610884, 27.857836725635494], [85.04535206721388, 27.857926947731364], [85.04585963652876, 27.857934140912466], [85.04585801804605, 27.858024363034367], [85.04606266430723, 27.857937017662508], [85.04606104599242, 27.858027239795323], [85.04626407396877, 27.858030116257765], [85.04626245581434, 27.858120338400234], [85.04646710197514, 27.8580329924217], [85.04646548398861, 27.85812321457507], [85.0469730545555, 27.858130403706173], [85.0469714369812, 27.858220625885565], [85.04707295120102, 27.858222063493347], [85.04707456869137, 27.858131841308506], [85.04727759698561, 27.858134716289282], [85.04727597966315, 27.85822493848504], [85.04758052241257, 27.85822925041285], [85.04757890533446, 27.85831947262369], [85.04798496277442, 27.858325220837774], [85.04798334602462, 27.858415443069152], [85.04808486048728, 27.858416879941554], [85.04818314177116, 27.858598761220097], [85.04828465641671, 27.858600197954136], [85.04828627292966, 27.85850997570893], [85.04838778749875, 27.858511412362898], [85.04838617106977, 27.858601634613542], [85.04858920039835, 27.858604507708474], [85.04859081665944, 27.858514285446923], [85.04869233125102, 27.858515721876987], [85.04869071507387, 27.858605944143992], [85.04909838969225, 27.85852146685096], [85.04909677385089, 27.85861168913976], [85.04940131801229, 27.858615997102966], [85.04949960171419, 27.858797877558825], [85.04970263154334, 27.85880074903367], [85.04980091590934, 27.858982629304148], [85.05000556123498, 27.858895278020228], [85.050002330996, 27.859075722684484], [85.05020536140374, 27.859078593445687], [85.05030364685364, 27.859260473406213], [85.05050829236053, 27.85917312138521], [85.05050667764209, 27.8592633437414], [85.05070970846049, 27.859266213778056], [85.05080799492531, 27.859448093425684], [85.05090951052112, 27.859449528268314], [85.05091112491871, 27.859359305892877], [85.05101264043805, 27.85936074065544], [85.05101102612441, 27.859450963036313], [85.05121405735345, 27.859453832348414], [85.0513123448332, 27.859635711683126], [85.05141386063434, 27.85963714616347], [85.05141547462712, 27.859546923763357], [85.05161850608393, 27.85954979248927], [85.05162011990132, 27.85945957007701], [85.05172163555697, 27.859461004322576], [85.05172002182354, 27.859551226740273], [85.05192305332521, 27.85955409501838], [85.0519214397522, 27.859644317445706], [85.05202295559822, 27.85964575147825], [85.05202456908728, 27.859555529045487], [85.05222760063383, 27.859558396875787], [85.05222598731268, 27.859648619319437], [85.05263205083133, 27.859654354106194], [85.05263366381665, 27.859564131640788], [85.05273517963106, 27.859565565145452], [85.05273356672969, 27.85965578761629], [85.05293659854883, 27.859658654412595], [85.05293821128228, 27.859568431930875], [85.0531412429634, 27.859571298417762], [85.05313963039785, 27.859661520910358], [85.05324114633359, 27.859662954047284], [85.05324275881519, 27.859572731549253], [85.05344579054115, 27.859575597588336], [85.05344417822748, 27.85966582009724], [85.05374872612434, 27.859670118612414], [85.05374711405506, 27.859760341136365], [85.05395014619157, 27.859763206450836], [85.05395175809295, 27.859672983916017], [85.05405327408846, 27.85967441645587], [85.05405166227104, 27.85976463899613], [85.05425469445238, 27.85976750386279], [85.05425308279541, 27.85985772641264], [85.05445772666361, 27.85977036843092], [85.05445611517455, 27.859860590991637], [85.05465914758356, 27.85986345527209], [85.05465753625495, 27.85995367784242], [85.05486218002245, 27.859866319254003], [85.05496047409213, 27.860048196304987], [85.05516350691165, 27.86005105986081], [85.05516511782797, 27.859960837264598], [85.05536815050944, 27.85996370051101], [85.05536653976104, 27.860053923118095], [85.05546805619694, 27.86005535463478], [85.05546966686138, 27.85996513202226], [85.05567269958765, 27.859967994820867], [85.0556743100767, 27.85987777219622], [85.05587734266491, 27.85988063468542], [85.05587895297859, 27.859790412048653], [85.05608037528299, 27.859883496876076], [85.05608198542875, 27.859793274228448], [85.05638653415996, 27.859797566938376], [85.05638814404638, 27.85970734427319], [85.05669269259289, 27.859711636295117], [85.05669430222, 27.859621413612377], [85.05710197600109, 27.859536912535976], [85.05710036671728, 27.859627135241674], [85.05740491516858, 27.859631425679975], [85.05740330612916, 27.859721648400694], [85.05760633863522, 27.859724508330565], [85.057704637302, 27.859906383653737], [85.05790927882316, 27.85981902041219], [85.05790767018863, 27.8599092431575], [85.05800918664313, 27.859910672797422], [85.0580075780851, 27.860000895546893], [85.058109094631, 27.860002325117605], [85.05810748614947, 27.860092547871233], [85.0582090027868, 27.860093977372728], [85.05830730278198, 27.860275852324737], [85.05851194459035, 27.86018848820346], [85.05851033642975, 27.860278710976242], [85.05861185326481, 27.86028014019004], [85.0586102451807, 27.86037036296698], [85.05871176210718, 27.86037179211156], [85.05881006318639, 27.86055366675328], [85.05901309741243, 27.860556524690942], [85.0590114896418, 27.86064674748577], [85.05911300684998, 27.860648176348064], [85.05911461453664, 27.86055795354782], [85.05921613166831, 27.860559382330056], [85.05921452406561, 27.860649605135716], [85.05941755851919, 27.86065246248711], [85.05941916595397, 27.860562239670607], [85.05962220026943, 27.860565096712605], [85.05962059300258, 27.86065531953995], [85.06002666205876, 27.86066103274996], [85.06002826898977, 27.860570809900945], [85.06012978618848, 27.86057223801142], [85.06012817934143, 27.86066246086587], [85.06063576586646, 27.860669600325814], [85.06063737229371, 27.860579377444285], [85.06073888953709, 27.86058080510694], [85.0607372831938, 27.860671027993885], [85.06094031787083, 27.86067388310611], [85.06093871168802, 27.86076410600263], [85.06104022912167, 27.860765533452202], [85.06104183522052, 27.86067531055027], [85.06185397428594, 27.860686727416496], [85.06185236885878, 27.86077695036175], [85.0619538863594, 27.86077837713956], [85.0619554917026, 27.860688154188903], [85.06215852655825, 27.860691007509786], [85.06215692138299, 27.860781230471275], [85.06357816738114, 27.86080119543362], [85.06357977138094, 27.860710972396387], [85.06368128892406, 27.86071239789992], [85.06367968500822, 27.86080262094256], [85.06388272028465, 27.86080547173652], [85.06388432403257, 27.86071524868306], [85.06408735917083, 27.860718099167652], [85.06408575559084, 27.86080832223192], [85.06418727325507, 27.860809747367657], [85.0641888767511, 27.86071952429798], [85.0648995000211, 27.86072949812041], [85.06489789711281, 27.860819721227923], [85.0651009325676, 27.86082257023052], [85.06510253530797, 27.8607323471122], [85.06520405296256, 27.860733771496133], [85.06520245030615, 27.860823994619864], [85.06540548580551, 27.860826843174625], [85.065407088294, 27.860736620040083], [85.06550860597085, 27.860738044200104], [85.06550700356634, 27.86082826734004], [85.06601459248188, 27.860835387047537], [85.06601299048975, 27.860925610213215], [85.06611450837909, 27.860927033936196], [85.06611611028724, 27.86083681076511], [85.06621762810006, 27.860838234408046], [85.06621602627585, 27.86092845758454], [85.06662209793718, 27.86093415143148], [85.06662049644142, 27.8610243746283], [85.06682193114928, 27.86111744432109], [85.0667172101793, 27.861296467507913], [85.06692024674106, 27.861299313877456], [85.0669186454675, 27.86138953708542], [85.06681712709894, 27.861388113932566], [85.06681392436161, 27.861568560333893], [85.0669154428981, 27.86156998349754], [85.066912240299, 27.861750429904607], [85.06701375901085, 27.86175185300441], [85.06700895530845, 27.862022522621714], [85.06711047427962, 27.862023945663072], [85.06710406957507, 27.862384838490023], [85.06700255026803, 27.86238341542707], [85.06699934770327, 27.862563861822156], [85.06710086717825, 27.862565284895904], [85.06709926596872, 27.86265550809695], [85.06699774640977, 27.862654085017798], [85.06699454380049, 27.862834531405294], [85.06689302408101, 27.862833108240704], [85.06689142268127, 27.862923331427154], [85.06699294248472, 27.86292475459714], [85.06698813849286, 27.863195424165095], [85.06708965855566, 27.863196847276637], [85.06708805729417, 27.863287070468825], [85.06698653714741, 27.863285647351884], [85.06698493579452, 27.863375870537407], [85.06708645602527, 27.86337729365974], [85.0670800508754, 27.86373818641077], [85.06697853030877, 27.863736763266836], [85.06697692891878, 27.863826986446032], [85.06687540827559, 27.86382556322205], [85.06687220530537, 27.86400600956585], [85.06666756204116, 27.864093386031534], [85.06666596036955, 27.864183609189467], [85.06676748133381, 27.864185032584345], [85.06676587973875, 27.86427525574642], [85.06666435869052, 27.864273832346136], [85.06665955360886, 27.864544501808552], [85.06655803231612, 27.86454307831742], [85.06654201405492, 27.865445309722546], [85.06664353618747, 27.865446733267675], [85.0666419344045, 27.86553695640663], [85.06654041218796, 27.865535532856097], [85.06653560654256, 27.865806202249157], [85.06643408408148, 27.865804778607767], [85.06643248210086, 27.865895001730852], [85.0665340046459, 27.865896425377645], [85.06662911987347, 27.866258741472688], [85.06673064276931, 27.86626016499177], [85.06672904100351, 27.866350388124737], [85.06683056399076, 27.866351811574557], [85.06682896230153, 27.866442034711653], [85.06693048538018, 27.866443458092217], [85.06692888376752, 27.866533681233445], [85.06703040693759, 27.866535104544756], [85.06702880540149, 27.866625327690116], [85.06713032866297, 27.866626750932166], [85.06722864917334, 27.866808620408076], [85.06743169606938, 27.86681146654046], [85.06743329728438, 27.86672124337604], [85.06753482065953, 27.866722666324847], [85.06754122510935, 27.86636177363289], [85.06764274815598, 27.86636319648545], [85.0676443491659, 27.8662729733039], [85.06754282620327, 27.866271550456737], [85.06754602836881, 27.866091104100633], [85.06744450558156, 27.866089681189614], [85.0674477078854, 27.865909234839243], [85.06754923050467, 27.86591065773947], [85.06755083156148, 27.86582043455699], [85.06744930902619, 27.86581901166216], [85.0674525112855, 27.865638565304202], [85.06755403365283, 27.86563998818823], [85.06756043774645, 27.86527909543554], [85.06766195978527, 27.865280518223326], [85.06756363974876, 27.865098649051596], [85.0676651616196, 27.86510007182859], [85.06766676252565, 27.865009848629324], [85.06787140685229, 27.864922470737234], [85.06787460829133, 27.864742024310782], [85.06797612984852, 27.864743446842226], [85.06798093169951, 27.86447277717688], [85.06808245301217, 27.86447419961749], [85.06808405353034, 27.864383976387774], [85.06818557476645, 27.86438539874834], [85.06818717519324, 27.864295175511955], [85.06839181777114, 27.864207796749906], [85.06839821870263, 27.86384690374354], [85.06829669795556, 27.86384548156466], [85.06840141912387, 27.863666457232767], [85.06819837797305, 27.863663612821934], [85.06820317905314, 27.863392943078654], [85.06810165874077, 27.86339152077745], [85.0681048595917, 27.863211074286404], [85.0680033394547, 27.86320965192134], [85.0680065404439, 27.86302920543602], [85.06790502048227, 27.863027783007105], [85.06790662104972, 27.862937559767943], [85.06800814092736, 27.862938982191462], [85.06801134187205, 27.862758535698546], [85.06790982216235, 27.862757113285817], [85.0679130232453, 27.862576666798635], [85.06801454278705, 27.86257808920057], [85.06801614323344, 27.86248786594968], [85.06791462377565, 27.86248644355314], [85.06791942532219, 27.86221577380908], [85.06802094452807, 27.862217196189437], [85.06802254494478, 27.862126972933492], [85.06792102582286, 27.86212555055853], [85.06792262631612, 27.862035327306717], [85.06802414535407, 27.862036749676275], [85.06802894653742, 27.861766079897045], [85.06813046533088, 27.861767502175773], [85.06813206562654, 27.861677278908104], [85.06823358434345, 27.861678701106786], [85.06833830330096, 27.861499676670114], [85.06853974049105, 27.86159274396447], [85.068541340436, 27.861502520672687], [85.06864285901464, 27.861503942562006], [85.0686444588682, 27.86141371926357], [85.06884749587981, 27.8614165628075], [85.06884909555804, 27.861326339497005], [85.06955972474441, 27.861336289511762], [85.06955812565396, 27.861426512860007], [85.0697627617215, 27.861339131701335], [85.069761162799, 27.861429355060363], [85.06996419997367, 27.861432196962145], [85.07006252120863, 27.861614064547684], [85.07016403998243, 27.86161548532275], [85.07016563858393, 27.861525261944692], [85.0703686759858, 27.86152810326011], [85.07036707755226, 27.86161832664895], [85.07046859634829, 27.861619747200088], [85.07047019469788, 27.86152952380586], [85.07057171341734, 27.861530944276964], [85.07057011515172, 27.86162116767658], [85.07107770928002, 27.861628268939395], [85.07107930712579, 27.861538045512834], [85.07118082588971, 27.861539465536083], [85.0711792281279, 27.861629688968026], [85.07128074698318, 27.861631108922012], [85.07128234466101, 27.861540885484683], [85.07148538222586, 27.861543725157954], [85.07159009584907, 27.86136469797185], [85.07179313312248, 27.861367537175713], [85.07179473035828, 27.86127731370766], [85.07199776749334, 27.861280152602188], [85.07199936455382, 27.861189929122094], [85.07210088304849, 27.861191348452003], [85.072099286072, 27.861281571937482], [85.07250695710124, 27.861197025025234], [85.0725101503603, 27.861016578007412], [85.07261166872406, 27.861017996953343], [85.0727163799888, 27.860838968780218], [85.07312245287571, 27.860844643475914], [85.07312404897556, 27.860754419930284], [85.0730225308267, 27.860753001373705], [85.07302412700311, 27.86066277783218], [85.07282268723245, 27.860569716973846], [85.072824283562, 27.860479493440575], [85.07292580144417, 27.860480912130285], [85.07292739768235, 27.860390688590353], [85.07282587988414, 27.860389269906022], [85.07282907250622, 27.860208822833137], [85.0730321077742, 27.86021166010563], [85.0730337039062, 27.86012143655652], [85.07343977419507, 27.8601271101843], [85.07344136998385, 27.860036886612413], [85.07405047513528, 27.860045394782627], [85.07405207041289, 27.859955171177187], [85.07415358788005, 27.859956588938942], [85.07416156373742, 27.85950547086587], [85.07426308079216, 27.85950688852609], [85.07426467585749, 27.859416664902305], [85.0741631588867, 27.85941524724746], [85.07416634916311, 27.859234800006845], [85.074267865966, 27.859236217650935], [85.0742710560449, 27.859055770394505], [85.07416953940994, 27.859054352761177], [85.07417113452226, 27.85896412913645], [85.07406961797865, 27.858962711433858], [85.07407280834903, 27.85878226419136], [85.07397129198073, 27.8587808464249], [85.07397288723878, 27.858690622807128], [85.07407440352313, 27.85869204056822], [85.07408078414558, 27.858331146062984], [85.07418230010151, 27.858332563727917], [85.07418389515469, 27.858242340093064], [85.07438533203555, 27.858335398833884], [85.07438692692081, 27.858245175188273], [85.07458995871652, 27.858248009984944], [85.07459155342647, 27.85815778632732], [85.07479458508384, 27.858160620814704], [85.07479299054177, 27.858250844483084], [85.07499761677074, 27.858163455003556], [85.07489928981765, 27.857981590595134], [85.07469466387008, 27.858068979944065], [85.07469625848132, 27.857978756278527], [85.07449322717456, 27.85797592166339], [85.0744948219463, 27.85788569800734], [85.07439330638796, 27.857884280593197], [85.07439490123627, 27.857794056941277], [85.07419346531849, 27.857700998257414], [85.07419984527981, 27.857340103675025], [85.0744028753669, 27.857342938662665], [85.07440606496743, 27.85716249134237], [85.07450757985416, 27.85716390871348], [85.07440925453835, 27.85698204401701], [85.0745107692572, 27.856983461377375], [85.07451236394763, 27.856893237707425], [85.07471698775475, 27.85680584851153], [85.07472177125585, 27.856535177458024], [85.07492639422348, 27.856447787904788], [85.0749295828367, 27.856267340505426], [85.07482806875987, 27.8562659234866], [85.07482966313934, 27.8561756997904], [85.07493117713223, 27.85617711680385], [85.07493277142035, 27.85608689310101], [85.07503428533668, 27.85608831003446], [85.07503587953347, 27.855998086324977], [85.07513739337327, 27.85599950317842], [85.07513898747874, 27.8559092794623], [85.07524050124195, 27.855910696235753], [85.07524209525609, 27.85582047251298], [85.07534360894276, 27.855821889206425], [85.07544831030714, 27.855642858354418], [85.07565133738164, 27.855645691346677], [85.07565293103784, 27.855555467598613], [85.07616049843368, 27.855562548746438], [85.07615890519719, 27.855652772521367], [85.07626041878245, 27.85565418853243], [85.07635874621575, 27.855836052036416], [85.07666328754168, 27.855840299430195], [85.07666169470275, 27.855930523228192], [85.07686472245817, 27.855933354461662], [85.07686312977975, 27.856023578269134], [85.07706775024312, 27.855936185396626], [85.07706615773257, 27.856026409214838], [85.07726918571494, 27.85602923986203], [85.07736751517766, 27.85621110273854], [85.07767205773237, 27.856215347957967], [85.07767046570336, 27.856305571804608], [85.07777197998698, 27.856306986733863], [85.07787031053361, 27.85648884929945], [85.07807493118148, 27.856401454940713], [85.0780733394735, 27.85649167880629], [85.07817485395451, 27.85649309344777], [85.07827318534062, 27.856674955763474], [85.07847621467532, 27.85667778469475], [85.07857454672562, 27.85685964682444], [85.07877757644039, 27.85686247532941], [85.07877598528314, 27.85695269922624], [85.07897901519532, 27.856955527443425], [85.07897742419861, 27.85704575134972], [85.079281969374, 27.857049993131866], [85.07928037862176, 27.857140217052994], [85.07938189377893, 27.857141630836477], [85.07938030310326, 27.857231854761704], [85.07958333360762, 27.8572346821155], [85.07958174309248, 27.857324906050202], [85.07988628915614, 27.857329146537257], [85.0798846988855, 27.857419370486777], [85.08008772979936, 27.857422197115714], [85.08008613968923, 27.85751242107469], [85.0806952331114, 27.857520899202513], [85.08069364349763, 27.857611123192395], [85.08079515917773, 27.857612535957852], [85.080791980096, 27.857792983944545], [85.08099342243008, 27.85788603327516], [85.08099024363993, 27.858066481275713], [85.08119168665303, 27.858159530346885], [85.08119009740746, 27.858249754354716], [85.08108858111021, 27.85824834185028], [85.0810822237184, 27.858609237847546], [85.08098070709269, 27.858607825247038], [85.08098229653565, 27.85851760125497], [85.0807776738634, 27.85860499982211], [85.08077290498657, 27.858875671758547], [85.0808744218494, 27.858877084524416], [85.08087283229302, 27.85896730850605], [85.08097434924717, 27.858968721202633], [85.0810790449783, 27.858789685838595], [85.08128207858762, 27.858792510837137], [85.08128843536672, 27.858431614807117], [85.0811869188942, 27.858430202366595], [85.08118850815451, 27.858339978361293], [85.08129002454308, 27.85834139079645], [85.08139471910172, 27.858162355121134], [85.08159616267011, 27.858255403626117], [85.08159775157988, 27.85816517959684], [85.08180078408748, 27.858168003774022], [85.08180237282197, 27.85807777973277], [85.08190388900286, 27.858079191704046], [85.08190230035234, 27.858169415750652], [85.08230836548536, 27.858175062910856], [85.08230995380009, 27.85808483884282], [85.08241147001779, 27.858086250440927], [85.08240988178704, 27.858176474514316], [85.08261291441245, 27.858179297497337], [85.08261132634223, 27.858269521580173], [85.08281594706732, 27.858182120181816], [85.08281277125533, 27.858362568367653], [85.08291428776172, 27.85836397960865], [85.08290634852278, 27.858815100077873], [85.08300786545631, 27.85881651127101], [85.0830062776704, 27.858906735366414], [85.08290476065291, 27.858905324167925], [85.0829015848911, 27.859085772344237], [85.0830031020765, 27.85908718355344], [85.08300151426852, 27.859177407645056], [85.08289999699915, 27.859175996430505], [85.08289523327916, 27.859446668681702], [85.08330289098645, 27.859362089052446], [85.08330447855727, 27.859271864947296], [85.08340599594003, 27.85927327586865], [85.0834091708917, 27.859092827643856], [85.08351068811388, 27.859094238479866], [85.0835138628682, 27.85891379023931], [85.08361537992984, 27.858915200989973], [85.0836185544868, 27.85873475273366], [85.08372007138789, 27.85873616339899], [85.08372165857138, 27.858645939263575], [85.08382317539585, 27.858647349848912], [85.08392786623678, 27.8584683120636], [85.08433551962368, 27.858383729145928], [85.084337106274, 27.858293504973354], [85.0844386228068, 27.85829491508947], [85.08443703624043, 27.858385139267398], [85.08494461943442, 27.858392188755204], [85.08504296394794, 27.8585740468451], [85.08524758353697, 27.85848664177171], [85.08534592864557, 27.858668499672607], [85.08555054820208, 27.858581094147315], [85.08564889390571, 27.858762951859212], [85.08615647921991, 27.858769996975795], [85.08615489404404, 27.858860221238306], [85.08645944557261, 27.858864447428644], [85.08645786064127, 27.85895467170593], [85.0866608951983, 27.85895748880366], [85.08666247996173, 27.858867264515688], [85.0867639971673, 27.858868672947256], [85.08676241248784, 27.858958897240573], [85.08696544708894, 27.858961713890473], [85.08696703160048, 27.85887148958647], [85.08717006606304, 27.858874305927138], [85.08716848171942, 27.858964530241828], [85.08726999904567, 27.858965938305545], [85.08727158330532, 27.858875713985515], [85.08747461781196, 27.858878529878357], [85.08757296705338, 27.85906038638367], [85.0877775857871, 27.858972977504575], [85.0877760019399, 27.859063201850052], [85.08797745316913, 27.859156241372776], [85.08797270206522, 27.85942691442987], [85.08807421987001, 27.859428321923193], [85.08816940344585, 27.859790626776373], [85.08827092160115, 27.85979203414177], [85.0882693381077, 27.859882258502573], [85.08837085635432, 27.85988366579867], [85.08836927293748, 27.859973890163552], [85.08857072636442, 27.860066928916794], [85.08856597655164, 27.8603376020321], [85.08846445787051, 27.860336194858593], [85.08856280997308, 27.860518050769326], [85.08846129112403, 27.860516643585136], [85.08845970773977, 27.860606867946515], [85.08815515098476, 27.86060264593008], [85.08815356734127, 27.86069287027417], [85.08805204835363, 27.86069146278074], [85.08804729712723, 27.860962135789418], [85.08784267474543, 27.861049544869587], [85.08783792292712, 27.861320217831068], [85.08773640337374, 27.861318810076316], [85.08773323529022, 27.861499258700302], [85.08763171557624, 27.861497850860218], [85.0876301314395, 27.861588075164978], [85.08773165123743, 27.8615894830104], [85.08772848310987, 27.861769931626796], [85.0878300030831, 27.861771339408254], [85.08782841909226, 27.86186156371991], [85.08792993915681, 27.86186297143206], [85.08792677132107, 27.862043420062246], [85.0880282915609, 27.86204482771043], [85.088026707716, 27.862135052028968], [85.08792518739219, 27.86213364437544], [85.08792360345596, 27.862223868687376], [85.08802512386374, 27.862225276346244], [85.08802195613721, 27.862405724977005], [85.08812347672028, 27.8624071325719], [85.08812189292999, 27.862497356890724], [85.08822341360437, 27.862498764416316], [85.08822499731069, 27.862408540092154], [85.08842645497515, 27.862501579243553], [85.08842012074824, 27.86286247657029], [85.08862157941306, 27.862955515480838], [85.0886184125768, 27.863135964155457], [85.08871993387571, 27.863137371345168], [85.08871835053056, 27.863227595685924], [85.08892139331836, 27.863230409852076], [85.0889198101338, 27.86332063420224], [85.0891244361355, 27.863233223719625], [85.08912285311891, 27.863323448080457], [85.08932589613337, 27.86332626166007], [85.0893243132774, 27.863416486030324], [85.08962887810604, 27.863420705855866], [85.08962729549467, 27.86351093024086], [85.09003338237146, 27.86351655565112], [85.09003180008867, 27.8636067800562], [85.09023642585386, 27.863519367908342], [85.09023484373903, 27.86360959232409], [85.09033636557521, 27.86361099834605], [85.09033478353703, 27.863701222765865], [85.09023326161687, 27.863699816738567], [85.09023009735056, 27.86388026556373], [85.09033161943867, 27.8638816716017], [85.09032845531098, 27.86406212043248], [85.09042997757439, 27.86406352640646], [85.09032529115396, 27.86424256925821], [85.09042681358534, 27.864243975242857], [85.0904252315798, 27.864334199659154], [85.0905267541025, 27.864335605574485], [85.0906251129354, 27.8645174602653], [85.09123424927733, 27.86452589380556], [85.09123266792167, 27.86461611826074], [85.09143729478328, 27.864528704388402], [85.09143571359559, 27.864618928854238], [85.09153723644354, 27.864620334039003], [85.0915356553325, 27.86471055850891], [85.09163717827178, 27.86471196362435], [85.0916355972374, 27.86480218809832], [85.09173712026798, 27.86480359314443], [85.09173553931026, 27.86489381762247], [85.09193700476429, 27.864986851988824], [85.09193384314817, 27.8651673009599], [85.09203536653666, 27.865168705803363], [85.0920337858016, 27.86525893029233], [85.09213530928142, 27.865260335066463], [85.09213372862301, 27.8653505595595], [85.09223525219416, 27.865351964264303], [85.09233361476977, 27.865533817898047], [85.0925366622846, 27.865536626955677], [85.09253508194017, 27.865626851466242], [85.09283965351932, 27.865631064508715], [85.09283807341954, 27.865721289034], [85.09314264531658, 27.865725501420517], [85.09314106546144, 27.865815725960516], [85.09334411359738, 27.865818533855546], [85.09334569328455, 27.865728309304895], [85.0934472172795, 27.8657297131351], [85.09344563767634, 27.865819937691068], [85.09354716176261, 27.865821341451937], [85.09354558223612, 27.865911566011977], [85.09364710641371, 27.865912969703505], [85.09364552696388, 27.86600319426761], [85.09374705123278, 27.866004597889802], [85.0937454718596, 27.86609482245796], [85.09384699621981, 27.866096226010818], [85.09384541692333, 27.86618645058304], [85.09394694137485, 27.86618785406656], [85.09394536215503, 27.866278078642836], [85.09404688669787, 27.86627948205702], [85.09404530755472, 27.86636970663737], [85.09414683218886, 27.866371109982214], [85.09424519885805, 27.866552962430585], [85.09444982732072, 27.866465544169145], [85.09454819458516, 27.866647396428267], [85.09475124443792, 27.8666502023286], [85.09474966585344, 27.86674042694115], [85.09495429431992, 27.866653007930285], [85.09495271590343, 27.866743232553482], [85.0951557659827, 27.866746037867152], [85.09515418772689, 27.866836262499724], [85.09525571286149, 27.86683766504989], [85.09525729103329, 27.866747440411995], [85.0959679665923, 27.866757256135312], [85.09596638900844, 27.86684748081044], [85.09606791420153, 27.86684888276329], [85.09606949170139, 27.866758658082844], [85.09637406707257, 27.86676286347746], [85.09637564431313, 27.866672638779804], [85.09657711735657, 27.86676566670056], [85.09657869442916, 27.86667544199226], [85.096883269658, 27.86667964625098], [85.09688484647128, 27.866589421525468], [85.09698637147818, 27.866590822790396], [85.09698479474889, 27.86668104752122], [85.09728937006544, 27.86668525088397], [85.09729094654276, 27.866595026137205], [85.09739247157887, 27.866596427103485], [85.09739089518557, 27.866686651855563], [85.0978985208958, 27.866693655593558], [85.09790009686914, 27.8666034308149], [85.09810314703637, 27.866606231776835], [85.09810472283442, 27.866516006986302], [85.09830777286288, 27.866518807638947], [85.09830619723282, 27.86660903244011], [85.09851082292055, 27.86652160799294], [85.09850924745848, 27.86661183280473], [85.09871229771335, 27.86661463287069], [85.09881067240967, 27.866796482443327], [85.09901529810101, 27.86670905724674], [85.09901372304431, 27.86679928208255], [85.0991152483726, 27.866800681790174], [85.0991136733926, 27.86689090663003], [85.09921519881216, 27.86689230626829], [85.09921362390885, 27.8669825311122], [85.09931514941972, 27.866983930681105], [85.09931357459313, 27.867074155529057], [85.09941510019529, 27.86707555502861], [85.09941352544537, 27.867165779880608], [85.09951505113884, 27.867167179310798], [85.0995134764656, 27.86725740416685], [85.09961500225037, 27.86725880352768], [85.0997133790101, 27.867440652543387], [85.09991643095208, 27.867443450912962], [85.09991485659296, 27.867533675786454], [85.1000163826589, 27.867535074864545], [85.10001480837649, 27.86762529974208], [85.10021786069824, 27.867628097684882], [85.10021628657654, 27.86771832257177], [85.10042091304918, 27.86763089532902], [85.10041933909548, 27.86772112022652], [85.1006223916436, 27.867723917582595], [85.10062081785058, 27.86781414248944], [85.10082544422089, 27.86772671464], [85.10082387059587, 27.86781693955746], [85.10163608186876, 27.867828124842823], [85.10163450890846, 27.867918349801446], [85.10173603543439, 27.867919747631415], [85.10173760831069, 27.867829522667495], [85.10194066121639, 27.86783231809282], [85.10193751579251, 27.868012768040614], [85.1020390424243, 27.86801416565188], [85.10203746978542, 27.86810439062919], [85.10224052323888, 27.86810718563832]], [[85.17838531975897, 27.966241347553837], [85.17828369692805, 27.966240001813368], [85.17828521266642, 27.966149774206368], [85.1783868354129, 27.966151119941753], [85.17838531975897, 27.966241347553837]], [[85.15237645679902, 27.929705365058002], [85.15227486964645, 27.929704001742575], [85.15227793965535, 27.929523548204415], [85.15237952663934, 27.92952491150952], [85.15237645679902, 27.929705365058002]], [[85.15197931968976, 27.92915855081044], [85.1518777330713, 27.929157187226515], [85.15187926837375, 27.929066960471165], [85.15198085490793, 27.929068324049922], [85.15197931968976, 27.92915855081044]], [[85.13908221131386, 27.910935414705264], [85.13908375605583, 27.910845188366377], [85.13918532482309, 27.91084656056277], [85.1391837801653, 27.910936786906856], [85.13908221131386, 27.910935414705264]], [[85.13869987288166, 27.89766389916663], [85.1387014170768, 27.89757367267363], [85.13880297342895, 27.89757504455433], [85.13880142931795, 27.897665271052524], [85.13869987288166, 27.89766389916663]], [[85.1398355128381, 27.896596267113882], [85.1397339573399, 27.896594896038028], [85.13973550060787, 27.896504669477917], [85.13983705602193, 27.89650604054857], [85.1398355128381, 27.896596267113882]], [[85.1169916203692, 27.866594738473474], [85.11689009418218, 27.86659335193338], [85.11689165441919, 27.866503126161106], [85.11699318052223, 27.866504512695947], [85.1169916203692, 27.866594738473474]], [[85.05966370749631, 27.85253383200712], [85.05956219781325, 27.85253240393113], [85.05956380457759, 27.8524421810007], [85.05966531417673, 27.852443609071265], [85.05966370749631, 27.85253383200712]], [[85.02234794971352, 27.849837959236584], [85.02244945462314, 27.849839414561714], [85.02244781731832, 27.849929635518947], [85.02234631232481, 27.849928180188293], [85.02234794971352, 27.849837959236584]], [[85.0303884544171, 27.854374996260574], [85.03048996404469, 27.85437644588724], [85.03048833308212, 27.854466667223235], [85.0303868233706, 27.85446521759107], [85.0303884544171, 27.854374996260574]], [[85.15033257951873, 27.936356219747154], [85.15012939301593, 27.936353489431227], [85.15013093023619, 27.936263262859402], [85.15033411657039, 27.936265993164987], [85.15033257951873, 27.936356219747154]], [[85.15053576605, 27.936358949763513], [85.1504341727808, 27.936357584792777], [85.15043570974815, 27.936267358205438], [85.15053730293305, 27.936268723171004], [85.15053576605, 27.936358949763513]], [[85.14932433669183, 27.93589143250704], [85.14942592946119, 27.93589279827571], [85.14942285389023, 27.93607325135579], [85.14921966802143, 27.93607051972287], [85.14932433669183, 27.93589143250704]], [[85.13448808461611, 27.900404601510797], [85.1346912021253, 27.900407351661848], [85.134692749824, 27.90031712541097], [85.13499742588913, 27.900321250061097], [85.13499587844285, 27.90041147632761], [85.13509743722972, 27.900412851066644], [85.13519590144632, 27.900594678280974], [85.135094342484, 27.9005933036063], [85.13509279510038, 27.900683529874236], [85.13488967702894, 27.900680780290127], [85.13488812946986, 27.900771006546375], [85.13478657036075, 27.90076963163694], [85.13478811800397, 27.9006794053859], [85.13468655898617, 27.9006780304069], [85.13468501125881, 27.900768256652732], [85.134380333996, 27.90076413125145], [85.13438497791395, 27.90049345255709], [85.13448653674195, 27.90049482774999], [85.13448808461611, 27.900404601510797]], [[85.09937737476223, 27.857599140583055], [85.09927585799215, 27.85759774149162], [85.09927743222042, 27.857507516521707], [85.09937894890655, 27.857508915607838], [85.09938052304356, 27.857418690631356], [85.09948203965304, 27.857420089637536], [85.09958670418614, 27.857241038591106], [85.09978816331913, 27.857334061209297], [85.09979131088505, 27.85715361120756], [85.09989282727184, 27.857155009899284], [85.09989125357647, 27.857245234906088], [85.09999277005451, 27.85724663352848], [85.09999434366593, 27.857156408516364], [85.10019737647598, 27.857159205526635], [85.10029574616557, 27.85734105397462], [85.10050035255412, 27.857253625520926], [85.10049563293545, 27.857524300629276], [85.10059714970912, 27.85752569881978], [85.10049248648656, 27.857704750695206], [85.10018793570559, 27.857700555644055], [85.10018478872378, 27.857881005673104], [85.09998332823291, 27.857787983574642], [85.09998175457044, 27.857878208577922], [85.09977872044628, 27.85787541118421], [85.0997771466086, 27.857965636175607], [85.0995741123457, 27.857962838472723], [85.0995756863513, 27.85787261349194], [85.09937265228551, 27.857869815501136], [85.099371078112, 27.8579600404713], [85.0992695610061, 27.857958641358636], [85.09927428375659, 27.857687966460272], [85.09937580061062, 27.857689365557015], [85.09937737476223, 27.857599140583055]]], [[[85.16388574087257, 27.934100976760103], [85.16388421521746, 27.9341912040601], [85.16398580723089, 27.934192559011663], [85.16398733280167, 27.934102331706537], [85.16388574087257, 27.934100976760103]]], [[[85.16053285396869, 27.958062028511186], [85.16053132398561, 27.95815225532706], [85.16063293823106, 27.95815361381785], [85.16063446812974, 27.95806338699683], [85.16053285396869, 27.958062028511186]]]]}, "properties": {"name": "Simulation domain", "value": 19.6, "unit": "km2"}}]}