<?xml version="1.0" encoding="UTF-8"?>
<kml xmlns="http://www.opengis.net/kml/2.2" xmlns:gx="http://www.google.com/kml/ext/2.2">
    <Document id="6312">
        <Style id="6317">
            <LineStyle id="6319">
                <colorMode>normal</colorMode>
                <width>0.5</width>
            </LineStyle>
            <PolyStyle id="6318">
                <color>7f00ff00</color>
                <colorMode>normal</colorMode>
                <fill>1</fill>
                <outline>1</outline>
            </PolyStyle>
        </Style>
        <Style id="6324">
            <LineStyle id="6326">
                <colorMode>normal</colorMode>
                <width>0.5</width>
            </LineStyle>
            <PolyStyle id="6325">
                <color>7f00ff00</color>
                <colorMode>normal</colorMode>
                <fill>1</fill>
                <outline>1</outline>
            </PolyStyle>
        </Style>
        <Style id="6331">
            <LineStyle id="6333">
                <colorMode>normal</colorMode>
                <width>0.5</width>
            </LineStyle>
            <PolyStyle id="6332">
                <color>7f00ff00</color>
                <colorMode>normal</colorMode>
                <fill>1</fill>
                <outline>1</outline>
            </PolyStyle>
        </Style>
        <Style id="6338">
            <LineStyle id="6340">
                <colorMode>normal</colorMode>
                <width>0.5</width>
            </LineStyle>
            <PolyStyle id="6339">
                <color>7f00ff00</color>
                <colorMode>normal</colorMode>
                <fill>1</fill>
                <outline>1</outline>
            </PolyStyle>
        </Style>
        <Style id="6345">
            <LineStyle id="6347">
                <colorMode>normal</colorMode>
                <width>0.5</width>
            </LineStyle>
            <PolyStyle id="6346">
                <color>7f00ff00</color>
                <colorMode>normal</colorMode>
                <fill>1</fill>
                <outline>1</outline>
            </PolyStyle>
        </Style>
        <Style id="6352">
            <LineStyle id="6354">
                <colorMode>normal</colorMode>
                <width>0.5</width>
            </LineStyle>
            <PolyStyle id="6353">
                <color>7f00ff00</color>
                <colorMode>normal</colorMode>
                <fill>1</fill>
                <outline>1</outline>
            </PolyStyle>
        </Style>
        <Style id="6359">
            <LineStyle id="6361">
                <colorMode>normal</colorMode>
                <width>0.5</width>
            </LineStyle>
            <PolyStyle id="6360">
                <color>7f00ff00</color>
                <colorMode>normal</colorMode>
                <fill>1</fill>
                <outline>1</outline>
            </PolyStyle>
        </Style>
        <Style id="6366">
            <LineStyle id="6368">
                <colorMode>normal</colorMode>
                <width>0.5</width>
            </LineStyle>
            <PolyStyle id="6367">
                <color>7f00ff00</color>
                <colorMode>normal</colorMode>
                <fill>1</fill>
                <outline>1</outline>
            </PolyStyle>
        </Style>
        <Style id="6373">
            <LineStyle id="6375">
                <colorMode>normal</colorMode>
                <width>0.5</width>
            </LineStyle>
            <PolyStyle id="6374">
                <color>7f00ff00</color>
                <colorMode>normal</colorMode>
                <fill>1</fill>
                <outline>1</outline>
            </PolyStyle>
        </Style>
        <Style id="6380">
            <LineStyle id="6382">
                <colorMode>normal</colorMode>
                <width>0.5</width>
            </LineStyle>
            <PolyStyle id="6381">
                <color>7f00ff00</color>
                <colorMode>normal</colorMode>
                <fill>1</fill>
                <outline>1</outline>
            </PolyStyle>
        </Style>
        <Style id="6387">
            <LineStyle id="6389">
                <colorMode>normal</colorMode>
                <width>0.5</width>
            </LineStyle>
            <PolyStyle id="6388">
                <color>7f00ff00</color>
                <colorMode>normal</colorMode>
                <fill>1</fill>
                <outline>1</outline>
            </PolyStyle>
        </Style>
        <Style id="6394">
            <LineStyle id="6396">
                <colorMode>normal</colorMode>
                <width>0.5</width>
            </LineStyle>
            <PolyStyle id="6395">
                <color>7f00ff00</color>
                <colorMode>normal</colorMode>
                <fill>1</fill>
                <outline>1</outline>
            </PolyStyle>
        </Style>
        <Style id="6401">
            <LineStyle id="6403">
                <colorMode>normal</colorMode>
                <width>0.5</width>
            </LineStyle>
            <PolyStyle id="6402">
                <color>7f00ff00</color>
                <colorMode>normal</colorMode>
                <fill>1</fill>
                <outline>1</outline>
            </PolyStyle>
        </Style>
        <Style id="6408">
            <LineStyle id="6410">
                <colorMode>normal</colorMode>
                <width>0.5</width>
            </LineStyle>
            <PolyStyle id="6409">
                <color>7f00ff00</color>
                <colorMode>normal</colorMode>
                <fill>1</fill>
                <outline>1</outline>
            </PolyStyle>
        </Style>
        <Style id="6415">
            <LineStyle id="6417">
                <colorMode>normal</colorMode>
                <width>0.5</width>
            </LineStyle>
            <PolyStyle id="6416">
                <color>7f00ff00</color>
                <colorMode>normal</colorMode>
                <fill>1</fill>
                <outline>1</outline>
            </PolyStyle>
        </Style>
        <Style id="6422">
            <LineStyle id="6424">
                <colorMode>normal</colorMode>
                <width>0.5</width>
            </LineStyle>
            <PolyStyle id="6423">
                <color>7f00ff00</color>
                <colorMode>normal</colorMode>
                <fill>1</fill>
                <outline>1</outline>
            </PolyStyle>
        </Style>
        <Style id="6429">
            <LineStyle id="6431">
                <colorMode>normal</colorMode>
                <width>0.5</width>
            </LineStyle>
            <PolyStyle id="6430">
                <color>7f00ff00</color>
                <colorMode>normal</colorMode>
                <fill>1</fill>
                <outline>1</outline>
            </PolyStyle>
        </Style>
        <Style id="6436">
            <LineStyle id="6438">
                <colorMode>normal</colorMode>
                <width>0.5</width>
            </LineStyle>
            <PolyStyle id="6437">
                <color>7f00ff00</color>
                <colorMode>normal</colorMode>
                <fill>1</fill>
                <outline>1</outline>
            </PolyStyle>
        </Style>
        <Style id="6443">
            <LineStyle id="6445">
                <colorMode>normal</colorMode>
                <width>0.5</width>
            </LineStyle>
            <PolyStyle id="6444">
                <color>7f00ff00</color>
                <colorMode>normal</colorMode>
                <fill>1</fill>
                <outline>1</outline>
            </PolyStyle>
        </Style>
        <Style id="6450">
            <LineStyle id="6452">
                <colorMode>normal</colorMode>
                <width>0.5</width>
            </LineStyle>
            <PolyStyle id="6451">
                <color>7f00ff00</color>
                <colorMode>normal</colorMode>
                <fill>1</fill>
                <outline>1</outline>
            </PolyStyle>
        </Style>
        <Style id="6457">
            <LineStyle id="6459">
                <colorMode>normal</colorMode>
                <width>0.5</width>
            </LineStyle>
            <PolyStyle id="6458">
                <color>7f00ff00</color>
                <colorMode>normal</colorMode>
                <fill>1</fill>
                <outline>1</outline>
            </PolyStyle>
        </Style>
        <Style id="6464">
            <LineStyle id="6466">
                <colorMode>normal</colorMode>
                <width>0.5</width>
            </LineStyle>
            <PolyStyle id="6465">
                <color>7f00ff00</color>
                <colorMode>normal</colorMode>
                <fill>1</fill>
                <outline>1</outline>
            </PolyStyle>
        </Style>
        <Style id="6471">
            <LineStyle id="6473">
                <colorMode>normal</colorMode>
                <width>0.5</width>
            </LineStyle>
            <PolyStyle id="6472">
                <color>7f00ff00</color>
                <colorMode>normal</colorMode>
                <fill>1</fill>
                <outline>1</outline>
            </PolyStyle>
        </Style>
        <Style id="6478">
            <LineStyle id="6480">
                <colorMode>normal</colorMode>
                <width>0.5</width>
            </LineStyle>
            <PolyStyle id="6479">
                <color>7f00ff00</color>
                <colorMode>normal</colorMode>
                <fill>1</fill>
                <outline>1</outline>
            </PolyStyle>
        </Style>
        <Style id="6485">
            <LineStyle id="6487">
                <colorMode>normal</colorMode>
                <width>0.5</width>
            </LineStyle>
            <PolyStyle id="6486">
                <color>7f00ff00</color>
                <colorMode>normal</colorMode>
                <fill>1</fill>
                <outline>1</outline>
            </PolyStyle>
        </Style>
        <Style id="6492">
            <LineStyle id="6494">
                <colorMode>normal</colorMode>
                <width>0.5</width>
            </LineStyle>
            <PolyStyle id="6493">
                <color>7f00ff00</color>
                <colorMode>normal</colorMode>
                <fill>1</fill>
                <outline>1</outline>
            </PolyStyle>
        </Style>
        <Style id="6499">
            <LineStyle id="6501">
                <colorMode>normal</colorMode>
                <width>0.5</width>
            </LineStyle>
            <PolyStyle id="6500">
                <color>7f00ff00</color>
                <colorMode>normal</colorMode>
                <fill>1</fill>
                <outline>1</outline>
            </PolyStyle>
        </Style>
        <Style id="6506">
            <LineStyle id="6508">
                <colorMode>normal</colorMode>
                <width>0.5</width>
            </LineStyle>
            <PolyStyle id="6507">
                <color>7f00ff00</color>
                <colorMode>normal</colorMode>
                <fill>1</fill>
                <outline>1</outline>
            </PolyStyle>
        </Style>
        <Style id="6513">
            <LineStyle id="6515">
                <colorMode>normal</colorMode>
                <width>0.5</width>
            </LineStyle>
            <PolyStyle id="6514">
                <color>7f00ff00</color>
                <colorMode>normal</colorMode>
                <fill>1</fill>
                <outline>1</outline>
            </PolyStyle>
        </Style>
        <Style id="6520">
            <LineStyle id="6522">
                <colorMode>normal</colorMode>
                <width>0.5</width>
            </LineStyle>
            <PolyStyle id="6521">
                <color>7f00ff00</color>
                <colorMode>normal</colorMode>
                <fill>1</fill>
                <outline>1</outline>
            </PolyStyle>
        </Style>
        <Style id="6527">
            <LineStyle id="6529">
                <colorMode>normal</colorMode>
                <width>0.5</width>
            </LineStyle>
            <PolyStyle id="6528">
                <color>7f00ff00</color>
                <colorMode>normal</colorMode>
                <fill>1</fill>
                <outline>1</outline>
            </PolyStyle>
        </Style>
        <Style id="6534">
            <LineStyle id="6536">
                <colorMode>normal</colorMode>
                <width>0.5</width>
            </LineStyle>
            <PolyStyle id="6535">
                <color>7f00ff00</color>
                <colorMode>normal</colorMode>
                <fill>1</fill>
                <outline>1</outline>
            </PolyStyle>
        </Style>
        <Style id="6541">
            <LineStyle id="6543">
                <colorMode>normal</colorMode>
                <width>0.5</width>
            </LineStyle>
            <PolyStyle id="6542">
                <color>7f00ff00</color>
                <colorMode>normal</colorMode>
                <fill>1</fill>
                <outline>1</outline>
            </PolyStyle>
        </Style>
        <Style id="6548">
            <LineStyle id="6550">
                <colorMode>normal</colorMode>
                <width>0.5</width>
            </LineStyle>
            <PolyStyle id="6549">
                <color>7f00ff00</color>
                <colorMode>normal</colorMode>
                <fill>1</fill>
                <outline>1</outline>
            </PolyStyle>
        </Style>
        <Style id="6555">
            <LineStyle id="6557">
                <colorMode>normal</colorMode>
                <width>0.5</width>
            </LineStyle>
            <PolyStyle id="6556">
                <color>7f00ff00</color>
                <colorMode>normal</colorMode>
                <fill>1</fill>
                <outline>1</outline>
            </PolyStyle>
        </Style>
        <Style id="6562">
            <LineStyle id="6564">
                <colorMode>normal</colorMode>
                <width>0.5</width>
            </LineStyle>
            <PolyStyle id="6563">
                <color>7f00ff00</color>
                <colorMode>normal</colorMode>
                <fill>1</fill>
                <outline>1</outline>
            </PolyStyle>
        </Style>
        <Style id="6569">
            <LineStyle id="6571">
                <colorMode>normal</colorMode>
                <width>0.5</width>
            </LineStyle>
            <PolyStyle id="6570">
                <color>7f00ff00</color>
                <colorMode>normal</colorMode>
                <fill>1</fill>
                <outline>1</outline>
            </PolyStyle>
        </Style>
        <Style id="6576">
            <LineStyle id="6578">
                <colorMode>normal</colorMode>
                <width>0.5</width>
            </LineStyle>
            <PolyStyle id="6577">
                <color>7f00ff00</color>
                <colorMode>normal</colorMode>
                <fill>1</fill>
                <outline>1</outline>
            </PolyStyle>
        </Style>
        <Style id="6583">
            <LineStyle id="6585">
                <colorMode>normal</colorMode>
                <width>0.5</width>
            </LineStyle>
            <PolyStyle id="6584">
                <color>7f00ff00</color>
                <colorMode>normal</colorMode>
                <fill>1</fill>
                <outline>1</outline>
            </PolyStyle>
        </Style>
        <Style id="6590">
            <LineStyle id="6592">
                <colorMode>normal</colorMode>
                <width>0.5</width>
            </LineStyle>
            <PolyStyle id="6591">
                <color>7f00ff00</color>
                <colorMode>normal</colorMode>
                <fill>1</fill>
                <outline>1</outline>
            </PolyStyle>
        </Style>
        <Style id="6597">
            <LineStyle id="6599">
                <colorMode>normal</colorMode>
                <width>0.5</width>
            </LineStyle>
            <PolyStyle id="6598">
                <color>7f00ff00</color>
                <colorMode>normal</colorMode>
                <fill>1</fill>
                <outline>1</outline>
            </PolyStyle>
        </Style>
        <Style id="6604">
            <LineStyle id="6606">
                <colorMode>normal</colorMode>
                <width>0.5</width>
            </LineStyle>
            <PolyStyle id="6605">
                <color>7f00ff00</color>
                <colorMode>normal</colorMode>
                <fill>1</fill>
                <outline>1</outline>
            </PolyStyle>
        </Style>
        <Style id="6611">
            <LineStyle id="6613">
                <colorMode>normal</colorMode>
                <width>0.5</width>
            </LineStyle>
            <PolyStyle id="6612">
                <color>7f00ff00</color>
                <colorMode>normal</colorMode>
                <fill>1</fill>
                <outline>1</outline>
            </PolyStyle>
        </Style>
        <Style id="6618">
            <LineStyle id="6620">
                <colorMode>normal</colorMode>
                <width>0.5</width>
            </LineStyle>
            <PolyStyle id="6619">
                <color>7f00ff00</color>
                <colorMode>normal</colorMode>
                <fill>1</fill>
                <outline>1</outline>
            </PolyStyle>
        </Style>
        <Style id="6625">
            <LineStyle id="6627">
                <colorMode>normal</colorMode>
                <width>0.5</width>
            </LineStyle>
            <PolyStyle id="6626">
                <color>7f00ff00</color>
                <colorMode>normal</colorMode>
                <fill>1</fill>
                <outline>1</outline>
            </PolyStyle>
        </Style>
        <Style id="6632">
            <LineStyle id="6634">
                <colorMode>normal</colorMode>
                <width>0.5</width>
            </LineStyle>
            <PolyStyle id="6633">
                <color>7f00ff00</color>
                <colorMode>normal</colorMode>
                <fill>1</fill>
                <outline>1</outline>
            </PolyStyle>
        </Style>
        <Style id="6639">
            <LineStyle id="6641">
                <colorMode>normal</colorMode>
                <width>0.5</width>
            </LineStyle>
            <PolyStyle id="6640">
                <color>7f00ff00</color>
                <colorMode>normal</colorMode>
                <fill>1</fill>
                <outline>1</outline>
            </PolyStyle>
        </Style>
        <Style id="6646">
            <LineStyle id="6648">
                <colorMode>normal</colorMode>
                <width>0.5</width>
            </LineStyle>
            <PolyStyle id="6647">
                <color>7f00ff00</color>
                <colorMode>normal</colorMode>
                <fill>1</fill>
                <outline>1</outline>
            </PolyStyle>
        </Style>
        <Style id="6653">
            <LineStyle id="6655">
                <colorMode>normal</colorMode>
                <width>0.5</width>
            </LineStyle>
            <PolyStyle id="6654">
                <color>7f00ff00</color>
                <colorMode>normal</colorMode>
                <fill>1</fill>
                <outline>1</outline>
            </PolyStyle>
        </Style>
        <Style id="6660">
            <LineStyle id="6662">
                <colorMode>normal</colorMode>
                <width>0.5</width>
            </LineStyle>
            <PolyStyle id="6661">
                <color>7f00ff00</color>
                <colorMode>normal</colorMode>
                <fill>1</fill>
                <outline>1</outline>
            </PolyStyle>
        </Style>
        <Style id="6667">
            <LineStyle id="6669">
                <colorMode>normal</colorMode>
                <width>0.5</width>
            </LineStyle>
            <PolyStyle id="6668">
                <color>7f00ff00</color>
                <colorMode>normal</colorMode>
                <fill>1</fill>
                <outline>1</outline>
            </PolyStyle>
        </Style>
        <Style id="6674">
            <LineStyle id="6676">
                <colorMode>normal</colorMode>
                <width>0.5</width>
            </LineStyle>
            <PolyStyle id="6675">
                <color>7f00ff00</color>
                <colorMode>normal</colorMode>
                <fill>1</fill>
                <outline>1</outline>
            </PolyStyle>
        </Style>
        <Style id="6681">
            <LineStyle id="6683">
                <colorMode>normal</colorMode>
                <width>0.5</width>
            </LineStyle>
            <PolyStyle id="6682">
                <color>7f00ff00</color>
                <colorMode>normal</colorMode>
                <fill>1</fill>
                <outline>1</outline>
            </PolyStyle>
        </Style>
        <Style id="6688">
            <LineStyle id="6690">
                <colorMode>normal</colorMode>
                <width>0.5</width>
            </LineStyle>
            <PolyStyle id="6689">
                <color>7f00ff00</color>
                <colorMode>normal</colorMode>
                <fill>1</fill>
                <outline>1</outline>
            </PolyStyle>
        </Style>
        <Style id="6695">
            <LineStyle id="6697">
                <colorMode>normal</colorMode>
                <width>0.5</width>
            </LineStyle>
            <PolyStyle id="6696">
                <color>7f00ff00</color>
                <colorMode>normal</colorMode>
                <fill>1</fill>
                <outline>1</outline>
            </PolyStyle>
        </Style>
        <Style id="6702">
            <LineStyle id="6704">
                <colorMode>normal</colorMode>
                <width>0.5</width>
            </LineStyle>
            <PolyStyle id="6703">
                <color>7f00ff00</color>
                <colorMode>normal</colorMode>
                <fill>1</fill>
                <outline>1</outline>
            </PolyStyle>
        </Style>
        <Style id="6709">
            <LineStyle id="6711">
                <colorMode>normal</colorMode>
                <width>0.5</width>
            </LineStyle>
            <PolyStyle id="6710">
                <color>7f00ff00</color>
                <colorMode>normal</colorMode>
                <fill>1</fill>
                <outline>1</outline>
            </PolyStyle>
        </Style>
        <Style id="6716">
            <LineStyle id="6718">
                <colorMode>normal</colorMode>
                <width>0.5</width>
            </LineStyle>
            <PolyStyle id="6717">
                <color>7f00ff00</color>
                <colorMode>normal</colorMode>
                <fill>1</fill>
                <outline>1</outline>
            </PolyStyle>
        </Style>
        <Style id="6723">
            <LineStyle id="6725">
                <colorMode>normal</colorMode>
                <width>0.5</width>
            </LineStyle>
            <PolyStyle id="6724">
                <color>7f00ff00</color>
                <colorMode>normal</colorMode>
                <fill>1</fill>
                <outline>1</outline>
            </PolyStyle>
        </Style>
        <Style id="6730">
            <LineStyle id="6732">
                <colorMode>normal</colorMode>
                <width>0.5</width>
            </LineStyle>
            <PolyStyle id="6731">
                <color>7f00ff00</color>
                <colorMode>normal</colorMode>
                <fill>1</fill>
                <outline>1</outline>
            </PolyStyle>
        </Style>
        <Style id="6737">
            <LineStyle id="6739">
                <colorMode>normal</colorMode>
                <width>0.5</width>
            </LineStyle>
            <PolyStyle id="6738">
                <color>7f00ff00</color>
                <colorMode>normal</colorMode>
                <fill>1</fill>
                <outline>1</outline>
            </PolyStyle>
        </Style>
        <Style id="6744">
            <LineStyle id="6746">
                <colorMode>normal</colorMode>
                <width>0.5</width>
            </LineStyle>
            <PolyStyle id="6745">
                <color>7f00ff00</color>
                <colorMode>normal</colorMode>
                <fill>1</fill>
                <outline>1</outline>
            </PolyStyle>
        </Style>
        <Style id="6751">
            <LineStyle id="6753">
                <colorMode>normal</colorMode>
                <width>0.5</width>
            </LineStyle>
            <PolyStyle id="6752">
                <color>7f00ff00</color>
                <colorMode>normal</colorMode>
                <fill>1</fill>
                <outline>1</outline>
            </PolyStyle>
        </Style>
        <Style id="6758">
            <LineStyle id="6760">
                <colorMode>normal</colorMode>
                <width>0.5</width>
            </LineStyle>
            <PolyStyle id="6759">
                <color>7f00ff00</color>
                <colorMode>normal</colorMode>
                <fill>1</fill>
                <outline>1</outline>
            </PolyStyle>
        </Style>
        <Style id="6765">
            <LineStyle id="6767">
                <colorMode>normal</colorMode>
                <width>0.5</width>
            </LineStyle>
            <PolyStyle id="6766">
                <color>7f00ff00</color>
                <colorMode>normal</colorMode>
                <fill>1</fill>
                <outline>1</outline>
            </PolyStyle>
        </Style>
        <Style id="6772">
            <LineStyle id="6774">
                <colorMode>normal</colorMode>
                <width>0.5</width>
            </LineStyle>
            <PolyStyle id="6773">
                <color>7f00ff00</color>
                <colorMode>normal</colorMode>
                <fill>1</fill>
                <outline>1</outline>
            </PolyStyle>
        </Style>
        <Style id="6779">
            <LineStyle id="6781">
                <colorMode>normal</colorMode>
                <width>0.5</width>
            </LineStyle>
            <PolyStyle id="6780">
                <color>7f00ff00</color>
                <colorMode>normal</colorMode>
                <fill>1</fill>
                <outline>1</outline>
            </PolyStyle>
        </Style>
        <Style id="6786">
            <LineStyle id="6788">
                <colorMode>normal</colorMode>
                <width>0.5</width>
            </LineStyle>
            <PolyStyle id="6787">
                <color>7f00ff00</color>
                <colorMode>normal</colorMode>
                <fill>1</fill>
                <outline>1</outline>
            </PolyStyle>
        </Style>
        <Style id="6793">
            <LineStyle id="6795">
                <colorMode>normal</colorMode>
                <width>0.5</width>
            </LineStyle>
            <PolyStyle id="6794">
                <color>7f00ff00</color>
                <colorMode>normal</colorMode>
                <fill>1</fill>
                <outline>1</outline>
            </PolyStyle>
        </Style>
        <Style id="6800">
            <LineStyle id="6802">
                <colorMode>normal</colorMode>
                <width>0.5</width>
            </LineStyle>
            <PolyStyle id="6801">
                <color>7f00ff00</color>
                <colorMode>normal</colorMode>
                <fill>1</fill>
                <outline>1</outline>
            </PolyStyle>
        </Style>
        <Style id="6807">
            <LineStyle id="6809">
                <colorMode>normal</colorMode>
                <width>0.5</width>
            </LineStyle>
            <PolyStyle id="6808">
                <color>7f00ff00</color>
                <colorMode>normal</colorMode>
                <fill>1</fill>
                <outline>1</outline>
            </PolyStyle>
        </Style>
        <Style id="6814">
            <LineStyle id="6816">
                <colorMode>normal</colorMode>
                <width>0.5</width>
            </LineStyle>
            <PolyStyle id="6815">
                <color>7f00ff00</color>
                <colorMode>normal</colorMode>
                <fill>1</fill>
                <outline>1</outline>
            </PolyStyle>
        </Style>
        <Style id="6821">
            <LineStyle id="6823">
                <colorMode>normal</colorMode>
                <width>0.5</width>
            </LineStyle>
            <PolyStyle id="6822">
                <color>7f00ff00</color>
                <colorMode>normal</colorMode>
                <fill>1</fill>
                <outline>1</outline>
            </PolyStyle>
        </Style>
        <Style id="6828">
            <LineStyle id="6830">
                <colorMode>normal</colorMode>
                <width>0.5</width>
            </LineStyle>
            <PolyStyle id="6829">
                <color>7f00ff00</color>
                <colorMode>normal</colorMode>
                <fill>1</fill>
                <outline>1</outline>
            </PolyStyle>
        </Style>
        <Style id="6835">
            <LineStyle id="6837">
                <colorMode>normal</colorMode>
                <width>0.5</width>
            </LineStyle>
            <PolyStyle id="6836">
                <color>7f00ff00</color>
                <colorMode>normal</colorMode>
                <fill>1</fill>
                <outline>1</outline>
            </PolyStyle>
        </Style>
        <Style id="6842">
            <LineStyle id="6844">
                <colorMode>normal</colorMode>
                <width>0.5</width>
            </LineStyle>
            <PolyStyle id="6843">
                <color>7f00ff00</color>
                <colorMode>normal</colorMode>
                <fill>1</fill>
                <outline>1</outline>
            </PolyStyle>
        </Style>
        <Style id="6849">
            <LineStyle id="6851">
                <colorMode>normal</colorMode>
                <width>0.5</width>
            </LineStyle>
            <PolyStyle id="6850">
                <color>7f00ff00</color>
                <colorMode>normal</colorMode>
                <fill>1</fill>
                <outline>1</outline>
            </PolyStyle>
        </Style>
        <Style id="6856">
            <LineStyle id="6858">
                <colorMode>normal</colorMode>
                <width>0.5</width>
            </LineStyle>
            <PolyStyle id="6857">
                <color>7f00ff00</color>
                <colorMode>normal</colorMode>
                <fill>1</fill>
                <outline>1</outline>
            </PolyStyle>
        </Style>
        <Style id="6863">
            <LineStyle id="6865">
                <colorMode>normal</colorMode>
                <width>0.5</width>
            </LineStyle>
            <PolyStyle id="6864">
                <color>7f00ff00</color>
                <colorMode>normal</colorMode>
                <fill>1</fill>
                <outline>1</outline>
            </PolyStyle>
        </Style>
        <Style id="6870">
            <LineStyle id="6872">
                <colorMode>normal</colorMode>
                <width>0.5</width>
            </LineStyle>
            <PolyStyle id="6871">
                <color>7f00ff00</color>
                <colorMode>normal</colorMode>
                <fill>1</fill>
                <outline>1</outline>
            </PolyStyle>
        </Style>
        <Style id="6877">
            <LineStyle id="6879">
                <colorMode>normal</colorMode>
                <width>0.5</width>
            </LineStyle>
            <PolyStyle id="6878">
                <color>7f00ff00</color>
                <colorMode>normal</colorMode>
                <fill>1</fill>
                <outline>1</outline>
            </PolyStyle>
        </Style>
        <Style id="6884">
            <LineStyle id="6886">
                <colorMode>normal</colorMode>
                <width>0.5</width>
            </LineStyle>
            <PolyStyle id="6885">
                <color>7f00ff00</color>
                <colorMode>normal</colorMode>
                <fill>1</fill>
                <outline>1</outline>
            </PolyStyle>
        </Style>
        <Style id="6891">
            <LineStyle id="6893">
                <colorMode>normal</colorMode>
                <width>0.5</width>
            </LineStyle>
            <PolyStyle id="6892">
                <color>7f00ff00</color>
                <colorMode>normal</colorMode>
                <fill>1</fill>
                <outline>1</outline>
            </PolyStyle>
        </Style>
        <Style id="6898">
            <LineStyle id="6900">
                <colorMode>normal</colorMode>
                <width>0.5</width>
            </LineStyle>
            <PolyStyle id="6899">
                <color>7f00ff00</color>
                <colorMode>normal</colorMode>
                <fill>1</fill>
                <outline>1</outline>
            </PolyStyle>
        </Style>
        <Style id="6905">
            <LineStyle id="6907">
                <colorMode>normal</colorMode>
                <width>0.5</width>
            </LineStyle>
            <PolyStyle id="6906">
                <color>7f00ff00</color>
                <colorMode>normal</colorMode>
                <fill>1</fill>
                <outline>1</outline>
            </PolyStyle>
        </Style>
        <Style id="6912">
            <LineStyle id="6914">
                <colorMode>normal</colorMode>
                <width>0.5</width>
            </LineStyle>
            <PolyStyle id="6913">
                <color>7f00ff00</color>
                <colorMode>normal</colorMode>
                <fill>1</fill>
                <outline>1</outline>
            </PolyStyle>
        </Style>
        <Style id="6919">
            <LineStyle id="6921">
                <colorMode>normal</colorMode>
                <width>0.5</width>
            </LineStyle>
            <PolyStyle id="6920">
                <color>7f00ff00</color>
                <colorMode>normal</colorMode>
                <fill>1</fill>
                <outline>1</outline>
            </PolyStyle>
        </Style>
        <Style id="6926">
            <LineStyle id="6928">
                <colorMode>normal</colorMode>
                <width>0.5</width>
            </LineStyle>
            <PolyStyle id="6927">
                <color>7f00ff00</color>
                <colorMode>normal</colorMode>
                <fill>1</fill>
                <outline>1</outline>
            </PolyStyle>
        </Style>
        <Style id="6933">
            <LineStyle id="6935">
                <colorMode>normal</colorMode>
                <width>0.5</width>
            </LineStyle>
            <PolyStyle id="6934">
                <color>7f00ff00</color>
                <colorMode>normal</colorMode>
                <fill>1</fill>
                <outline>1</outline>
            </PolyStyle>
        </Style>
        <Style id="6940">
            <LineStyle id="6942">
                <colorMode>normal</colorMode>
                <width>0.5</width>
            </LineStyle>
            <PolyStyle id="6941">
                <color>7f00ff00</color>
                <colorMode>normal</colorMode>
                <fill>1</fill>
                <outline>1</outline>
            </PolyStyle>
        </Style>
        <Style id="6947">
            <LineStyle id="6949">
                <colorMode>normal</colorMode>
                <width>0.5</width>
            </LineStyle>
            <PolyStyle id="6948">
                <color>7f00ff00</color>
                <colorMode>normal</colorMode>
                <fill>1</fill>
                <outline>1</outline>
            </PolyStyle>
        </Style>
        <Style id="6954">
            <LineStyle id="6956">
                <colorMode>normal</colorMode>
                <width>0.5</width>
            </LineStyle>
            <PolyStyle id="6955">
                <color>7f00ff00</color>
                <colorMode>normal</colorMode>
                <fill>1</fill>
                <outline>1</outline>
            </PolyStyle>
        </Style>
        <Style id="6961">
            <LineStyle id="6963">
                <colorMode>normal</colorMode>
                <width>0.5</width>
            </LineStyle>
            <PolyStyle id="6962">
                <color>7f00ff00</color>
                <colorMode>normal</colorMode>
                <fill>1</fill>
                <outline>1</outline>
            </PolyStyle>
        </Style>
        <Style id="6968">
            <LineStyle id="6970">
                <colorMode>normal</colorMode>
                <width>0.5</width>
            </LineStyle>
            <PolyStyle id="6969">
                <color>7f00ff00</color>
                <colorMode>normal</colorMode>
                <fill>1</fill>
                <outline>1</outline>
            </PolyStyle>
        </Style>
        <Style id="6975">
            <LineStyle id="6977">
                <colorMode>normal</colorMode>
                <width>0.5</width>
            </LineStyle>
            <PolyStyle id="6976">
                <color>7f00ff00</color>
                <colorMode>normal</colorMode>
                <fill>1</fill>
                <outline>1</outline>
            </PolyStyle>
        </Style>
        <Style id="6982">
            <LineStyle id="6984">
                <colorMode>normal</colorMode>
                <width>0.5</width>
            </LineStyle>
            <PolyStyle id="6983">
                <color>7f00ff00</color>
                <colorMode>normal</colorMode>
                <fill>1</fill>
                <outline>1</outline>
            </PolyStyle>
        </Style>
        <Style id="6989">
            <LineStyle id="6991">
                <colorMode>normal</colorMode>
                <width>0.5</width>
            </LineStyle>
            <PolyStyle id="6990">
                <color>7f00ff00</color>
                <colorMode>normal</colorMode>
                <fill>1</fill>
                <outline>1</outline>
            </PolyStyle>
        </Style>
        <Style id="6996">
            <LineStyle id="6998">
                <colorMode>normal</colorMode>
                <width>0.5</width>
            </LineStyle>
            <PolyStyle id="6997">
                <color>7f00ff00</color>
                <colorMode>normal</colorMode>
                <fill>1</fill>
                <outline>1</outline>
            </PolyStyle>
        </Style>
        <Style id="7003">
            <LineStyle id="7005">
                <colorMode>normal</colorMode>
                <width>0.5</width>
            </LineStyle>
            <PolyStyle id="7004">
                <color>7f00ff00</color>
                <colorMode>normal</colorMode>
                <fill>1</fill>
                <outline>1</outline>
            </PolyStyle>
        </Style>
        <Style id="7010">
            <LineStyle id="7012">
                <colorMode>normal</colorMode>
                <width>0.5</width>
            </LineStyle>
            <PolyStyle id="7011">
                <color>7f00ff00</color>
                <colorMode>normal</colorMode>
                <fill>1</fill>
                <outline>1</outline>
            </PolyStyle>
        </Style>
        <Style id="7017">
            <LineStyle id="7019">
                <colorMode>normal</colorMode>
                <width>0.5</width>
            </LineStyle>
            <PolyStyle id="7018">
                <color>7f00ff00</color>
                <colorMode>normal</colorMode>
                <fill>1</fill>
                <outline>1</outline>
            </PolyStyle>
        </Style>
        <Style id="7024">
            <LineStyle id="7026">
                <colorMode>normal</colorMode>
                <width>0.5</width>
            </LineStyle>
            <PolyStyle id="7025">
                <color>7f00ff00</color>
                <colorMode>normal</colorMode>
                <fill>1</fill>
                <outline>1</outline>
            </PolyStyle>
        </Style>
        <Style id="7031">
            <LineStyle id="7033">
                <colorMode>normal</colorMode>
                <width>0.5</width>
            </LineStyle>
            <PolyStyle id="7032">
                <color>7f00ff00</color>
                <colorMode>normal</colorMode>
                <fill>1</fill>
                <outline>1</outline>
            </PolyStyle>
        </Style>
        <Style id="7038">
            <LineStyle id="7040">
                <colorMode>normal</colorMode>
                <width>0.5</width>
            </LineStyle>
            <PolyStyle id="7039">
                <color>7f00ff00</color>
                <colorMode>normal</colorMode>
                <fill>1</fill>
                <outline>1</outline>
            </PolyStyle>
        </Style>
        <Style id="7045">
            <LineStyle id="7047">
                <colorMode>normal</colorMode>
                <width>0.5</width>
            </LineStyle>
            <PolyStyle id="7046">
                <color>7f00ff00</color>
                <colorMode>normal</colorMode>
                <fill>1</fill>
                <outline>1</outline>
            </PolyStyle>
        </Style>
        <Style id="7052">
            <LineStyle id="7054">
                <colorMode>normal</colorMode>
                <width>0.5</width>
            </LineStyle>
            <PolyStyle id="7053">
                <color>7f00ff00</color>
                <colorMode>normal</colorMode>
                <fill>1</fill>
                <outline>1</outline>
            </PolyStyle>
        </Style>
        <Style id="7059">
            <LineStyle id="7061">
                <colorMode>normal</colorMode>
                <width>0.5</width>
            </LineStyle>
            <PolyStyle id="7060">
                <color>7f00ff00</color>
                <colorMode>normal</colorMode>
                <fill>1</fill>
                <outline>1</outline>
            </PolyStyle>
        </Style>
        <Style id="7066">
            <LineStyle id="7068">
                <colorMode>normal</colorMode>
                <width>0.5</width>
            </LineStyle>
            <PolyStyle id="7067">
                <color>7f00ff00</color>
                <colorMode>normal</colorMode>
                <fill>1</fill>
                <outline>1</outline>
            </PolyStyle>
        </Style>
        <Style id="7073">
            <LineStyle id="7075">
                <colorMode>normal</colorMode>
                <width>0.5</width>
            </LineStyle>
            <PolyStyle id="7074">
                <color>7f00ff00</color>
                <colorMode>normal</colorMode>
                <fill>1</fill>
                <outline>1</outline>
            </PolyStyle>
        </Style>
        <Style id="7080">
            <LineStyle id="7082">
                <colorMode>normal</colorMode>
                <width>0.5</width>
            </LineStyle>
            <PolyStyle id="7081">
                <color>7f00ff00</color>
                <colorMode>normal</colorMode>
                <fill>1</fill>
                <outline>1</outline>
            </PolyStyle>
        </Style>
        <Style id="7087">
            <LineStyle id="7089">
                <colorMode>normal</colorMode>
                <width>0.5</width>
            </LineStyle>
            <PolyStyle id="7088">
                <color>7f00ff00</color>
                <colorMode>normal</colorMode>
                <fill>1</fill>
                <outline>1</outline>
            </PolyStyle>
        </Style>
        <Style id="7094">
            <LineStyle id="7096">
                <colorMode>normal</colorMode>
                <width>0.5</width>
            </LineStyle>
            <PolyStyle id="7095">
                <color>7f00ff00</color>
                <colorMode>normal</colorMode>
                <fill>1</fill>
                <outline>1</outline>
            </PolyStyle>
        </Style>
        <Style id="7101">
            <LineStyle id="7103">
                <colorMode>normal</colorMode>
                <width>0.5</width>
            </LineStyle>
            <PolyStyle id="7102">
                <color>7f00ff00</color>
                <colorMode>normal</colorMode>
                <fill>1</fill>
                <outline>1</outline>
            </PolyStyle>
        </Style>
        <Style id="7108">
            <LineStyle id="7110">
                <colorMode>normal</colorMode>
                <width>0.5</width>
            </LineStyle>
            <PolyStyle id="7109">
                <color>7f00ff00</color>
                <colorMode>normal</colorMode>
                <fill>1</fill>
                <outline>1</outline>
            </PolyStyle>
        </Style>
        <Style id="7115">
            <LineStyle id="7117">
                <colorMode>normal</colorMode>
                <width>0.5</width>
            </LineStyle>
            <PolyStyle id="7116">
                <color>7f00ff00</color>
                <colorMode>normal</colorMode>
                <fill>1</fill>
                <outline>1</outline>
            </PolyStyle>
        </Style>
        <Style id="7122">
            <LineStyle id="7124">
                <colorMode>normal</colorMode>
                <width>0.5</width>
            </LineStyle>
            <PolyStyle id="7123">
                <color>7f00ff00</color>
                <colorMode>normal</colorMode>
                <fill>1</fill>
                <outline>1</outline>
            </PolyStyle>
        </Style>
        <Style id="7129">
            <LineStyle id="7131">
                <colorMode>normal</colorMode>
                <width>0.5</width>
            </LineStyle>
            <PolyStyle id="7130">
                <color>7f00ff00</color>
                <colorMode>normal</colorMode>
                <fill>1</fill>
                <outline>1</outline>
            </PolyStyle>
        </Style>
        <Style id="7136">
            <LineStyle id="7138">
                <colorMode>normal</colorMode>
                <width>0.5</width>
            </LineStyle>
            <PolyStyle id="7137">
                <color>7f00ff00</color>
                <colorMode>normal</colorMode>
                <fill>1</fill>
                <outline>1</outline>
            </PolyStyle>
        </Style>
        <Style id="7143">
            <LineStyle id="7145">
                <colorMode>normal</colorMode>
                <width>0.5</width>
            </LineStyle>
            <PolyStyle id="7144">
                <color>7f00ff00</color>
                <colorMode>normal</colorMode>
                <fill>1</fill>
                <outline>1</outline>
            </PolyStyle>
        </Style>
        <Style id="7150">
            <LineStyle id="7152">
                <colorMode>normal</colorMode>
                <width>0.5</width>
            </LineStyle>
            <PolyStyle id="7151">
                <color>7f00ff00</color>
                <colorMode>normal</colorMode>
                <fill>1</fill>
                <outline>1</outline>
            </PolyStyle>
        </Style>
        <Style id="7157">
            <LineStyle id="7159">
                <colorMode>normal</colorMode>
                <width>0.5</width>
            </LineStyle>
            <PolyStyle id="7158">
                <color>7f00ff00</color>
                <colorMode>normal</colorMode>
                <fill>1</fill>
                <outline>1</outline>
            </PolyStyle>
        </Style>
        <Style id="7164">
            <LineStyle id="7166">
                <colorMode>normal</colorMode>
                <width>0.5</width>
            </LineStyle>
            <PolyStyle id="7165">
                <color>7f00ff00</color>
                <colorMode>normal</colorMode>
                <fill>1</fill>
                <outline>1</outline>
            </PolyStyle>
        </Style>
        <Style id="7171">
            <LineStyle id="7173">
                <colorMode>normal</colorMode>
                <width>0.5</width>
            </LineStyle>
            <PolyStyle id="7172">
                <color>7f00ff00</color>
                <colorMode>normal</colorMode>
                <fill>1</fill>
                <outline>1</outline>
            </PolyStyle>
        </Style>
        <Style id="7178">
            <LineStyle id="7180">
                <colorMode>normal</colorMode>
                <width>0.5</width>
            </LineStyle>
            <PolyStyle id="7179">
                <color>7f00ff00</color>
                <colorMode>normal</colorMode>
                <fill>1</fill>
                <outline>1</outline>
            </PolyStyle>
        </Style>
        <Style id="7185">
            <LineStyle id="7187">
                <colorMode>normal</colorMode>
                <width>0.5</width>
            </LineStyle>
            <PolyStyle id="7186">
                <color>7f00ff00</color>
                <colorMode>normal</colorMode>
                <fill>1</fill>
                <outline>1</outline>
            </PolyStyle>
        </Style>
        <Style id="7192">
            <LineStyle id="7194">
                <colorMode>normal</colorMode>
                <width>0.5</width>
            </LineStyle>
            <PolyStyle id="7193">
                <color>7f00ff00</color>
                <colorMode>normal</colorMode>
                <fill>1</fill>
                <outline>1</outline>
            </PolyStyle>
        </Style>
        <Style id="7199">
            <LineStyle id="7201">
                <colorMode>normal</colorMode>
                <width>0.5</width>
            </LineStyle>
            <PolyStyle id="7200">
                <color>7f00ff00</color>
                <colorMode>normal</colorMode>
                <fill>1</fill>
                <outline>1</outline>
            </PolyStyle>
        </Style>
        <Style id="7206">
            <LineStyle id="7208">
                <colorMode>normal</colorMode>
                <width>0.5</width>
            </LineStyle>
            <PolyStyle id="7207">
                <color>7f00ff00</color>
                <colorMode>normal</colorMode>
                <fill>1</fill>
                <outline>1</outline>
            </PolyStyle>
        </Style>
        <Style id="7213">
            <LineStyle id="7215">
                <colorMode>normal</colorMode>
                <width>0.5</width>
            </LineStyle>
            <PolyStyle id="7214">
                <color>7f00ff00</color>
                <colorMode>normal</colorMode>
                <fill>1</fill>
                <outline>1</outline>
            </PolyStyle>
        </Style>
        <Style id="7220">
            <LineStyle id="7222">
                <colorMode>normal</colorMode>
                <width>0.5</width>
            </LineStyle>
            <PolyStyle id="7221">
                <color>7f00ff00</color>
                <colorMode>normal</colorMode>
                <fill>1</fill>
                <outline>1</outline>
            </PolyStyle>
        </Style>
        <Style id="7227">
            <LineStyle id="7229">
                <colorMode>normal</colorMode>
                <width>0.5</width>
            </LineStyle>
            <PolyStyle id="7228">
                <color>7f00ff00</color>
                <colorMode>normal</colorMode>
                <fill>1</fill>
                <outline>1</outline>
            </PolyStyle>
        </Style>
        <Style id="7234">
            <LineStyle id="7236">
                <colorMode>normal</colorMode>
                <width>0.5</width>
            </LineStyle>
            <PolyStyle id="7235">
                <color>7f00ff00</color>
                <colorMode>normal</colorMode>
                <fill>1</fill>
                <outline>1</outline>
            </PolyStyle>
        </Style>
        <Style id="7241">
            <LineStyle id="7243">
                <colorMode>normal</colorMode>
                <width>0.5</width>
            </LineStyle>
            <PolyStyle id="7242">
                <color>7f00ff00</color>
                <colorMode>normal</colorMode>
                <fill>1</fill>
                <outline>1</outline>
            </PolyStyle>
        </Style>
        <Style id="7248">
            <LineStyle id="7250">
                <colorMode>normal</colorMode>
                <width>0.5</width>
            </LineStyle>
            <PolyStyle id="7249">
                <color>7f00ff00</color>
                <colorMode>normal</colorMode>
                <fill>1</fill>
                <outline>1</outline>
            </PolyStyle>
        </Style>
        <Style id="7255">
            <LineStyle id="7257">
                <colorMode>normal</colorMode>
                <width>0.5</width>
            </LineStyle>
            <PolyStyle id="7256">
                <color>7f00ff00</color>
                <colorMode>normal</colorMode>
                <fill>1</fill>
                <outline>1</outline>
            </PolyStyle>
        </Style>
        <Style id="7262">
            <LineStyle id="7264">
                <colorMode>normal</colorMode>
                <width>0.5</width>
            </LineStyle>
            <PolyStyle id="7263">
                <color>7f00ff00</color>
                <colorMode>normal</colorMode>
                <fill>1</fill>
                <outline>1</outline>
            </PolyStyle>
        </Style>
        <Style id="7269">
            <LineStyle id="7271">
                <colorMode>normal</colorMode>
                <width>0.5</width>
            </LineStyle>
            <PolyStyle id="7270">
                <color>7f00ff00</color>
                <colorMode>normal</colorMode>
                <fill>1</fill>
                <outline>1</outline>
            </PolyStyle>
        </Style>
        <Style id="7276">
            <LineStyle id="7278">
                <colorMode>normal</colorMode>
                <width>0.5</width>
            </LineStyle>
            <PolyStyle id="7277">
                <color>7f00ff00</color>
                <colorMode>normal</colorMode>
                <fill>1</fill>
                <outline>1</outline>
            </PolyStyle>
        </Style>
        <Style id="7283">
            <LineStyle id="7285">
                <colorMode>normal</colorMode>
                <width>0.5</width>
            </LineStyle>
            <PolyStyle id="7284">
                <color>7f00ff00</color>
                <colorMode>normal</colorMode>
                <fill>1</fill>
                <outline>1</outline>
            </PolyStyle>
        </Style>
        <Style id="7290">
            <LineStyle id="7292">
                <colorMode>normal</colorMode>
                <width>0.5</width>
            </LineStyle>
            <PolyStyle id="7291">
                <color>7f00ff00</color>
                <colorMode>normal</colorMode>
                <fill>1</fill>
                <outline>1</outline>
            </PolyStyle>
        </Style>
        <Style id="7297">
            <LineStyle id="7299">
                <colorMode>normal</colorMode>
                <width>0.5</width>
            </LineStyle>
            <PolyStyle id="7298">
                <color>7f00ff00</color>
                <colorMode>normal</colorMode>
                <fill>1</fill>
                <outline>1</outline>
            </PolyStyle>
        </Style>
        <Style id="7304">
            <LineStyle id="7306">
                <colorMode>normal</colorMode>
                <width>0.5</width>
            </LineStyle>
            <PolyStyle id="7305">
                <color>7f00ff00</color>
                <colorMode>normal</colorMode>
                <fill>1</fill>
                <outline>1</outline>
            </PolyStyle>
        </Style>
        <Style id="7311">
            <LineStyle id="7313">
                <colorMode>normal</colorMode>
                <width>0.5</width>
            </LineStyle>
            <PolyStyle id="7312">
                <color>7f00ff00</color>
                <colorMode>normal</colorMode>
                <fill>1</fill>
                <outline>1</outline>
            </PolyStyle>
        </Style>
        <Style id="7318">
            <LineStyle id="7320">
                <colorMode>normal</colorMode>
                <width>0.5</width>
            </LineStyle>
            <PolyStyle id="7319">
                <color>7f00ff00</color>
                <colorMode>normal</colorMode>
                <fill>1</fill>
                <outline>1</outline>
            </PolyStyle>
        </Style>
        <Style id="7325">
            <LineStyle id="7327">
                <colorMode>normal</colorMode>
                <width>0.5</width>
            </LineStyle>
            <PolyStyle id="7326">
                <color>7f00ff00</color>
                <colorMode>normal</colorMode>
                <fill>1</fill>
                <outline>1</outline>
            </PolyStyle>
        </Style>
        <Style id="7332">
            <LineStyle id="7334">
                <colorMode>normal</colorMode>
                <width>0.5</width>
            </LineStyle>
            <PolyStyle id="7333">
                <color>7f00ff00</color>
                <colorMode>normal</colorMode>
                <fill>1</fill>
                <outline>1</outline>
            </PolyStyle>
        </Style>
        <Style id="7339">
            <LineStyle id="7341">
                <colorMode>normal</colorMode>
                <width>0.5</width>
            </LineStyle>
            <PolyStyle id="7340">
                <color>7f00ff00</color>
                <colorMode>normal</colorMode>
                <fill>1</fill>
                <outline>1</outline>
            </PolyStyle>
        </Style>
        <Style id="7346">
            <LineStyle id="7348">
                <colorMode>normal</colorMode>
                <width>0.5</width>
            </LineStyle>
            <PolyStyle id="7347">
                <color>7f00ff00</color>
                <colorMode>normal</colorMode>
                <fill>1</fill>
                <outline>1</outline>
            </PolyStyle>
        </Style>
        <Style id="7353">
            <LineStyle id="7355">
                <colorMode>normal</colorMode>
                <width>0.5</width>
            </LineStyle>
            <PolyStyle id="7354">
                <color>7f00ff00</color>
                <colorMode>normal</colorMode>
                <fill>1</fill>
                <outline>1</outline>
            </PolyStyle>
        </Style>
        <Style id="7360">
            <LineStyle id="7362">
                <colorMode>normal</colorMode>
                <width>0.5</width>
            </LineStyle>
            <PolyStyle id="7361">
                <color>7f00ff00</color>
                <colorMode>normal</colorMode>
                <fill>1</fill>
                <outline>1</outline>
            </PolyStyle>
        </Style>
        <Style id="7367">
            <LineStyle id="7369">
                <colorMode>normal</colorMode>
                <width>0.5</width>
            </LineStyle>
            <PolyStyle id="7368">
                <color>7f00ff00</color>
                <colorMode>normal</colorMode>
                <fill>1</fill>
                <outline>1</outline>
            </PolyStyle>
        </Style>
        <Style id="7374">
            <LineStyle id="7376">
                <colorMode>normal</colorMode>
                <width>0.5</width>
            </LineStyle>
            <PolyStyle id="7375">
                <color>7f00ff00</color>
                <colorMode>normal</colorMode>
                <fill>1</fill>
                <outline>1</outline>
            </PolyStyle>
        </Style>
        <Style id="7381">
            <LineStyle id="7383">
                <colorMode>normal</colorMode>
                <width>0.5</width>
            </LineStyle>
            <PolyStyle id="7382">
                <color>7f00ff00</color>
                <colorMode>normal</colorMode>
                <fill>1</fill>
                <outline>1</outline>
            </PolyStyle>
        </Style>
        <Style id="7388">
            <LineStyle id="7390">
                <colorMode>normal</colorMode>
                <width>0.5</width>
            </LineStyle>
            <PolyStyle id="7389">
                <color>7f00ff00</color>
                <colorMode>normal</colorMode>
                <fill>1</fill>
                <outline>1</outline>
            </PolyStyle>
        </Style>
        <Style id="7395">
            <LineStyle id="7397">
                <colorMode>normal</colorMode>
                <width>0.5</width>
            </LineStyle>
            <PolyStyle id="7396">
                <color>7f00ff00</color>
                <colorMode>normal</colorMode>
                <fill>1</fill>
                <outline>1</outline>
            </PolyStyle>
        </Style>
        <Style id="7402">
            <LineStyle id="7404">
                <colorMode>normal</colorMode>
                <width>0.5</width>
            </LineStyle>
            <PolyStyle id="7403">
                <color>7f00ff00</color>
                <colorMode>normal</colorMode>
                <fill>1</fill>
                <outline>1</outline>
            </PolyStyle>
        </Style>
        <Style id="7409">
            <LineStyle id="7411">
                <colorMode>normal</colorMode>
                <width>0.5</width>
            </LineStyle>
            <PolyStyle id="7410">
                <color>7f00ff00</color>
                <colorMode>normal</colorMode>
                <fill>1</fill>
                <outline>1</outline>
            </PolyStyle>
        </Style>
        <Style id="7416">
            <LineStyle id="7418">
                <colorMode>normal</colorMode>
                <width>0.5</width>
            </LineStyle>
            <PolyStyle id="7417">
                <color>7f00ff00</color>
                <colorMode>normal</colorMode>
                <fill>1</fill>
                <outline>1</outline>
            </PolyStyle>
        </Style>
        <Style id="7423">
            <LineStyle id="7425">
                <colorMode>normal</colorMode>
                <width>0.5</width>
            </LineStyle>
            <PolyStyle id="7424">
                <color>7f00ff00</color>
                <colorMode>normal</colorMode>
                <fill>1</fill>
                <outline>1</outline>
            </PolyStyle>
        </Style>
        <Style id="7430">
            <LineStyle id="7432">
                <colorMode>normal</colorMode>
                <width>0.5</width>
            </LineStyle>
            <PolyStyle id="7431">
                <color>7f00ff00</color>
                <colorMode>normal</colorMode>
                <fill>1</fill>
                <outline>1</outline>
            </PolyStyle>
        </Style>
        <Style id="7437">
            <LineStyle id="7439">
                <colorMode>normal</colorMode>
                <width>0.5</width>
            </LineStyle>
            <PolyStyle id="7438">
                <color>7f00ff00</color>
                <colorMode>normal</colorMode>
                <fill>1</fill>
                <outline>1</outline>
            </PolyStyle>
        </Style>
        <Style id="7444">
            <LineStyle id="7446">
                <colorMode>normal</colorMode>
                <width>0.5</width>
            </LineStyle>
            <PolyStyle id="7445">
                <color>7f00ff00</color>
                <colorMode>normal</colorMode>
                <fill>1</fill>
                <outline>1</outline>
            </PolyStyle>
        </Style>
        <Style id="7451">
            <LineStyle id="7453">
                <colorMode>normal</colorMode>
                <width>0.5</width>
            </LineStyle>
            <PolyStyle id="7452">
                <color>7f00ff00</color>
                <colorMode>normal</colorMode>
                <fill>1</fill>
                <outline>1</outline>
            </PolyStyle>
        </Style>
        <Style id="7458">
            <LineStyle id="7460">
                <colorMode>normal</colorMode>
                <width>0.5</width>
            </LineStyle>
            <PolyStyle id="7459">
                <color>7f00ff00</color>
                <colorMode>normal</colorMode>
                <fill>1</fill>
                <outline>1</outline>
            </PolyStyle>
        </Style>
        <Style id="7465">
            <LineStyle id="7467">
                <colorMode>normal</colorMode>
                <width>0.5</width>
            </LineStyle>
            <PolyStyle id="7466">
                <color>7f00ff00</color>
                <colorMode>normal</colorMode>
                <fill>1</fill>
                <outline>1</outline>
            </PolyStyle>
        </Style>
        <Style id="7472">
            <LineStyle id="7474">
                <colorMode>normal</colorMode>
                <width>0.5</width>
            </LineStyle>
            <PolyStyle id="7473">
                <color>7f00ff00</color>
                <colorMode>normal</colorMode>
                <fill>1</fill>
                <outline>1</outline>
            </PolyStyle>
        </Style>
        <Style id="7479">
            <LineStyle id="7481">
                <colorMode>normal</colorMode>
                <width>0.5</width>
            </LineStyle>
            <PolyStyle id="7480">
                <color>7f00ff00</color>
                <colorMode>normal</colorMode>
                <fill>1</fill>
                <outline>1</outline>
            </PolyStyle>
        </Style>
        <Style id="7486">
            <LineStyle id="7488">
                <colorMode>normal</colorMode>
                <width>0.5</width>
            </LineStyle>
            <PolyStyle id="7487">
                <color>7f00ff00</color>
                <colorMode>normal</colorMode>
                <fill>1</fill>
                <outline>1</outline>
            </PolyStyle>
        </Style>
        <Style id="7493">
            <LineStyle id="7495">
                <colorMode>normal</colorMode>
                <width>0.5</width>
            </LineStyle>
            <PolyStyle id="7494">
                <color>7f00ff00</color>
                <colorMode>normal</colorMode>
                <fill>1</fill>
                <outline>1</outline>
            </PolyStyle>
        </Style>
        <Style id="7500">
            <LineStyle id="7502">
                <colorMode>normal</colorMode>
                <width>0.5</width>
            </LineStyle>
            <PolyStyle id="7501">
                <color>7f00ffff</color>
                <colorMode>normal</colorMode>
                <fill>1</fill>
                <outline>1</outline>
            </PolyStyle>
        </Style>
        <Style id="7507">
            <LineStyle id="7509">
                <colorMode>normal</colorMode>
                <width>0.5</width>
            </LineStyle>
            <PolyStyle id="7508">
                <color>7f00ffff</color>
                <colorMode>normal</colorMode>
                <fill>1</fill>
                <outline>1</outline>
            </PolyStyle>
        </Style>
        <Style id="7514">
            <LineStyle id="7516">
                <colorMode>normal</colorMode>
                <width>0.5</width>
            </LineStyle>
            <PolyStyle id="7515">
                <color>7f00ffff</color>
                <colorMode>normal</colorMode>
                <fill>1</fill>
                <outline>1</outline>
            </PolyStyle>
        </Style>
        <Style id="7521">
            <LineStyle id="7523">
                <colorMode>normal</colorMode>
                <width>0.5</width>
            </LineStyle>
            <PolyStyle id="7522">
                <color>7f00ffff</color>
                <colorMode>normal</colorMode>
                <fill>1</fill>
                <outline>1</outline>
            </PolyStyle>
        </Style>
        <Style id="7528">
            <LineStyle id="7530">
                <colorMode>normal</colorMode>
                <width>0.5</width>
            </LineStyle>
            <PolyStyle id="7529">
                <color>7f00ffff</color>
                <colorMode>normal</colorMode>
                <fill>1</fill>
                <outline>1</outline>
            </PolyStyle>
        </Style>
        <Style id="7535">
            <LineStyle id="7537">
                <colorMode>normal</colorMode>
                <width>0.5</width>
            </LineStyle>
            <PolyStyle id="7536">
                <color>7f00ffff</color>
                <colorMode>normal</colorMode>
                <fill>1</fill>
                <outline>1</outline>
            </PolyStyle>
        </Style>
        <Style id="7542">
            <LineStyle id="7544">
                <colorMode>normal</colorMode>
                <width>0.5</width>
            </LineStyle>
            <PolyStyle id="7543">
                <color>7f00ffff</color>
                <colorMode>normal</colorMode>
                <fill>1</fill>
                <outline>1</outline>
            </PolyStyle>
        </Style>
        <Style id="7549">
            <LineStyle id="7551">
                <colorMode>normal</colorMode>
                <width>0.5</width>
            </LineStyle>
            <PolyStyle id="7550">
                <color>7f00ffff</color>
                <colorMode>normal</colorMode>
                <fill>1</fill>
                <outline>1</outline>
            </PolyStyle>
        </Style>
        <Style id="7556">
            <LineStyle id="7558">
                <colorMode>normal</colorMode>
                <width>0.5</width>
            </LineStyle>
            <PolyStyle id="7557">
                <color>7f00ffff</color>
                <colorMode>normal</colorMode>
                <fill>1</fill>
                <outline>1</outline>
            </PolyStyle>
        </Style>
        <Style id="7563">
            <LineStyle id="7565">
                <colorMode>normal</colorMode>
                <width>0.5</width>
            </LineStyle>
            <PolyStyle id="7564">
                <color>7f00ffff</color>
                <colorMode>normal</colorMode>
                <fill>1</fill>
                <outline>1</outline>
            </PolyStyle>
        </Style>
        <Style id="7570">
            <LineStyle id="7572">
                <colorMode>normal</colorMode>
                <width>0.5</width>
            </LineStyle>
            <PolyStyle id="7571">
                <color>7f00ffff</color>
                <colorMode>normal</colorMode>
                <fill>1</fill>
                <outline>1</outline>
            </PolyStyle>
        </Style>
        <Style id="7577">
            <LineStyle id="7579">
                <colorMode>normal</colorMode>
                <width>0.5</width>
            </LineStyle>
            <PolyStyle id="7578">
                <color>7f00ffff</color>
                <colorMode>normal</colorMode>
                <fill>1</fill>
                <outline>1</outline>
            </PolyStyle>
        </Style>
        <Style id="7584">
            <LineStyle id="7586">
                <colorMode>normal</colorMode>
                <width>0.5</width>
            </LineStyle>
            <PolyStyle id="7585">
                <color>7f00ffff</color>
                <colorMode>normal</colorMode>
                <fill>1</fill>
                <outline>1</outline>
            </PolyStyle>
        </Style>
        <Style id="7591">
            <LineStyle id="7593">
                <colorMode>normal</colorMode>
                <width>0.5</width>
            </LineStyle>
            <PolyStyle id="7592">
                <color>7f00ffff</color>
                <colorMode>normal</colorMode>
                <fill>1</fill>
                <outline>1</outline>
            </PolyStyle>
        </Style>
        <Style id="7598">
            <LineStyle id="7600">
                <colorMode>normal</colorMode>
                <width>0.5</width>
            </LineStyle>
            <PolyStyle id="7599">
                <color>7f00ffff</color>
                <colorMode>normal</colorMode>
                <fill>1</fill>
                <outline>1</outline>
            </PolyStyle>
        </Style>
        <Style id="7605">
            <LineStyle id="7607">
                <colorMode>normal</colorMode>
                <width>0.5</width>
            </LineStyle>
            <PolyStyle id="7606">
                <color>7f00ffff</color>
                <colorMode>normal</colorMode>
                <fill>1</fill>
                <outline>1</outline>
            </PolyStyle>
        </Style>
        <Style id="7612">
            <LineStyle id="7614">
                <colorMode>normal</colorMode>
                <width>0.5</width>
            </LineStyle>
            <PolyStyle id="7613">
                <color>7f00ffff</color>
                <colorMode>normal</colorMode>
                <fill>1</fill>
                <outline>1</outline>
            </PolyStyle>
        </Style>
        <Style id="7619">
            <LineStyle id="7621">
                <colorMode>normal</colorMode>
                <width>0.5</width>
            </LineStyle>
            <PolyStyle id="7620">
                <color>7f00ffff</color>
                <colorMode>normal</colorMode>
                <fill>1</fill>
                <outline>1</outline>
            </PolyStyle>
        </Style>
        <Style id="7626">
            <LineStyle id="7628">
                <colorMode>normal</colorMode>
                <width>0.5</width>
            </LineStyle>
            <PolyStyle id="7627">
                <color>7f00ffff</color>
                <colorMode>normal</colorMode>
                <fill>1</fill>
                <outline>1</outline>
            </PolyStyle>
        </Style>
        <Style id="7633">
            <LineStyle id="7635">
                <colorMode>normal</colorMode>
                <width>0.5</width>
            </LineStyle>
            <PolyStyle id="7634">
                <color>7f00ffff</color>
                <colorMode>normal</colorMode>
                <fill>1</fill>
                <outline>1</outline>
            </PolyStyle>
        </Style>
        <Style id="7640">
            <LineStyle id="7642">
                <colorMode>normal</colorMode>
                <width>0.5</width>
            </LineStyle>
            <PolyStyle id="7641">
                <color>7f00ffff</color>
                <colorMode>normal</colorMode>
                <fill>1</fill>
                <outline>1</outline>
            </PolyStyle>
        </Style>
        <Style id="7647">
            <LineStyle id="7649">
                <colorMode>normal</colorMode>
                <width>0.5</width>
            </LineStyle>
            <PolyStyle id="7648">
                <color>7f00ffff</color>
                <colorMode>normal</colorMode>
                <fill>1</fill>
                <outline>1</outline>
            </PolyStyle>
        </Style>
        <Style id="7654">
            <LineStyle id="7656">
                <colorMode>normal</colorMode>
                <width>0.5</width>
            </LineStyle>
            <PolyStyle id="7655">
                <color>7f00ffff</color>
                <colorMode>normal</colorMode>
                <fill>1</fill>
                <outline>1</outline>
            </PolyStyle>
        </Style>
        <Style id="7661">
            <LineStyle id="7663">
                <colorMode>normal</colorMode>
                <width>0.5</width>
            </LineStyle>
            <PolyStyle id="7662">
                <color>7f00ffff</color>
                <colorMode>normal</colorMode>
                <fill>1</fill>
                <outline>1</outline>
            </PolyStyle>
        </Style>
        <Style id="7668">
            <LineStyle id="7670">
                <colorMode>normal</colorMode>
                <width>0.5</width>
            </LineStyle>
            <PolyStyle id="7669">
                <color>7f00ffff</color>
                <colorMode>normal</colorMode>
                <fill>1</fill>
                <outline>1</outline>
            </PolyStyle>
        </Style>
        <Style id="7675">
            <LineStyle id="7677">
                <colorMode>normal</colorMode>
                <width>0.5</width>
            </LineStyle>
            <PolyStyle id="7676">
                <color>7f00ffff</color>
                <colorMode>normal</colorMode>
                <fill>1</fill>
                <outline>1</outline>
            </PolyStyle>
        </Style>
        <Style id="7682">
            <LineStyle id="7684">
                <colorMode>normal</colorMode>
                <width>0.5</width>
            </LineStyle>
            <PolyStyle id="7683">
                <color>7f00ffff</color>
                <colorMode>normal</colorMode>
                <fill>1</fill>
                <outline>1</outline>
            </PolyStyle>
        </Style>
        <Style id="7689">
            <LineStyle id="7691">
                <colorMode>normal</colorMode>
                <width>0.5</width>
            </LineStyle>
            <PolyStyle id="7690">
                <color>7f00ffff</color>
                <colorMode>normal</colorMode>
                <fill>1</fill>
                <outline>1</outline>
            </PolyStyle>
        </Style>
        <Style id="7696">
            <LineStyle id="7698">
                <colorMode>normal</colorMode>
                <width>0.5</width>
            </LineStyle>
            <PolyStyle id="7697">
                <color>7f00ffff</color>
                <colorMode>normal</colorMode>
                <fill>1</fill>
                <outline>1</outline>
            </PolyStyle>
        </Style>
        <Style id="7703">
            <LineStyle id="7705">
                <colorMode>normal</colorMode>
                <width>0.5</width>
            </LineStyle>
            <PolyStyle id="7704">
                <color>7f00ffff</color>
                <colorMode>normal</colorMode>
                <fill>1</fill>
                <outline>1</outline>
            </PolyStyle>
        </Style>
        <Style id="7710">
            <LineStyle id="7712">
                <colorMode>normal</colorMode>
                <width>0.5</width>
            </LineStyle>
            <PolyStyle id="7711">
                <color>7f00ffff</color>
                <colorMode>normal</colorMode>
                <fill>1</fill>
                <outline>1</outline>
            </PolyStyle>
        </Style>
        <Style id="7717">
            <LineStyle id="7719">
                <colorMode>normal</colorMode>
                <width>0.5</width>
            </LineStyle>
            <PolyStyle id="7718">
                <color>7f00ffff</color>
                <colorMode>normal</colorMode>
                <fill>1</fill>
                <outline>1</outline>
            </PolyStyle>
        </Style>
        <Style id="7724">
            <LineStyle id="7726">
                <colorMode>normal</colorMode>
                <width>0.5</width>
            </LineStyle>
            <PolyStyle id="7725">
                <color>7f00ffff</color>
                <colorMode>normal</colorMode>
                <fill>1</fill>
                <outline>1</outline>
            </PolyStyle>
        </Style>
        <Style id="7731">
            <LineStyle id="7733">
                <colorMode>normal</colorMode>
                <width>0.5</width>
            </LineStyle>
            <PolyStyle id="7732">
                <color>7f00ffff</color>
                <colorMode>normal</colorMode>
                <fill>1</fill>
                <outline>1</outline>
            </PolyStyle>
        </Style>
        <Style id="7738">
            <LineStyle id="7740">
                <colorMode>normal</colorMode>
                <width>0.5</width>
            </LineStyle>
            <PolyStyle id="7739">
                <color>7f00ffff</color>
                <colorMode>normal</colorMode>
                <fill>1</fill>
                <outline>1</outline>
            </PolyStyle>
        </Style>
        <Style id="7745">
            <LineStyle id="7747">
                <colorMode>normal</colorMode>
                <width>0.5</width>
            </LineStyle>
            <PolyStyle id="7746">
                <color>7f00ffff</color>
                <colorMode>normal</colorMode>
                <fill>1</fill>
                <outline>1</outline>
            </PolyStyle>
        </Style>
        <Style id="7752">
            <LineStyle id="7754">
                <colorMode>normal</colorMode>
                <width>0.5</width>
            </LineStyle>
            <PolyStyle id="7753">
                <color>7f00ffff</color>
                <colorMode>normal</colorMode>
                <fill>1</fill>
                <outline>1</outline>
            </PolyStyle>
        </Style>
        <Style id="7759">
            <LineStyle id="7761">
                <colorMode>normal</colorMode>
                <width>0.5</width>
            </LineStyle>
            <PolyStyle id="7760">
                <color>7f00ffff</color>
                <colorMode>normal</colorMode>
                <fill>1</fill>
                <outline>1</outline>
            </PolyStyle>
        </Style>
        <Style id="7766">
            <LineStyle id="7768">
                <colorMode>normal</colorMode>
                <width>0.5</width>
            </LineStyle>
            <PolyStyle id="7767">
                <color>7f00ffff</color>
                <colorMode>normal</colorMode>
                <fill>1</fill>
                <outline>1</outline>
            </PolyStyle>
        </Style>
        <Style id="7773">
            <LineStyle id="7775">
                <colorMode>normal</colorMode>
                <width>0.5</width>
            </LineStyle>
            <PolyStyle id="7774">
                <color>7f00ffff</color>
                <colorMode>normal</colorMode>
                <fill>1</fill>
                <outline>1</outline>
            </PolyStyle>
        </Style>
        <Style id="7780">
            <LineStyle id="7782">
                <colorMode>normal</colorMode>
                <width>0.5</width>
            </LineStyle>
            <PolyStyle id="7781">
                <color>7f00ffff</color>
                <colorMode>normal</colorMode>
                <fill>1</fill>
                <outline>1</outline>
            </PolyStyle>
        </Style>
        <Style id="7787">
            <LineStyle id="7789">
                <colorMode>normal</colorMode>
                <width>0.5</width>
            </LineStyle>
            <PolyStyle id="7788">
                <color>7f00ffff</color>
                <colorMode>normal</colorMode>
                <fill>1</fill>
                <outline>1</outline>
            </PolyStyle>
        </Style>
        <Style id="7794">
            <LineStyle id="7796">
                <colorMode>normal</colorMode>
                <width>0.5</width>
            </LineStyle>
            <PolyStyle id="7795">
                <color>7f00ffff</color>
                <colorMode>normal</colorMode>
                <fill>1</fill>
                <outline>1</outline>
            </PolyStyle>
        </Style>
        <Style id="7801">
            <LineStyle id="7803">
                <colorMode>normal</colorMode>
                <width>0.5</width>
            </LineStyle>
            <PolyStyle id="7802">
                <color>7f00ffff</color>
                <colorMode>normal</colorMode>
                <fill>1</fill>
                <outline>1</outline>
            </PolyStyle>
        </Style>
        <Style id="7808">
            <LineStyle id="7810">
                <colorMode>normal</colorMode>
                <width>0.5</width>
            </LineStyle>
            <PolyStyle id="7809">
                <color>7f00ffff</color>
                <colorMode>normal</colorMode>
                <fill>1</fill>
                <outline>1</outline>
            </PolyStyle>
        </Style>
        <Style id="7815">
            <LineStyle id="7817">
                <colorMode>normal</colorMode>
                <width>0.5</width>
            </LineStyle>
            <PolyStyle id="7816">
                <color>7f00ffff</color>
                <colorMode>normal</colorMode>
                <fill>1</fill>
                <outline>1</outline>
            </PolyStyle>
        </Style>
        <Style id="7822">
            <LineStyle id="7824">
                <colorMode>normal</colorMode>
                <width>0.5</width>
            </LineStyle>
            <PolyStyle id="7823">
                <color>7f00ffff</color>
                <colorMode>normal</colorMode>
                <fill>1</fill>
                <outline>1</outline>
            </PolyStyle>
        </Style>
        <Style id="7829">
            <LineStyle id="7831">
                <colorMode>normal</colorMode>
                <width>0.5</width>
            </LineStyle>
            <PolyStyle id="7830">
                <color>7f00ffff</color>
                <colorMode>normal</colorMode>
                <fill>1</fill>
                <outline>1</outline>
            </PolyStyle>
        </Style>
        <Style id="7836">
            <LineStyle id="7838">
                <colorMode>normal</colorMode>
                <width>0.5</width>
            </LineStyle>
            <PolyStyle id="7837">
                <color>7f00ffff</color>
                <colorMode>normal</colorMode>
                <fill>1</fill>
                <outline>1</outline>
            </PolyStyle>
        </Style>
        <Style id="7843">
            <LineStyle id="7845">
                <colorMode>normal</colorMode>
                <width>0.5</width>
            </LineStyle>
            <PolyStyle id="7844">
                <color>7f00ffff</color>
                <colorMode>normal</colorMode>
                <fill>1</fill>
                <outline>1</outline>
            </PolyStyle>
        </Style>
        <Style id="7850">
            <LineStyle id="7852">
                <colorMode>normal</colorMode>
                <width>0.5</width>
            </LineStyle>
            <PolyStyle id="7851">
                <color>7f00ffff</color>
                <colorMode>normal</colorMode>
                <fill>1</fill>
                <outline>1</outline>
            </PolyStyle>
        </Style>
        <Style id="7857">
            <LineStyle id="7859">
                <colorMode>normal</colorMode>
                <width>0.5</width>
            </LineStyle>
            <PolyStyle id="7858">
                <color>7f00ffff</color>
                <colorMode>normal</colorMode>
                <fill>1</fill>
                <outline>1</outline>
            </PolyStyle>
        </Style>
        <Style id="7864">
            <LineStyle id="7866">
                <colorMode>normal</colorMode>
                <width>0.5</width>
            </LineStyle>
            <PolyStyle id="7865">
                <color>7f00ffff</color>
                <colorMode>normal</colorMode>
                <fill>1</fill>
                <outline>1</outline>
            </PolyStyle>
        </Style>
        <Style id="7871">
            <LineStyle id="7873">
                <colorMode>normal</colorMode>
                <width>0.5</width>
            </LineStyle>
            <PolyStyle id="7872">
                <color>7f00ffff</color>
                <colorMode>normal</colorMode>
                <fill>1</fill>
                <outline>1</outline>
            </PolyStyle>
        </Style>
        <Style id="7878">
            <LineStyle id="7880">
                <colorMode>normal</colorMode>
                <width>0.5</width>
            </LineStyle>
            <PolyStyle id="7879">
                <color>7f00ffff</color>
                <colorMode>normal</colorMode>
                <fill>1</fill>
                <outline>1</outline>
            </PolyStyle>
        </Style>
        <Style id="7885">
            <LineStyle id="7887">
                <colorMode>normal</colorMode>
                <width>0.5</width>
            </LineStyle>
            <PolyStyle id="7886">
                <color>7f00ffff</color>
                <colorMode>normal</colorMode>
                <fill>1</fill>
                <outline>1</outline>
            </PolyStyle>
        </Style>
        <Style id="7892">
            <LineStyle id="7894">
                <colorMode>normal</colorMode>
                <width>0.5</width>
            </LineStyle>
            <PolyStyle id="7893">
                <color>7f00ffff</color>
                <colorMode>normal</colorMode>
                <fill>1</fill>
                <outline>1</outline>
            </PolyStyle>
        </Style>
        <Style id="7899">
            <LineStyle id="7901">
                <colorMode>normal</colorMode>
                <width>0.5</width>
            </LineStyle>
            <PolyStyle id="7900">
                <color>7f00ffff</color>
                <colorMode>normal</colorMode>
                <fill>1</fill>
                <outline>1</outline>
            </PolyStyle>
        </Style>
        <Style id="7906">
            <LineStyle id="7908">
                <colorMode>normal</colorMode>
                <width>0.5</width>
            </LineStyle>
            <PolyStyle id="7907">
                <color>7f00ffff</color>
                <colorMode>normal</colorMode>
                <fill>1</fill>
                <outline>1</outline>
            </PolyStyle>
        </Style>
        <Style id="7913">
            <LineStyle id="7915">
                <colorMode>normal</colorMode>
                <width>0.5</width>
            </LineStyle>
            <PolyStyle id="7914">
                <color>7f00ffff</color>
                <colorMode>normal</colorMode>
                <fill>1</fill>
                <outline>1</outline>
            </PolyStyle>
        </Style>
        <Style id="7920">
            <LineStyle id="7922">
                <colorMode>normal</colorMode>
                <width>0.5</width>
            </LineStyle>
            <PolyStyle id="7921">
                <color>7f00ffff</color>
                <colorMode>normal</colorMode>
                <fill>1</fill>
                <outline>1</outline>
            </PolyStyle>
        </Style>
        <Style id="7927">
            <LineStyle id="7929">
                <colorMode>normal</colorMode>
                <width>0.5</width>
            </LineStyle>
            <PolyStyle id="7928">
                <color>7f00ffff</color>
                <colorMode>normal</colorMode>
                <fill>1</fill>
                <outline>1</outline>
            </PolyStyle>
        </Style>
        <Style id="7934">
            <LineStyle id="7936">
                <colorMode>normal</colorMode>
                <width>0.5</width>
            </LineStyle>
            <PolyStyle id="7935">
                <color>7f00ffff</color>
                <colorMode>normal</colorMode>
                <fill>1</fill>
                <outline>1</outline>
            </PolyStyle>
        </Style>
        <Style id="7941">
            <LineStyle id="7943">
                <colorMode>normal</colorMode>
                <width>0.5</width>
            </LineStyle>
            <PolyStyle id="7942">
                <color>7f00ffff</color>
                <colorMode>normal</colorMode>
                <fill>1</fill>
                <outline>1</outline>
            </PolyStyle>
        </Style>
        <Style id="7948">
            <LineStyle id="7950">
                <colorMode>normal</colorMode>
                <width>0.5</width>
            </LineStyle>
            <PolyStyle id="7949">
                <color>7f00ffff</color>
                <colorMode>normal</colorMode>
                <fill>1</fill>
                <outline>1</outline>
            </PolyStyle>
        </Style>
        <Style id="7955">
            <LineStyle id="7957">
                <colorMode>normal</colorMode>
                <width>0.5</width>
            </LineStyle>
            <PolyStyle id="7956">
                <color>7f00ffff</color>
                <colorMode>normal</colorMode>
                <fill>1</fill>
                <outline>1</outline>
            </PolyStyle>
        </Style>
        <Style id="7962">
            <LineStyle id="7964">
                <colorMode>normal</colorMode>
                <width>0.5</width>
            </LineStyle>
            <PolyStyle id="7963">
                <color>7f00ffff</color>
                <colorMode>normal</colorMode>
                <fill>1</fill>
                <outline>1</outline>
            </PolyStyle>
        </Style>
        <Style id="7969">
            <LineStyle id="7971">
                <colorMode>normal</colorMode>
                <width>0.5</width>
            </LineStyle>
            <PolyStyle id="7970">
                <color>7f00ffff</color>
                <colorMode>normal</colorMode>
                <fill>1</fill>
                <outline>1</outline>
            </PolyStyle>
        </Style>
        <Style id="7976">
            <LineStyle id="7978">
                <colorMode>normal</colorMode>
                <width>0.5</width>
            </LineStyle>
            <PolyStyle id="7977">
                <color>7f00ffff</color>
                <colorMode>normal</colorMode>
                <fill>1</fill>
                <outline>1</outline>
            </PolyStyle>
        </Style>
        <Style id="7983">
            <LineStyle id="7985">
                <colorMode>normal</colorMode>
                <width>0.5</width>
            </LineStyle>
            <PolyStyle id="7984">
                <color>7f00ffff</color>
                <colorMode>normal</colorMode>
                <fill>1</fill>
                <outline>1</outline>
            </PolyStyle>
        </Style>
        <Style id="7990">
            <LineStyle id="7992">
                <colorMode>normal</colorMode>
                <width>0.5</width>
            </LineStyle>
            <PolyStyle id="7991">
                <color>7f00ffff</color>
                <colorMode>normal</colorMode>
                <fill>1</fill>
                <outline>1</outline>
            </PolyStyle>
        </Style>
        <Style id="7997">
            <LineStyle id="7999">
                <colorMode>normal</colorMode>
                <width>0.5</width>
            </LineStyle>
            <PolyStyle id="7998">
                <color>7f00ffff</color>
                <colorMode>normal</colorMode>
                <fill>1</fill>
                <outline>1</outline>
            </PolyStyle>
        </Style>
        <Style id="8004">
            <LineStyle id="8006">
                <colorMode>normal</colorMode>
                <width>0.5</width>
            </LineStyle>
            <PolyStyle id="8005">
                <color>7f00ffff</color>
                <colorMode>normal</colorMode>
                <fill>1</fill>
                <outline>1</outline>
            </PolyStyle>
        </Style>
        <Style id="8011">
            <LineStyle id="8013">
                <colorMode>normal</colorMode>
                <width>0.5</width>
            </LineStyle>
            <PolyStyle id="8012">
                <color>7f00ffff</color>
                <colorMode>normal</colorMode>
                <fill>1</fill>
                <outline>1</outline>
            </PolyStyle>
        </Style>
        <Style id="8018">
            <LineStyle id="8020">
                <colorMode>normal</colorMode>
                <width>0.5</width>
            </LineStyle>
            <PolyStyle id="8019">
                <color>7f00ffff</color>
                <colorMode>normal</colorMode>
                <fill>1</fill>
                <outline>1</outline>
            </PolyStyle>
        </Style>
        <Style id="8025">
            <LineStyle id="8027">
                <colorMode>normal</colorMode>
                <width>0.5</width>
            </LineStyle>
            <PolyStyle id="8026">
                <color>7f00ffff</color>
                <colorMode>normal</colorMode>
                <fill>1</fill>
                <outline>1</outline>
            </PolyStyle>
        </Style>
        <Style id="8032">
            <LineStyle id="8034">
                <colorMode>normal</colorMode>
                <width>0.5</width>
            </LineStyle>
            <PolyStyle id="8033">
                <color>7f00ffff</color>
                <colorMode>normal</colorMode>
                <fill>1</fill>
                <outline>1</outline>
            </PolyStyle>
        </Style>
        <Style id="8039">
            <LineStyle id="8041">
                <colorMode>normal</colorMode>
                <width>0.5</width>
            </LineStyle>
            <PolyStyle id="8040">
                <color>7f00ffff</color>
                <colorMode>normal</colorMode>
                <fill>1</fill>
                <outline>1</outline>
            </PolyStyle>
        </Style>
        <Style id="8046">
            <LineStyle id="8048">
                <colorMode>normal</colorMode>
                <width>0.5</width>
            </LineStyle>
            <PolyStyle id="8047">
                <color>7f00ffff</color>
                <colorMode>normal</colorMode>
                <fill>1</fill>
                <outline>1</outline>
            </PolyStyle>
        </Style>
        <Style id="8053">
            <LineStyle id="8055">
                <colorMode>normal</colorMode>
                <width>0.5</width>
            </LineStyle>
            <PolyStyle id="8054">
                <color>7f00ffff</color>
                <colorMode>normal</colorMode>
                <fill>1</fill>
                <outline>1</outline>
            </PolyStyle>
        </Style>
        <Style id="8060">
            <LineStyle id="8062">
                <colorMode>normal</colorMode>
                <width>0.5</width>
            </LineStyle>
            <PolyStyle id="8061">
                <color>7f00ffff</color>
                <colorMode>normal</colorMode>
                <fill>1</fill>
                <outline>1</outline>
            </PolyStyle>
        </Style>
        <Style id="8067">
            <LineStyle id="8069">
                <colorMode>normal</colorMode>
                <width>0.5</width>
            </LineStyle>
            <PolyStyle id="8068">
                <color>7f00ffff</color>
                <colorMode>normal</colorMode>
                <fill>1</fill>
                <outline>1</outline>
            </PolyStyle>
        </Style>
        <Style id="8074">
            <LineStyle id="8076">
                <colorMode>normal</colorMode>
                <width>0.5</width>
            </LineStyle>
            <PolyStyle id="8075">
                <color>7f00ffff</color>
                <colorMode>normal</colorMode>
                <fill>1</fill>
                <outline>1</outline>
            </PolyStyle>
        </Style>
        <Style id="8081">
            <LineStyle id="8083">
                <colorMode>normal</colorMode>
                <width>0.5</width>
            </LineStyle>
            <PolyStyle id="8082">
                <color>7f00ffff</color>
                <colorMode>normal</colorMode>
                <fill>1</fill>
                <outline>1</outline>
            </PolyStyle>
        </Style>
        <Style id="8088">
            <LineStyle id="8090">
                <colorMode>normal</colorMode>
                <width>0.5</width>
            </LineStyle>
            <PolyStyle id="8089">
                <color>7f00ffff</color>
                <colorMode>normal</colorMode>
                <fill>1</fill>
                <outline>1</outline>
            </PolyStyle>
        </Style>
        <Style id="8095">
            <LineStyle id="8097">
                <colorMode>normal</colorMode>
                <width>0.5</width>
            </LineStyle>
            <PolyStyle id="8096">
                <color>7f00ffff</color>
                <colorMode>normal</colorMode>
                <fill>1</fill>
                <outline>1</outline>
            </PolyStyle>
        </Style>
        <Style id="8102">
            <LineStyle id="8104">
                <colorMode>normal</colorMode>
                <width>0.5</width>
            </LineStyle>
            <PolyStyle id="8103">
                <color>7f00ffff</color>
                <colorMode>normal</colorMode>
                <fill>1</fill>
                <outline>1</outline>
            </PolyStyle>
        </Style>
        <Style id="8109">
            <LineStyle id="8111">
                <colorMode>normal</colorMode>
                <width>0.5</width>
            </LineStyle>
            <PolyStyle id="8110">
                <color>7f00ffff</color>
                <colorMode>normal</colorMode>
                <fill>1</fill>
                <outline>1</outline>
            </PolyStyle>
        </Style>
        <Style id="8116">
            <LineStyle id="8118">
                <colorMode>normal</colorMode>
                <width>0.5</width>
            </LineStyle>
            <PolyStyle id="8117">
                <color>7f00ffff</color>
                <colorMode>normal</colorMode>
                <fill>1</fill>
                <outline>1</outline>
            </PolyStyle>
        </Style>
        <Style id="8123">
            <LineStyle id="8125">
                <colorMode>normal</colorMode>
                <width>0.5</width>
            </LineStyle>
            <PolyStyle id="8124">
                <color>7f00ffff</color>
                <colorMode>normal</colorMode>
                <fill>1</fill>
                <outline>1</outline>
            </PolyStyle>
        </Style>
        <Style id="8130">
            <LineStyle id="8132">
                <colorMode>normal</colorMode>
                <width>0.5</width>
            </LineStyle>
            <PolyStyle id="8131">
                <color>7f00ffff</color>
                <colorMode>normal</colorMode>
                <fill>1</fill>
                <outline>1</outline>
            </PolyStyle>
        </Style>
        <Style id="8137">
            <LineStyle id="8139">
                <colorMode>normal</colorMode>
                <width>0.5</width>
            </LineStyle>
            <PolyStyle id="8138">
                <color>7f00ffff</color>
                <colorMode>normal</colorMode>
                <fill>1</fill>
                <outline>1</outline>
            </PolyStyle>
        </Style>
        <Style id="8144">
            <LineStyle id="8146">
                <colorMode>normal</colorMode>
                <width>0.5</width>
            </LineStyle>
            <PolyStyle id="8145">
                <color>7f00ffff</color>
                <colorMode>normal</colorMode>
                <fill>1</fill>
                <outline>1</outline>
            </PolyStyle>
        </Style>
        <Style id="8151">
            <LineStyle id="8153">
                <colorMode>normal</colorMode>
                <width>0.5</width>
            </LineStyle>
            <PolyStyle id="8152">
                <color>7f00ffff</color>
                <colorMode>normal</colorMode>
                <fill>1</fill>
                <outline>1</outline>
            </PolyStyle>
        </Style>
        <Style id="8158">
            <LineStyle id="8160">
                <colorMode>normal</colorMode>
                <width>0.5</width>
            </LineStyle>
            <PolyStyle id="8159">
                <color>7f00ffff</color>
                <colorMode>normal</colorMode>
                <fill>1</fill>
                <outline>1</outline>
            </PolyStyle>
        </Style>
        <Style id="8165">
            <LineStyle id="8167">
                <colorMode>normal</colorMode>
                <width>0.5</width>
            </LineStyle>
            <PolyStyle id="8166">
                <color>7f00ffff</color>
                <colorMode>normal</colorMode>
                <fill>1</fill>
                <outline>1</outline>
            </PolyStyle>
        </Style>
        <Style id="8172">
            <LineStyle id="8174">
                <colorMode>normal</colorMode>
                <width>0.5</width>
            </LineStyle>
            <PolyStyle id="8173">
                <color>7f00ffff</color>
                <colorMode>normal</colorMode>
                <fill>1</fill>
                <outline>1</outline>
            </PolyStyle>
        </Style>
        <Style id="8179">
            <LineStyle id="8181">
                <colorMode>normal</colorMode>
                <width>0.5</width>
            </LineStyle>
            <PolyStyle id="8180">
                <color>7f00ffff</color>
                <colorMode>normal</colorMode>
                <fill>1</fill>
                <outline>1</outline>
            </PolyStyle>
        </Style>
        <Style id="8186">
            <LineStyle id="8188">
                <colorMode>normal</colorMode>
                <width>0.5</width>
            </LineStyle>
            <PolyStyle id="8187">
                <color>7f00ffff</color>
                <colorMode>normal</colorMode>
                <fill>1</fill>
                <outline>1</outline>
            </PolyStyle>
        </Style>
        <Style id="8193">
            <LineStyle id="8195">
                <colorMode>normal</colorMode>
                <width>0.5</width>
            </LineStyle>
            <PolyStyle id="8194">
                <color>7f00ffff</color>
                <colorMode>normal</colorMode>
                <fill>1</fill>
                <outline>1</outline>
            </PolyStyle>
        </Style>
        <Style id="8200">
            <LineStyle id="8202">
                <colorMode>normal</colorMode>
                <width>0.5</width>
            </LineStyle>
            <PolyStyle id="8201">
                <color>7f00ffff</color>
                <colorMode>normal</colorMode>
                <fill>1</fill>
                <outline>1</outline>
            </PolyStyle>
        </Style>
        <Style id="8207">
            <LineStyle id="8209">
                <colorMode>normal</colorMode>
                <width>0.5</width>
            </LineStyle>
            <PolyStyle id="8208">
                <color>7f00ffff</color>
                <colorMode>normal</colorMode>
                <fill>1</fill>
                <outline>1</outline>
            </PolyStyle>
        </Style>
        <Style id="8214">
            <LineStyle id="8216">
                <colorMode>normal</colorMode>
                <width>0.5</width>
            </LineStyle>
            <PolyStyle id="8215">
                <color>7f00ffff</color>
                <colorMode>normal</colorMode>
                <fill>1</fill>
                <outline>1</outline>
            </PolyStyle>
        </Style>
        <Style id="8221">
            <LineStyle id="8223">
                <colorMode>normal</colorMode>
                <width>0.5</width>
            </LineStyle>
            <PolyStyle id="8222">
                <color>7f00ffff</color>
                <colorMode>normal</colorMode>
                <fill>1</fill>
                <outline>1</outline>
            </PolyStyle>
        </Style>
        <Style id="8228">
            <LineStyle id="8230">
                <colorMode>normal</colorMode>
                <width>0.5</width>
            </LineStyle>
            <PolyStyle id="8229">
                <color>7f00ffff</color>
                <colorMode>normal</colorMode>
                <fill>1</fill>
                <outline>1</outline>
            </PolyStyle>
        </Style>
        <Style id="8235">
            <LineStyle id="8237">
                <colorMode>normal</colorMode>
                <width>0.5</width>
            </LineStyle>
            <PolyStyle id="8236">
                <color>7f00ffff</color>
                <colorMode>normal</colorMode>
                <fill>1</fill>
                <outline>1</outline>
            </PolyStyle>
        </Style>
        <Style id="8242">
            <LineStyle id="8244">
                <colorMode>normal</colorMode>
                <width>0.5</width>
            </LineStyle>
            <PolyStyle id="8243">
                <color>7f00ffff</color>
                <colorMode>normal</colorMode>
                <fill>1</fill>
                <outline>1</outline>
            </PolyStyle>
        </Style>
        <Style id="8249">
            <LineStyle id="8251">
                <colorMode>normal</colorMode>
                <width>0.5</width>
            </LineStyle>
            <PolyStyle id="8250">
                <color>7f00ffff</color>
                <colorMode>normal</colorMode>
                <fill>1</fill>
                <outline>1</outline>
            </PolyStyle>
        </Style>
        <Style id="8256">
            <LineStyle id="8258">
                <colorMode>normal</colorMode>
                <width>0.5</width>
            </LineStyle>
            <PolyStyle id="8257">
                <color>7f00ffff</color>
                <colorMode>normal</colorMode>
                <fill>1</fill>
                <outline>1</outline>
            </PolyStyle>
        </Style>
        <Style id="8263">
            <LineStyle id="8265">
                <colorMode>normal</colorMode>
                <width>0.5</width>
            </LineStyle>
            <PolyStyle id="8264">
                <color>7f00ffff</color>
                <colorMode>normal</colorMode>
                <fill>1</fill>
                <outline>1</outline>
            </PolyStyle>
        </Style>
        <Style id="8270">
            <LineStyle id="8272">
                <colorMode>normal</colorMode>
                <width>0.5</width>
            </LineStyle>
            <PolyStyle id="8271">
                <color>7f00ffff</color>
                <colorMode>normal</colorMode>
                <fill>1</fill>
                <outline>1</outline>
            </PolyStyle>
        </Style>
        <Style id="8277">
            <LineStyle id="8279">
                <colorMode>normal</colorMode>
                <width>0.5</width>
            </LineStyle>
            <PolyStyle id="8278">
                <color>7f00ffff</color>
                <colorMode>normal</colorMode>
                <fill>1</fill>
                <outline>1</outline>
            </PolyStyle>
        </Style>
        <Style id="8284">
            <LineStyle id="8286">
                <colorMode>normal</colorMode>
                <width>0.5</width>
            </LineStyle>
            <PolyStyle id="8285">
                <color>7f00ffff</color>
                <colorMode>normal</colorMode>
                <fill>1</fill>
                <outline>1</outline>
            </PolyStyle>
        </Style>
        <Style id="8291">
            <LineStyle id="8293">
                <colorMode>normal</colorMode>
                <width>0.5</width>
            </LineStyle>
            <PolyStyle id="8292">
                <color>7f00ffff</color>
                <colorMode>normal</colorMode>
                <fill>1</fill>
                <outline>1</outline>
            </PolyStyle>
        </Style>
        <Style id="8298">
            <LineStyle id="8300">
                <colorMode>normal</colorMode>
                <width>0.5</width>
            </LineStyle>
            <PolyStyle id="8299">
                <color>7f00ffff</color>
                <colorMode>normal</colorMode>
                <fill>1</fill>
                <outline>1</outline>
            </PolyStyle>
        </Style>
        <Style id="8305">
            <LineStyle id="8307">
                <colorMode>normal</colorMode>
                <width>0.5</width>
            </LineStyle>
            <PolyStyle id="8306">
                <color>7f00ffff</color>
                <colorMode>normal</colorMode>
                <fill>1</fill>
                <outline>1</outline>
            </PolyStyle>
        </Style>
        <Style id="8312">
            <LineStyle id="8314">
                <colorMode>normal</colorMode>
                <width>0.5</width>
            </LineStyle>
            <PolyStyle id="8313">
                <color>7f00ffff</color>
                <colorMode>normal</colorMode>
                <fill>1</fill>
                <outline>1</outline>
            </PolyStyle>
        </Style>
        <Style id="8319">
            <LineStyle id="8321">
                <colorMode>normal</colorMode>
                <width>0.5</width>
            </LineStyle>
            <PolyStyle id="8320">
                <color>7f00ffff</color>
                <colorMode>normal</colorMode>
                <fill>1</fill>
                <outline>1</outline>
            </PolyStyle>
        </Style>
        <Style id="8326">
            <LineStyle id="8328">
                <colorMode>normal</colorMode>
                <width>0.5</width>
            </LineStyle>
            <PolyStyle id="8327">
                <color>7f00ffff</color>
                <colorMode>normal</colorMode>
                <fill>1</fill>
                <outline>1</outline>
            </PolyStyle>
        </Style>
        <Style id="8333">
            <LineStyle id="8335">
                <colorMode>normal</colorMode>
                <width>0.5</width>
            </LineStyle>
            <PolyStyle id="8334">
                <color>7f00ffff</color>
                <colorMode>normal</colorMode>
                <fill>1</fill>
                <outline>1</outline>
            </PolyStyle>
        </Style>
        <Style id="8340">
            <LineStyle id="8342">
                <colorMode>normal</colorMode>
                <width>0.5</width>
            </LineStyle>
            <PolyStyle id="8341">
                <color>7f00ffff</color>
                <colorMode>normal</colorMode>
                <fill>1</fill>
                <outline>1</outline>
            </PolyStyle>
        </Style>
        <Style id="8347">
            <LineStyle id="8349">
                <colorMode>normal</colorMode>
                <width>0.5</width>
            </LineStyle>
            <PolyStyle id="8348">
                <color>7f00ffff</color>
                <colorMode>normal</colorMode>
                <fill>1</fill>
                <outline>1</outline>
            </PolyStyle>
        </Style>
        <Style id="8354">
            <LineStyle id="8356">
                <colorMode>normal</colorMode>
                <width>0.5</width>
            </LineStyle>
            <PolyStyle id="8355">
                <color>7f00ffff</color>
                <colorMode>normal</colorMode>
                <fill>1</fill>
                <outline>1</outline>
            </PolyStyle>
        </Style>
        <Style id="8361">
            <LineStyle id="8363">
                <colorMode>normal</colorMode>
                <width>0.5</width>
            </LineStyle>
            <PolyStyle id="8362">
                <color>7f00ffff</color>
                <colorMode>normal</colorMode>
                <fill>1</fill>
                <outline>1</outline>
            </PolyStyle>
        </Style>
        <Style id="8368">
            <LineStyle id="8370">
                <colorMode>normal</colorMode>
                <width>0.5</width>
            </LineStyle>
            <PolyStyle id="8369">
                <color>7f00ffff</color>
                <colorMode>normal</colorMode>
                <fill>1</fill>
                <outline>1</outline>
            </PolyStyle>
        </Style>
        <Style id="8375">
            <LineStyle id="8377">
                <colorMode>normal</colorMode>
                <width>0.5</width>
            </LineStyle>
            <PolyStyle id="8376">
                <color>7f00ffff</color>
                <colorMode>normal</colorMode>
                <fill>1</fill>
                <outline>1</outline>
            </PolyStyle>
        </Style>
        <Style id="8382">
            <LineStyle id="8384">
                <colorMode>normal</colorMode>
                <width>0.5</width>
            </LineStyle>
            <PolyStyle id="8383">
                <color>7f00ffff</color>
                <colorMode>normal</colorMode>
                <fill>1</fill>
                <outline>1</outline>
            </PolyStyle>
        </Style>
        <Style id="8389">
            <LineStyle id="8391">
                <colorMode>normal</colorMode>
                <width>0.5</width>
            </LineStyle>
            <PolyStyle id="8390">
                <color>7f0080ff</color>
                <colorMode>normal</colorMode>
                <fill>1</fill>
                <outline>1</outline>
            </PolyStyle>
        </Style>
        <Style id="8396">
            <LineStyle id="8398">
                <colorMode>normal</colorMode>
                <width>0.5</width>
            </LineStyle>
            <PolyStyle id="8397">
                <color>7f0080ff</color>
                <colorMode>normal</colorMode>
                <fill>1</fill>
                <outline>1</outline>
            </PolyStyle>
        </Style>
        <Style id="8403">
            <LineStyle id="8405">
                <colorMode>normal</colorMode>
                <width>0.5</width>
            </LineStyle>
            <PolyStyle id="8404">
                <color>7f0080ff</color>
                <colorMode>normal</colorMode>
                <fill>1</fill>
                <outline>1</outline>
            </PolyStyle>
        </Style>
        <Style id="8410">
            <LineStyle id="8412">
                <colorMode>normal</colorMode>
                <width>0.5</width>
            </LineStyle>
            <PolyStyle id="8411">
                <color>7f0080ff</color>
                <colorMode>normal</colorMode>
                <fill>1</fill>
                <outline>1</outline>
            </PolyStyle>
        </Style>
        <Style id="8417">
            <LineStyle id="8419">
                <colorMode>normal</colorMode>
                <width>0.5</width>
            </LineStyle>
            <PolyStyle id="8418">
                <color>7f0080ff</color>
                <colorMode>normal</colorMode>
                <fill>1</fill>
                <outline>1</outline>
            </PolyStyle>
        </Style>
        <Style id="8424">
            <LineStyle id="8426">
                <colorMode>normal</colorMode>
                <width>0.5</width>
            </LineStyle>
            <PolyStyle id="8425">
                <color>7f0080ff</color>
                <colorMode>normal</colorMode>
                <fill>1</fill>
                <outline>1</outline>
            </PolyStyle>
        </Style>
        <Style id="8431">
            <LineStyle id="8433">
                <colorMode>normal</colorMode>
                <width>0.5</width>
            </LineStyle>
            <PolyStyle id="8432">
                <color>7f0080ff</color>
                <colorMode>normal</colorMode>
                <fill>1</fill>
                <outline>1</outline>
            </PolyStyle>
        </Style>
        <Style id="8438">
            <LineStyle id="8440">
                <colorMode>normal</colorMode>
                <width>0.5</width>
            </LineStyle>
            <PolyStyle id="8439">
                <color>7f0080ff</color>
                <colorMode>normal</colorMode>
                <fill>1</fill>
                <outline>1</outline>
            </PolyStyle>
        </Style>
        <Style id="8445">
            <LineStyle id="8447">
                <colorMode>normal</colorMode>
                <width>0.5</width>
            </LineStyle>
            <PolyStyle id="8446">
                <color>7f0080ff</color>
                <colorMode>normal</colorMode>
                <fill>1</fill>
                <outline>1</outline>
            </PolyStyle>
        </Style>
        <Style id="8452">
            <LineStyle id="8454">
                <colorMode>normal</colorMode>
                <width>0.5</width>
            </LineStyle>
            <PolyStyle id="8453">
                <color>7f0080ff</color>
                <colorMode>normal</colorMode>
                <fill>1</fill>
                <outline>1</outline>
            </PolyStyle>
        </Style>
        <Style id="8459">
            <LineStyle id="8461">
                <colorMode>normal</colorMode>
                <width>0.5</width>
            </LineStyle>
            <PolyStyle id="8460">
                <color>7f0080ff</color>
                <colorMode>normal</colorMode>
                <fill>1</fill>
                <outline>1</outline>
            </PolyStyle>
        </Style>
        <Style id="8466">
            <LineStyle id="8468">
                <colorMode>normal</colorMode>
                <width>0.5</width>
            </LineStyle>
            <PolyStyle id="8467">
                <color>7f0080ff</color>
                <colorMode>normal</colorMode>
                <fill>1</fill>
                <outline>1</outline>
            </PolyStyle>
        </Style>
        <Style id="8473">
            <LineStyle id="8475">
                <colorMode>normal</colorMode>
                <width>0.5</width>
            </LineStyle>
            <PolyStyle id="8474">
                <color>7f0080ff</color>
                <colorMode>normal</colorMode>
                <fill>1</fill>
                <outline>1</outline>
            </PolyStyle>
        </Style>
        <Style id="8480">
            <LineStyle id="8482">
                <colorMode>normal</colorMode>
                <width>0.5</width>
            </LineStyle>
            <PolyStyle id="8481">
                <color>7f0080ff</color>
                <colorMode>normal</colorMode>
                <fill>1</fill>
                <outline>1</outline>
            </PolyStyle>
        </Style>
        <Style id="8487">
            <LineStyle id="8489">
                <colorMode>normal</colorMode>
                <width>0.5</width>
            </LineStyle>
            <PolyStyle id="8488">
                <color>7f0080ff</color>
                <colorMode>normal</colorMode>
                <fill>1</fill>
                <outline>1</outline>
            </PolyStyle>
        </Style>
        <Style id="8494">
            <LineStyle id="8496">
                <colorMode>normal</colorMode>
                <width>0.5</width>
            </LineStyle>
            <PolyStyle id="8495">
                <color>7f0080ff</color>
                <colorMode>normal</colorMode>
                <fill>1</fill>
                <outline>1</outline>
            </PolyStyle>
        </Style>
        <Style id="8501">
            <LineStyle id="8503">
                <colorMode>normal</colorMode>
                <width>0.5</width>
            </LineStyle>
            <PolyStyle id="8502">
                <color>7f0080ff</color>
                <colorMode>normal</colorMode>
                <fill>1</fill>
                <outline>1</outline>
            </PolyStyle>
        </Style>
        <Style id="8508">
            <LineStyle id="8510">
                <colorMode>normal</colorMode>
                <width>0.5</width>
            </LineStyle>
            <PolyStyle id="8509">
                <color>7f0080ff</color>
                <colorMode>normal</colorMode>
                <fill>1</fill>
                <outline>1</outline>
            </PolyStyle>
        </Style>
        <Style id="8515">
            <LineStyle id="8517">
                <colorMode>normal</colorMode>
                <width>0.5</width>
            </LineStyle>
            <PolyStyle id="8516">
                <color>7f0080ff</color>
                <colorMode>normal</colorMode>
                <fill>1</fill>
                <outline>1</outline>
            </PolyStyle>
        </Style>
        <Style id="8522">
            <LineStyle id="8524">
                <colorMode>normal</colorMode>
                <width>0.5</width>
            </LineStyle>
            <PolyStyle id="8523">
                <color>7f0080ff</color>
                <colorMode>normal</colorMode>
                <fill>1</fill>
                <outline>1</outline>
            </PolyStyle>
        </Style>
        <Style id="8529">
            <LineStyle id="8531">
                <colorMode>normal</colorMode>
                <width>0.5</width>
            </LineStyle>
            <PolyStyle id="8530">
                <color>7f0080ff</color>
                <colorMode>normal</colorMode>
                <fill>1</fill>
                <outline>1</outline>
            </PolyStyle>
        </Style>
        <Style id="8536">
            <LineStyle id="8538">
                <colorMode>normal</colorMode>
                <width>0.5</width>
            </LineStyle>
            <PolyStyle id="8537">
                <color>7f0080ff</color>
                <colorMode>normal</colorMode>
                <fill>1</fill>
                <outline>1</outline>
            </PolyStyle>
        </Style>
        <Style id="8543">
            <LineStyle id="8545">
                <colorMode>normal</colorMode>
                <width>0.5</width>
            </LineStyle>
            <PolyStyle id="8544">
                <color>7f0080ff</color>
                <colorMode>normal</colorMode>
                <fill>1</fill>
                <outline>1</outline>
            </PolyStyle>
        </Style>
        <Style id="8550">
            <LineStyle id="8552">
                <colorMode>normal</colorMode>
                <width>0.5</width>
            </LineStyle>
            <PolyStyle id="8551">
                <color>7f0080ff</color>
                <colorMode>normal</colorMode>
                <fill>1</fill>
                <outline>1</outline>
            </PolyStyle>
        </Style>
        <Style id="8557">
            <LineStyle id="8559">
                <colorMode>normal</colorMode>
                <width>0.5</width>
            </LineStyle>
            <PolyStyle id="8558">
                <color>7f0080ff</color>
                <colorMode>normal</colorMode>
                <fill>1</fill>
                <outline>1</outline>
            </PolyStyle>
        </Style>
        <Style id="8564">
            <LineStyle id="8566">
                <colorMode>normal</colorMode>
                <width>0.5</width>
            </LineStyle>
            <PolyStyle id="8565">
                <color>7f0080ff</color>
                <colorMode>normal</colorMode>
                <fill>1</fill>
                <outline>1</outline>
            </PolyStyle>
        </Style>
        <Style id="8571">
            <LineStyle id="8573">
                <colorMode>normal</colorMode>
                <width>0.5</width>
            </LineStyle>
            <PolyStyle id="8572">
                <color>7f0080ff</color>
                <colorMode>normal</colorMode>
                <fill>1</fill>
                <outline>1</outline>
            </PolyStyle>
        </Style>
        <Style id="8578">
            <LineStyle id="8580">
                <colorMode>normal</colorMode>
                <width>0.5</width>
            </LineStyle>
            <PolyStyle id="8579">
                <color>7f0080ff</color>
                <colorMode>normal</colorMode>
                <fill>1</fill>
                <outline>1</outline>
            </PolyStyle>
        </Style>
        <Style id="8585">
            <LineStyle id="8587">
                <colorMode>normal</colorMode>
                <width>0.5</width>
            </LineStyle>
            <PolyStyle id="8586">
                <color>7f0080ff</color>
                <colorMode>normal</colorMode>
                <fill>1</fill>
                <outline>1</outline>
            </PolyStyle>
        </Style>
        <Style id="8592">
            <LineStyle id="8594">
                <colorMode>normal</colorMode>
                <width>0.5</width>
            </LineStyle>
            <PolyStyle id="8593">
                <color>7f0080ff</color>
                <colorMode>normal</colorMode>
                <fill>1</fill>
                <outline>1</outline>
            </PolyStyle>
        </Style>
        <Style id="8599">
            <LineStyle id="8601">
                <colorMode>normal</colorMode>
                <width>0.5</width>
            </LineStyle>
            <PolyStyle id="8600">
                <color>7f0080ff</color>
                <colorMode>normal</colorMode>
                <fill>1</fill>
                <outline>1</outline>
            </PolyStyle>
        </Style>
        <Style id="8606">
            <LineStyle id="8608">
                <colorMode>normal</colorMode>
                <width>0.5</width>
            </LineStyle>
            <PolyStyle id="8607">
                <color>7f0080ff</color>
                <colorMode>normal</colorMode>
                <fill>1</fill>
                <outline>1</outline>
            </PolyStyle>
        </Style>
        <Style id="8613">
            <LineStyle id="8615">
                <colorMode>normal</colorMode>
                <width>0.5</width>
            </LineStyle>
            <PolyStyle id="8614">
                <color>7f0080ff</color>
                <colorMode>normal</colorMode>
                <fill>1</fill>
                <outline>1</outline>
            </PolyStyle>
        </Style>
        <Style id="8620">
            <LineStyle id="8622">
                <colorMode>normal</colorMode>
                <width>0.5</width>
            </LineStyle>
            <PolyStyle id="8621">
                <color>7f0080ff</color>
                <colorMode>normal</colorMode>
                <fill>1</fill>
                <outline>1</outline>
            </PolyStyle>
        </Style>
        <Style id="8627">
            <LineStyle id="8629">
                <colorMode>normal</colorMode>
                <width>0.5</width>
            </LineStyle>
            <PolyStyle id="8628">
                <color>7f0080ff</color>
                <colorMode>normal</colorMode>
                <fill>1</fill>
                <outline>1</outline>
            </PolyStyle>
        </Style>
        <Style id="8634">
            <LineStyle id="8636">
                <colorMode>normal</colorMode>
                <width>0.5</width>
            </LineStyle>
            <PolyStyle id="8635">
                <color>7f0080ff</color>
                <colorMode>normal</colorMode>
                <fill>1</fill>
                <outline>1</outline>
            </PolyStyle>
        </Style>
        <Style id="8641">
            <LineStyle id="8643">
                <colorMode>normal</colorMode>
                <width>0.5</width>
            </LineStyle>
            <PolyStyle id="8642">
                <color>7f0080ff</color>
                <colorMode>normal</colorMode>
                <fill>1</fill>
                <outline>1</outline>
            </PolyStyle>
        </Style>
        <Style id="8648">
            <LineStyle id="8650">
                <colorMode>normal</colorMode>
                <width>0.5</width>
            </LineStyle>
            <PolyStyle id="8649">
                <color>7f0080ff</color>
                <colorMode>normal</colorMode>
                <fill>1</fill>
                <outline>1</outline>
            </PolyStyle>
        </Style>
        <Style id="8655">
            <LineStyle id="8657">
                <colorMode>normal</colorMode>
                <width>0.5</width>
            </LineStyle>
            <PolyStyle id="8656">
                <color>7f0080ff</color>
                <colorMode>normal</colorMode>
                <fill>1</fill>
                <outline>1</outline>
            </PolyStyle>
        </Style>
        <Style id="8662">
            <LineStyle id="8664">
                <colorMode>normal</colorMode>
                <width>0.5</width>
            </LineStyle>
            <PolyStyle id="8663">
                <color>7f0080ff</color>
                <colorMode>normal</colorMode>
                <fill>1</fill>
                <outline>1</outline>
            </PolyStyle>
        </Style>
        <Style id="8669">
            <LineStyle id="8671">
                <colorMode>normal</colorMode>
                <width>0.5</width>
            </LineStyle>
            <PolyStyle id="8670">
                <color>7f0080ff</color>
                <colorMode>normal</colorMode>
                <fill>1</fill>
                <outline>1</outline>
            </PolyStyle>
        </Style>
        <Style id="8676">
            <LineStyle id="8678">
                <colorMode>normal</colorMode>
                <width>0.5</width>
            </LineStyle>
            <PolyStyle id="8677">
                <color>7f0080ff</color>
                <colorMode>normal</colorMode>
                <fill>1</fill>
                <outline>1</outline>
            </PolyStyle>
        </Style>
        <Style id="8683">
            <LineStyle id="8685">
                <colorMode>normal</colorMode>
                <width>0.5</width>
            </LineStyle>
            <PolyStyle id="8684">
                <color>7f0080ff</color>
                <colorMode>normal</colorMode>
                <fill>1</fill>
                <outline>1</outline>
            </PolyStyle>
        </Style>
        <Style id="8690">
            <LineStyle id="8692">
                <colorMode>normal</colorMode>
                <width>0.5</width>
            </LineStyle>
            <PolyStyle id="8691">
                <color>7f0080ff</color>
                <colorMode>normal</colorMode>
                <fill>1</fill>
                <outline>1</outline>
            </PolyStyle>
        </Style>
        <Style id="8697">
            <LineStyle id="8699">
                <colorMode>normal</colorMode>
                <width>0.5</width>
            </LineStyle>
            <PolyStyle id="8698">
                <color>7f0080ff</color>
                <colorMode>normal</colorMode>
                <fill>1</fill>
                <outline>1</outline>
            </PolyStyle>
        </Style>
        <Style id="8704">
            <LineStyle id="8706">
                <colorMode>normal</colorMode>
                <width>0.5</width>
            </LineStyle>
            <PolyStyle id="8705">
                <color>7f0080ff</color>
                <colorMode>normal</colorMode>
                <fill>1</fill>
                <outline>1</outline>
            </PolyStyle>
        </Style>
        <Style id="8711">
            <LineStyle id="8713">
                <colorMode>normal</colorMode>
                <width>0.5</width>
            </LineStyle>
            <PolyStyle id="8712">
                <color>7f0080ff</color>
                <colorMode>normal</colorMode>
                <fill>1</fill>
                <outline>1</outline>
            </PolyStyle>
        </Style>
        <Style id="8718">
            <LineStyle id="8720">
                <colorMode>normal</colorMode>
                <width>0.5</width>
            </LineStyle>
            <PolyStyle id="8719">
                <color>7f0080ff</color>
                <colorMode>normal</colorMode>
                <fill>1</fill>
                <outline>1</outline>
            </PolyStyle>
        </Style>
        <Style id="8725">
            <LineStyle id="8727">
                <colorMode>normal</colorMode>
                <width>0.5</width>
            </LineStyle>
            <PolyStyle id="8726">
                <color>7f0080ff</color>
                <colorMode>normal</colorMode>
                <fill>1</fill>
                <outline>1</outline>
            </PolyStyle>
        </Style>
        <Style id="8732">
            <LineStyle id="8734">
                <colorMode>normal</colorMode>
                <width>0.5</width>
            </LineStyle>
            <PolyStyle id="8733">
                <color>7f0080ff</color>
                <colorMode>normal</colorMode>
                <fill>1</fill>
                <outline>1</outline>
            </PolyStyle>
        </Style>
        <Style id="8739">
            <LineStyle id="8741">
                <colorMode>normal</colorMode>
                <width>0.5</width>
            </LineStyle>
            <PolyStyle id="8740">
                <color>7f0080ff</color>
                <colorMode>normal</colorMode>
                <fill>1</fill>
                <outline>1</outline>
            </PolyStyle>
        </Style>
        <Style id="8746">
            <LineStyle id="8748">
                <colorMode>normal</colorMode>
                <width>0.5</width>
            </LineStyle>
            <PolyStyle id="8747">
                <color>7f0080ff</color>
                <colorMode>normal</colorMode>
                <fill>1</fill>
                <outline>1</outline>
            </PolyStyle>
        </Style>
        <Style id="8753">
            <LineStyle id="8755">
                <colorMode>normal</colorMode>
                <width>0.5</width>
            </LineStyle>
            <PolyStyle id="8754">
                <color>7f0080ff</color>
                <colorMode>normal</colorMode>
                <fill>1</fill>
                <outline>1</outline>
            </PolyStyle>
        </Style>
        <Style id="8760">
            <LineStyle id="8762">
                <colorMode>normal</colorMode>
                <width>0.5</width>
            </LineStyle>
            <PolyStyle id="8761">
                <color>7f0080ff</color>
                <colorMode>normal</colorMode>
                <fill>1</fill>
                <outline>1</outline>
            </PolyStyle>
        </Style>
        <Style id="8767">
            <LineStyle id="8769">
                <colorMode>normal</colorMode>
                <width>0.5</width>
            </LineStyle>
            <PolyStyle id="8768">
                <color>7f0080ff</color>
                <colorMode>normal</colorMode>
                <fill>1</fill>
                <outline>1</outline>
            </PolyStyle>
        </Style>
        <Style id="8774">
            <LineStyle id="8776">
                <colorMode>normal</colorMode>
                <width>0.5</width>
            </LineStyle>
            <PolyStyle id="8775">
                <color>7f0080ff</color>
                <colorMode>normal</colorMode>
                <fill>1</fill>
                <outline>1</outline>
            </PolyStyle>
        </Style>
        <Style id="8781">
            <LineStyle id="8783">
                <colorMode>normal</colorMode>
                <width>0.5</width>
            </LineStyle>
            <PolyStyle id="8782">
                <color>7f0080ff</color>
                <colorMode>normal</colorMode>
                <fill>1</fill>
                <outline>1</outline>
            </PolyStyle>
        </Style>
        <Style id="8788">
            <LineStyle id="8790">
                <colorMode>normal</colorMode>
                <width>0.5</width>
            </LineStyle>
            <PolyStyle id="8789">
                <color>7f0080ff</color>
                <colorMode>normal</colorMode>
                <fill>1</fill>
                <outline>1</outline>
            </PolyStyle>
        </Style>
        <Style id="8795">
            <LineStyle id="8797">
                <colorMode>normal</colorMode>
                <width>0.5</width>
            </LineStyle>
            <PolyStyle id="8796">
                <color>7f0080ff</color>
                <colorMode>normal</colorMode>
                <fill>1</fill>
                <outline>1</outline>
            </PolyStyle>
        </Style>
        <Style id="8802">
            <LineStyle id="8804">
                <colorMode>normal</colorMode>
                <width>0.5</width>
            </LineStyle>
            <PolyStyle id="8803">
                <color>7f0080ff</color>
                <colorMode>normal</colorMode>
                <fill>1</fill>
                <outline>1</outline>
            </PolyStyle>
        </Style>
        <Style id="8809">
            <LineStyle id="8811">
                <colorMode>normal</colorMode>
                <width>0.5</width>
            </LineStyle>
            <PolyStyle id="8810">
                <color>7f0080ff</color>
                <colorMode>normal</colorMode>
                <fill>1</fill>
                <outline>1</outline>
            </PolyStyle>
        </Style>
        <Style id="8816">
            <LineStyle id="8818">
                <colorMode>normal</colorMode>
                <width>0.5</width>
            </LineStyle>
            <PolyStyle id="8817">
                <color>7f0080ff</color>
                <colorMode>normal</colorMode>
                <fill>1</fill>
                <outline>1</outline>
            </PolyStyle>
        </Style>
        <Style id="8823">
            <LineStyle id="8825">
                <colorMode>normal</colorMode>
                <width>0.5</width>
            </LineStyle>
            <PolyStyle id="8824">
                <color>7f0080ff</color>
                <colorMode>normal</colorMode>
                <fill>1</fill>
                <outline>1</outline>
            </PolyStyle>
        </Style>
        <Style id="8830">
            <LineStyle id="8832">
                <colorMode>normal</colorMode>
                <width>0.5</width>
            </LineStyle>
            <PolyStyle id="8831">
                <color>7f0080ff</color>
                <colorMode>normal</colorMode>
                <fill>1</fill>
                <outline>1</outline>
            </PolyStyle>
        </Style>
        <Style id="8837">
            <LineStyle id="8839">
                <colorMode>normal</colorMode>
                <width>0.5</width>
            </LineStyle>
            <PolyStyle id="8838">
                <color>7f0080ff</color>
                <colorMode>normal</colorMode>
                <fill>1</fill>
                <outline>1</outline>
            </PolyStyle>
        </Style>
        <Style id="8844">
            <LineStyle id="8846">
                <colorMode>normal</colorMode>
                <width>0.5</width>
            </LineStyle>
            <PolyStyle id="8845">
                <color>7f0080ff</color>
                <colorMode>normal</colorMode>
                <fill>1</fill>
                <outline>1</outline>
            </PolyStyle>
        </Style>
        <Style id="8851">
            <LineStyle id="8853">
                <colorMode>normal</colorMode>
                <width>0.5</width>
            </LineStyle>
            <PolyStyle id="8852">
                <color>7f0080ff</color>
                <colorMode>normal</colorMode>
                <fill>1</fill>
                <outline>1</outline>
            </PolyStyle>
        </Style>
        <Style id="8858">
            <LineStyle id="8860">
                <colorMode>normal</colorMode>
                <width>0.5</width>
            </LineStyle>
            <PolyStyle id="8859">
                <color>7f0080ff</color>
                <colorMode>normal</colorMode>
                <fill>1</fill>
                <outline>1</outline>
            </PolyStyle>
        </Style>
        <Style id="8865">
            <LineStyle id="8867">
                <colorMode>normal</colorMode>
                <width>0.5</width>
            </LineStyle>
            <PolyStyle id="8866">
                <color>7f0080ff</color>
                <colorMode>normal</colorMode>
                <fill>1</fill>
                <outline>1</outline>
            </PolyStyle>
        </Style>
        <Style id="8872">
            <LineStyle id="8874">
                <colorMode>normal</colorMode>
                <width>0.5</width>
            </LineStyle>
            <PolyStyle id="8873">
                <color>7f0080ff</color>
                <colorMode>normal</colorMode>
                <fill>1</fill>
                <outline>1</outline>
            </PolyStyle>
        </Style>
        <Style id="8879">
            <LineStyle id="8881">
                <colorMode>normal</colorMode>
                <width>0.5</width>
            </LineStyle>
            <PolyStyle id="8880">
                <color>7f0080ff</color>
                <colorMode>normal</colorMode>
                <fill>1</fill>
                <outline>1</outline>
            </PolyStyle>
        </Style>
        <Style id="8886">
            <LineStyle id="8888">
                <colorMode>normal</colorMode>
                <width>0.5</width>
            </LineStyle>
            <PolyStyle id="8887">
                <color>7f0080ff</color>
                <colorMode>normal</colorMode>
                <fill>1</fill>
                <outline>1</outline>
            </PolyStyle>
        </Style>
        <Style id="8893">
            <LineStyle id="8895">
                <colorMode>normal</colorMode>
                <width>0.5</width>
            </LineStyle>
            <PolyStyle id="8894">
                <color>7f0080ff</color>
                <colorMode>normal</colorMode>
                <fill>1</fill>
                <outline>1</outline>
            </PolyStyle>
        </Style>
        <Style id="8900">
            <LineStyle id="8902">
                <colorMode>normal</colorMode>
                <width>0.5</width>
            </LineStyle>
            <PolyStyle id="8901">
                <color>7f0080ff</color>
                <colorMode>normal</colorMode>
                <fill>1</fill>
                <outline>1</outline>
            </PolyStyle>
        </Style>
        <Style id="8907">
            <LineStyle id="8909">
                <colorMode>normal</colorMode>
                <width>0.5</width>
            </LineStyle>
            <PolyStyle id="8908">
                <color>7f0080ff</color>
                <colorMode>normal</colorMode>
                <fill>1</fill>
                <outline>1</outline>
            </PolyStyle>
        </Style>
        <Style id="8914">
            <LineStyle id="8916">
                <colorMode>normal</colorMode>
                <width>0.5</width>
            </LineStyle>
            <PolyStyle id="8915">
                <color>7f0080ff</color>
                <colorMode>normal</colorMode>
                <fill>1</fill>
                <outline>1</outline>
            </PolyStyle>
        </Style>
        <Style id="8921">
            <LineStyle id="8923">
                <colorMode>normal</colorMode>
                <width>0.5</width>
            </LineStyle>
            <PolyStyle id="8922">
                <color>7f0080ff</color>
                <colorMode>normal</colorMode>
                <fill>1</fill>
                <outline>1</outline>
            </PolyStyle>
        </Style>
        <Style id="8928">
            <LineStyle id="8930">
                <colorMode>normal</colorMode>
                <width>0.5</width>
            </LineStyle>
            <PolyStyle id="8929">
                <color>7f0080ff</color>
                <colorMode>normal</colorMode>
                <fill>1</fill>
                <outline>1</outline>
            </PolyStyle>
        </Style>
        <Style id="8935">
            <LineStyle id="8937">
                <colorMode>normal</colorMode>
                <width>0.5</width>
            </LineStyle>
            <PolyStyle id="8936">
                <color>7f0080ff</color>
                <colorMode>normal</colorMode>
                <fill>1</fill>
                <outline>1</outline>
            </PolyStyle>
        </Style>
        <Style id="8942">
            <LineStyle id="8944">
                <colorMode>normal</colorMode>
                <width>0.5</width>
            </LineStyle>
            <PolyStyle id="8943">
                <color>7f0080ff</color>
                <colorMode>normal</colorMode>
                <fill>1</fill>
                <outline>1</outline>
            </PolyStyle>
        </Style>
        <Style id="8949">
            <LineStyle id="8951">
                <colorMode>normal</colorMode>
                <width>0.5</width>
            </LineStyle>
            <PolyStyle id="8950">
                <color>7f0080ff</color>
                <colorMode>normal</colorMode>
                <fill>1</fill>
                <outline>1</outline>
            </PolyStyle>
        </Style>
        <Style id="8956">
            <LineStyle id="8958">
                <colorMode>normal</colorMode>
                <width>0.5</width>
            </LineStyle>
            <PolyStyle id="8957">
                <color>7f0080ff</color>
                <colorMode>normal</colorMode>
                <fill>1</fill>
                <outline>1</outline>
            </PolyStyle>
        </Style>
        <Style id="8963">
            <LineStyle id="8965">
                <colorMode>normal</colorMode>
                <width>0.5</width>
            </LineStyle>
            <PolyStyle id="8964">
                <color>7f0080ff</color>
                <colorMode>normal</colorMode>
                <fill>1</fill>
                <outline>1</outline>
            </PolyStyle>
        </Style>
        <Style id="8970">
            <LineStyle id="8972">
                <colorMode>normal</colorMode>
                <width>0.5</width>
            </LineStyle>
            <PolyStyle id="8971">
                <color>7f0080ff</color>
                <colorMode>normal</colorMode>
                <fill>1</fill>
                <outline>1</outline>
            </PolyStyle>
        </Style>
        <Style id="8977">
            <LineStyle id="8979">
                <colorMode>normal</colorMode>
                <width>0.5</width>
            </LineStyle>
            <PolyStyle id="8978">
                <color>7f0080ff</color>
                <colorMode>normal</colorMode>
                <fill>1</fill>
                <outline>1</outline>
            </PolyStyle>
        </Style>
        <Style id="8984">
            <LineStyle id="8986">
                <colorMode>normal</colorMode>
                <width>0.5</width>
            </LineStyle>
            <PolyStyle id="8985">
                <color>7f0080ff</color>
                <colorMode>normal</colorMode>
                <fill>1</fill>
                <outline>1</outline>
            </PolyStyle>
        </Style>
        <Style id="8991">
            <LineStyle id="8993">
                <colorMode>normal</colorMode>
                <width>0.5</width>
            </LineStyle>
            <PolyStyle id="8992">
                <color>7f0080ff</color>
                <colorMode>normal</colorMode>
                <fill>1</fill>
                <outline>1</outline>
            </PolyStyle>
        </Style>
        <Style id="8998">
            <LineStyle id="9000">
                <colorMode>normal</colorMode>
                <width>0.5</width>
            </LineStyle>
            <PolyStyle id="8999">
                <color>7f0080ff</color>
                <colorMode>normal</colorMode>
                <fill>1</fill>
                <outline>1</outline>
            </PolyStyle>
        </Style>
        <Style id="9005">
            <LineStyle id="9007">
                <colorMode>normal</colorMode>
                <width>0.5</width>
            </LineStyle>
            <PolyStyle id="9006">
                <color>7f0080ff</color>
                <colorMode>normal</colorMode>
                <fill>1</fill>
                <outline>1</outline>
            </PolyStyle>
        </Style>
        <Style id="9012">
            <LineStyle id="9014">
                <colorMode>normal</colorMode>
                <width>0.5</width>
            </LineStyle>
            <PolyStyle id="9013">
                <color>7f0080ff</color>
                <colorMode>normal</colorMode>
                <fill>1</fill>
                <outline>1</outline>
            </PolyStyle>
        </Style>
        <Style id="9019">
            <LineStyle id="9021">
                <colorMode>normal</colorMode>
                <width>0.5</width>
            </LineStyle>
            <PolyStyle id="9020">
                <color>7f0080ff</color>
                <colorMode>normal</colorMode>
                <fill>1</fill>
                <outline>1</outline>
            </PolyStyle>
        </Style>
        <Style id="9026">
            <LineStyle id="9028">
                <colorMode>normal</colorMode>
                <width>0.5</width>
            </LineStyle>
            <PolyStyle id="9027">
                <color>7f0080ff</color>
                <colorMode>normal</colorMode>
                <fill>1</fill>
                <outline>1</outline>
            </PolyStyle>
        </Style>
        <Style id="9033">
            <LineStyle id="9035">
                <colorMode>normal</colorMode>
                <width>0.5</width>
            </LineStyle>
            <PolyStyle id="9034">
                <color>7f0080ff</color>
                <colorMode>normal</colorMode>
                <fill>1</fill>
                <outline>1</outline>
            </PolyStyle>
        </Style>
        <Style id="9040">
            <LineStyle id="9042">
                <colorMode>normal</colorMode>
                <width>0.5</width>
            </LineStyle>
            <PolyStyle id="9041">
                <color>7f0080ff</color>
                <colorMode>normal</colorMode>
                <fill>1</fill>
                <outline>1</outline>
            </PolyStyle>
        </Style>
        <Style id="9047">
            <LineStyle id="9049">
                <colorMode>normal</colorMode>
                <width>0.5</width>
            </LineStyle>
            <PolyStyle id="9048">
                <color>7f0080ff</color>
                <colorMode>normal</colorMode>
                <fill>1</fill>
                <outline>1</outline>
            </PolyStyle>
        </Style>
        <Style id="9054">
            <LineStyle id="9056">
                <colorMode>normal</colorMode>
                <width>0.5</width>
            </LineStyle>
            <PolyStyle id="9055">
                <color>7f0080ff</color>
                <colorMode>normal</colorMode>
                <fill>1</fill>
                <outline>1</outline>
            </PolyStyle>
        </Style>
        <Style id="9061">
            <LineStyle id="9063">
                <colorMode>normal</colorMode>
                <width>0.5</width>
            </LineStyle>
            <PolyStyle id="9062">
                <color>7f0080ff</color>
                <colorMode>normal</colorMode>
                <fill>1</fill>
                <outline>1</outline>
            </PolyStyle>
        </Style>
        <Style id="9068">
            <LineStyle id="9070">
                <colorMode>normal</colorMode>
                <width>0.5</width>
            </LineStyle>
            <PolyStyle id="9069">
                <color>7f0080ff</color>
                <colorMode>normal</colorMode>
                <fill>1</fill>
                <outline>1</outline>
            </PolyStyle>
        </Style>
        <Style id="9075">
            <LineStyle id="9077">
                <colorMode>normal</colorMode>
                <width>0.5</width>
            </LineStyle>
            <PolyStyle id="9076">
                <color>7f0080ff</color>
                <colorMode>normal</colorMode>
                <fill>1</fill>
                <outline>1</outline>
            </PolyStyle>
        </Style>
        <Style id="9082">
            <LineStyle id="9084">
                <colorMode>normal</colorMode>
                <width>0.5</width>
            </LineStyle>
            <PolyStyle id="9083">
                <color>7f0080ff</color>
                <colorMode>normal</colorMode>
                <fill>1</fill>
                <outline>1</outline>
            </PolyStyle>
        </Style>
        <Style id="9089">
            <LineStyle id="9091">
                <colorMode>normal</colorMode>
                <width>0.5</width>
            </LineStyle>
            <PolyStyle id="9090">
                <color>7f0080ff</color>
                <colorMode>normal</colorMode>
                <fill>1</fill>
                <outline>1</outline>
            </PolyStyle>
        </Style>
        <Style id="9096">
            <LineStyle id="9098">
                <colorMode>normal</colorMode>
                <width>0.5</width>
            </LineStyle>
            <PolyStyle id="9097">
                <color>7f0080ff</color>
                <colorMode>normal</colorMode>
                <fill>1</fill>
                <outline>1</outline>
            </PolyStyle>
        </Style>
        <Style id="9103">
            <LineStyle id="9105">
                <colorMode>normal</colorMode>
                <width>0.5</width>
            </LineStyle>
            <PolyStyle id="9104">
                <color>7f0080ff</color>
                <colorMode>normal</colorMode>
                <fill>1</fill>
                <outline>1</outline>
            </PolyStyle>
        </Style>
        <Style id="9110">
            <LineStyle id="9112">
                <colorMode>normal</colorMode>
                <width>0.5</width>
            </LineStyle>
            <PolyStyle id="9111">
                <color>7f0080ff</color>
                <colorMode>normal</colorMode>
                <fill>1</fill>
                <outline>1</outline>
            </PolyStyle>
        </Style>
        <Style id="9117">
            <LineStyle id="9119">
                <colorMode>normal</colorMode>
                <width>0.5</width>
            </LineStyle>
            <PolyStyle id="9118">
                <color>7f0080ff</color>
                <colorMode>normal</colorMode>
                <fill>1</fill>
                <outline>1</outline>
            </PolyStyle>
        </Style>
        <Style id="9124">
            <LineStyle id="9126">
                <colorMode>normal</colorMode>
                <width>0.5</width>
            </LineStyle>
            <PolyStyle id="9125">
                <color>7f0080ff</color>
                <colorMode>normal</colorMode>
                <fill>1</fill>
                <outline>1</outline>
            </PolyStyle>
        </Style>
        <Style id="9131">
            <LineStyle id="9133">
                <colorMode>normal</colorMode>
                <width>0.5</width>
            </LineStyle>
            <PolyStyle id="9132">
                <color>7f0080ff</color>
                <colorMode>normal</colorMode>
                <fill>1</fill>
                <outline>1</outline>
            </PolyStyle>
        </Style>
        <Style id="9138">
            <LineStyle id="9140">
                <colorMode>normal</colorMode>
                <width>0.5</width>
            </LineStyle>
            <PolyStyle id="9139">
                <color>7f0080ff</color>
                <colorMode>normal</colorMode>
                <fill>1</fill>
                <outline>1</outline>
            </PolyStyle>
        </Style>
        <Style id="9145">
            <LineStyle id="9147">
                <colorMode>normal</colorMode>
                <width>0.5</width>
            </LineStyle>
            <PolyStyle id="9146">
                <color>7f0080ff</color>
                <colorMode>normal</colorMode>
                <fill>1</fill>
                <outline>1</outline>
            </PolyStyle>
        </Style>
        <Style id="9152">
            <LineStyle id="9154">
                <colorMode>normal</colorMode>
                <width>0.5</width>
            </LineStyle>
            <PolyStyle id="9153">
                <color>7f0080ff</color>
                <colorMode>normal</colorMode>
                <fill>1</fill>
                <outline>1</outline>
            </PolyStyle>
        </Style>
        <Style id="9159">
            <LineStyle id="9161">
                <colorMode>normal</colorMode>
                <width>0.5</width>
            </LineStyle>
            <PolyStyle id="9160">
                <color>7f0080ff</color>
                <colorMode>normal</colorMode>
                <fill>1</fill>
                <outline>1</outline>
            </PolyStyle>
        </Style>
        <Style id="9166">
            <LineStyle id="9168">
                <colorMode>normal</colorMode>
                <width>0.5</width>
            </LineStyle>
            <PolyStyle id="9167">
                <color>7f0080ff</color>
                <colorMode>normal</colorMode>
                <fill>1</fill>
                <outline>1</outline>
            </PolyStyle>
        </Style>
        <Style id="9173">
            <LineStyle id="9175">
                <colorMode>normal</colorMode>
                <width>0.5</width>
            </LineStyle>
            <PolyStyle id="9174">
                <color>7f0080ff</color>
                <colorMode>normal</colorMode>
                <fill>1</fill>
                <outline>1</outline>
            </PolyStyle>
        </Style>
        <Style id="9180">
            <LineStyle id="9182">
                <colorMode>normal</colorMode>
                <width>0.5</width>
            </LineStyle>
            <PolyStyle id="9181">
                <color>7f0080ff</color>
                <colorMode>normal</colorMode>
                <fill>1</fill>
                <outline>1</outline>
            </PolyStyle>
        </Style>
        <Style id="9187">
            <LineStyle id="9189">
                <colorMode>normal</colorMode>
                <width>0.5</width>
            </LineStyle>
            <PolyStyle id="9188">
                <color>7f0080ff</color>
                <colorMode>normal</colorMode>
                <fill>1</fill>
                <outline>1</outline>
            </PolyStyle>
        </Style>
        <Style id="9194">
            <LineStyle id="9196">
                <colorMode>normal</colorMode>
                <width>0.5</width>
            </LineStyle>
            <PolyStyle id="9195">
                <color>7f0080ff</color>
                <colorMode>normal</colorMode>
                <fill>1</fill>
                <outline>1</outline>
            </PolyStyle>
        </Style>
        <Style id="9201">
            <LineStyle id="9203">
                <colorMode>normal</colorMode>
                <width>0.5</width>
            </LineStyle>
            <PolyStyle id="9202">
                <color>7f0080ff</color>
                <colorMode>normal</colorMode>
                <fill>1</fill>
                <outline>1</outline>
            </PolyStyle>
        </Style>
        <Style id="9208">
            <LineStyle id="9210">
                <colorMode>normal</colorMode>
                <width>0.5</width>
            </LineStyle>
            <PolyStyle id="9209">
                <color>7f0080ff</color>
                <colorMode>normal</colorMode>
                <fill>1</fill>
                <outline>1</outline>
            </PolyStyle>
        </Style>
        <Style id="9215">
            <LineStyle id="9217">
                <colorMode>normal</colorMode>
                <width>0.5</width>
            </LineStyle>
            <PolyStyle id="9216">
                <color>7f0080ff</color>
                <colorMode>normal</colorMode>
                <fill>1</fill>
                <outline>1</outline>
            </PolyStyle>
        </Style>
        <Style id="9222">
            <LineStyle id="9224">
                <colorMode>normal</colorMode>
                <width>0.5</width>
            </LineStyle>
            <PolyStyle id="9223">
                <color>7f0080ff</color>
                <colorMode>normal</colorMode>
                <fill>1</fill>
                <outline>1</outline>
            </PolyStyle>
        </Style>
        <Style id="9229">
            <LineStyle id="9231">
                <colorMode>normal</colorMode>
                <width>0.5</width>
            </LineStyle>
            <PolyStyle id="9230">
                <color>7f0080ff</color>
                <colorMode>normal</colorMode>
                <fill>1</fill>
                <outline>1</outline>
            </PolyStyle>
        </Style>
        <Style id="9236">
            <LineStyle id="9238">
                <colorMode>normal</colorMode>
                <width>0.5</width>
            </LineStyle>
            <PolyStyle id="9237">
                <color>7f0080ff</color>
                <colorMode>normal</colorMode>
                <fill>1</fill>
                <outline>1</outline>
            </PolyStyle>
        </Style>
        <Style id="9243">
            <LineStyle id="9245">
                <colorMode>normal</colorMode>
                <width>0.5</width>
            </LineStyle>
            <PolyStyle id="9244">
                <color>7f0080ff</color>
                <colorMode>normal</colorMode>
                <fill>1</fill>
                <outline>1</outline>
            </PolyStyle>
        </Style>
        <Style id="9250">
            <LineStyle id="9252">
                <colorMode>normal</colorMode>
                <width>0.5</width>
            </LineStyle>
            <PolyStyle id="9251">
                <color>7f0080ff</color>
                <colorMode>normal</colorMode>
                <fill>1</fill>
                <outline>1</outline>
            </PolyStyle>
        </Style>
        <Style id="9257">
            <LineStyle id="9259">
                <colorMode>normal</colorMode>
                <width>0.5</width>
            </LineStyle>
            <PolyStyle id="9258">
                <color>7f0080ff</color>
                <colorMode>normal</colorMode>
                <fill>1</fill>
                <outline>1</outline>
            </PolyStyle>
        </Style>
        <Style id="9264">
            <LineStyle id="9266">
                <colorMode>normal</colorMode>
                <width>0.5</width>
            </LineStyle>
            <PolyStyle id="9265">
                <color>7f0080ff</color>
                <colorMode>normal</colorMode>
                <fill>1</fill>
                <outline>1</outline>
            </PolyStyle>
        </Style>
        <Style id="9271">
            <LineStyle id="9273">
                <colorMode>normal</colorMode>
                <width>0.5</width>
            </LineStyle>
            <PolyStyle id="9272">
                <color>7f0080ff</color>
                <colorMode>normal</colorMode>
                <fill>1</fill>
                <outline>1</outline>
            </PolyStyle>
        </Style>
        <Style id="9278">
            <LineStyle id="9280">
                <colorMode>normal</colorMode>
                <width>0.5</width>
            </LineStyle>
            <PolyStyle id="9279">
                <color>7f0080ff</color>
                <colorMode>normal</colorMode>
                <fill>1</fill>
                <outline>1</outline>
            </PolyStyle>
        </Style>
        <Style id="9285">
            <LineStyle id="9287">
                <colorMode>normal</colorMode>
                <width>0.5</width>
            </LineStyle>
            <PolyStyle id="9286">
                <color>7f0080ff</color>
                <colorMode>normal</colorMode>
                <fill>1</fill>
                <outline>1</outline>
            </PolyStyle>
        </Style>
        <Style id="9292">
            <LineStyle id="9294">
                <colorMode>normal</colorMode>
                <width>0.5</width>
            </LineStyle>
            <PolyStyle id="9293">
                <color>7f0080ff</color>
                <colorMode>normal</colorMode>
                <fill>1</fill>
                <outline>1</outline>
            </PolyStyle>
        </Style>
        <Style id="9299">
            <LineStyle id="9301">
                <colorMode>normal</colorMode>
                <width>0.5</width>
            </LineStyle>
            <PolyStyle id="9300">
                <color>7f0080ff</color>
                <colorMode>normal</colorMode>
                <fill>1</fill>
                <outline>1</outline>
            </PolyStyle>
        </Style>
        <Style id="9306">
            <LineStyle id="9308">
                <colorMode>normal</colorMode>
                <width>0.5</width>
            </LineStyle>
            <PolyStyle id="9307">
                <color>7f0080ff</color>
                <colorMode>normal</colorMode>
                <fill>1</fill>
                <outline>1</outline>
            </PolyStyle>
        </Style>
        <Style id="9313">
            <LineStyle id="9315">
                <colorMode>normal</colorMode>
                <width>0.5</width>
            </LineStyle>
            <PolyStyle id="9314">
                <color>7f0080ff</color>
                <colorMode>normal</colorMode>
                <fill>1</fill>
                <outline>1</outline>
            </PolyStyle>
        </Style>
        <Style id="9320">
            <LineStyle id="9322">
                <colorMode>normal</colorMode>
                <width>0.5</width>
            </LineStyle>
            <PolyStyle id="9321">
                <color>7f0080ff</color>
                <colorMode>normal</colorMode>
                <fill>1</fill>
                <outline>1</outline>
            </PolyStyle>
        </Style>
        <Style id="9327">
            <LineStyle id="9329">
                <colorMode>normal</colorMode>
                <width>0.5</width>
            </LineStyle>
            <PolyStyle id="9328">
                <color>7f0080ff</color>
                <colorMode>normal</colorMode>
                <fill>1</fill>
                <outline>1</outline>
            </PolyStyle>
        </Style>
        <Style id="9334">
            <LineStyle id="9336">
                <colorMode>normal</colorMode>
                <width>0.5</width>
            </LineStyle>
            <PolyStyle id="9335">
                <color>7f0080ff</color>
                <colorMode>normal</colorMode>
                <fill>1</fill>
                <outline>1</outline>
            </PolyStyle>
        </Style>
        <Style id="9341">
            <LineStyle id="9343">
                <colorMode>normal</colorMode>
                <width>0.5</width>
            </LineStyle>
            <PolyStyle id="9342">
                <color>7f0080ff</color>
                <colorMode>normal</colorMode>
                <fill>1</fill>
                <outline>1</outline>
            </PolyStyle>
        </Style>
        <Style id="9348">
            <LineStyle id="9350">
                <colorMode>normal</colorMode>
                <width>0.5</width>
            </LineStyle>
            <PolyStyle id="9349">
                <color>7f0080ff</color>
                <colorMode>normal</colorMode>
                <fill>1</fill>
                <outline>1</outline>
            </PolyStyle>
        </Style>
        <Style id="9355">
            <LineStyle id="9357">
                <colorMode>normal</colorMode>
                <width>0.5</width>
            </LineStyle>
            <PolyStyle id="9356">
                <color>7f0080ff</color>
                <colorMode>normal</colorMode>
                <fill>1</fill>
                <outline>1</outline>
            </PolyStyle>
        </Style>
        <Style id="9362">
            <LineStyle id="9364">
                <colorMode>normal</colorMode>
                <width>0.5</width>
            </LineStyle>
            <PolyStyle id="9363">
                <color>7f0080ff</color>
                <colorMode>normal</colorMode>
                <fill>1</fill>
                <outline>1</outline>
            </PolyStyle>
        </Style>
        <Style id="9369">
            <LineStyle id="9371">
                <colorMode>normal</colorMode>
                <width>0.5</width>
            </LineStyle>
            <PolyStyle id="9370">
                <color>7f0080ff</color>
                <colorMode>normal</colorMode>
                <fill>1</fill>
                <outline>1</outline>
            </PolyStyle>
        </Style>
        <Style id="9376">
            <LineStyle id="9378">
                <colorMode>normal</colorMode>
                <width>0.5</width>
            </LineStyle>
            <PolyStyle id="9377">
                <color>7f0080ff</color>
                <colorMode>normal</colorMode>
                <fill>1</fill>
                <outline>1</outline>
            </PolyStyle>
        </Style>
        <Style id="9383">
            <LineStyle id="9385">
                <colorMode>normal</colorMode>
                <width>0.5</width>
            </LineStyle>
            <PolyStyle id="9384">
                <color>7f0000ff</color>
                <colorMode>normal</colorMode>
                <fill>1</fill>
                <outline>1</outline>
            </PolyStyle>
        </Style>
        <Style id="9410">
            <LineStyle id="9412">
                <colorMode>normal</colorMode>
                <width>0.5</width>
            </LineStyle>
            <PolyStyle id="9411">
                <color>7f0000ff</color>
                <colorMode>normal</colorMode>
                <fill>1</fill>
                <outline>1</outline>
            </PolyStyle>
        </Style>
        <Style id="9417">
            <LineStyle id="9419">
                <colorMode>normal</colorMode>
                <width>0.5</width>
            </LineStyle>
            <PolyStyle id="9418">
                <color>7f0000ff</color>
                <colorMode>normal</colorMode>
                <fill>1</fill>
                <outline>1</outline>
            </PolyStyle>
        </Style>
        <Style id="9424">
            <LineStyle id="9426">
                <colorMode>normal</colorMode>
                <width>0.5</width>
            </LineStyle>
            <PolyStyle id="9425">
                <color>7f0000ff</color>
                <colorMode>normal</colorMode>
                <fill>1</fill>
                <outline>1</outline>
            </PolyStyle>
        </Style>
        <Style id="9431">
            <LineStyle id="9433">
                <colorMode>normal</colorMode>
                <width>0.5</width>
            </LineStyle>
            <PolyStyle id="9432">
                <color>7f0000ff</color>
                <colorMode>normal</colorMode>
                <fill>1</fill>
                <outline>1</outline>
            </PolyStyle>
        </Style>
        <Style id="9438">
            <LineStyle id="9440">
                <colorMode>normal</colorMode>
                <width>0.5</width>
            </LineStyle>
            <PolyStyle id="9439">
                <color>7f0000ff</color>
                <colorMode>normal</colorMode>
                <fill>1</fill>
                <outline>1</outline>
            </PolyStyle>
        </Style>
        <Style id="9445">
            <LineStyle id="9447">
                <colorMode>normal</colorMode>
                <width>0.5</width>
            </LineStyle>
            <PolyStyle id="9446">
                <color>7f0000ff</color>
                <colorMode>normal</colorMode>
                <fill>1</fill>
                <outline>1</outline>
            </PolyStyle>
        </Style>
        <Style id="9452">
            <LineStyle id="9454">
                <colorMode>normal</colorMode>
                <width>0.5</width>
            </LineStyle>
            <PolyStyle id="9453">
                <color>7f0000ff</color>
                <colorMode>normal</colorMode>
                <fill>1</fill>
                <outline>1</outline>
            </PolyStyle>
        </Style>
        <Style id="9459">
            <LineStyle id="9461">
                <colorMode>normal</colorMode>
                <width>0.5</width>
            </LineStyle>
            <PolyStyle id="9460">
                <color>7f0000ff</color>
                <colorMode>normal</colorMode>
                <fill>1</fill>
                <outline>1</outline>
            </PolyStyle>
        </Style>
        <Style id="9466">
            <LineStyle id="9468">
                <colorMode>normal</colorMode>
                <width>0.5</width>
            </LineStyle>
            <PolyStyle id="9467">
                <color>7f0000ff</color>
                <colorMode>normal</colorMode>
                <fill>1</fill>
                <outline>1</outline>
            </PolyStyle>
        </Style>
        <Style id="9473">
            <LineStyle id="9475">
                <colorMode>normal</colorMode>
                <width>0.5</width>
            </LineStyle>
            <PolyStyle id="9474">
                <color>7f0000ff</color>
                <colorMode>normal</colorMode>
                <fill>1</fill>
                <outline>1</outline>
            </PolyStyle>
        </Style>
        <Style id="9480">
            <LineStyle id="9482">
                <colorMode>normal</colorMode>
                <width>0.5</width>
            </LineStyle>
            <PolyStyle id="9481">
                <color>7f0000ff</color>
                <colorMode>normal</colorMode>
                <fill>1</fill>
                <outline>1</outline>
            </PolyStyle>
        </Style>
        <Style id="9487">
            <LineStyle id="9489">
                <colorMode>normal</colorMode>
                <width>0.5</width>
            </LineStyle>
            <PolyStyle id="9488">
                <color>7f0000ff</color>
                <colorMode>normal</colorMode>
                <fill>1</fill>
                <outline>1</outline>
            </PolyStyle>
        </Style>
        <Style id="9494">
            <LineStyle id="9496">
                <colorMode>normal</colorMode>
                <width>0.5</width>
            </LineStyle>
            <PolyStyle id="9495">
                <color>7f0000ff</color>
                <colorMode>normal</colorMode>
                <fill>1</fill>
                <outline>1</outline>
            </PolyStyle>
        </Style>
        <Style id="9501">
            <LineStyle id="9503">
                <colorMode>normal</colorMode>
                <width>0.5</width>
            </LineStyle>
            <PolyStyle id="9502">
                <color>7f0000ff</color>
                <colorMode>normal</colorMode>
                <fill>1</fill>
                <outline>1</outline>
            </PolyStyle>
        </Style>
        <Style id="9508">
            <LineStyle id="9510">
                <colorMode>normal</colorMode>
                <width>0.5</width>
            </LineStyle>
            <PolyStyle id="9509">
                <color>7f0000ff</color>
                <colorMode>normal</colorMode>
                <fill>1</fill>
                <outline>1</outline>
            </PolyStyle>
        </Style>
        <Style id="9515">
            <LineStyle id="9517">
                <colorMode>normal</colorMode>
                <width>0.5</width>
            </LineStyle>
            <PolyStyle id="9516">
                <color>7f0000ff</color>
                <colorMode>normal</colorMode>
                <fill>1</fill>
                <outline>1</outline>
            </PolyStyle>
        </Style>
        <Style id="9522">
            <LineStyle id="9524">
                <colorMode>normal</colorMode>
                <width>0.5</width>
            </LineStyle>
            <PolyStyle id="9523">
                <color>7f0000ff</color>
                <colorMode>normal</colorMode>
                <fill>1</fill>
                <outline>1</outline>
            </PolyStyle>
        </Style>
        <Style id="9529">
            <LineStyle id="9531">
                <colorMode>normal</colorMode>
                <width>0.5</width>
            </LineStyle>
            <PolyStyle id="9530">
                <color>7f0000ff</color>
                <colorMode>normal</colorMode>
                <fill>1</fill>
                <outline>1</outline>
            </PolyStyle>
        </Style>
        <Style id="9536">
            <LineStyle id="9538">
                <colorMode>normal</colorMode>
                <width>0.5</width>
            </LineStyle>
            <PolyStyle id="9537">
                <color>7f0000ff</color>
                <colorMode>normal</colorMode>
                <fill>1</fill>
                <outline>1</outline>
            </PolyStyle>
        </Style>
        <Style id="9543">
            <LineStyle id="9545">
                <colorMode>normal</colorMode>
                <width>0.5</width>
            </LineStyle>
            <PolyStyle id="9544">
                <color>7f0000ff</color>
                <colorMode>normal</colorMode>
                <fill>1</fill>
                <outline>1</outline>
            </PolyStyle>
        </Style>
        <Style id="9550">
            <LineStyle id="9552">
                <colorMode>normal</colorMode>
                <width>0.5</width>
            </LineStyle>
            <PolyStyle id="9551">
                <color>7f0000ff</color>
                <colorMode>normal</colorMode>
                <fill>1</fill>
                <outline>1</outline>
            </PolyStyle>
        </Style>
        <Style id="9557">
            <LineStyle id="9559">
                <colorMode>normal</colorMode>
                <width>0.5</width>
            </LineStyle>
            <PolyStyle id="9558">
                <color>7f0000ff</color>
                <colorMode>normal</colorMode>
                <fill>1</fill>
                <outline>1</outline>
            </PolyStyle>
        </Style>
        <Style id="9564">
            <LineStyle id="9566">
                <colorMode>normal</colorMode>
                <width>0.5</width>
            </LineStyle>
            <PolyStyle id="9565">
                <color>7f0000ff</color>
                <colorMode>normal</colorMode>
                <fill>1</fill>
                <outline>1</outline>
            </PolyStyle>
        </Style>
        <Style id="9571">
            <LineStyle id="9573">
                <colorMode>normal</colorMode>
                <width>0.5</width>
            </LineStyle>
            <PolyStyle id="9572">
                <color>7f0000ff</color>
                <colorMode>normal</colorMode>
                <fill>1</fill>
                <outline>1</outline>
            </PolyStyle>
        </Style>
        <Style id="9578">
            <LineStyle id="9580">
                <colorMode>normal</colorMode>
                <width>0.5</width>
            </LineStyle>
            <PolyStyle id="9579">
                <color>7f0000ff</color>
                <colorMode>normal</colorMode>
                <fill>1</fill>
                <outline>1</outline>
            </PolyStyle>
        </Style>
        <Style id="9585">
            <LineStyle id="9587">
                <colorMode>normal</colorMode>
                <width>0.5</width>
            </LineStyle>
            <PolyStyle id="9586">
                <color>7f0000ff</color>
                <colorMode>normal</colorMode>
                <fill>1</fill>
                <outline>1</outline>
            </PolyStyle>
        </Style>
        <Style id="9592">
            <LineStyle id="9594">
                <colorMode>normal</colorMode>
                <width>0.5</width>
            </LineStyle>
            <PolyStyle id="9593">
                <color>7f0000ff</color>
                <colorMode>normal</colorMode>
                <fill>1</fill>
                <outline>1</outline>
            </PolyStyle>
        </Style>
        <Style id="9599">
            <LineStyle id="9601">
                <colorMode>normal</colorMode>
                <width>0.5</width>
            </LineStyle>
            <PolyStyle id="9600">
                <color>7f0000ff</color>
                <colorMode>normal</colorMode>
                <fill>1</fill>
                <outline>1</outline>
            </PolyStyle>
        </Style>
        <Style id="9606">
            <LineStyle id="9608">
                <colorMode>normal</colorMode>
                <width>0.5</width>
            </LineStyle>
            <PolyStyle id="9607">
                <color>7f0000ff</color>
                <colorMode>normal</colorMode>
                <fill>1</fill>
                <outline>1</outline>
            </PolyStyle>
        </Style>
        <Style id="9613">
            <LineStyle id="9615">
                <colorMode>normal</colorMode>
                <width>0.5</width>
            </LineStyle>
            <PolyStyle id="9614">
                <color>7f0000ff</color>
                <colorMode>normal</colorMode>
                <fill>1</fill>
                <outline>1</outline>
            </PolyStyle>
        </Style>
        <Style id="9620">
            <LineStyle id="9622">
                <colorMode>normal</colorMode>
                <width>0.5</width>
            </LineStyle>
            <PolyStyle id="9621">
                <color>7f0000ff</color>
                <colorMode>normal</colorMode>
                <fill>1</fill>
                <outline>1</outline>
            </PolyStyle>
        </Style>
        <Style id="9627">
            <LineStyle id="9629">
                <colorMode>normal</colorMode>
                <width>0.5</width>
            </LineStyle>
            <PolyStyle id="9628">
                <color>7f0000ff</color>
                <colorMode>normal</colorMode>
                <fill>1</fill>
                <outline>1</outline>
            </PolyStyle>
        </Style>
        <Style id="9634">
            <LineStyle id="9636">
                <colorMode>normal</colorMode>
                <width>0.5</width>
            </LineStyle>
            <PolyStyle id="9635">
                <color>7f0000ff</color>
                <colorMode>normal</colorMode>
                <fill>1</fill>
                <outline>1</outline>
            </PolyStyle>
        </Style>
        <Style id="9641">
            <LineStyle id="9643">
                <colorMode>normal</colorMode>
                <width>0.5</width>
            </LineStyle>
            <PolyStyle id="9642">
                <color>7f0000ff</color>
                <colorMode>normal</colorMode>
                <fill>1</fill>
                <outline>1</outline>
            </PolyStyle>
        </Style>
        <name>sph hazard</name>
        <Placemark id="6314">
            <name>Low</name>
            <styleUrl>#6317</styleUrl>
            <Polygon id="6313">
                <outerBoundaryIs>
                    <LinearRing id="6315">
                        <coordinates>85.13963098984719,27.90279408175642,0.0 85.13962481474864,27.9031549876385,0.0 85.13982793798854,27.903157730466706,0.0 85.13983411241381,27.902796824543035,0.0 85.13963098984719,27.90279408175642,0.0</coordinates>
                    </LinearRing>
                </outerBoundaryIs>
            </Polygon>
        </Placemark>
        <Placemark id="6321">
            <name>Low</name>
            <styleUrl>#6324</styleUrl>
            <Polygon id="6320">
                <outerBoundaryIs>
                    <LinearRing id="6322">
                        <coordinates>85.14103742223567,27.903715540375806,0.0 85.14103433691422,27.90389599343966,0.0 85.14123746170087,27.903898734256995,0.0 85.14124054668568,27.903718281172374,0.0 85.14103742223567,27.903715540375806,0.0</coordinates>
                    </LinearRing>
                </outerBoundaryIs>
            </Polygon>
        </Placemark>
        <Placemark id="6328">
            <name>Low</name>
            <styleUrl>#6331</styleUrl>
            <Polygon id="6327">
                <outerBoundaryIs>
                    <LinearRing id="6329">
                        <coordinates>85.14082812646947,27.90407370536121,0.0 85.14082195501031,27.904434611422133,0.0 85.14102508077835,27.904437352600954,0.0 85.14103125156419,27.90407644649847,0.0 85.14082812646947,27.90407370536121,0.0</coordinates>
                    </LinearRing>
                </outerBoundaryIs>
            </Polygon>
        </Placemark>
        <Placemark id="6335">
            <name>Low</name>
            <styleUrl>#6338</styleUrl>
            <Polygon id="6334">
                <outerBoundaryIs>
                    <LinearRing id="6336">
                        <coordinates>85.13959084966112,27.905139969629438,0.0 85.13979397660424,27.905142712686356,0.0 85.13979706414585,27.904962259782508,0.0 85.1395939375394,27.904959516746388,0.0 85.13959084966112,27.905139969629438,0.0</coordinates>
                    </LinearRing>
                </outerBoundaryIs>
            </Polygon>
        </Placemark>
        <Placemark id="6342">
            <name>Low</name>
            <styleUrl>#6345</styleUrl>
            <Polygon id="6341">
                <outerBoundaryIs>
                    <LinearRing id="6343">
                        <coordinates>85.14079726803003,27.905878235464197,0.0 85.14100039649148,27.90588097680925,0.0 85.1410034821274,27.905700523800853,0.0 85.14080035400264,27.905697782476587,0.0 85.14079726803003,27.905878235464197,0.0</coordinates>
                    </LinearRing>
                </outerBoundaryIs>
            </Polygon>
        </Placemark>
        <Placemark id="6349">
            <name>Low</name>
            <styleUrl>#6352</styleUrl>
            <Polygon id="6348">
                <outerBoundaryIs>
                    <LinearRing id="6350">
                        <coordinates>85.13955688111169,27.90712495101027,0.0 85.13955379289007,27.907305403832822,0.0 85.13975692387352,27.907308147139258,0.0 85.13976001175843,27.907127694295912,0.0 85.13955688111169,27.90712495101027,0.0</coordinates>
                    </LinearRing>
                </outerBoundaryIs>
            </Polygon>
        </Placemark>
        <Placemark id="6356">
            <name>Low</name>
            <styleUrl>#6359</styleUrl>
            <Polygon id="6355">
                <outerBoundaryIs>
                    <LinearRing id="6357">
                        <coordinates>85.13831955595154,27.908191201124275,0.0 85.13831337509555,27.908552106454195,0.0 85.13851650826432,27.908554851701425,0.0 85.13852268844684,27.908193946329884,0.0 85.13831955595154,27.908191201124275,0.0</coordinates>
                    </LinearRing>
                </outerBoundaryIs>
            </Polygon>
        </Placemark>
        <Placemark id="6363">
            <name>Low</name>
            <styleUrl>#6366</styleUrl>
            <Polygon id="6362">
                <outerBoundaryIs>
                    <LinearRing id="6364">
                        <coordinates>85.1380978785529,27.909271171423853,0.0 85.13809478763066,27.90945162404027,0.0 85.13829792245451,27.909454369690746,0.0 85.13830101303999,27.90927391705353,0.0 85.1380978785529,27.909271171423853,0.0</coordinates>
                    </LinearRing>
                </outerBoundaryIs>
            </Polygon>
        </Placemark>
        <Placemark id="6370">
            <name>Low</name>
            <styleUrl>#6373</styleUrl>
            <Polygon id="6369">
                <outerBoundaryIs>
                    <LinearRing id="6371">
                        <coordinates>85.13726369440485,27.91052335353917,0.0 85.13746683113466,27.910526100511433,0.0 85.137469923239,27.910345647987718,0.0 85.13726678684596,27.91034290103628,0.0 85.13726369440485,27.91052335353917,0.0</coordinates>
                    </LinearRing>
                </outerBoundaryIs>
            </Polygon>
        </Placemark>
        <Placemark id="6377">
            <name>Low</name>
            <styleUrl>#6380</styleUrl>
            <Polygon id="6376">
                <outerBoundaryIs>
                    <LinearRing id="6378">
                        <coordinates>85.13848251521333,27.910539830884304,0.0 85.13868565211497,27.91054257606118,0.0 85.13868874219874,27.910362123412604,0.0 85.13848560563386,27.91035937825653,0.0 85.13848251521333,27.910539830884304,0.0</coordinates>
                    </LinearRing>
                </outerBoundaryIs>
            </Polygon>
        </Placemark>
        <Placemark id="6384">
            <name>Low</name>
            <styleUrl>#6387</styleUrl>
            <Polygon id="6383">
                <outerBoundaryIs>
                    <LinearRing id="6385">
                        <coordinates>85.1370605577037,27.91052060626767,0.0 85.13705746489717,27.9107010587447,0.0 85.13726060193508,27.910703806037017,0.0 85.13726369440485,27.91052335353917,0.0 85.1370605577037,27.91052060626767,0.0</coordinates>
                    </LinearRing>
                </outerBoundaryIs>
            </Polygon>
        </Placemark>
        <Placemark id="6391">
            <name>Low</name>
            <styleUrl>#6394</styleUrl>
            <Polygon id="6390">
                <outerBoundaryIs>
                    <LinearRing id="6392">
                        <coordinates>85.13682648830864,27.91232238303198,0.0 85.13682339487877,27.91250283543774,0.0 85.13702653525587,27.91250558323753,0.0 85.13702962834896,27.91232513081095,0.0 85.13682648830864,27.91232238303198,0.0</coordinates>
                    </LinearRing>
                </outerBoundaryIs>
            </Polygon>
        </Placemark>
        <Placemark id="6398">
            <name>Low</name>
            <styleUrl>#6401</styleUrl>
            <Polygon id="6397">
                <outerBoundaryIs>
                    <LinearRing id="6399">
                        <coordinates>85.13641092591759,27.91285824365347,0.0 85.13640783172812,27.91303869600245,0.0 85.1366109730583,27.91304144446324,0.0 85.13661406691098,27.91286099209343,0.0 85.13641092591759,27.91285824365347,0.0</coordinates>
                    </LinearRing>
                </outerBoundaryIs>
            </Polygon>
        </Placemark>
        <Placemark id="6405">
            <name>Low</name>
            <styleUrl>#6408</styleUrl>
            <Polygon id="6404">
                <outerBoundaryIs>
                    <LinearRing id="6406">
                        <coordinates>85.1355735971341,27.91429086488485,0.0 85.13577674070734,27.914293614688557,0.0 85.13577983610799,27.914113162437395,0.0 85.13537354966383,27.9141076625724,0.0 85.13536735748657,27.9144685669863,0.0 85.13557050136797,27.914471317110127,0.0 85.1355735971341,27.91429086488485,0.0</coordinates>
                    </LinearRing>
                </outerBoundaryIs>
            </Polygon>
        </Placemark>
        <Placemark id="6412">
            <name>Low</name>
            <styleUrl>#6415</styleUrl>
            <Polygon id="6411">
                <outerBoundaryIs>
                    <LinearRing id="6413">
                        <coordinates>85.1363614154459,27.915745480631696,0.0 85.13656456182858,27.91574822940494,0.0 85.13656765611123,27.9155677771108,0.0 85.13636451006539,27.91556502835839,0.0 85.1363614154459,27.915745480631696,0.0</coordinates>
                    </LinearRing>
                </outerBoundaryIs>
            </Polygon>
        </Placemark>
        <Placemark id="6419">
            <name>Low</name>
            <styleUrl>#6422</styleUrl>
            <Polygon id="6418">
                <outerBoundaryIs>
                    <LinearRing id="6420">
                        <coordinates>85.13656456182858,27.91574822940494,0.0 85.13656146751728,27.915928681694027,0.0 85.13696776104234,27.91593417838428,0.0 85.13697085467994,27.91575372605353,0.0 85.13656456182858,27.91574822940494,0.0</coordinates>
                    </LinearRing>
                </outerBoundaryIs>
            </Polygon>
        </Placemark>
        <Placemark id="6426">
            <name>Low</name>
            <styleUrl>#6429</styleUrl>
            <Polygon id="6425">
                <outerBoundaryIs>
                    <LinearRing id="6427">
                        <coordinates>85.13797731136397,27.91630881972674,0.0 85.13818045898647,27.91631156616806,0.0 85.1381835506602,27.916131113722493,0.0 85.13798040337456,27.91612836730199,0.0 85.13797731136397,27.91630881972674,0.0</coordinates>
                    </LinearRing>
                </outerBoundaryIs>
            </Polygon>
        </Placemark>
        <Placemark id="6433">
            <name>Low</name>
            <styleUrl>#6436</styleUrl>
            <Polygon id="6432">
                <outerBoundaryIs>
                    <LinearRing id="6434">
                        <coordinates>85.13533020201358,27.916633993046002,0.0 85.13553334993718,27.916636743419925,0.0 85.1355364460475,27.916456291255187,0.0 85.13533329846075,27.9164535409021,0.0 85.13533020201358,27.916633993046002,0.0</coordinates>
                    </LinearRing>
                </outerBoundaryIs>
            </Polygon>
        </Placemark>
        <Placemark id="6440">
            <name>Low</name>
            <styleUrl>#6443</styleUrl>
            <Polygon id="6439">
                <outerBoundaryIs>
                    <LinearRing id="6441">
                        <coordinates>85.13999952278004,27.916877628539293,0.0 85.13999643402364,27.9170580811519,0.0 85.14019958327995,27.91706082468333,0.0 85.14020267169946,27.916880372049942,0.0 85.13999952278004,27.916877628539293,0.0</coordinates>
                    </LinearRing>
                </outerBoundaryIs>
            </Polygon>
        </Placemark>
        <Placemark id="6447">
            <name>Low</name>
            <styleUrl>#6450</styleUrl>
            <Polygon id="6446">
                <outerBoundaryIs>
                    <LinearRing id="6448">
                        <coordinates>85.13653980653547,27.917191847576426,0.0 85.13674295564175,27.917194596216994,0.0 85.13674604981685,27.91701414394239,0.0 85.13654290104745,27.917011395322643,0.0 85.13653980653547,27.917191847576426,0.0</coordinates>
                    </LinearRing>
                </outerBoundaryIs>
            </Polygon>
        </Placemark>
        <Placemark id="6454">
            <name>Low</name>
            <styleUrl>#6457</styleUrl>
            <Polygon id="6453">
                <outerBoundaryIs>
                    <LinearRing id="6455">
                        <coordinates>85.13694301090983,27.91737779684864,0.0 85.13714616041032,27.917380544911413,0.0 85.13714925394032,27.9172000926002,0.0 85.1369461047767,27.917197344558254,0.0 85.13694301090983,27.91737779684864,0.0</coordinates>
                    </LinearRing>
                </outerBoundaryIs>
            </Polygon>
        </Placemark>
        <Placemark id="6461">
            <name>Low</name>
            <styleUrl>#6464</styleUrl>
            <Polygon id="6460">
                <outerBoundaryIs>
                    <LinearRing id="6462">
                        <coordinates>85.13774942395911,27.917749692036047,0.0 85.13774633135381,27.917930144394585,0.0 85.13794948197959,27.917932891322536,0.0 85.13795257424799,27.917752438943182,0.0 85.13774942395911,27.917749692036047,0.0</coordinates>
                    </LinearRing>
                </outerBoundaryIs>
            </Polygon>
        </Placemark>
        <Placemark id="6468">
            <name>Low</name>
            <styleUrl>#6471</styleUrl>
            <Polygon id="6467">
                <outerBoundaryIs>
                    <LinearRing id="6469">
                        <coordinates>85.13814644868506,27.91829654273637,0.0 85.13814335666763,27.91847699512141,0.0 85.1383465083614,27.91847974151315,0.0 85.13834960004193,27.9182992891073,0.0 85.13814644868506,27.91829654273637,0.0</coordinates>
                    </LinearRing>
                </outerBoundaryIs>
            </Polygon>
        </Placemark>
        <Placemark id="6475">
            <name>Low</name>
            <styleUrl>#6478</styleUrl>
            <Polygon id="6474">
                <outerBoundaryIs>
                    <LinearRing id="6476">
                        <coordinates>85.14320673919453,27.919447829562948,0.0 85.14320365542831,27.919628282437323,0.0 85.14340680985867,27.919631021470284,0.0 85.14340989328798,27.91945056857515,0.0 85.14320673919453,27.919447829562948,0.0</coordinates>
                    </LinearRing>
                </outerBoundaryIs>
            </Polygon>
        </Placemark>
        <Placemark id="6482">
            <name>Low</name>
            <styleUrl>#6485</styleUrl>
            <Polygon id="6481">
                <outerBoundaryIs>
                    <LinearRing id="6483">
                        <coordinates>85.14177848906242,27.919789553548856,0.0 85.14198164362968,27.919792294698016,0.0 85.14198472944605,27.919611841953262,0.0 85.1417815752157,27.91960910082487,0.0 85.14177848906242,27.919789553548856,0.0</coordinates>
                    </LinearRing>
                </outerBoundaryIs>
            </Polygon>
        </Placemark>
        <Placemark id="6489">
            <name>Low</name>
            <styleUrl>#6492</styleUrl>
            <Polygon id="6488">
                <outerBoundaryIs>
                    <LinearRing id="6490">
                        <coordinates>85.14481656710232,27.920371998430248,0.0 85.14501972310887,27.920374735151366,0.0 85.1450228039569,27.92019428211045,0.0 85.1448196482873,27.920191545410063,0.0 85.14481656710232,27.920371998430248,0.0</coordinates>
                    </LinearRing>
                </outerBoundaryIs>
            </Polygon>
        </Placemark>
        <Placemark id="6496">
            <name>Low</name>
            <styleUrl>#6499</styleUrl>
            <Polygon id="6495">
                <outerBoundaryIs>
                    <LinearRing id="6497">
                        <coordinates>85.14542911538176,27.920199754613147,0.0 85.14542603520759,27.920380207695537,0.0 85.14562919129976,27.92038294351858,0.0 85.14563227113699,27.920202490415463,0.0 85.14542911538176,27.920199754613147,0.0</coordinates>
                    </LinearRing>
                </outerBoundaryIs>
            </Polygon>
        </Placemark>
        <Placemark id="6503">
            <name>Low</name>
            <styleUrl>#6506</styleUrl>
            <Polygon id="6502">
                <outerBoundaryIs>
                    <LinearRing id="6504">
                        <coordinates>85.14623865974743,27.92039114919156,0.0 85.14623558089252,27.920571602351817,0.0 85.14643873743573,27.92057433699815,0.0 85.14644181595371,27.920393883817177,0.0 85.14623865974743,27.92039114919156,0.0</coordinates>
                    </LinearRing>
                </outerBoundaryIs>
            </Polygon>
        </Placemark>
        <Placemark id="6510">
            <name>Low</name>
            <styleUrl>#6513</styleUrl>
            <Polygon id="6509">
                <outerBoundaryIs>
                    <LinearRing id="6511">
                        <coordinates>85.14278500860719,27.920344614754377,0.0 85.14277883941273,27.920705520364617,0.0 85.14298199580759,27.920708260120833,0.0 85.14298816432817,27.92034735446907,0.0 85.14278500860719,27.920344614754377,0.0</coordinates>
                    </LinearRing>
                </outerBoundaryIs>
            </Polygon>
        </Placemark>
        <Placemark id="6517">
            <name>Low</name>
            <styleUrl>#6520</styleUrl>
            <Polygon id="6516">
                <outerBoundaryIs>
                    <LinearRing id="6518">
                        <coordinates>85.14399469559201,27.920902407333568,0.0 85.14419785249522,27.92090514531436,0.0 85.14420093477668,27.920724692371525,0.0 85.14399777821042,27.92072195441148,0.0 85.14399469559201,27.920902407333568,0.0</coordinates>
                    </LinearRing>
                </outerBoundaryIs>
            </Polygon>
        </Placemark>
        <Placemark id="6524">
            <name>Low</name>
            <styleUrl>#6527</styleUrl>
            <Polygon id="6523">
                <outerBoundaryIs>
                    <LinearRing id="6525">
                        <coordinates>85.1443979274539,27.92108833595432,0.0 85.14480424207696,27.921093810460555,0.0 85.14480732337611,27.92091335746054,0.0 85.14440100942697,27.920907882995785,0.0 85.1443979274539,27.92108833595432,0.0</coordinates>
                    </LinearRing>
                </outerBoundaryIs>
            </Polygon>
        </Placemark>
        <Placemark id="6531">
            <name>Low</name>
            <styleUrl>#6534</styleUrl>
            <Polygon id="6530">
                <outerBoundaryIs>
                    <LinearRing id="6532">
                        <coordinates>85.1452074761604,27.921279736805776,0.0 85.14520439547807,27.921460189837173,0.0 85.14540755356342,27.921462926083972,0.0 85.14541063390878,27.92128247303184,0.0 85.1452074761604,27.921279736805776,0.0</coordinates>
                    </LinearRing>
                </outerBoundaryIs>
            </Polygon>
        </Placemark>
        <Placemark id="6538">
            <name>Low</name>
            <styleUrl>#6541</styleUrl>
            <Polygon id="6537">
                <outerBoundaryIs>
                    <LinearRing id="6539">
                        <coordinates>85.14750997195164,27.929252491312514,0.0 85.1475068940586,27.929432944370706,0.0 85.14791324060104,27.929438411202106,0.0 85.1479163178199,27.9292579581025,0.0 85.14750997195164,27.929252491312514,0.0</coordinates>
                    </LinearRing>
                </outerBoundaryIs>
            </Polygon>
        </Placemark>
        <Placemark id="6545">
            <name>Low</name>
            <styleUrl>#6548</styleUrl>
            <Polygon id="6544">
                <outerBoundaryIs>
                    <LinearRing id="6546">
                        <coordinates>85.14728525085052,27.930512928624797,0.0 85.14728217242077,27.930693381626977,0.0 85.14768852362577,27.93069884934727,0.0 85.14769160138127,27.93051839630366,0.0 85.14728525085052,27.930512928624797,0.0</coordinates>
                    </LinearRing>
                </outerBoundaryIs>
            </Polygon>
        </Placemark>
        <Placemark id="6552">
            <name>Low</name>
            <styleUrl>#6555</styleUrl>
            <Polygon id="6551">
                <outerBoundaryIs>
                    <LinearRing id="6553">
                        <coordinates>85.14886739458316,27.921148489661977,0.0 85.1492737104608,27.921153950995997,0.0 85.14927678434694,27.920973497540285,0.0 85.14887046914322,27.920968036247654,0.0 85.14886739458316,27.921148489661977,0.0</coordinates>
                    </LinearRing>
                </outerBoundaryIs>
            </Polygon>
        </Placemark>
        <Placemark id="6559">
            <name>Low</name>
            <styleUrl>#6562</styleUrl>
            <Polygon id="6558">
                <outerBoundaryIs>
                    <LinearRing id="6560">
                        <coordinates>85.14884894662467,27.922231210042085,0.0 85.14905210657105,27.92223394098293,0.0 85.14905518096502,27.922053487578154,0.0 85.14885202135562,27.922050756658,0.0 85.14884894662467,27.922231210042085,0.0</coordinates>
                    </LinearRing>
                </outerBoundaryIs>
            </Polygon>
        </Placemark>
        <Placemark id="6566">
            <name>Low</name>
            <styleUrl>#6569</styleUrl>
            <Polygon id="6565">
                <outerBoundaryIs>
                    <LinearRing id="6567">
                        <coordinates>85.15045886639041,27.923155316858253,0.0 85.15045579418451,27.923335770377566,0.0 85.15065895638058,27.92333849904739,0.0 85.15066202824947,27.923158045507403,0.0 85.15045886639041,27.923155316858253,0.0</coordinates>
                    </LinearRing>
                </outerBoundaryIs>
            </Polygon>
        </Placemark>
        <Placemark id="6573">
            <name>Low</name>
            <styleUrl>#6576</styleUrl>
            <Polygon id="6572">
                <outerBoundaryIs>
                    <LinearRing id="6574">
                        <coordinates>85.15145932308127,27.924071225172895,0.0 85.1516624867676,27.924073952428373,0.0 85.15166862733454,27.923713045177013,0.0 85.15146546432221,27.923710317962865,0.0 85.15145932308127,27.924071225172895,0.0</coordinates>
                    </LinearRing>
                </outerBoundaryIs>
            </Polygon>
        </Placemark>
        <Placemark id="6580">
            <name>Low</name>
            <styleUrl>#6583</styleUrl>
            <Polygon id="6579">
                <outerBoundaryIs>
                    <LinearRing id="6581">
                        <coordinates>85.1504281430507,27.924959851824532,0.0 85.15063130827988,27.92496258068042,0.0 85.15063438040491,27.924782127185797,0.0 85.15043121551275,27.924779398350584,0.0 85.1504281430507,27.924959851824532,0.0</coordinates>
                    </LinearRing>
                </outerBoundaryIs>
            </Polygon>
        </Placemark>
        <Placemark id="6587">
            <name>Low</name>
            <styleUrl>#6590</styleUrl>
            <Polygon id="6586">
                <outerBoundaryIs>
                    <LinearRing id="6588">
                        <coordinates>85.15122544814167,27.92587303315911,0.0 85.15122237685704,27.92605348668549,0.0 85.15142554422223,27.9260562144677,0.0 85.15142861516982,27.92587576092065,0.0 85.15122544814167,27.92587303315911,0.0</coordinates>
                    </LinearRing>
                </outerBoundaryIs>
            </Polygon>
        </Placemark>
        <Placemark id="6594">
            <name>Low</name>
            <styleUrl>#6597</styleUrl>
            <Polygon id="6593">
                <outerBoundaryIs>
                    <LinearRing id="6595">
                        <coordinates>85.15059136806488,27.927308475651706,0.0 85.15099770737179,27.927313933002704,0.0 85.15100077919266,27.927133479532277,0.0 85.15059444055987,27.92712802222262,0.0 85.15059136806488,27.927308475651706,0.0</coordinates>
                    </LinearRing>
                </outerBoundaryIs>
            </Polygon>
        </Placemark>
        <Placemark id="6601">
            <name>Low</name>
            <styleUrl>#6604</styleUrl>
            <Polygon id="6600">
                <outerBoundaryIs>
                    <LinearRing id="6602">
                        <coordinates>85.14875054019379,27.92800571567075,0.0 85.14915688168479,27.928011178577364,0.0 85.14915995665315,27.927830725313235,0.0 85.14875361583631,27.927825262448003,0.0 85.14875054019379,27.92800571567075,0.0</coordinates>
                    </LinearRing>
                </outerBoundaryIs>
            </Polygon>
        </Placemark>
        <Placemark id="6608">
            <name>Low</name>
            <styleUrl>#6611</styleUrl>
            <Polygon id="6607">
                <outerBoundaryIs>
                    <LinearRing id="6609">
                        <coordinates>85.14850122637783,27.930709781193972,0.0 85.14849814994233,27.93089023431535,0.0 85.14870132603872,27.930892966548996,0.0 85.1487044021371,27.930712513406924,0.0 85.14850122637783,27.930709781193972,0.0</coordinates>
                    </LinearRing>
                </outerBoundaryIs>
            </Polygon>
        </Placemark>
        <Placemark id="6615">
            <name>Low</name>
            <styleUrl>#6618</styleUrl>
            <Polygon id="6614">
                <outerBoundaryIs>
                    <LinearRing id="6616">
                        <coordinates>85.15254939822402,27.931666636173713,0.0 85.15254632838888,27.93184708968341,0.0 85.15315586352823,27.931855267825973,0.0 85.15315893235191,27.931674814254315,0.0 85.15254939822402,27.931666636173713,0.0</coordinates>
                    </LinearRing>
                </outerBoundaryIs>
            </Polygon>
        </Placemark>
        <Placemark id="6622">
            <name>Low</name>
            <styleUrl>#6625</styleUrl>
            <Polygon id="6621">
                <outerBoundaryIs>
                    <LinearRing id="6623">
                        <coordinates>85.15193372263045,27.932019362287964,0.0 85.151930651727,27.9321998157256,0.0 85.15213383066732,27.93220254301247,0.0 85.15213690123362,27.93202208955417,0.0 85.15193372263045,27.932019362287964,0.0</coordinates>
                    </LinearRing>
                </outerBoundaryIs>
            </Polygon>
        </Placemark>
        <Placemark id="6629">
            <name>Low</name>
            <styleUrl>#6632</styleUrl>
            <Polygon id="6628">
                <outerBoundaryIs>
                    <LinearRing id="6630">
                        <coordinates>85.15172440154605,27.93237754155116,0.0 85.15192758079509,27.932380269158198,0.0 85.151930651727,27.9321998157256,0.0 85.15172747281511,27.932197088139226,0.0 85.15172440154605,27.93237754155116,0.0</coordinates>
                    </LinearRing>
                </outerBoundaryIs>
            </Polygon>
        </Placemark>
        <Placemark id="6636">
            <name>Low</name>
            <styleUrl>#6639</styleUrl>
            <Polygon id="6635">
                <outerBoundaryIs>
                    <LinearRing id="6637">
                        <coordinates>85.1553693712933,27.93314840773584,0.0 85.15557255240252,27.9331511300341,0.0 85.15557561737918,27.932970676250136,0.0 85.15537243660712,27.932967953972494,0.0 85.1553693712933,27.93314840773584,0.0</coordinates>
                    </LinearRing>
                </outerBoundaryIs>
            </Polygon>
        </Placemark>
        <Placemark id="6643">
            <name>Low</name>
            <styleUrl>#6646</styleUrl>
            <Polygon id="6642">
                <outerBoundaryIs>
                    <LinearRing id="6644">
                        <coordinates>85.15657314149477,27.934067006392123,0.0 85.15657007803371,27.93424746024892,0.0 85.15677326133631,27.934250180873676,0.0 85.15677632446017,27.934069726996267,0.0 85.15657314149477,27.934067006392123,0.0</coordinates>
                    </LinearRing>
                </outerBoundaryIs>
            </Polygon>
        </Placemark>
        <Placemark id="6650">
            <name>Low</name>
            <styleUrl>#6653</styleUrl>
            <Polygon id="6649">
                <outerBoundaryIs>
                    <LinearRing id="6651">
                        <coordinates>85.15288822617497,27.93564206548437,0.0 85.15288515638865,27.935822518924464,0.0 85.15308834221486,27.935825245126754,0.0 85.15309141166395,27.93564479166602,0.0 85.15288822617497,27.93564206548437,0.0</coordinates>
                    </LinearRing>
                </outerBoundaryIs>
            </Polygon>
        </Placemark>
        <Placemark id="6657">
            <name>Low</name>
            <styleUrl>#6660</styleUrl>
            <Polygon id="6656">
                <outerBoundaryIs>
                    <LinearRing id="6658">
                        <coordinates>85.15693968901434,27.936418347581906,0.0 85.15693662585886,27.9365988014144,0.0 85.1573430013734,27.936604241701897,0.0 85.15734606385445,27.936423787828193,0.0 85.15693968901434,27.936418347581906,0.0</coordinates>
                    </LinearRing>
                </outerBoundaryIs>
            </Polygon>
        </Placemark>
        <Placemark id="6664">
            <name>Low</name>
            <styleUrl>#6667</styleUrl>
            <Polygon id="6663">
                <outerBoundaryIs>
                    <LinearRing id="6665">
                        <coordinates>85.15368255725036,27.93673568947403,0.0 85.15388574487638,27.93673841458129,0.0 85.15388881311871,27.936557961063187,0.0 85.15368562582994,27.936555235976563,0.0 85.15368255725036,27.93673568947403,0.0</coordinates>
                    </LinearRing>
                </outerBoundaryIs>
            </Polygon>
        </Placemark>
        <Placemark id="6671">
            <name>Low</name>
            <styleUrl>#6674</styleUrl>
            <Polygon id="6670">
                <outerBoundaryIs>
                    <LinearRing id="6672">
                        <coordinates>85.15408893253081,27.93674113938899,0.0 85.15429212021365,27.936743863897114,0.0 85.15429518778153,27.93656341033773,0.0 85.15409200043592,27.936560685850246,0.0 85.15408893253081,27.93674113938899,0.0</coordinates>
                    </LinearRing>
                </outerBoundaryIs>
            </Polygon>
        </Placemark>
        <Placemark id="6678">
            <name>Low</name>
            <styleUrl>#6681</styleUrl>
            <Polygon id="6677">
                <outerBoundaryIs>
                    <LinearRing id="6679">
                        <coordinates>85.15792501035797,27.93823648507897,0.0 85.15792194860506,27.938416938964057,0.0 85.15812513986246,27.938419657965675,0.0 85.15812820127809,27.93823920405999,0.0 85.15792501035797,27.93823648507897,0.0</coordinates>
                    </LinearRing>
                </outerBoundaryIs>
            </Polygon>
        </Placemark>
        <Placemark id="6685">
            <name>Low</name>
            <styleUrl>#6688</styleUrl>
            <Polygon id="6684">
                <outerBoundaryIs>
                    <LinearRing id="6686">
                        <coordinates>85.1583283311482,27.938422376667702,0.0 85.15832527004147,27.93860283058893,0.0 85.15852846169284,27.93860554901195,0.0 85.1585315224623,27.93842509507013,0.0 85.1583283311482,27.938422376667702,0.0</coordinates>
                    </LinearRing>
                </outerBoundaryIs>
            </Polygon>
        </Placemark>
        <Placemark id="6692">
            <name>Low</name>
            <styleUrl>#6695</styleUrl>
            <Polygon id="6691">
                <outerBoundaryIs>
                    <LinearRing id="6693">
                        <coordinates>85.15873165337254,27.93860826713538,0.0 85.15872859291201,27.938788721092752,0.0 85.15893178495733,27.93879143893717,0.0 85.15893484508061,27.93861098495921,0.0 85.15873165337254,27.93860826713538,0.0</coordinates>
                    </LinearRing>
                </outerBoundaryIs>
            </Polygon>
        </Placemark>
        <Placemark id="6699">
            <name>Low</name>
            <styleUrl>#6702</styleUrl>
            <Polygon id="6698">
                <outerBoundaryIs>
                    <LinearRing id="6700">
                        <coordinates>85.15993245299956,27.939707293993905,0.0 85.16013564690128,27.939710010143582,0.0 85.16013870514256,27.939529556067367,0.0 85.1599355115781,27.939526839938257,0.0 85.15993245299956,27.939707293993905,0.0</coordinates>
                    </LinearRing>
                </outerBoundaryIs>
            </Polygon>
        </Placemark>
        <Placemark id="6706">
            <name>Low</name>
            <styleUrl>#6709</styleUrl>
            <Polygon id="6705">
                <outerBoundaryIs>
                    <LinearRing id="6707">
                        <coordinates>85.16032049281272,27.940795450468563,0.0 85.16052368879488,27.94079816614243,0.0 85.16052674653149,27.940617712055303,0.0 85.16032355088663,27.940614996402005,0.0 85.16032049281272,27.940795450468563,0.0</coordinates>
                    </LinearRing>
                </outerBoundaryIs>
            </Polygon>
        </Placemark>
        <Placemark id="6713">
            <name>Low</name>
            <styleUrl>#6716</styleUrl>
            <Polygon id="6712">
                <outerBoundaryIs>
                    <LinearRing id="6714">
                        <coordinates>85.16052063102995,27.940978620224506,0.0 85.16051451541514,27.941339528373536,0.0 85.16071771243756,27.941342243809473,0.0 85.16072382737774,27.940981335619313,0.0 85.16052063102995,27.940978620224506,0.0</coordinates>
                    </LinearRing>
                </outerBoundaryIs>
            </Polygon>
        </Placemark>
        <Placemark id="6720">
            <name>Low</name>
            <styleUrl>#6723</styleUrl>
            <Polygon id="6719">
                <outerBoundaryIs>
                    <LinearRing id="6721">
                        <coordinates>85.16110882209459,27.942249944375305,0.0 85.16131202088857,27.942252659015146,0.0 85.16131507750242,27.94207220488609,0.0 85.16111187904576,27.942069490266817,0.0 85.16110882209459,27.942249944375305,0.0</coordinates>
                    </LinearRing>
                </outerBoundaryIs>
            </Polygon>
        </Placemark>
        <Placemark id="6727">
            <name>Low</name>
            <styleUrl>#6730</styleUrl>
            <Polygon id="6726">
                <outerBoundaryIs>
                    <LinearRing id="6728">
                        <coordinates>85.16130590757597,27.942613567258125,0.0 85.16150910707292,27.942616281639435,0.0 85.16151216340606,27.942435827499903,0.0 85.16130896424643,27.942433113139156,0.0 85.16130590757597,27.942613567258125,0.0</coordinates>
                    </LinearRing>
                </outerBoundaryIs>
            </Polygon>
        </Placemark>
        <Placemark id="6734">
            <name>Low</name>
            <styleUrl>#6737</styleUrl>
            <Polygon id="6733">
                <outerBoundaryIs>
                    <LinearRing id="6735">
                        <coordinates>85.1615060507115,27.94279673577392,0.0 85.16150299432176,27.942977189903363,0.0 85.16170619452171,27.942979904026135,0.0 85.16170925057412,27.942799449876134,0.0 85.1615060507115,27.94279673577392,0.0</coordinates>
                    </LinearRing>
                </outerBoundaryIs>
            </Polygon>
        </Placemark>
        <Placemark id="6741">
            <name>Low</name>
            <styleUrl>#6744</styleUrl>
            <Polygon id="6740">
                <outerBoundaryIs>
                    <LinearRing id="6742">
                        <coordinates>85.15965583664627,27.944035472874376,0.0 85.15985903861548,27.944038189817462,0.0 85.15986209787395,27.943857735882776,0.0 85.1596588962421,27.943855018960267,0.0 85.15965583664627,27.944035472874376,0.0</coordinates>
                    </LinearRing>
                </outerBoundaryIs>
            </Polygon>
        </Placemark>
        <Placemark id="6748">
            <name>Low</name>
            <styleUrl>#6751</styleUrl>
            <Polygon id="6747">
                <outerBoundaryIs>
                    <LinearRing id="6749">
                        <coordinates>85.16168785761299,27.94406262882032,0.0 85.16189105986538,27.944065342766752,0.0 85.16189411575023,27.94388488862644,0.0 85.1616909138352,27.943882174700555,0.0 85.16168785761299,27.94406262882032,0.0</coordinates>
                    </LinearRing>
                </outerBoundaryIs>
            </Polygon>
        </Placemark>
        <Placemark id="6755">
            <name>Low</name>
            <styleUrl>#6758</styleUrl>
            <Polygon id="6754">
                <outerBoundaryIs>
                    <LinearRing id="6756">
                        <coordinates>85.16188494801078,27.94442625103227,0.0 85.16188189204101,27.94460670515747,0.0 85.16208509533381,27.944609418865888,0.0 85.16208815096621,27.944428964720135,0.0 85.16188494801078,27.94442625103227,0.0</coordinates>
                    </LinearRing>
                </outerBoundaryIs>
            </Polygon>
        </Placemark>
        <Placemark id="6762">
            <name>Low</name>
            <styleUrl>#6765</styleUrl>
            <Polygon id="6761">
                <outerBoundaryIs>
                    <LinearRing id="6763">
                        <coordinates>85.15984986067005,27.944579551591282,0.0 85.15984680129824,27.944760005505813,0.0 85.16005000464527,27.94476272223153,0.0 85.16005306367971,27.94458226829643,0.0 85.15984986067005,27.944579551591282,0.0</coordinates>
                    </LinearRing>
                </outerBoundaryIs>
            </Polygon>
        </Placemark>
        <Placemark id="6769">
            <name>Low</name>
            <styleUrl>#6772</styleUrl>
            <Polygon id="6768">
                <outerBoundaryIs>
                    <LinearRing id="6770">
                        <coordinates>85.16023485524337,27.945848162285746,0.0 85.16023179634803,27.946028616206128,0.0 85.16043500211342,27.94603133247648,0.0 85.16043806067137,27.94585087853553,0.0 85.16023485524337,27.945848162285746,0.0</coordinates>
                    </LinearRing>
                </outerBoundaryIs>
            </Polygon>
        </Placemark>
        <Placemark id="6776">
            <name>Low</name>
            <styleUrl>#6779</styleUrl>
            <Polygon id="6775">
                <outerBoundaryIs>
                    <LinearRing id="6777">
                        <coordinates>85.16142657537817,27.94748854150162,0.0 85.16162978401276,27.94749125613828,0.0 85.1616328407728,27.94731080211427,0.0 85.16142963247563,27.94730808749817,0.0 85.16142657537817,27.94748854150162,0.0</coordinates>
                    </LinearRing>
                </outerBoundaryIs>
            </Polygon>
        </Placemark>
        <Placemark id="6783">
            <name>Low</name>
            <styleUrl>#6786</styleUrl>
            <Polygon id="6782">
                <outerBoundaryIs>
                    <LinearRing id="6784">
                        <coordinates>85.16180548359836,27.94911805664946,0.0 85.16221190708293,27.94912348479415,0.0 85.1622149630854,27.948943030753856,0.0 85.16180854027573,27.94893760265027,0.0 85.16180548359836,27.94911805664946,0.0</coordinates>
                    </LinearRing>
                </outerBoundaryIs>
            </Polygon>
        </Placemark>
        <Placemark id="6790">
            <name>Low</name>
            <styleUrl>#6793</styleUrl>
            <Polygon id="6789">
                <outerBoundaryIs>
                    <LinearRing id="6791">
                        <coordinates>85.16248233696166,27.945156207913996,0.0 85.16248539200417,27.944975753742277,0.0 85.16208203967312,27.944789873006606,0.0 85.16207592826686,27.945150781272897,0.0 85.16248233696166,27.945156207913996,0.0</coordinates>
                    </LinearRing>
                </outerBoundaryIs>
            </Polygon>
        </Placemark>
        <Placemark id="6797">
            <name>Low</name>
            <styleUrl>#6800</styleUrl>
            <Polygon id="6796">
                <outerBoundaryIs>
                    <LinearRing id="6798">
                        <coordinates>85.16267026740145,27.946061191670783,0.0 85.16266721252657,27.946241645832824,0.0 85.16287041896905,27.94624435852743,0.0 85.16287347350654,27.94606390434485,0.0 85.16267026740145,27.946061191670783,0.0</coordinates>
                    </LinearRing>
                </outerBoundaryIs>
            </Polygon>
        </Placemark>
        <Placemark id="6804">
            <name>Low</name>
            <styleUrl>#6807</styleUrl>
            <Polygon id="6803">
                <outerBoundaryIs>
                    <LinearRing id="6805">
                        <coordinates>85.16306140835667,27.9469688876844,0.0 85.16305835401518,27.947149341862318,0.0 85.16326156220128,27.947152054060226,0.0 85.16326461620537,27.94697159986177,0.0 85.16306140835667,27.9469688876844,0.0</coordinates>
                    </LinearRing>
                </outerBoundaryIs>
            </Polygon>
        </Placemark>
        <Placemark id="6811">
            <name>Low</name>
            <styleUrl>#6814</styleUrl>
            <Polygon id="6810">
                <outerBoundaryIs>
                    <LinearRing id="6812">
                        <coordinates>85.16364965808904,27.948240202888233,0.0 85.16385286838458,27.948242914310207,0.0 85.16385592154606,27.948062460080386,0.0 85.16365271158796,27.94805974867894,0.0 85.16364965808904,27.948240202888233,0.0</coordinates>
                    </LinearRing>
                </outerBoundaryIs>
            </Polygon>
        </Placemark>
        <Placemark id="6818">
            <name>Low</name>
            <styleUrl>#6821</styleUrl>
            <Polygon id="6817">
                <outerBoundaryIs>
                    <LinearRing id="6819">
                        <coordinates>85.16198730015454,27.950383948868794,0.0 85.16219051427323,27.950386662935127,0.0 85.1621935704738,27.950206208930112,0.0 85.1619903566926,27.950203494884327,0.0 85.16198730015454,27.950383948868794,0.0</coordinates>
                    </LinearRing>
                </outerBoundaryIs>
            </Polygon>
        </Placemark>
        <Placemark id="6825">
            <name>Low</name>
            <styleUrl>#6828</styleUrl>
            <Polygon id="6824">
                <outerBoundaryIs>
                    <LinearRing id="6826">
                        <coordinates>85.1619567332172,27.95218848843625,0.0 85.16195367636777,27.952368942365265,0.0 85.16215689419887,27.952371656657665,0.0 85.16215995071079,27.952191202708093,0.0 85.1619567332172,27.95218848843625,0.0</coordinates>
                    </LinearRing>
                </outerBoundaryIs>
            </Polygon>
        </Placemark>
        <Placemark id="6832">
            <name>Low</name>
            <styleUrl>#6835</styleUrl>
            <Polygon id="6831">
                <outerBoundaryIs>
                    <LinearRing id="6833">
                        <coordinates>85.16195061949004,27.952549396289253,0.0 85.16194756258402,27.952729850208193,0.0 85.16215078109013,27.952732564541694,0.0 85.16215383765865,27.952552110602202,0.0 85.16195061949004,27.952549396289253,0.0</coordinates>
                    </LinearRing>
                </outerBoundaryIs>
            </Polygon>
        </Placemark>
        <Placemark id="6839">
            <name>Low</name>
            <styleUrl>#6842</styleUrl>
            <Polygon id="6838">
                <outerBoundaryIs>
                    <LinearRing id="6840">
                        <coordinates>85.16194450564967,27.9529103041221,0.0 85.16193839169604,27.953271211934773,0.0 85.16214161121472,27.953273926329928,0.0 85.16214772449331,27.952913018476146,0.0 85.16194450564967,27.9529103041221,0.0</coordinates>
                    </LinearRing>
                </outerBoundaryIs>
            </Polygon>
        </Placemark>
        <Placemark id="6846">
            <name>Low</name>
            <styleUrl>#6849</styleUrl>
            <Polygon id="6845">
                <outerBoundaryIs>
                    <LinearRing id="6847">
                        <coordinates>85.16375209819245,27.954197901066898,0.0 85.16395531965343,27.954200612866664,0.0 85.16395837341054,27.954020158782633,0.0 85.1637551522871,27.954017447003398,0.0 85.16375209819245,27.954197901066898,0.0</coordinates>
                    </LinearRing>
                </outerBoundaryIs>
            </Polygon>
        </Placemark>
        <Placemark id="6853">
            <name>Low</name>
            <styleUrl>#6856</styleUrl>
            <Polygon id="6852">
                <outerBoundaryIs>
                    <LinearRing id="6854">
                        <coordinates>85.16189864823741,27.95561711222569,0.0 85.16210187214416,27.95561982688802,0.0 85.16210492916558,27.95543937302918,0.0 85.16190170559639,27.955436658387406,0.0 85.16189864823741,27.95561711222569,0.0</coordinates>
                    </LinearRing>
                </outerBoundaryIs>
            </Polygon>
        </Placemark>
        <Placemark id="6860">
            <name>Low</name>
            <styleUrl>#6863</styleUrl>
            <Polygon id="6859">
                <outerBoundaryIs>
                    <LinearRing id="6861">
                        <coordinates>85.16696705842993,27.956406706195434,0.0 85.16696400936893,27.956587160521654,0.0 85.16716723567032,27.95658986779113,0.0 85.16717028439376,27.956409413444412,0.0 85.16696705842993,27.956406706195434,0.0</coordinates>
                    </LinearRing>
                </outerBoundaryIs>
            </Polygon>
        </Placemark>
        <Placemark id="6867">
            <name>Low</name>
            <styleUrl>#6870</styleUrl>
            <Polygon id="6866">
                <outerBoundaryIs>
                    <LinearRing id="6868">
                        <coordinates>85.16390950990322,27.956907423522317,0.0 85.164315963037,27.95691284683833,0.0 85.16431901654313,27.956732392788847,0.0 85.16391256408453,27.9567269695139,0.0 85.16390950990322,27.956907423522317,0.0</coordinates>
                    </LinearRing>
                </outerBoundaryIs>
            </Polygon>
        </Placemark>
        <Placemark id="6874">
            <name>Low</name>
            <styleUrl>#6877</styleUrl>
            <Polygon id="6873">
                <outerBoundaryIs>
                    <LinearRing id="6875">
                        <coordinates>85.16492564294971,27.95692097956363,0.0 85.16533209636617,27.956926399881343,0.0 85.16533514818437,27.95674594572925,0.0 85.16492869544308,27.956740525452574,0.0 85.16492564294971,27.95692097956363,0.0</coordinates>
                    </LinearRing>
                </outerBoundaryIs>
            </Polygon>
        </Placemark>
        <Placemark id="6881">
            <name>Low</name>
            <styleUrl>#6884</styleUrl>
            <Polygon id="6880">
                <outerBoundaryIs>
                    <LinearRing id="6882">
                        <coordinates>85.16817117917662,27.957325217387357,0.0 85.16837440699774,27.957327922939797,0.0 85.16837745380853,27.957147468490305,0.0 85.168174226325,27.957144762958357,0.0 85.16817117917662,27.957325217387357,0.0</coordinates>
                    </LinearRing>
                </outerBoundaryIs>
            </Polygon>
        </Placemark>
        <Placemark id="6888">
            <name>Low</name>
            <styleUrl>#6891</styleUrl>
            <Polygon id="6887">
                <outerBoundaryIs>
                    <LinearRing id="6889">
                        <coordinates>85.16857458834572,27.957511082657337,0.0 85.1685776348471,27.9573306281924,0.0 85.16837440699774,27.957327922939797,0.0 85.16837136015877,27.95750837738425,0.0 85.16857458834572,27.957511082657337,0.0</coordinates>
                    </LinearRing>
                </outerBoundaryIs>
            </Polygon>
        </Placemark>
        <Placemark id="6895">
            <name>Low</name>
            <styleUrl>#6898</styleUrl>
            <Polygon id="6894">
                <outerBoundaryIs>
                    <LinearRing id="6896">
                        <coordinates>85.16857458834572,27.957511082657337,0.0 85.16857154181612,27.95769153711723,0.0 85.16877477036887,27.95769424211095,0.0 85.16877781656086,27.957513787630578,0.0 85.16857458834572,27.957511082657337,0.0</coordinates>
                    </LinearRing>
                </outerBoundaryIs>
            </Polygon>
        </Placemark>
        <Placemark id="6902">
            <name>Low</name>
            <styleUrl>#6905</styleUrl>
            <Polygon id="6901">
                <outerBoundaryIs>
                    <LinearRing id="6903">
                        <coordinates>85.16673028755672,27.958388995732424,0.0 85.16672723784751,27.95856944998272,0.0 85.1669304678343,27.958572157777496,0.0 85.1669335172059,27.958391703506713,0.0 85.16673028755672,27.958388995732424,0.0</coordinates>
                    </LinearRing>
                </outerBoundaryIs>
            </Polygon>
        </Placemark>
        <Placemark id="6909">
            <name>Low</name>
            <styleUrl>#6912</styleUrl>
            <Polygon id="6908">
                <outerBoundaryIs>
                    <LinearRing id="6910">
                        <coordinates>85.16896276925488,27.9585992192335,0.0 85.16895972323125,27.958779673704118,0.0 85.1691629538661,27.958782378220995,0.0 85.1691659995521,27.95860192372991,0.0 85.16896276925488,27.9585992192335,0.0</coordinates>
                    </LinearRing>
                </outerBoundaryIs>
            </Polygon>
        </Placemark>
        <Placemark id="6916">
            <name>Low</name>
            <styleUrl>#6919</styleUrl>
            <Polygon id="6915">
                <outerBoundaryIs>
                    <LinearRing id="6917">
                        <coordinates>85.1691629538661,27.958782378220995,0.0 85.16915990815193,27.958962832707048,0.0 85.16936313915262,27.958965536944543,0.0 85.16936618452917,27.958785082438034,0.0 85.1691629538661,27.958782378220995,0.0</coordinates>
                    </LinearRing>
                </outerBoundaryIs>
            </Polygon>
        </Placemark>
        <Placemark id="6923">
            <name>Low</name>
            <styleUrl>#6926</styleUrl>
            <Polygon id="6922">
                <outerBoundaryIs>
                    <LinearRing id="6924">
                        <coordinates>85.16996674351194,27.959334556978632,0.0 85.17016997530065,27.959337260057627,0.0 85.1701730193831,27.959156805479314,0.0 85.16996978793199,27.959154102420783,0.0 85.16996674351194,27.959334556978632,0.0</coordinates>
                    </LinearRing>
                </outerBoundaryIs>
            </Polygon>
        </Placemark>
        <Placemark id="6930">
            <name>Low</name>
            <styleUrl>#6933</styleUrl>
            <Polygon id="6929">
                <outerBoundaryIs>
                    <LinearRing id="6931">
                        <coordinates>85.17035798797087,27.960242235755032,0.0 85.17076445506568,27.960247640618274,0.0 85.1707674982761,27.96006718600378,0.0 85.17036103185657,27.960061781181455,0.0 85.17035798797087,27.960242235755032,0.0</coordinates>
                    </LinearRing>
                </outerBoundaryIs>
            </Polygon>
        </Placemark>
        <Placemark id="6937">
            <name>Low</name>
            <styleUrl>#6940</styleUrl>
            <Polygon id="6936">
                <outerBoundaryIs>
                    <LinearRing id="6938">
                        <coordinates>85.17116483711848,27.9606139535777,0.0 85.17116787970994,27.96043349893238,0.0 85.17076445506568,27.960247640618274,0.0 85.17075836856033,27.96060854983215,0.0 85.17116483711848,27.9606139535777,0.0</coordinates>
                    </LinearRing>
                </outerBoundaryIs>
            </Polygon>
        </Placemark>
        <Placemark id="6944">
            <name>Low</name>
            <styleUrl>#6947</styleUrl>
            <Polygon id="6943">
                <outerBoundaryIs>
                    <LinearRing id="6945">
                        <coordinates>85.16811023028366,27.96093430490929,0.0 85.16810718254271,27.96111475923248,0.0 85.16831041745412,27.96111746521507,0.0 85.16831346485739,27.9609370108714,0.0 85.16811023028366,27.96093430490929,0.0</coordinates>
                    </LinearRing>
                </outerBoundaryIs>
            </Polygon>
        </Placemark>
        <Placemark id="6951">
            <name>Low</name>
            <styleUrl>#6954</styleUrl>
            <Polygon id="6950">
                <outerBoundaryIs>
                    <LinearRing id="6952">
                        <coordinates>85.17135590214292,27.96133847361337,0.0 85.17135285974828,27.961518928253945,0.0 85.17155609578612,27.96152162947926,0.0 85.17155913784309,27.961341174818237,0.0 85.17135590214292,27.96133847361337,0.0</coordinates>
                    </LinearRing>
                </outerBoundaryIs>
            </Polygon>
        </Placemark>
        <Placemark id="6958">
            <name>Low</name>
            <styleUrl>#6961</styleUrl>
            <Polygon id="6957">
                <outerBoundaryIs>
                    <LinearRing id="6959">
                        <coordinates>85.17154392727653,27.962243448072986,0.0 85.17174716469326,27.962246149080197,0.0 85.17175324832903,27.961885239752522,0.0 85.17155001158766,27.961882538786202,0.0 85.17154392727653,27.962243448072986,0.0</coordinates>
                    </LinearRing>
                </outerBoundaryIs>
            </Polygon>
        </Placemark>
        <Placemark id="6965">
            <name>Low</name>
            <styleUrl>#6968</styleUrl>
            <Polygon id="6964">
                <outerBoundaryIs>
                    <LinearRing id="6966">
                        <coordinates>85.16829213244185,27.962200191171224,0.0 85.16849536940751,27.96220289697683,0.0 85.16849841664242,27.96202244264293,0.0 85.16829518001443,27.9620197368578,0.0 85.16829213244185,27.962200191171224,0.0</coordinates>
                    </LinearRing>
                </outerBoundaryIs>
            </Polygon>
        </Placemark>
        <Placemark id="6972">
            <name>Low</name>
            <styleUrl>#6975</styleUrl>
            <Polygon id="6971">
                <outerBoundaryIs>
                    <LinearRing id="6973">
                        <coordinates>85.16868946554044,27.96274696551547,0.0 85.16868641853037,27.9629274198497,0.0 85.16888965690322,27.96293012513742,0.0 85.1688927035756,27.96274967078271,0.0 85.16868946554044,27.96274696551547,0.0</coordinates>
                    </LinearRing>
                </outerBoundaryIs>
            </Polygon>
        </Placemark>
        <Placemark id="6979">
            <name>Low</name>
            <styleUrl>#6982</styleUrl>
            <Polygon id="6978">
                <outerBoundaryIs>
                    <LinearRing id="6980">
                        <coordinates>85.16868337149208,27.96310787417889,0.0 85.16868641853037,27.9629274198497,0.0 85.16848318018573,27.962924714262076,0.0 85.16848013280973,27.96310516857078,0.0 85.16868337149208,27.96310787417889,0.0</coordinates>
                    </LinearRing>
                </outerBoundaryIs>
            </Polygon>
        </Placemark>
        <Placemark id="6986">
            <name>Low</name>
            <styleUrl>#6989</styleUrl>
            <Polygon id="6985">
                <outerBoundaryIs>
                    <LinearRing id="6987">
                        <coordinates>85.17355806936331,27.96335317361512,0.0 85.17355199135568,27.96371408323001,0.0 85.17375523175554,27.96371678140159,0.0 85.17376130908775,27.963355871745854,0.0 85.17355806936331,27.96335317361512,0.0</coordinates>
                    </LinearRing>
                </outerBoundaryIs>
            </Polygon>
        </Placemark>
        <Placemark id="6993">
            <name>Low</name>
            <styleUrl>#6996</styleUrl>
            <Polygon id="6992">
                <outerBoundaryIs>
                    <LinearRing id="6994">
                        <coordinates>85.16845880038777,27.964368348590636,0.0 85.1688652825086,27.964373759793656,0.0 85.16886832940668,27.964193305479267,0.0 85.16846184796127,27.964187894317206,0.0 85.16845880038777,27.964368348590636,0.0</coordinates>
                    </LinearRing>
                </outerBoundaryIs>
            </Polygon>
        </Placemark>
        <Placemark id="7000">
            <name>Low</name>
            <styleUrl>#7003</styleUrl>
            <Polygon id="6999">
                <outerBoundaryIs>
                    <LinearRing id="7001">
                        <coordinates>85.16967520151341,27.96456503299183,0.0 85.16987844306668,27.964567736964206,0.0 85.16988148830434,27.964387282552494,0.0 85.16967824708878,27.96438457860058,0.0 85.16967520151341,27.96456503299183,0.0</coordinates>
                    </LinearRing>
                </outerBoundaryIs>
            </Polygon>
        </Placemark>
        <Placemark id="7007">
            <name>Low</name>
            <styleUrl>#7010</styleUrl>
            <Polygon id="7006">
                <outerBoundaryIs>
                    <LinearRing id="7008">
                        <coordinates>85.17048207936216,27.96493675601286,0.0 85.17047903505312,27.965117210470837,0.0 85.17088552043977,27.965122615838983,0.0 85.17088856407334,27.96494216134009,0.0 85.17048207936216,27.96493675601286,0.0</coordinates>
                    </LinearRing>
                </outerBoundaryIs>
            </Polygon>
        </Placemark>
        <Placemark id="7014">
            <name>Low</name>
            <styleUrl>#7017</styleUrl>
            <Polygon id="7013">
                <outerBoundaryIs>
                    <LinearRing id="7015">
                        <coordinates>85.1734912050885,27.96732317827048,0.0 85.17308471086339,27.96731778021043,0.0 85.17308167057901,27.96749823486869,0.0 85.17348512584266,27.967684087663674,0.0 85.1734912050885,27.96732317827048,0.0</coordinates>
                    </LinearRing>
                </outerBoundaryIs>
            </Polygon>
        </Placemark>
        <Placemark id="7021">
            <name>Low</name>
            <styleUrl>#7024</styleUrl>
            <Polygon id="7020">
                <outerBoundaryIs>
                    <LinearRing id="7022">
                        <coordinates>85.17283835660636,27.981934591201494,0.0 85.17324490557172,27.98193999257143,0.0 85.17324794743263,27.981759538275487,0.0 85.17284139914334,27.98175413694642,0.0 85.17283835660636,27.981934591201494,0.0</coordinates>
                    </LinearRing>
                </outerBoundaryIs>
            </Polygon>
        </Placemark>
        <Placemark id="7028">
            <name>Low</name>
            <styleUrl>#7031</styleUrl>
            <Polygon id="7027">
                <outerBoundaryIs>
                    <LinearRing id="7029">
                        <coordinates>85.173961510526,27.963539024427487,0.0 85.17395847218353,27.96371947927326,0.0 85.17416171263964,27.963722176845,0.0 85.1741647506444,27.96354172197881,0.0 85.173961510526,27.963539024427487,0.0</coordinates>
                    </LinearRing>
                </outerBoundaryIs>
            </Polygon>
        </Placemark>
        <Placemark id="7035">
            <name>Low</name>
            <styleUrl>#7038</styleUrl>
            <Polygon id="7034">
                <outerBoundaryIs>
                    <LinearRing id="7036">
                        <coordinates>85.17698281475248,27.965203552390868,0.0 85.17718605833205,27.965206245626867,0.0 85.17718909149575,27.965025790494956,0.0 85.17698584825392,27.965023097279342,0.0 85.17698281475248,27.965203552390868,0.0</coordinates>
                    </LinearRing>
                </outerBoundaryIs>
            </Polygon>
        </Placemark>
        <Placemark id="7042">
            <name>Low</name>
            <styleUrl>#7045</styleUrl>
            <Polygon id="7041">
                <outerBoundaryIs>
                    <LinearRing id="7043">
                        <coordinates>85.17451959254221,27.966614848915928,0.0 85.17472283848656,27.966617545914517,0.0 85.17472587592812,27.966437091067686,0.0 85.17452263032153,27.966434394089507,0.0 85.17451959254221,27.966614848915928,0.0</coordinates>
                    </LinearRing>
                </outerBoundaryIs>
            </Polygon>
        </Placemark>
        <Placemark id="7049">
            <name>Low</name>
            <styleUrl>#7052</styleUrl>
            <Polygon id="7048">
                <outerBoundaryIs>
                    <LinearRing id="7050">
                        <coordinates>85.17897282712937,27.96775684513857,0.0 85.1789697965845,27.967937300378303,0.0 85.1791730455113,27.967939990920335,0.0 85.17917607571839,27.96775953566024,0.0 85.17897282712937,27.96775684513857,0.0</coordinates>
                    </LinearRing>
                </outerBoundaryIs>
            </Polygon>
        </Placemark>
        <Placemark id="7056">
            <name>Low</name>
            <styleUrl>#7059</styleUrl>
            <Polygon id="7055">
                <outerBoundaryIs>
                    <LinearRing id="7057">
                        <coordinates>85.17873926847888,27.96955870628391,0.0 85.17873623731558,27.969739161452903,0.0 85.17893948959238,27.969741852498576,0.0 85.17894252041786,27.969561397309217,0.0 85.17873926847888,27.96955870628391,0.0</coordinates>
                    </LinearRing>
                </outerBoundaryIs>
            </Polygon>
        </Placemark>
        <Placemark id="7063">
            <name>Low</name>
            <styleUrl>#7066</styleUrl>
            <Polygon id="7062">
                <outerBoundaryIs>
                    <LinearRing id="7064">
                        <coordinates>85.18009842198218,27.973367097645166,0.0 85.1800953925947,27.973547552850906,0.0 85.18029865216285,27.97355024222398,0.0 85.18030168121244,27.973369786997882,0.0 85.18009842198218,27.973367097645166,0.0</coordinates>
                    </LinearRing>
                </outerBoundaryIs>
            </Polygon>
        </Placemark>
        <Placemark id="7070">
            <name>Low</name>
            <styleUrl>#7073</styleUrl>
            <Polygon id="7069">
                <outerBoundaryIs>
                    <LinearRing id="7071">
                        <coordinates>85.18028956484581,27.974091607872015,0.0 85.18049282545569,27.974094297006086,0.0 85.1804958542515,27.973913841774756,0.0 85.18029259397953,27.973911152661035,0.0 85.18028956484581,27.974091607872015,0.0</coordinates>
                    </LinearRing>
                </outerBoundaryIs>
            </Polygon>
        </Placemark>
        <Placemark id="7077">
            <name>Low</name>
            <styleUrl>#7080</styleUrl>
            <Polygon id="7076">
                <outerBoundaryIs>
                    <LinearRing id="7078">
                        <coordinates>85.1804867677799,27.974455207453627,0.0 85.18069002909363,27.97445789632834,0.0 85.18069305760763,27.97427744108674,0.0 85.1804897966318,27.974274752232375,0.0 85.1804867677799,27.974455207453627,0.0</coordinates>
                    </LinearRing>
                </outerBoundaryIs>
            </Polygon>
        </Placemark>
        <Placemark id="7084">
            <name>Low</name>
            <styleUrl>#7087</styleUrl>
            <Polygon id="7083">
                <outerBoundaryIs>
                    <LinearRing id="7085">
                        <coordinates>85.18088723399909,27.974821495411778,0.0 85.18088420573888,27.975001950658616,0.0 85.1810874681224,27.975004638994236,0.0 85.1810904960447,27.97482418372706,0.0 85.18088723399909,27.974821495411778,0.0</coordinates>
                    </LinearRing>
                </outerBoundaryIs>
            </Polygon>
        </Placemark>
        <Placemark id="7091">
            <name>Low</name>
            <styleUrl>#7094</styleUrl>
            <Polygon id="7090">
                <outerBoundaryIs>
                    <LinearRing id="7092">
                        <coordinates>85.18065974241144,27.976262448467295,0.0 85.18065671358902,27.97644290365349,0.0 85.18085997864793,27.976445592451956,0.0 85.18086300713242,27.976265137245413,0.0 85.18065974241144,27.976262448467295,0.0</coordinates>
                    </LinearRing>
                </outerBoundaryIs>
            </Polygon>
        </Placemark>
        <Placemark id="7098">
            <name>Low</name>
            <styleUrl>#7101</styleUrl>
            <Polygon id="7097">
                <outerBoundaryIs>
                    <LinearRing id="7099">
                        <coordinates>85.18045041936972,27.97662066971574,0.0 85.18044739015325,27.97680112487151,0.0 85.18065065586,27.976803814010754,0.0 85.18065368473853,27.97662335883464,0.0 85.18045041936972,27.97662066971574,0.0</coordinates>
                    </LinearRing>
                </outerBoundaryIs>
            </Polygon>
        </Placemark>
        <Placemark id="7105">
            <name>Low</name>
            <styleUrl>#7108</styleUrl>
            <Polygon id="7104">
                <outerBoundaryIs>
                    <LinearRing id="7106">
                        <coordinates>85.18001964879201,27.978058931357104,0.0 85.18022291680838,27.978061621239004,0.0 85.18022594655912,27.977881166138857,0.0 85.18002267888072,27.97787847627731,0.0 85.18001964879201,27.978058931357104,0.0</coordinates>
                    </LinearRing>
                </outerBoundaryIs>
            </Polygon>
        </Placemark>
        <Placemark id="7112">
            <name>Low</name>
            <styleUrl>#7115</styleUrl>
            <Polygon id="7111">
                <outerBoundaryIs>
                    <LinearRing id="7113">
                        <coordinates>85.1795979585994,27.978955825812815,0.0 85.17939468897733,27.978953134928787,0.0 85.17918535613735,27.979311353675854,0.0 85.17959189670538,27.97931673582547,0.0 85.1795979585994,27.978955825812815,0.0</coordinates>
                    </LinearRing>
                </outerBoundaryIs>
            </Polygon>
        </Placemark>
        <Placemark id="7119">
            <name>Low</name>
            <styleUrl>#7122</styleUrl>
            <Polygon id="7118">
                <outerBoundaryIs>
                    <LinearRing id="7120">
                        <coordinates>85.17815080465707,27.980380622111312,0.0 85.17814473758193,27.9807415317582,0.0 85.17834801041556,27.98074422464667,0.0 85.17835407681467,27.98038331495903,0.0 85.17815080465707,27.980380622111312,0.0</coordinates>
                    </LinearRing>
                </outerBoundaryIs>
            </Polygon>
        </Placemark>
        <Placemark id="7126">
            <name>Low</name>
            <styleUrl>#7129</styleUrl>
            <Polygon id="7125">
                <outerBoundaryIs>
                    <LinearRing id="7127">
                        <coordinates>85.17793236293903,27.98128020294099,0.0 85.17792932893708,27.98146065772138,0.0 85.17813260309471,27.981463350991504,0.0 85.17813563675864,27.981282896190734,0.0 85.17793236293903,27.98128020294099,0.0</coordinates>
                    </LinearRing>
                </outerBoundaryIs>
            </Polygon>
        </Placemark>
        <Placemark id="7133">
            <name>Low</name>
            <styleUrl>#7136</styleUrl>
            <Polygon id="7132">
                <outerBoundaryIs>
                    <LinearRing id="7134">
                        <coordinates>85.17772302043947,27.981638418906087,0.0 85.17771998604331,27.981818873656014,0.0 85.1779232608489,27.981821567267048,0.0 85.17792629490704,27.98164111249674,0.0 85.17772302043947,27.981638418906087,0.0</coordinates>
                    </LinearRing>
                </outerBoundaryIs>
            </Polygon>
        </Placemark>
        <Placemark id="7140">
            <name>Low</name>
            <styleUrl>#7143</styleUrl>
            <Polygon id="7139">
                <outerBoundaryIs>
                    <LinearRing id="7141">
                        <coordinates>85.17344818009663,27.981942692806175,0.0 85.17365145464971,27.981945392740766,0.0 85.17365449583457,27.98176493840396,0.0 85.17345122161953,27.9817622384898,0.0 85.17344818009663,27.981942692806175,0.0</coordinates>
                    </LinearRing>
                </outerBoundaryIs>
            </Polygon>
        </Placemark>
        <Placemark id="7147">
            <name>Low</name>
            <styleUrl>#7150</styleUrl>
            <Polygon id="7146">
                <outerBoundaryIs>
                    <LinearRing id="7148">
                        <coordinates>85.17385472923092,27.98194809237521,0.0 85.17405800384032,27.981950791709497,0.0 85.17406104434912,27.98177033733185,0.0 85.17385777007776,27.981767638017978,0.0 85.17385472923092,27.98194809237521,0.0</coordinates>
                    </LinearRing>
                </outerBoundaryIs>
            </Polygon>
        </Placemark>
        <Placemark id="7154">
            <name>Low</name>
            <styleUrl>#7157</styleUrl>
            <Polygon id="7153">
                <outerBoundaryIs>
                    <LinearRing id="7155">
                        <coordinates>85.17405800384032,27.981950791709497,0.0 85.17405496330336,27.982131246082112,0.0 85.17425823827891,27.982133945136674,0.0 85.17426127847783,27.981953490743646,0.0 85.17405800384032,27.981950791709497,0.0</coordinates>
                    </LinearRing>
                </outerBoundaryIs>
            </Polygon>
        </Placemark>
        <Placemark id="7161">
            <name>Low</name>
            <styleUrl>#7164</styleUrl>
            <Polygon id="7160">
                <outerBoundaryIs>
                    <LinearRing id="7162">
                        <coordinates>85.17506829958761,27.98232519282306,0.0 85.17527157504189,27.98232789039727,0.0 85.17527461357878,27.9821474359072,0.0 85.17507133846253,27.9821447383534,0.0 85.17506829958761,27.98232519282306,0.0</coordinates>
                    </LinearRing>
                </outerBoundaryIs>
            </Polygon>
        </Placemark>
        <Placemark id="7168">
            <name>Low</name>
            <styleUrl>#7171</styleUrl>
            <Polygon id="7167">
                <outerBoundaryIs>
                    <LinearRing id="7169">
                        <coordinates>85.17608467714024,27.982338677692546,0.0 85.17649122835813,27.982344069539245,0.0 85.17649426486679,27.982163614926762,0.0 85.17608771432498,27.98215822312086,0.0 85.17608467714024,27.982338677692546,0.0</coordinates>
                    </LinearRing>
                </outerBoundaryIs>
            </Polygon>
        </Placemark>
        <Placemark id="7175">
            <name>Low</name>
            <styleUrl>#7178</styleUrl>
            <Polygon id="7174">
                <outerBoundaryIs>
                    <LinearRing id="7176">
                        <coordinates>85.18136985173568,27.982408678050387,0.0 85.18136682331195,27.982589133146668,0.0 85.18157009997479,27.982591821436312,0.0 85.18157312806048,27.982411366319692,0.0 85.18136985173568,27.982408678050387,0.0</coordinates>
                    </LinearRing>
                </outerBoundaryIs>
            </Polygon>
        </Placemark>
        <Placemark id="7182">
            <name>Low</name>
            <styleUrl>#7185</styleUrl>
            <Polygon id="7181">
                <outerBoundaryIs>
                    <LinearRing id="7183">
                        <coordinates>85.18155798735171,27.983313641852426,0.0 85.1817612653948,27.983316329923262,0.0 85.18176429325456,27.983135874806454,0.0 85.18156101554952,27.983133186755957,0.0 85.18155798735171,27.983313641852426,0.0</coordinates>
                    </LinearRing>
                </outerBoundaryIs>
            </Polygon>
        </Placemark>
        <Placemark id="7189">
            <name>Low</name>
            <styleUrl>#7192</styleUrl>
            <Polygon id="7188">
                <outerBoundaryIs>
                    <LinearRing id="7190">
                        <coordinates>85.17952520846316,27.983286744634643,0.0 85.1791186530221,27.983281361589036,0.0 85.17911562073954,27.98346181643623,0.0 85.17951914522219,27.983647654405456,0.0 85.17952520846316,27.983286744634643,0.0</coordinates>
                    </LinearRing>
                </outerBoundaryIs>
            </Polygon>
        </Placemark>
        <Placemark id="7196">
            <name>Low</name>
            <styleUrl>#7199</styleUrl>
            <Polygon id="7195">
                <outerBoundaryIs>
                    <LinearRing id="7197">
                        <coordinates>85.17443719338246,27.983580279017257,0.0 85.17443415326832,27.983760733385346,0.0 85.17463743134259,27.98376343202336,0.0 85.17464047111868,27.983582977634853,0.0 85.17443719338246,27.983580279017257,0.0</coordinates>
                    </LinearRing>
                </outerBoundaryIs>
            </Polygon>
        </Placemark>
        <Placemark id="7203">
            <name>Low</name>
            <styleUrl>#7206</styleUrl>
            <Polygon id="7202">
                <outerBoundaryIs>
                    <LinearRing id="7204">
                        <coordinates>85.17565382213596,27.983776920710827,0.0 85.17565078402205,27.983957375196347,0.0 85.17605734121241,27.983962768610922,0.0 85.1760603786502,27.983782314084596,0.0 85.17565382213596,27.983776920710827,0.0</coordinates>
                    </LinearRing>
                </outerBoundaryIs>
            </Polygon>
        </Placemark>
        <Placemark id="7210">
            <name>Low</name>
            <styleUrl>#7213</styleUrl>
            <Polygon id="7209">
                <outerBoundaryIs>
                    <LinearRing id="7211">
                        <coordinates>85.1782964414882,27.983811956177806,0.0 85.17829340776916,27.98399241092841,0.0 85.1784966867156,27.983995103883473,0.0 85.17849972009658,27.983814649112496,0.0 85.1782964414882,27.983811956177806,0.0</coordinates>
                    </LinearRing>
                </outerBoundaryIs>
            </Polygon>
        </Placemark>
        <Placemark id="7217">
            <name>Low</name>
            <styleUrl>#7220</styleUrl>
            <Polygon id="7216">
                <outerBoundaryIs>
                    <LinearRing id="7218">
                        <coordinates>85.17930980278216,27.984005872701946,0.0 85.17951308186896,27.98400856415612,0.0 85.1795161135596,27.983828109283312,0.0 85.17931283481087,27.9838254178495,0.0 85.17930980278216,27.984005872701946,0.0</coordinates>
                    </LinearRing>
                </outerBoundaryIs>
            </Polygon>
        </Placemark>
        <Placemark id="7224">
            <name>Low</name>
            <styleUrl>#7227</styleUrl>
            <Polygon id="7223">
                <outerBoundaryIs>
                    <LinearRing id="7225">
                        <coordinates>85.17707373468033,27.98397624689426,0.0 85.17727701345824,27.9839789416504,0.0 85.17728004886762,27.983798487001703,0.0 85.17707677042777,27.983795792265962,0.0 85.17707373468033,27.98397624689426,0.0</coordinates>
                    </LinearRing>
                </outerBoundaryIs>
            </Polygon>
        </Placemark>
        <Placemark id="7231">
            <name>Low</name>
            <styleUrl>#7234</styleUrl>
            <Polygon id="7230">
                <outerBoundaryIs>
                    <LinearRing id="7232">
                        <coordinates>85.17949185924866,27.98527174812471,0.0 85.1794888273335,27.98545220295721,0.0 85.17969210915304,27.98545489427409,0.0 85.1796951407301,27.98527443942123,0.0 85.17949185924866,27.98527174812471,0.0</coordinates>
                    </LinearRing>
                </outerBoundaryIs>
            </Polygon>
        </Placemark>
        <Placemark id="7238">
            <name>Low</name>
            <styleUrl>#7241</styleUrl>
            <Polygon id="7237">
                <outerBoundaryIs>
                    <LinearRing id="7239">
                        <coordinates>85.1796739191013,27.98653762328544,0.0 85.1796708873278,27.986718078103024,0.0 85.18007745578456,27.986723460121212,0.0 85.18008048688183,27.98654300526291,0.0 85.1796739191013,27.98653762328544,0.0</coordinates>
                    </LinearRing>
                </outerBoundaryIs>
            </Polygon>
        </Placemark>
        <Placemark id="7245">
            <name>Low</name>
            <styleUrl>#7248</styleUrl>
            <Polygon id="7244">
                <outerBoundaryIs>
                    <LinearRing id="7246">
                        <coordinates>85.17986507706759,27.987262133745833,0.0 85.17986204551995,27.987442588563624,0.0 85.18006533111486,27.98744527950404,0.0 85.18006836232438,27.987264824665896,0.0 85.17986507706759,27.987262133745833,0.0</coordinates>
                    </LinearRing>
                </outerBoundaryIs>
            </Polygon>
        </Placemark>
        <Placemark id="7252">
            <name>Low</name>
            <styleUrl>#7255</styleUrl>
            <Polygon id="7251">
                <outerBoundaryIs>
                    <LinearRing id="7253">
                        <coordinates>85.18005017464642,27.988347553619203,0.0 85.18025346196008,27.988350244361175,0.0 85.18025649297172,27.988169789527866,0.0 85.18005320599622,27.98816709880625,0.0 85.18005017464642,27.988347553619203,0.0</coordinates>
                    </LinearRing>
                </outerBoundaryIs>
            </Polygon>
        </Placemark>
        <Placemark id="7259">
            <name>Low</name>
            <styleUrl>#7262</styleUrl>
            <Polygon id="7258">
                <outerBoundaryIs>
                    <LinearRing id="7260">
                        <coordinates>85.18064791504955,27.98907744439008,0.0 85.18085120379999,27.989080134312754,0.0 85.18085423390939,27.98889967943854,0.0 85.18065094549712,27.988896989536226,0.0 85.18064791504955,27.98907744439008,0.0</coordinates>
                    </LinearRing>
                </outerBoundaryIs>
            </Polygon>
        </Placemark>
        <Placemark id="7266">
            <name>Low</name>
            <styleUrl>#7269</styleUrl>
            <Polygon id="7265">
                <outerBoundaryIs>
                    <LinearRing id="7267">
                        <coordinates>85.18363848335812,27.968360018350523,0.0 85.18363243761087,27.96872092973034,0.0 85.18383568853338,27.968723613454102,0.0 85.18384173360502,27.968362702033666,0.0 85.18363848335812,27.968360018350523,0.0</coordinates>
                    </LinearRing>
                </outerBoundaryIs>
            </Polygon>
        </Placemark>
        <Placemark id="7273">
            <name>Low</name>
            <styleUrl>#7276</styleUrl>
            <Polygon id="7272">
                <outerBoundaryIs>
                    <LinearRing id="7274">
                        <coordinates>85.18484892267685,27.968917483377304,0.0 85.18484590176013,27.96909793917646,0.0 85.18504915352611,27.96910062114089,0.0 85.18505217410501,27.968920165321432,0.0 85.18484892267685,27.968917483377304,0.0</coordinates>
                    </LinearRing>
                </outerBoundaryIs>
            </Polygon>
        </Placemark>
        <Placemark id="7280">
            <name>Low</name>
            <styleUrl>#7283</styleUrl>
            <Polygon id="7279">
                <outerBoundaryIs>
                    <LinearRing id="7281">
                        <coordinates>85.18643871447038,27.971104401736067,0.0 85.18643569592084,27.971284857637134,0.0 85.18663895196451,27.971287537444976,0.0 85.1866419701762,27.97110708152362,0.0 85.18643871447038,27.971104401736067,0.0</coordinates>
                    </LinearRing>
                </outerBoundaryIs>
            </Polygon>
        </Placemark>
        <Placemark id="7287">
            <name>Low</name>
            <styleUrl>#7290</styleUrl>
            <Polygon id="7286">
                <outerBoundaryIs>
                    <LinearRing id="7288">
                        <coordinates>85.1860201260739,27.971820864672683,0.0 85.18622338307523,27.971823545141422,0.0 85.18622640204649,27.971643089275744,0.0 85.186023145383,27.971640408827295,0.0 85.1860201260739,27.971820864672683,0.0</coordinates>
                    </LinearRing>
                </outerBoundaryIs>
            </Polygon>
        </Placemark>
        <Placemark id="7294">
            <name>Low</name>
            <styleUrl>#7297</styleUrl>
            <Polygon id="7293">
                <outerBoundaryIs>
                    <LinearRing id="7295">
                        <coordinates>85.18601408737182,27.972181776348368,0.0 85.1862173450489,27.97218445685768,0.0 85.18622036407604,27.972004001002073,0.0 85.18601710673683,27.972001320513048,0.0 85.18601408737182,27.972181776348368,0.0</coordinates>
                    </LinearRing>
                </outerBoundaryIs>
            </Polygon>
        </Placemark>
        <Placemark id="7301">
            <name>Low</name>
            <styleUrl>#7304</styleUrl>
            <Polygon id="7300">
                <outerBoundaryIs>
                    <LinearRing id="7302">
                        <coordinates>85.18702434060154,27.97255608775294,0.0 85.18702132284204,27.972736543674564,0.0 85.18742784053084,27.972741901514446,0.0 85.18743085761459,27.972561445552273,0.0 85.18702434060154,27.97255608775294,0.0</coordinates>
                    </LinearRing>
                </outerBoundaryIs>
            </Polygon>
        </Placemark>
        <Placemark id="7308">
            <name>Low</name>
            <styleUrl>#7311</styleUrl>
            <Polygon id="7307">
                <outerBoundaryIs>
                    <LinearRing id="7309">
                        <coordinates>85.1965354910648,27.97520807449415,0.0 85.19673875559766,27.975210739724155,0.0 85.19674175750002,27.975030282897304,0.0 85.19653849330507,27.975027617687463,0.0 85.1965354910648,27.97520807449415,0.0</coordinates>
                    </LinearRing>
                </outerBoundaryIs>
            </Polygon>
        </Placemark>
        <Placemark id="7315">
            <name>Low</name>
            <styleUrl>#7318</styleUrl>
            <Polygon id="7314">
                <outerBoundaryIs>
                    <LinearRing id="7316">
                        <coordinates>85.19572243321126,27.975197410573326,0.0 85.19592569763294,27.97520007700365,0.0 85.195928700887,27.97501962025748,0.0 85.19572543680326,27.975016953847337,0.0 85.19572243321126,27.975197410573326,0.0</coordinates>
                    </LinearRing>
                </outerBoundaryIs>
            </Polygon>
        </Placemark>
        <Placemark id="7322">
            <name>Low</name>
            <styleUrl>#7325</styleUrl>
            <Polygon id="7321">
                <outerBoundaryIs>
                    <LinearRing id="7323">
                        <coordinates>85.19694502172275,27.975032947807062,0.0 85.19693901856613,27.975393861496084,0.0 85.19714228349252,27.9753965261461,0.0 85.19714828597327,27.975035612416754,0.0 85.19694502172275,27.975032947807062,0.0</coordinates>
                    </LinearRing>
                </outerBoundaryIs>
            </Polygon>
        </Placemark>
        <Placemark id="7329">
            <name>Low</name>
            <styleUrl>#7332</styleUrl>
            <Polygon id="7328">
                <outerBoundaryIs>
                    <LinearRing id="7330">
                        <coordinates>85.18392709796687,27.97540315527426,0.0 85.1841303614464,27.975405839149484,0.0 85.18413338435595,27.975225383587485,0.0 85.18393012121433,27.975222699732576,0.0 85.18392709796687,27.97540315527426,0.0</coordinates>
                    </LinearRing>
                </outerBoundaryIs>
            </Polygon>
        </Placemark>
        <Placemark id="7336">
            <name>Low</name>
            <styleUrl>#7339</styleUrl>
            <Polygon id="7335">
                <outerBoundaryIs>
                    <LinearRing id="7337">
                        <coordinates>85.1851436580159,27.975599709682964,0.0 85.18534692200123,27.975602391778033,0.0 85.18534994291119,27.975421936099256,0.0 85.18514667926378,27.97541925402448,0.0 85.1851436580159,27.975599709682964,0.0</coordinates>
                    </LinearRing>
                </outerBoundaryIs>
            </Polygon>
        </Placemark>
        <Placemark id="7343">
            <name>Low</name>
            <styleUrl>#7346</styleUrl>
            <Polygon id="7342">
                <outerBoundaryIs>
                    <LinearRing id="7344">
                        <coordinates>85.18595671412498,27.975610436262787,0.0 85.18595369420085,27.975790891997402,0.0 85.18615695863596,27.975793572912455,0.0 85.18615997822216,27.97561311715755,0.0 85.18595671412498,27.975610436262787,0.0</coordinates>
                    </LinearRing>
                </outerBoundaryIs>
            </Polygon>
        </Placemark>
        <Placemark id="7350">
            <name>Low</name>
            <styleUrl>#7353</styleUrl>
            <Polygon id="7349">
                <outerBoundaryIs>
                    <LinearRing id="7351">
                        <coordinates>85.18371476359124,27.975941837632867,0.0 85.18371173989388,27.976122293134093,0.0 85.18391500469716,27.976124977390636,0.0 85.18391802805657,27.975944521869103,0.0 85.18371476359124,27.975941837632867,0.0</coordinates>
                    </LinearRing>
                </outerBoundaryIs>
            </Polygon>
        </Placemark>
        <Placemark id="7357">
            <name>Low</name>
            <styleUrl>#7360</styleUrl>
            <Polygon id="7356">
                <outerBoundaryIs>
                    <LinearRing id="7358">
                        <coordinates>85.18656046865175,27.975979389632744,0.0 85.18655443069132,27.97634030119851,0.0 85.18675769622409,27.976342981274165,0.0 85.1867546775399,27.97652343706977,0.0 85.18716120936517,27.976528796361368,0.0 85.18716422737347,27.976348340525206,0.0 85.18696096178482,27.976345661049727,0.0 85.18696398010313,27.976165205228803,0.0 85.18656046865175,27.975979389632744,0.0</coordinates>
                    </LinearRing>
                </outerBoundaryIs>
            </Polygon>
        </Placemark>
        <Placemark id="7364">
            <name>Low</name>
            <styleUrl>#7367</styleUrl>
            <Polygon id="7363">
                <outerBoundaryIs>
                    <LinearRing id="7365">
                        <coordinates>85.19346547446489,27.976431255420835,0.0 85.19366874094607,27.97643392529344,0.0 85.19367174811221,27.97625346880459,0.0 85.19346848196896,27.97625079895219,0.0 85.19346547446489,27.976431255420835,0.0</coordinates>
                    </LinearRing>
                </outerBoundaryIs>
            </Polygon>
        </Placemark>
        <Placemark id="7371">
            <name>Low</name>
            <styleUrl>#7374</styleUrl>
            <Polygon id="7370">
                <outerBoundaryIs>
                    <LinearRing id="7372">
                        <coordinates>85.19488834041778,27.976449938227095,0.0 85.19509160709379,27.97645260599904,0.0 85.19509461189428,27.976272149368825,0.0 85.19489134555621,27.976269481617063,0.0 85.19488834041778,27.976449938227095,0.0</coordinates>
                    </LinearRing>
                </outerBoundaryIs>
            </Polygon>
        </Placemark>
        <Placemark id="7378">
            <name>Low</name>
            <styleUrl>#7381</styleUrl>
            <Polygon id="7377">
                <outerBoundaryIs>
                    <LinearRing id="7379">
                        <coordinates>85.19529787826016,27.9762748168205,0.0 85.19529487379762,27.976455273470897,0.0 85.19549814052927,27.97645794064266,0.0 85.19550114465386,27.97627748397208,0.0 85.19529787826016,27.9762748168205,0.0</coordinates>
                    </LinearRing>
                </outerBoundaryIs>
            </Polygon>
        </Placemark>
        <Placemark id="7385">
            <name>Low</name>
            <styleUrl>#7388</styleUrl>
            <Polygon id="7384">
                <outerBoundaryIs>
                    <LinearRing id="7386">
                        <coordinates>85.18796823995416,27.97690042316288,0.0 85.18817150669635,27.976903101198715,0.0 85.18817452307077,27.97672264527127,0.0 85.18797125666654,27.976719967255704,0.0 85.18796823995416,27.97690042316288,0.0</coordinates>
                    </LinearRing>
                </outerBoundaryIs>
            </Polygon>
        </Placemark>
        <Placemark id="7392">
            <name>Low</name>
            <styleUrl>#7395</styleUrl>
            <Polygon id="7391">
                <outerBoundaryIs>
                    <LinearRing id="7393">
                        <coordinates>85.19122051117832,27.976943235724725,0.0 85.19142377836691,27.97694590895902,0.0 85.19142678933409,27.976765452707646,0.0 85.19122352248344,27.976762779493576,0.0 85.19122051117832,27.976943235724725,0.0</coordinates>
                    </LinearRing>
                </outerBoundaryIs>
            </Polygon>
        </Placemark>
        <Placemark id="7399">
            <name>Low</name>
            <styleUrl>#7402</styleUrl>
            <Polygon id="7398">
                <outerBoundaryIs>
                    <LinearRing id="7400">
                        <coordinates>85.18837175740204,27.97708623487712,0.0 85.18857502453803,27.977088912333024,0.0 85.18857804026447,27.976908456370094,0.0 85.18837477346645,27.97690577893445,0.0 85.18837175740204,27.97708623487712,0.0</coordinates>
                    </LinearRing>
                </outerBoundaryIs>
            </Polygon>
        </Placemark>
        <Placemark id="7406">
            <name>Low</name>
            <styleUrl>#7409</styleUrl>
            <Polygon id="7405">
                <outerBoundaryIs>
                    <LinearRing id="7407">
                        <coordinates>85.18857200878367,27.97726936829092,0.0 85.18897854381531,27.977274722342955,0.0 85.18898155889374,27.977094266344544,0.0 85.18857502453803,27.977088912333024,0.0 85.18857200878367,27.97726936829092,0.0</coordinates>
                    </LinearRing>
                </outerBoundaryIs>
            </Polygon>
        </Placemark>
        <Placemark id="7413">
            <name>Low</name>
            <styleUrl>#7416</styleUrl>
            <Polygon id="7412">
                <outerBoundaryIs>
                    <LinearRing id="7414">
                        <coordinates>85.18308077188989,27.977377426504862,0.0 85.1832840389748,27.977380111803896,0.0 85.18328706354403,27.977199656378556,0.0 85.18308379679708,27.977196971099847,0.0 85.18308077188989,27.977377426504862,0.0</coordinates>
                    </LinearRing>
                </outerBoundaryIs>
            </Polygon>
        </Placemark>
        <Placemark id="7420">
            <name>Low</name>
            <styleUrl>#7423</styleUrl>
            <Polygon id="7419">
                <outerBoundaryIs>
                    <LinearRing id="7421">
                        <coordinates>85.18958533247964,27.97746320722438,0.0 85.18958231835926,27.977643663273472,0.0 85.18998885502184,27.977649014405493,0.0 85.18999186846628,27.9774685583159,0.0 85.18958533247964,27.97746320722438,0.0</coordinates>
                    </LinearRing>
                </outerBoundaryIs>
            </Polygon>
        </Placemark>
        <Placemark id="7427">
            <name>Low</name>
            <styleUrl>#7430</styleUrl>
            <Polygon id="7426">
                <outerBoundaryIs>
                    <LinearRing id="7428">
                        <coordinates>85.18266516088678,27.9779134210694,0.0 85.18266213519165,27.978093876413624,0.0 85.18306867198116,27.978099248074567,0.0 85.18307169700034,27.9779187926897,0.0 85.18266516088678,27.9779134210694,0.0</coordinates>
                    </LinearRing>
                </outerBoundaryIs>
            </Polygon>
        </Placemark>
        <Placemark id="7434">
            <name>Low</name>
            <styleUrl>#7437</styleUrl>
            <Polygon id="7433">
                <outerBoundaryIs>
                    <LinearRing id="7435">
                        <coordinates>85.18244071005202,27.979173921970588,0.0 85.18243768382281,27.979354377259224,0.0 85.18284422528805,27.979359749804953,0.0 85.18284725084126,27.979179294475664,0.0 85.18244071005202,27.979173921970588,0.0</coordinates>
                    </LinearRing>
                </outerBoundaryIs>
            </Polygon>
        </Placemark>
        <Placemark id="7441">
            <name>Low</name>
            <styleUrl>#7444</styleUrl>
            <Polygon id="7440">
                <outerBoundaryIs>
                    <LinearRing id="7442">
                        <coordinates>85.18158221214935,27.98187000093959,0.0 85.18178548748806,27.981872688847726,0.0 85.1817885151236,27.981692233690616,0.0 85.18158524012293,27.98168954580282,0.0 85.18158221214935,27.98187000093959,0.0</coordinates>
                    </LinearRing>
                </outerBoundaryIs>
            </Polygon>
        </Placemark>
        <Placemark id="7448">
            <name>Low</name>
            <styleUrl>#7451</styleUrl>
            <Polygon id="7447">
                <outerBoundaryIs>
                    <LinearRing id="7449">
                        <coordinates>85.18175520959119,27.983677240141773,0.0 85.18195848833844,27.983679927953105,0.0 85.18196151591619,27.983499472826033,0.0 85.181758237507,27.983496785035033,0.0 85.18175520959119,27.983677240141773,0.0</coordinates>
                    </LinearRing>
                </outerBoundaryIs>
            </Polygon>
        </Placemark>
        <Placemark id="7455">
            <name>Low</name>
            <styleUrl>#7458</styleUrl>
            <Polygon id="7454">
                <outerBoundaryIs>
                    <LinearRing id="7456">
                        <coordinates>85.18269896579126,27.988021599686665,0.0 85.18269593886535,27.988202054769104,0.0 85.18289922620535,27.98820474158769,0.0 85.18290225279311,27.98802428648492,0.0 85.18269896579126,27.988021599686665,0.0</coordinates>
                    </LinearRing>
                </outerBoundaryIs>
            </Polygon>
        </Placemark>
        <Placemark id="7462">
            <name>Low</name>
            <styleUrl>#7465</styleUrl>
            <Polygon id="7461">
                <outerBoundaryIs>
                    <LinearRing id="7463">
                        <coordinates>85.1834637014328,27.99091962709341,0.0 85.18366699395739,27.990922313015826,0.0 85.18367304523987,27.990561402793837,0.0 85.18346975339166,27.990558716912062,0.0 85.1834637014328,27.99091962709341,0.0</coordinates>
                    </LinearRing>
                </outerBoundaryIs>
            </Polygon>
        </Placemark>
        <Placemark id="7469">
            <name>Low</name>
            <styleUrl>#7472</styleUrl>
            <Polygon id="7468">
                <outerBoundaryIs>
                    <LinearRing id="7470">
                        <coordinates>85.18183433351768,27.991078583824958,0.0 85.18203762615632,27.99108127216985,0.0 85.18204065454512,27.99090081722902,0.0 85.18183736224469,27.990898128904462,0.0 85.18183433351768,27.991078583824958,0.0</coordinates>
                    </LinearRing>
                </outerBoundaryIs>
            </Polygon>
        </Placemark>
        <Placemark id="7476">
            <name>Low</name>
            <styleUrl>#7479</styleUrl>
            <Polygon id="7475">
                <outerBoundaryIs>
                    <LinearRing id="7477">
                        <coordinates>85.18366396827413,27.991102768119262,0.0 85.1836609425629,27.991283223217668,0.0 85.18386423579187,27.99128590888044,0.0 85.18386726116493,27.991105453761723,0.0 85.18366396827413,27.991102768119262,0.0</coordinates>
                    </LinearRing>
                </outerBoundaryIs>
            </Polygon>
        </Placemark>
        <Placemark id="7483">
            <name>Low</name>
            <styleUrl>#7486</styleUrl>
            <Polygon id="7482">
                <outerBoundaryIs>
                    <LinearRing id="7484">
                        <coordinates>85.1820043120294,27.99306627618639,0.0 85.18220760841639,27.993068964454697,0.0 85.18221063677531,27.99288850954896,0.0 85.18200734072656,27.99288582130099,0.0 85.1820043120294,27.99306627618639,0.0</coordinates>
                    </LinearRing>
                </outerBoundaryIs>
            </Polygon>
        </Placemark>
        <Placemark id="7490">
            <name>Low</name>
            <styleUrl>#7493</styleUrl>
            <Polygon id="7489">
                <outerBoundaryIs>
                    <LinearRing id="7491">
                        <coordinates>85.18260511805889,27.99361570489937,0.0 85.18219852317142,27.99361032914166,0.0 85.18219549470037,27.993790784027237,0.0 85.18259906244172,27.99397661474681,0.0 85.18260511805889,27.99361570489937,0.0</coordinates>
                    </LinearRing>
                </outerBoundaryIs>
            </Polygon>
        </Placemark>
        <Placemark id="7497">
            <name>Moderate - danger for some</name>
            <styleUrl>#7500</styleUrl>
            <Polygon id="7496">
                <outerBoundaryIs>
                    <LinearRing id="7498">
                        <coordinates>85.13945256925199,27.901347715107008,0.0 85.13924944943557,27.901344971888488,0.0 85.13924636145624,27.901525424830794,0.0 85.13944948160928,27.901528168070115,0.0 85.13945256925199,27.901347715107008,0.0</coordinates>
                    </LinearRing>
                </outerBoundaryIs>
            </Polygon>
        </Placemark>
        <Placemark id="7504">
            <name>Moderate - danger for some</name>
            <styleUrl>#7507</styleUrl>
            <Polygon id="7503">
                <outerBoundaryIs>
                    <LinearRing id="7505">
                        <coordinates>85.14021875135685,27.904065480154514,0.0 85.1402218380535,27.903885027178834,0.0 85.14001871340982,27.90388228486576,0.0 85.14002488739064,27.903521378940844,0.0 85.13982176344885,27.9035186363702,0.0 85.13981250142479,27.904059995187634,0.0 85.14021875135685,27.904065480154514,0.0</coordinates>
                    </LinearRing>
                </outerBoundaryIs>
            </Polygon>
        </Placemark>
        <Placemark id="7511">
            <name>Moderate - danger for some</name>
            <styleUrl>#7514</styleUrl>
            <Polygon id="7510">
                <outerBoundaryIs>
                    <LinearRing id="7512">
                        <coordinates>85.14081886923785,27.90461506444504,0.0 85.1408096117489,27.905156423483497,0.0 85.14101273886364,27.905159164745434,0.0 85.14102199534256,27.904617805644637,0.0 85.14081886923785,27.90461506444504,0.0</coordinates>
                    </LinearRing>
                </outerBoundaryIs>
            </Polygon>
        </Placemark>
        <Placemark id="7518">
            <name>Moderate - danger for some</name>
            <styleUrl>#7521</styleUrl>
            <Polygon id="7517">
                <outerBoundaryIs>
                    <LinearRing id="7519">
                        <coordinates>85.14080652586208,27.905336876486235,0.0 85.14080343994665,27.905517329483928,0.0 85.14100656773473,27.905520070787425,0.0 85.14100965331346,27.90533961776895,0.0 85.14080652586208,27.905336876486235,0.0</coordinates>
                    </LinearRing>
                </outerBoundaryIs>
            </Polygon>
        </Placemark>
        <Placemark id="7525">
            <name>Moderate - danger for some</name>
            <styleUrl>#7528</styleUrl>
            <Polygon id="7524">
                <outerBoundaryIs>
                    <LinearRing id="7526">
                        <coordinates>85.13896911316405,27.905853549895948,0.0 85.13896602413264,27.906034002691396,0.0 85.13916915267333,27.906036746749805,0.0 85.13917224136804,27.90585629393355,0.0 85.13896911316405,27.905853549895948,0.0</coordinates>
                    </LinearRing>
                </outerBoundaryIs>
            </Polygon>
        </Placemark>
        <Placemark id="7532">
            <name>Moderate - danger for some</name>
            <styleUrl>#7535</styleUrl>
            <Polygon id="7531">
                <outerBoundaryIs>
                    <LinearRing id="7533">
                        <coordinates>85.14079109599903,27.906239141424287,0.0 85.14078800994064,27.906419594396773,0.0 85.14099113941217,27.906422335804166,0.0 85.14099422513387,27.9062418828109,0.0 85.14079109599903,27.906239141424287,0.0</coordinates>
                    </LinearRing>
                </outerBoundaryIs>
            </Polygon>
        </Placemark>
        <Placemark id="7539">
            <name>Moderate - danger for some</name>
            <styleUrl>#7542</styleUrl>
            <Polygon id="7538">
                <outerBoundaryIs>
                    <LinearRing id="7540">
                        <coordinates>85.13912281881838,27.90874353838848,0.0 85.13911972966575,27.908923991124052,0.0 85.13952599760785,27.908929479008847,0.0 85.139529086087,27.90874902623168,0.0 85.13912281881838,27.90874353838848,0.0</coordinates>
                    </LinearRing>
                </outerBoundaryIs>
            </Polygon>
        </Placemark>
        <Placemark id="7546">
            <name>Moderate - danger for some</name>
            <styleUrl>#7549</styleUrl>
            <Polygon id="7545">
                <outerBoundaryIs>
                    <LinearRing id="7547">
                        <coordinates>85.13788547023162,27.909809783266645,0.0 85.13788237888673,27.909990235847115,0.0 85.13808551469218,27.909992981859254,0.0 85.1380886057003,27.909812529257962,0.0 85.13788547023162,27.909809783266645,0.0</coordinates>
                    </LinearRing>
                </outerBoundaryIs>
            </Polygon>
        </Placemark>
        <Placemark id="7553">
            <name>Moderate - danger for some</name>
            <styleUrl>#7556</styleUrl>
            <Polygon id="7552">
                <outerBoundaryIs>
                    <LinearRing id="7554">
                        <coordinates>85.13869801227823,27.909820765436606,0.0 85.13869492228035,27.910001218100316,0.0 85.13889805820034,27.910003962915557,0.0 85.13890114786145,27.909823510231053,0.0 85.13869801227823,27.909820765436606,0.0</coordinates>
                    </LinearRing>
                </outerBoundaryIs>
            </Polygon>
        </Placemark>
        <Placemark id="7560">
            <name>Moderate - danger for some</name>
            <styleUrl>#7563</styleUrl>
            <Polygon id="7559">
                <outerBoundaryIs>
                    <LinearRing id="7561">
                        <coordinates>85.13767924310991,27.90998748953576,0.0 85.13767615139963,27.91016794209037,0.0 85.1378792875132,27.910170688422546,0.0 85.13788237888673,27.909990235847115,0.0 85.13767924310991,27.90998748953576,0.0</coordinates>
                    </LinearRing>
                </outerBoundaryIs>
            </Polygon>
        </Placemark>
        <Placemark id="7567">
            <name>Moderate - danger for some</name>
            <styleUrl>#7570</styleUrl>
            <Polygon id="7566">
                <outerBoundaryIs>
                    <LinearRing id="7568">
                        <coordinates>85.13786692173264,27.91089249867382,0.0 85.1378638302159,27.911072951224035,0.0 85.13806696804195,27.911075697361046,0.0 85.13807005922193,27.91089524479002,0.0 85.13786692173264,27.91089249867382,0.0</coordinates>
                    </LinearRing>
                </outerBoundaryIs>
            </Polygon>
        </Placemark>
        <Placemark id="7574">
            <name>Moderate - danger for some</name>
            <styleUrl>#7577</styleUrl>
            <Polygon id="7573">
                <outerBoundaryIs>
                    <LinearRing id="7575">
                        <coordinates>85.13600154915373,27.913033198183083,0.0 85.13599845426195,27.913213650485343,0.0 85.13620159587163,27.91321639956549,0.0 85.13620469042658,27.913035947242395,0.0 85.13600154915373,27.913033198183083,0.0</coordinates>
                    </LinearRing>
                </outerBoundaryIs>
            </Polygon>
        </Placemark>
        <Placemark id="7581">
            <name>Moderate - danger for some</name>
            <styleUrl>#7584</styleUrl>
            <Polygon id="7580">
                <outerBoundaryIs>
                    <LinearRing id="7582">
                        <coordinates>85.13412990545423,27.915534772328623,0.0 85.13412680712936,27.91571522437264,0.0 85.13453309929233,27.915720728204292,0.0 85.1345361969435,27.915540276118566,0.0 85.13412990545423,27.915534772328623,0.0</coordinates>
                    </LinearRing>
                </outerBoundaryIs>
            </Polygon>
        </Placemark>
        <Placemark id="7588">
            <name>Moderate - danger for some</name>
            <styleUrl>#7591</styleUrl>
            <Polygon id="7587">
                <outerBoundaryIs>
                    <LinearRing id="7589">
                        <coordinates>85.1349331975291,27.9160871350785,0.0 85.13493010046557,27.916267587190795,0.0 85.13513324765806,27.916270338121628,0.0 85.13513634438473,27.91608988598849,0.0 85.1349331975291,27.9160871350785,0.0</coordinates>
                    </LinearRing>
                </outerBoundaryIs>
            </Polygon>
        </Placemark>
        <Placemark id="7595">
            <name>Moderate - danger for some</name>
            <styleUrl>#7598</styleUrl>
            <Polygon id="7594">
                <outerBoundaryIs>
                    <LinearRing id="7596">
                        <coordinates>85.13593964587044,27.916642243269848,0.0 85.13593655040518,27.916822695471218,0.0 85.13613969875169,27.91682544496806,0.0 85.13614279388008,27.916644992745862,0.0 85.13593964587044,27.916642243269848,0.0</coordinates>
                    </LinearRing>
                </outerBoundaryIs>
            </Polygon>
        </Placemark>
        <Placemark id="7602">
            <name>Moderate - danger for some</name>
            <styleUrl>#7605</styleUrl>
            <Polygon id="7601">
                <outerBoundaryIs>
                    <LinearRing id="7603">
                        <coordinates>85.13634284712688,27.91682819416559,0.0 85.13633975230671,27.91700864640359,0.0 85.13654290104745,27.917011395322643,0.0 85.13654599553075,27.916830943063818,0.0 85.13634284712688,27.91682819416559,0.0</coordinates>
                    </LinearRing>
                </outerBoundaryIs>
            </Polygon>
        </Placemark>
        <Placemark id="7609">
            <name>Moderate - danger for some</name>
            <styleUrl>#7612</styleUrl>
            <Polygon id="7608">
                <outerBoundaryIs>
                    <LinearRing id="7610">
                        <coordinates>85.14019958327995,27.91706082468333,0.0 85.14019649483181,27.917241277311682,0.0 85.1403996444536,27.917244020564592,0.0 85.14040273256484,27.917063567915456,0.0 85.14019958327995,27.91706082468333,0.0</coordinates>
                    </LinearRing>
                </outerBoundaryIs>
            </Polygon>
        </Placemark>
        <Placemark id="7616">
            <name>Moderate - danger for some</name>
            <styleUrl>#7619</styleUrl>
            <Polygon id="7615">
                <outerBoundaryIs>
                    <LinearRing id="7617">
                        <coordinates>85.13674604981685,27.91701414394239,0.0 85.136739861438,27.91737504848655,0.0 85.13694301090983,27.91737779684864,0.0 85.13694919861491,27.917016892262815,0.0 85.13674604981685,27.91701414394239,0.0</coordinates>
                    </LinearRing>
                </outerBoundaryIs>
            </Polygon>
        </Placemark>
        <Placemark id="7623">
            <name>Moderate - danger for some</name>
            <styleUrl>#7626</styleUrl>
            <Polygon id="7622">
                <outerBoundaryIs>
                    <LinearRing id="7624">
                        <coordinates>85.13734930993948,27.91738329267487,0.0 85.13734621671772,27.917563745001864,0.0 85.1375493666124,27.91756649248682,0.0 85.13755245949729,27.917386040139007,0.0 85.13734930993948,27.91738329267487,0.0</coordinates>
                    </LinearRing>
                </outerBoundaryIs>
            </Polygon>
        </Placemark>
        <Placemark id="7630">
            <name>Moderate - danger for some</name>
            <styleUrl>#7633</styleUrl>
            <Polygon id="7629">
                <outerBoundaryIs>
                    <LinearRing id="7631">
                        <coordinates>85.13794638968254,27.918113343696845,0.0 85.13794329735684,27.918293796066116,0.0 85.13814644868506,27.91829654273637,0.0 85.13814954067387,27.918116090346288,0.0 85.13794638968254,27.918113343696845,0.0</coordinates>
                    </LinearRing>
                </outerBoundaryIs>
            </Polygon>
        </Placemark>
        <Placemark id="7637">
            <name>Moderate - danger for some</name>
            <styleUrl>#7640</styleUrl>
            <Polygon id="7636">
                <outerBoundaryIs>
                    <LinearRing id="7638">
                        <coordinates>85.1444133370337,27.920186071111228,0.0 85.14441025517485,27.920366524089932,0.0 85.14461341112431,27.920369261409768,0.0 85.14461649264624,27.920188808410323,0.0 85.1444133370337,27.920186071111228,0.0</coordinates>
                    </LinearRing>
                </outerBoundaryIs>
            </Polygon>
        </Placemark>
        <Placemark id="7644">
            <name>Moderate - danger for some</name>
            <styleUrl>#7647</styleUrl>
            <Polygon id="7643">
                <outerBoundaryIs>
                    <LinearRing id="7645">
                        <coordinates>85.14846722925891,27.92078212037956,0.0 85.14846415405343,27.92096257375754,0.0 85.14866731158409,27.920965305152283,0.0 85.14867038645261,27.920784851753606,0.0 85.14846722925891,27.92078212037956,0.0</coordinates>
                    </LinearRing>
                </outerBoundaryIs>
            </Polygon>
        </Placemark>
        <Placemark id="7651">
            <name>Moderate - danger for some</name>
            <styleUrl>#7654</styleUrl>
            <Polygon id="7650">
                <outerBoundaryIs>
                    <LinearRing id="7652">
                        <coordinates>85.14501048039351,27.92091609424388,0.0 85.14500739943131,27.921096547264625,0.0 85.14521055681419,27.92109928376933,0.0 85.14521363743944,27.920918830727842,0.0 85.14501048039351,27.92091609424388,0.0</coordinates>
                    </LinearRing>
                </outerBoundaryIs>
            </Polygon>
        </Placemark>
        <Placemark id="7658">
            <name>Moderate - danger for some</name>
            <styleUrl>#7661</styleUrl>
            <Polygon id="7657">
                <outerBoundaryIs>
                    <LinearRing id="7659">
                        <coordinates>85.14824561841169,27.921862108774217,0.0 85.1482425426983,27.92204256210125,0.0 85.14844570222226,27.922045293919542,0.0 85.14844877759866,27.921864840571818,0.0 85.14824561841169,27.921862108774217,0.0</coordinates>
                    </LinearRing>
                </outerBoundaryIs>
            </Polygon>
        </Placemark>
        <Placemark id="7665">
            <name>Moderate - danger for some</name>
            <styleUrl>#7668</styleUrl>
            <Polygon id="7664">
                <outerBoundaryIs>
                    <LinearRing id="7666">
                        <coordinates>85.15000029992804,27.92621756710143,0.0 85.1499972265642,27.92639802049369,0.0 85.15020039443274,27.926400750113856,0.0 85.15020346745953,27.92622029670092,0.0 85.15000029992804,27.92621756710143,0.0</coordinates>
                    </LinearRing>
                </outerBoundaryIs>
            </Polygon>
        </Placemark>
        <Placemark id="7672">
            <name>Moderate - danger for some</name>
            <styleUrl>#7675</styleUrl>
            <Polygon id="7671">
                <outerBoundaryIs>
                    <LinearRing id="7673">
                        <coordinates>85.15059136806488,27.927308475651706,0.0 85.15058829554144,27.927488929075746,0.0 85.15079146551773,27.927491657921646,0.0 85.15079453770412,27.92731120447693,0.0 85.15059136806488,27.927308475651706,0.0</coordinates>
                    </LinearRing>
                </outerBoundaryIs>
            </Polygon>
        </Placemark>
        <Placemark id="7679">
            <name>Moderate - danger for some</name>
            <styleUrl>#7682</styleUrl>
            <Polygon id="7678">
                <outerBoundaryIs>
                    <LinearRing id="7680">
                        <coordinates>85.1493631271043,27.927833456296668,0.0 85.14936620170711,27.927653003006792,0.0 85.14956937184967,27.927655733670086,0.0 85.14957244608692,27.92747528035449,0.0 85.14916610650444,27.927469818769836,0.0 85.14915995665315,27.927830725313235,0.0 85.1493631271043,27.927833456296668,0.0</coordinates>
                    </LinearRing>
                </outerBoundaryIs>
            </Polygon>
        </Placemark>
        <Placemark id="7686">
            <name>Moderate - danger for some</name>
            <styleUrl>#7689</styleUrl>
            <Polygon id="7685">
                <outerBoundaryIs>
                    <LinearRing id="7687">
                        <coordinates>85.14709439041017,27.929788382359817,0.0 85.14709131175738,27.92996883536146,0.0 85.14729448596864,27.929971569587988,0.0 85.14729756428433,27.92979111656563,0.0 85.14709439041017,27.929788382359817,0.0</coordinates>
                    </LinearRing>
                </outerBoundaryIs>
            </Polygon>
        </Placemark>
        <Placemark id="7693">
            <name>Moderate - danger for some</name>
            <styleUrl>#7696</styleUrl>
            <Polygon id="7692">
                <outerBoundaryIs>
                    <LinearRing id="7694">
                        <coordinates>85.14851353183491,27.929987968658043,0.0 85.14851045551337,27.930168421799596,0.0 85.14871363026128,27.93017115395045,0.0 85.1487167062457,27.92999070078821,0.0 85.14851353183491,27.929987968658043,0.0</coordinates>
                    </LinearRing>
                </outerBoundaryIs>
            </Polygon>
        </Placemark>
        <Placemark id="7700">
            <name>Moderate - danger for some</name>
            <styleUrl>#7703</styleUrl>
            <Polygon id="7699">
                <outerBoundaryIs>
                    <LinearRing id="7701">
                        <coordinates>85.14729140762444,27.9301520226053,0.0 85.14728832925174,27.930332475617565,0.0 85.14749150416574,27.930335209586033,0.0 85.14749458220133,27.930154756553055,0.0 85.14729140762444,27.9301520226053,0.0</coordinates>
                    </LinearRing>
                </outerBoundaryIs>
            </Polygon>
        </Placemark>
        <Placemark id="7707">
            <name>Moderate - danger for some</name>
            <styleUrl>#7710</styleUrl>
            <Polygon id="7706">
                <outerBoundaryIs>
                    <LinearRing id="7708">
                        <coordinates>85.14870132603872,27.930892966548996,0.0 85.14869824991185,27.931073419686033,0.0 85.14890142637385,27.93107615164088,0.0 85.14890450216359,27.930895698483155,0.0 85.14870132603872,27.930892966548996,0.0</coordinates>
                    </LinearRing>
                </outerBoundaryIs>
            </Polygon>
        </Placemark>
        <Placemark id="7714">
            <name>Moderate - danger for some</name>
            <styleUrl>#7717</styleUrl>
            <Polygon id="7713">
                <outerBoundaryIs>
                    <LinearRing id="7715">
                        <coordinates>85.14806410256462,27.932508846442417,0.0 85.14806102516982,27.932689299471956,0.0 85.14826420458064,27.93269203251162,0.0 85.14826728163827,27.932511579461373,0.0 85.14806410256462,27.932508846442417,0.0</coordinates>
                    </LinearRing>
                </outerBoundaryIs>
            </Polygon>
        </Placemark>
        <Placemark id="7721">
            <name>Moderate - danger for some</name>
            <styleUrl>#7724</styleUrl>
            <Polygon id="7720">
                <outerBoundaryIs>
                    <LinearRing id="7722">
                        <coordinates>85.15377460227492,27.93132208235711,0.0 85.15377153451949,27.931502536000764,0.0 85.1539747123671,27.931505260509464,0.0 85.1539777797854,27.931324806845176,0.0 85.15377460227492,27.93132208235711,0.0</coordinates>
                    </LinearRing>
                </outerBoundaryIs>
            </Polygon>
        </Placemark>
        <Placemark id="7728">
            <name>Moderate - danger for some</name>
            <styleUrl>#7731</styleUrl>
            <Polygon id="7727">
                <outerBoundaryIs>
                    <LinearRing id="7729">
                        <coordinates>85.15172440154605,27.93237754155116,0.0 85.15171825892259,27.93273844835991,0.0 85.15192143884595,27.932741176008278,0.0 85.15192758079509,27.932380269158198,0.0 85.15172440154605,27.93237754155116,0.0</coordinates>
                    </LinearRing>
                </outerBoundaryIs>
            </Polygon>
        </Placemark>
        <Placemark id="7735">
            <name>Moderate - danger for some</name>
            <styleUrl>#7738</styleUrl>
            <Polygon id="7734">
                <outerBoundaryIs>
                    <LinearRing id="7736">
                        <coordinates>85.1510626308468,27.935437063110466,0.0 85.15105955805403,27.93561751636965,0.0 85.15126274328699,27.93562024524728,0.0 85.15126581574256,27.935439791967426,0.0 85.1510626308468,27.935437063110466,0.0</coordinates>
                    </LinearRing>
                </outerBoundaryIs>
            </Polygon>
        </Placemark>
        <Placemark id="7742">
            <name>Moderate - danger for some</name>
            <styleUrl>#7745</styleUrl>
            <Polygon id="7741">
                <outerBoundaryIs>
                    <LinearRing id="7743">
                        <coordinates>85.15812820127809,27.93823920405999,0.0 85.15812207841847,27.938600111866315,0.0 85.15832527004147,27.93860283058893,0.0 85.15833139222657,27.938241922741426,0.0 85.15812820127809,27.93823920405999,0.0</coordinates>
                    </LinearRing>
                </outerBoundaryIs>
            </Polygon>
        </Placemark>
        <Placemark id="7749">
            <name>Moderate - danger for some</name>
            <styleUrl>#7752</styleUrl>
            <Polygon id="7748">
                <outerBoundaryIs>
                    <LinearRing id="7750">
                        <coordinates>85.15689986578,27.938764247011118,0.0 85.15689680225569,27.938944700778084,0.0 85.15709999438306,27.938947421339478,0.0 85.15710305757011,27.938766967551913,0.0 85.15689986578,27.938764247011118,0.0</coordinates>
                    </LinearRing>
                </outerBoundaryIs>
            </Polygon>
        </Placemark>
        <Placemark id="7756">
            <name>Moderate - danger for some</name>
            <styleUrl>#7759</styleUrl>
            <Polygon id="7755">
                <outerBoundaryIs>
                    <LinearRing id="7757">
                        <coordinates>85.15908295633297,27.94186187368601,0.0 85.15907989603684,27.942042327593825,0.0 85.15928309421022,27.942045045209504,0.0 85.15928615416904,27.941864591281103,0.0 85.15908295633297,27.94186187368601,0.0</coordinates>
                    </LinearRing>
                </outerBoundaryIs>
            </Polygon>
        </Placemark>
        <Placemark id="7763">
            <name>Moderate - danger for some</name>
            <styleUrl>#7766</styleUrl>
            <Polygon id="7762">
                <outerBoundaryIs>
                    <LinearRing id="7764">
                        <coordinates>85.16043806067137,27.94585087853553,0.0 85.16043500211342,27.94603133247648,0.0 85.16063820790713,27.946034048447146,0.0 85.16064126612768,27.945853594485623,0.0 85.16043806067137,27.94585087853553,0.0</coordinates>
                    </LinearRing>
                </outerBoundaryIs>
            </Polygon>
        </Placemark>
        <Placemark id="7770">
            <name>Moderate - danger for some</name>
            <styleUrl>#7773</styleUrl>
            <Polygon id="7769">
                <outerBoundaryIs>
                    <LinearRing id="7771">
                        <coordinates>85.1628612551869,27.94678572104491,0.0 85.16285820053626,27.94696617520733,0.0 85.16306140835667,27.9469688876844,0.0 85.1630644626699,27.946788433501442,0.0 85.1628612551869,27.94678572104491,0.0</coordinates>
                    </LinearRing>
                </outerBoundaryIs>
            </Polygon>
        </Placemark>
        <Placemark id="7777">
            <name>Moderate - danger for some</name>
            <styleUrl>#7780</styleUrl>
            <Polygon id="7776">
                <outerBoundaryIs>
                    <LinearRing id="7778">
                        <coordinates>85.16201480797803,27.948759862827128,0.0 85.16201175166641,27.94894031685192,0.0 85.1622149630854,27.948943030753856,0.0 85.16221801905958,27.94876257670851,0.0 85.16201480797803,27.948759862827128,0.0</coordinates>
                    </LinearRing>
                </outerBoundaryIs>
            </Polygon>
        </Placemark>
        <Placemark id="7784">
            <name>Moderate - danger for some</name>
            <styleUrl>#7787</styleUrl>
            <Polygon id="7783">
                <outerBoundaryIs>
                    <LinearRing id="7785">
                        <coordinates>85.1636160677346,27.950225198857765,0.0 85.16361301389634,27.950405653006577,0.0 85.16381622824136,27.950408364674942,0.0 85.16381928174214,27.9502279105056,0.0 85.1636160677346,27.950225198857765,0.0</coordinates>
                    </LinearRing>
                </outerBoundaryIs>
            </Polygon>
        </Placemark>
        <Placemark id="7791">
            <name>Moderate - danger for some</name>
            <styleUrl>#7794</styleUrl>
            <Polygon id="7790">
                <outerBoundaryIs>
                    <LinearRing id="7792">
                        <coordinates>85.16375209819245,27.954197901066898,0.0 85.1637490440695,27.95437835512536,0.0 85.16395226586803,27.95438106694566,0.0 85.16395531965343,27.954200612866664,0.0 85.16375209819245,27.954197901066898,0.0</coordinates>
                    </LinearRing>
                </outerBoundaryIs>
            </Polygon>
        </Placemark>
        <Placemark id="7798">
            <name>Moderate - danger for some</name>
            <styleUrl>#7801</styleUrl>
            <Polygon id="7797">
                <outerBoundaryIs>
                    <LinearRing id="7799">
                        <coordinates>85.1625083200426,27.955625255313258,0.0 85.16250526366801,27.955805709208153,0.0 85.16270848799725,27.9558084229916,0.0 85.16271154403428,27.955627969076158,0.0 85.1625083200426,27.955625255313258,0.0</coordinates>
                    </LinearRing>
                </outerBoundaryIs>
            </Polygon>
        </Placemark>
        <Placemark id="7805">
            <name>Moderate - danger for some</name>
            <styleUrl>#7808</styleUrl>
            <Polygon id="7804">
                <outerBoundaryIs>
                    <LinearRing id="7806">
                        <coordinates>85.16474378550694,27.955655090215437,0.0 85.16474073284559,27.955835544336214,0.0 85.16514718215457,27.95584096500735,0.0 85.16515023414078,27.955660510845533,0.0 85.16474378550694,27.955655090215437,0.0</coordinates>
                    </LinearRing>
                </outerBoundaryIs>
            </Polygon>
        </Placemark>
        <Placemark id="7812">
            <name>Moderate - danger for some</name>
            <styleUrl>#7815</styleUrl>
            <Polygon id="7811">
                <outerBoundaryIs>
                    <LinearRing id="7813">
                        <coordinates>85.16652400788894,27.958566741888074,0.0 85.16672723784751,27.95856944998272,0.0 85.16673333723769,27.958208541477095,0.0 85.16653010795436,27.958205833423456,0.0 85.16652400788894,27.958566741888074,0.0</coordinates>
                    </LinearRing>
                </outerBoundaryIs>
            </Polygon>
        </Placemark>
        <Placemark id="7819">
            <name>Moderate - danger for some</name>
            <styleUrl>#7822</styleUrl>
            <Polygon id="7818">
                <outerBoundaryIs>
                    <LinearRing id="7820">
                        <coordinates>85.1669304678343,27.958572157777496,0.0 85.16672723784751,27.95856944998272,0.0 85.16672418811005,27.95874990422796,0.0 85.16692741843448,27.95875261204325,0.0 85.1669304678343,27.958572157777496,0.0</coordinates>
                    </LinearRing>
                </outerBoundaryIs>
            </Polygon>
        </Placemark>
        <Placemark id="7826">
            <name>Moderate - danger for some</name>
            <styleUrl>#7829</styleUrl>
            <Polygon id="7825">
                <outerBoundaryIs>
                    <LinearRing id="7827">
                        <coordinates>85.16936313915262,27.958965536944543,0.0 85.16936009374787,27.95914599144603,0.0 85.16956332511438,27.959148695404142,0.0 85.1695663701815,27.95896824088219,0.0 85.16936313915262,27.958965536944543,0.0</coordinates>
                    </LinearRing>
                </outerBoundaryIs>
            </Polygon>
        </Placemark>
        <Placemark id="7833">
            <name>Moderate - danger for some</name>
            <styleUrl>#7836</styleUrl>
            <Polygon id="7832">
                <outerBoundaryIs>
                    <LinearRing id="7834">
                        <coordinates>85.1673247328249,27.959299389664245,0.0 85.16732168398738,27.95947984395082,0.0 85.16752491574704,27.95948255094852,0.0 85.1675279642469,27.95930209664144,0.0 85.1673247328249,27.959299389664245,0.0</coordinates>
                    </LinearRing>
                </outerBoundaryIs>
            </Polygon>
        </Placemark>
        <Placemark id="7840">
            <name>Moderate - danger for some</name>
            <styleUrl>#7843</styleUrl>
            <Polygon id="7839">
                <outerBoundaryIs>
                    <LinearRing id="7841">
                        <coordinates>85.16996369906369,27.95951501153144,0.0 85.16996065458726,27.95969546607921,0.0 85.17016388705126,27.95969816919913,0.0 85.17016693119005,27.959517714630895,0.0 85.16996369906369,27.95951501153144,0.0</coordinates>
                    </LinearRing>
                </outerBoundaryIs>
            </Polygon>
        </Placemark>
        <Placemark id="7847">
            <name>Moderate - danger for some</name>
            <styleUrl>#7850</styleUrl>
            <Polygon id="7846">
                <outerBoundaryIs>
                    <LinearRing id="7848">
                        <coordinates>85.16771900287883,27.9600266205988,0.0 85.16771595460368,27.9602070749062,0.0 85.16791918777035,27.96020978138612,0.0 85.16792223570785,27.960029327058233,0.0 85.16771900287883,27.9600266205988,0.0</coordinates>
                    </LinearRing>
                </outerBoundaryIs>
            </Polygon>
        </Placemark>
        <Placemark id="7854">
            <name>Moderate - danger for some</name>
            <styleUrl>#7857</styleUrl>
            <Polygon id="7853">
                <outerBoundaryIs>
                    <LinearRing id="7855">
                        <coordinates>85.16848622753349,27.962744259948327,0.0 85.16848318018573,27.962924714262076,0.0 85.16868641853037,27.9629274198497,0.0 85.16868946554044,27.96274696551547,0.0 85.16848622753349,27.962744259948327,0.0</coordinates>
                    </LinearRing>
                </outerBoundaryIs>
            </Polygon>
        </Placemark>
        <Placemark id="7861">
            <name>Moderate - danger for some</name>
            <styleUrl>#7864</styleUrl>
            <Polygon id="7860">
                <outerBoundaryIs>
                    <LinearRing id="7862">
                        <coordinates>85.16846794302363,27.963826985755226,0.0 85.16846489550656,27.96400744003873,0.0 85.16866813587744,27.964010145749242,0.0 85.16867118305679,27.963829691445255,0.0 85.16846794302363,27.963826985755226,0.0</coordinates>
                    </LinearRing>
                </outerBoundaryIs>
            </Polygon>
        </Placemark>
        <Placemark id="7868">
            <name>Moderate - danger for some</name>
            <styleUrl>#7871</styleUrl>
            <Polygon id="7867">
                <outerBoundaryIs>
                    <LinearRing id="7869">
                        <coordinates>85.16927176474229,27.964379169796974,0.0 85.16926871849147,27.964559624147277,0.0 85.16947195998834,27.964562328719516,0.0 85.16947500590143,27.964381874348735,0.0 85.16927176474229,27.964379169796974,0.0</coordinates>
                    </LinearRing>
                </outerBoundaryIs>
            </Polygon>
        </Placemark>
        <Placemark id="7875">
            <name>Moderate - danger for some</name>
            <styleUrl>#7878</styleUrl>
            <Polygon id="7874">
                <outerBoundaryIs>
                    <LinearRing id="7876">
                        <coordinates>85.17129504889725,27.964947565467583,0.0 85.17128896295286,27.96530847454214,0.0 85.17149220608256,27.965311176196884,0.0 85.17149829135147,27.964950267081424,0.0 85.17129504889725,27.964947565467583,0.0</coordinates>
                    </LinearRing>
                </outerBoundaryIs>
            </Polygon>
        </Placemark>
        <Placemark id="7882">
            <name>Moderate - danger for some</name>
            <styleUrl>#7885</styleUrl>
            <Polygon id="7881">
                <outerBoundaryIs>
                    <LinearRing id="7883">
                        <coordinates>85.17189869242645,27.965316578606554,0.0 85.17189565042521,27.965497033197618,0.0 85.17209889397716,27.965499733972983,0.0 85.17210193564065,27.96531927936148,0.0 85.17189869242645,27.965316578606554,0.0</coordinates>
                    </LinearRing>
                </outerBoundaryIs>
            </Polygon>
        </Placemark>
        <Placemark id="7889">
            <name>Moderate - danger for some</name>
            <styleUrl>#7892</styleUrl>
            <Polygon id="7888">
                <outerBoundaryIs>
                    <LinearRing id="7890">
                        <coordinates>85.17209585228551,27.96568018857945,0.0 85.1720928105657,27.965860643180886,0.0 85.1722960548213,27.96586334369719,0.0 85.17229909620337,27.96568288907532,0.0 85.17209585228551,27.96568018857945,0.0</coordinates>
                    </LinearRing>
                </outerBoundaryIs>
            </Polygon>
        </Placemark>
        <Placemark id="7896">
            <name>Moderate - danger for some</name>
            <styleUrl>#7899</styleUrl>
            <Polygon id="7895">
                <outerBoundaryIs>
                    <LinearRing id="7897">
                        <coordinates>85.1722960548213,27.96586334369719,0.0 85.17229301341108,27.966043798314026,0.0 85.1724962580326,27.966046498550817,0.0 85.17249929910507,27.96586604391355,0.0 85.1722960548213,27.96586334369719,0.0</coordinates>
                    </LinearRing>
                </outerBoundaryIs>
            </Polygon>
        </Placemark>
        <Placemark id="7903">
            <name>Moderate - danger for some</name>
            <styleUrl>#7906</styleUrl>
            <Polygon id="7902">
                <outerBoundaryIs>
                    <LinearRing id="7904">
                        <coordinates>85.1722899719727,27.966224252925816,0.0 85.17228693050616,27.966404707532565,0.0 85.17249017580318,27.966407407810234,0.0 85.17249321693197,27.966226953183046,0.0 85.1722899719727,27.966224252925816,0.0</coordinates>
                    </LinearRing>
                </outerBoundaryIs>
            </Polygon>
        </Placemark>
        <Placemark id="7910">
            <name>Moderate - danger for some</name>
            <styleUrl>#7913</styleUrl>
            <Polygon id="7909">
                <outerBoundaryIs>
                    <LinearRing id="7911">
                        <coordinates>85.17228388901144,27.966585162134283,0.0 85.17228084748858,27.966765616730957,0.0 85.17248409346112,27.96676831704951,0.0 85.17248713464623,27.966587862432394,0.0 85.17228388901144,27.966585162134283,0.0</coordinates>
                    </LinearRing>
                </outerBoundaryIs>
            </Polygon>
        </Placemark>
        <Placemark id="7917">
            <name>Moderate - danger for some</name>
            <styleUrl>#7920</styleUrl>
            <Polygon id="7916">
                <outerBoundaryIs>
                    <LinearRing id="7918">
                        <coordinates>85.1728845043871,27.967134626087585,0.0 85.17288146379308,27.967315080730454,0.0 85.17308471086339,27.96731778021043,0.0 85.17308775111965,27.967137325547128,0.0 85.1728845043871,27.967134626087585,0.0</coordinates>
                    </LinearRing>
                </outerBoundaryIs>
            </Polygon>
        </Placemark>
        <Placemark id="7924">
            <name>Moderate - danger for some</name>
            <styleUrl>#7927</styleUrl>
            <Polygon id="7923">
                <outerBoundaryIs>
                    <LinearRing id="7925">
                        <coordinates>85.1741009466372,27.967331273110805,0.0 85.17409790804169,27.967511727871194,0.0 85.17450440322372,27.967517122972414,0.0 85.17450744114367,27.9673366681712,0.0 85.1741009466372,27.967331273110805,0.0</coordinates>
                    </LinearRing>
                </outerBoundaryIs>
            </Polygon>
        </Placemark>
        <Placemark id="7931">
            <name>Moderate - danger for some</name>
            <styleUrl>#7934</styleUrl>
            <Polygon id="7930">
                <outerBoundaryIs>
                    <LinearRing id="7932">
                        <coordinates>85.17343601372353,27.98266451002126,0.0 85.17343297205987,27.98284496431243,0.0 85.17363624830313,27.982847664349165,0.0 85.17363928962875,27.98266721003756,0.0 85.17343601372353,27.98266451002126,0.0</coordinates>
                    </LinearRing>
                </outerBoundaryIs>
            </Polygon>
        </Placemark>
        <Placemark id="7938">
            <name>Moderate - danger for some</name>
            <styleUrl>#7941</styleUrl>
            <Polygon id="7937">
                <outerBoundaryIs>
                    <LinearRing id="7939">
                        <coordinates>85.17363624830313,27.982847664349165,0.0 85.17363320694933,27.983028118655728,0.0 85.17383648355882,27.98303081841273,0.0 85.17383952457453,27.98285036408574,0.0 85.17363624830313,27.982847664349165,0.0</coordinates>
                    </LinearRing>
                </outerBoundaryIs>
            </Polygon>
        </Placemark>
        <Placemark id="7945">
            <name>Moderate - danger for some</name>
            <styleUrl>#7948</styleUrl>
            <Polygon id="7944">
                <outerBoundaryIs>
                    <LinearRing id="7946">
                        <coordinates>85.17658239600334,27.964837254872524,0.0 85.17657936185451,27.96501770994831,0.0 85.17698281475248,27.965203552390868,0.0 85.17698888172727,27.96484264216278,0.0 85.17678563885126,27.964839948667624,0.0 85.17678867263426,27.964659493566405,0.0 85.17638218764198,27.96465410571706,0.0 85.1763791531835,27.964834560777486,0.0 85.17658239600334,27.964837254872524,0.0</coordinates>
                    </LinearRing>
                </outerBoundaryIs>
            </Polygon>
        </Placemark>
        <Placemark id="7952">
            <name>Moderate - danger for some</name>
            <styleUrl>#7955</styleUrl>
            <Polygon id="7951">
                <outerBoundaryIs>
                    <LinearRing id="7953">
                        <coordinates>85.17859057878893,27.96630782142201,0.0 85.17858451676896,27.966668731895556,0.0 85.17878776327518,27.96667142289496,0.0 85.1787938246196,27.96631051238068,0.0 85.17859057878893,27.96630782142201,0.0</coordinates>
                    </LinearRing>
                </outerBoundaryIs>
            </Polygon>
        </Placemark>
        <Placemark id="7959">
            <name>Moderate - danger for some</name>
            <styleUrl>#7962</styleUrl>
            <Polygon id="7958">
                <outerBoundaryIs>
                    <LinearRing id="7960">
                        <coordinates>85.18060487222783,27.967417450092334,0.0 85.18060184444134,27.96759790550498,0.0 85.18080509291693,27.96760059360651,0.0 85.18080812036563,27.967420138173505,0.0 85.18060487222783,27.967417450092334,0.0</coordinates>
                    </LinearRing>
                </outerBoundaryIs>
            </Polygon>
        </Placemark>
        <Placemark id="7966">
            <name>Moderate - danger for some</name>
            <styleUrl>#7969</styleUrl>
            <Polygon id="7965">
                <outerBoundaryIs>
                    <LinearRing id="7967">
                        <coordinates>85.18101136853146,27.967422825954703,0.0 85.18100834142054,27.96760328140805,0.0 85.18121158995217,27.96760596890962,0.0 85.1812146167253,27.967425513435938,0.0 85.18101136853146,27.967422825954703,0.0</coordinates>
                    </LinearRing>
                </outerBoundaryIs>
            </Polygon>
        </Placemark>
        <Placemark id="7973">
            <name>Moderate - danger for some</name>
            <styleUrl>#7976</styleUrl>
            <Polygon id="7972">
                <outerBoundaryIs>
                    <LinearRing id="7974">
                        <coordinates>85.18039859599381,27.967595217103494,0.0 85.18039556784149,27.967775672490763,0.0 85.18059881662683,27.967778360912604,0.0 85.18060184444134,27.96759790550498,0.0 85.18039859599381,27.967595217103494,0.0</coordinates>
                    </LinearRing>
                </outerBoundaryIs>
            </Polygon>
        </Placemark>
        <Placemark id="7980">
            <name>Moderate - danger for some</name>
            <styleUrl>#7983</styleUrl>
            <Polygon id="7979">
                <outerBoundaryIs>
                    <LinearRing id="7981">
                        <coordinates>85.1801923190842,27.967772983768945,0.0 85.18018929056605,27.96795343913083,0.0 85.18039253966114,27.967956127872995,0.0 85.18039556784149,27.967775672490763,0.0 85.1801923190842,27.967772983768945,0.0</coordinates>
                    </LinearRing>
                </outerBoundaryIs>
            </Polygon>
        </Placemark>
        <Placemark id="7987">
            <name>Moderate - danger for some</name>
            <styleUrl>#7990</styleUrl>
            <Polygon id="7986">
                <outerBoundaryIs>
                    <LinearRing id="7988">
                        <coordinates>85.18141181204845,27.967789111600208,0.0 85.18140878555705,27.96796956708416,0.0 85.18161203482032,27.967972254026453,0.0 85.18161506097393,27.967791798522168,0.0 85.18141181204845,27.967789111600208,0.0</coordinates>
                    </LinearRing>
                </outerBoundaryIs>
            </Polygon>
        </Placemark>
        <Placemark id="7994">
            <name>Moderate - danger for some</name>
            <styleUrl>#7997</styleUrl>
            <Polygon id="7993">
                <outerBoundaryIs>
                    <LinearRing id="7995">
                        <coordinates>85.17998604149902,27.96795075008869,0.0 85.17998301261504,27.96813120542518,0.0 85.18018626201987,27.968133894487675,0.0 85.18018929056605,27.96795343913083,0.0 85.17998604149902,27.96795075008869,0.0</coordinates>
                    </LinearRing>
                </outerBoundaryIs>
            </Polygon>
        </Placemark>
        <Placemark id="8001">
            <name>Moderate - danger for some</name>
            <styleUrl>#8004</styleUrl>
            <Polygon id="8000">
                <outerBoundaryIs>
                    <LinearRing id="8002">
                        <coordinates>85.17811435166577,27.970452906897012,0.0 85.17811131934863,27.9706333619797,0.0 85.17831457323038,27.970636054027246,0.0 85.17831760520968,27.97045559892418,0.0 85.17811435166577,27.970452906897012,0.0</coordinates>
                    </LinearRing>
                </outerBoundaryIs>
            </Polygon>
        </Placemark>
        <Placemark id="8008">
            <name>Moderate - danger for some</name>
            <styleUrl>#8011</styleUrl>
            <Polygon id="8007">
                <outerBoundaryIs>
                    <LinearRing id="8009">
                        <coordinates>85.17790806549495,27.970630669632147,0.0 85.1779050328119,27.970811124689426,0.0 85.17810828700343,27.97081381705736,0.0 85.17811131934863,27.9706333619797,0.0 85.17790806549495,27.970630669632147,0.0</coordinates>
                    </LinearRing>
                </outerBoundaryIs>
            </Polygon>
        </Placemark>
        <Placemark id="8015">
            <name>Moderate - danger for some</name>
            <styleUrl>#8018</styleUrl>
            <Polygon id="8014">
                <outerBoundaryIs>
                    <LinearRing id="8016">
                        <coordinates>85.17830244503247,27.97135787438913,0.0 85.1782994129128,27.971538329467005,0.0 85.17850266851187,27.971541021316405,0.0 85.17850570029367,27.971360566218156,0.0 85.17830244503247,27.97135787438913,0.0</coordinates>
                    </LinearRing>
                </outerBoundaryIs>
            </Polygon>
        </Placemark>
        <Placemark id="8022">
            <name>Moderate - danger for some</name>
            <styleUrl>#8025</styleUrl>
            <Polygon id="8021">
                <outerBoundaryIs>
                    <LinearRing id="8023">
                        <coordinates>85.18029865216285,27.97355024222398,0.0 85.1802956230852,27.973730697445024,0.0 85.1804988830193,27.973733386538388,0.0 85.18050191175904,27.97355293129699,0.0 85.18029865216285,27.97355024222398,0.0</coordinates>
                    </LinearRing>
                </outerBoundaryIs>
            </Polygon>
        </Placemark>
        <Placemark id="8029">
            <name>Moderate - danger for some</name>
            <styleUrl>#8032</styleUrl>
            <Polygon id="8028">
                <outerBoundaryIs>
                    <LinearRing id="8030">
                        <coordinates>85.18106929999995,27.976087370491527,0.0 85.18107535615292,27.975726460012584,0.0 85.18087209241769,27.97572377159558,0.0 85.18066277120585,27.97608199327607,0.0 85.18106929999995,27.976087370491527,0.0</coordinates>
                    </LinearRing>
                </outerBoundaryIs>
            </Polygon>
        </Placemark>
        <Placemark id="8036">
            <name>Moderate - danger for some</name>
            <styleUrl>#8039</styleUrl>
            <Polygon id="8035">
                <outerBoundaryIs>
                    <LinearRing id="8037">
                        <coordinates>85.18023503564305,27.97733980080818,0.0 85.18023200597645,27.977520255923444,0.0 85.18063854006554,27.97752563466484,0.0 85.18064156905623,27.977345179508877,0.0 85.18023503564305,27.97733980080818,0.0</coordinates>
                    </LinearRing>
                </outerBoundaryIs>
            </Polygon>
        </Placemark>
        <Placemark id="8043">
            <name>Moderate - danger for some</name>
            <styleUrl>#8046</styleUrl>
            <Polygon id="8042">
                <outerBoundaryIs>
                    <LinearRing id="8044">
                        <coordinates>85.18001055835761,27.97860029656626,0.0 85.18001358853046,27.978419841501587,0.0 85.18021685722276,27.978422531424194,0.0 85.1802198870296,27.978242076334123,0.0 85.17981335034898,27.9782366962295,0.0 85.17980728935537,27.978597606323184,0.0 85.18001055835761,27.97860029656626,0.0</coordinates>
                    </LinearRing>
                </outerBoundaryIs>
            </Polygon>
        </Placemark>
        <Placemark id="8050">
            <name>Moderate - danger for some</name>
            <styleUrl>#8053</styleUrl>
            <Polygon id="8049">
                <outerBoundaryIs>
                    <LinearRing id="8051">
                        <coordinates>85.18159129598595,27.981328635514156,0.0 85.18158826806847,27.981509090661,0.0 85.1817915427311,27.98151177852846,0.0 85.18179457031057,27.981331323361278,0.0 85.18159129598595,27.981328635514156,0.0</coordinates>
                    </LinearRing>
                </outerBoundaryIs>
            </Polygon>
        </Placemark>
        <Placemark id="8057">
            <name>Moderate - danger for some</name>
            <styleUrl>#8060</styleUrl>
            <Polygon id="8056">
                <outerBoundaryIs>
                    <LinearRing id="8058">
                        <coordinates>85.17792932893708,27.98146065772138,0.0 85.17792629490704,27.98164111249674,0.0 85.17812956940269,27.98164380578724,0.0 85.17813260309471,27.981463350991504,0.0 85.17792932893708,27.98146065772138,0.0</coordinates>
                    </LinearRing>
                </outerBoundaryIs>
            </Polygon>
        </Placemark>
        <Placemark id="8064">
            <name>Moderate - danger for some</name>
            <styleUrl>#8067</styleUrl>
            <Polygon id="8063">
                <outerBoundaryIs>
                    <LinearRing id="8065">
                        <coordinates>85.17751671126582,27.981816179744833,0.0 85.17751367650354,27.98199663446935,0.0 85.17771695161908,27.981999328400914,0.0 85.17771998604331,27.981818873656014,0.0 85.17751671126582,27.981816179744833,0.0</coordinates>
                    </LinearRing>
                </outerBoundaryIs>
            </Polygon>
        </Placemark>
        <Placemark id="8071">
            <name>Moderate - danger for some</name>
            <styleUrl>#8074</styleUrl>
            <Polygon id="8070">
                <outerBoundaryIs>
                    <LinearRing id="8072">
                        <coordinates>85.18137893683868,27.981867312731307,0.0 85.18137590849905,27.982047767842705,0.0 85.18157918414776,27.982050456071327,0.0 85.18158221214935,27.98187000093959,0.0 85.18137893683868,27.981867312731307,0.0</coordinates>
                    </LinearRing>
                </outerBoundaryIs>
            </Polygon>
        </Placemark>
        <Placemark id="8078">
            <name>Moderate - danger for some</name>
            <styleUrl>#8081</styleUrl>
            <Polygon id="8077">
                <outerBoundaryIs>
                    <LinearRing id="8079">
                        <coordinates>85.17568116389563,27.982152830114337,0.0 85.17567812603482,27.98233328464522,0.0 85.17588140157346,27.98233598131896,0.0 85.17588443909624,27.982155526767674,0.0 85.17568116389563,27.982152830114337,0.0</coordinates>
                    </LinearRing>
                </outerBoundaryIs>
            </Polygon>
        </Placemark>
        <Placemark id="8085">
            <name>Moderate - danger for some</name>
            <styleUrl>#8088</styleUrl>
            <Polygon id="8084">
                <outerBoundaryIs>
                    <LinearRing id="8086">
                        <coordinates>85.17403671949059,27.98321397221193,0.0 85.1740336787566,27.983394426549257,0.0 85.17423695609848,27.983397125746773,0.0 85.17423999649439,27.983216671389027,0.0 85.17403671949059,27.98321397221193,0.0</coordinates>
                    </LinearRing>
                </outerBoundaryIs>
            </Polygon>
        </Placemark>
        <Placemark id="8092">
            <name>Moderate - danger for some</name>
            <styleUrl>#8095</styleUrl>
            <Polygon id="8091">
                <outerBoundaryIs>
                    <LinearRing id="8093">
                        <coordinates>85.17423695609848,27.983397125746773,0.0 85.1742339156744,27.98357758009949,0.0 85.17443719338246,27.983580279017257,0.0 85.17444023346849,27.983399824644128,0.0 85.17423695609848,27.983397125746773,0.0</coordinates>
                    </LinearRing>
                </outerBoundaryIs>
            </Polygon>
        </Placemark>
        <Placemark id="8099">
            <name>Moderate - danger for some</name>
            <styleUrl>#8102</styleUrl>
            <Polygon id="8098">
                <outerBoundaryIs>
                    <LinearRing id="8100">
                        <coordinates>85.17829947517919,27.983631501422167,0.0 85.1782964414882,27.983811956177806,0.0 85.17870299873304,27.983817341747017,0.0 85.17870603174788,27.98363688695063,0.0 85.17829947517919,27.983631501422167,0.0</coordinates>
                    </LinearRing>
                </outerBoundaryIs>
            </Polygon>
        </Placemark>
        <Placemark id="8106">
            <name>Moderate - danger for some</name>
            <styleUrl>#8109</styleUrl>
            <Polygon id="8105">
                <outerBoundaryIs>
                    <LinearRing id="8107">
                        <coordinates>85.17504398757553,27.983768828398865,0.0 85.17504094844743,27.98394928282316,0.0 85.17524422694419,27.983951980581068,0.0 85.17524726573421,27.983771526136366,0.0 85.17504398757553,27.983768828398865,0.0</coordinates>
                    </LinearRing>
                </outerBoundaryIs>
            </Polygon>
        </Placemark>
        <Placemark id="8113">
            <name>Moderate - danger for some</name>
            <styleUrl>#8116</styleUrl>
            <Polygon id="8112">
                <outerBoundaryIs>
                    <LinearRing id="8114">
                        <coordinates>85.1764669352769,27.983787706257665,0.0 85.17646389851525,27.98396816082479,0.0 85.17666717720884,27.98397085648146,0.0 85.17667021363242,27.983790401893938,0.0 85.1764669352769,27.983787706257665,0.0</coordinates>
                    </LinearRing>
                </outerBoundaryIs>
            </Polygon>
        </Placemark>
        <Placemark id="8120">
            <name>Moderate - danger for some</name>
            <styleUrl>#8123</styleUrl>
            <Polygon id="8119">
                <outerBoundaryIs>
                    <LinearRing id="8121">
                        <coordinates>85.17687349201606,27.983793097230038,0.0 85.17687045593054,27.98397355183795,0.0 85.17707373468033,27.98397624689426,0.0 85.17707677042777,27.983795792265962,0.0 85.17687349201606,27.983793097230038,0.0</coordinates>
                    </LinearRing>
                </outerBoundaryIs>
            </Polygon>
        </Placemark>
        <Placemark id="8127">
            <name>Moderate - danger for some</name>
            <styleUrl>#8130</styleUrl>
            <Polygon id="8126">
                <outerBoundaryIs>
                    <LinearRing id="8128">
                        <coordinates>85.17728004886762,27.983798487001703,0.0 85.17727701345824,27.9839789416504,0.0 85.1780901288508,27.983989717673158,0.0 85.17809316290791,27.98380926294294,0.0 85.17728004886762,27.983798487001703,0.0</coordinates>
                    </LinearRing>
                </outerBoundaryIs>
            </Polygon>
        </Placemark>
        <Placemark id="8134">
            <name>Moderate - danger for some</name>
            <styleUrl>#8137</styleUrl>
            <Polygon id="8133">
                <outerBoundaryIs>
                    <LinearRing id="8135">
                        <coordinates>85.17930070652761,27.984547237229055,0.0 85.17929464221757,27.984908146888603,0.0 85.17949792299478,27.984910838444595,0.0 85.17950398662866,27.98454992874432,0.0 85.17930070652761,27.984547237229055,0.0</coordinates>
                    </LinearRing>
                </outerBoundaryIs>
            </Polygon>
        </Placemark>
        <Placemark id="8141">
            <name>Moderate - danger for some</name>
            <styleUrl>#8144</styleUrl>
            <Polygon id="8140">
                <outerBoundaryIs>
                    <LinearRing id="8142">
                        <coordinates>85.17948579539028,27.98563265778467,0.0 85.17948276341897,27.98581311260709,0.0 85.17988932843852,27.985818495022095,0.0 85.17989235973361,27.985638040158957,0.0 85.17948579539028,27.98563265778467,0.0</coordinates>
                    </LinearRing>
                </outerBoundaryIs>
            </Polygon>
        </Placemark>
        <Placemark id="8148">
            <name>Moderate - danger for some</name>
            <styleUrl>#8151</styleUrl>
            <Polygon id="8147">
                <outerBoundaryIs>
                    <LinearRing id="8149">
                        <coordinates>85.17968301425346,27.985996258802437,0.0 85.17967998256414,27.98617671363514,0.0 85.17988326576415,27.986179404733264,0.0 85.17988629711536,27.985998949880198,0.0 85.17968301425346,27.985996258802437,0.0</coordinates>
                    </LinearRing>
                </outerBoundaryIs>
            </Polygon>
        </Placemark>
        <Placemark id="8155">
            <name>Moderate - danger for some</name>
            <styleUrl>#8158</styleUrl>
            <Polygon id="8154">
                <outerBoundaryIs>
                    <LinearRing id="8156">
                        <coordinates>85.17986810858717,27.98708167892301,0.0 85.17986507706759,27.987262133745833,0.0 85.18006836232438,27.987264824665896,0.0 85.18007139350583,27.98708436982271,0.0 85.17986810858717,27.98708167892301,0.0</coordinates>
                    </LinearRing>
                </outerBoundaryIs>
            </Polygon>
        </Placemark>
        <Placemark id="8162">
            <name>Moderate - danger for some</name>
            <styleUrl>#8165</styleUrl>
            <Polygon id="8161">
                <outerBoundaryIs>
                    <LinearRing id="8163">
                        <coordinates>85.18045068787059,27.98871384449512,0.0 85.18045674930178,27.988352934802915,0.0 85.18005017464642,27.988347553619203,0.0 85.18004714326854,27.98852800842712,0.0 85.18045068787059,27.98871384449512,0.0</coordinates>
                    </LinearRing>
                </outerBoundaryIs>
            </Polygon>
        </Placemark>
        <Placemark id="8169">
            <name>Moderate - danger for some</name>
            <styleUrl>#8172</styleUrl>
            <Polygon id="8168">
                <outerBoundaryIs>
                    <LinearRing id="8170">
                        <coordinates>85.18282850683332,27.9681688250019,0.0 85.18282548265047,27.968349280618092,0.0 85.18302873278539,27.968351965501174,0.0 85.18303175663044,27.968171509864668,0.0 85.18282850683332,27.9681688250019,0.0</coordinates>
                    </LinearRing>
                </outerBoundaryIs>
            </Polygon>
        </Placemark>
        <Placemark id="8176">
            <name>Moderate - danger for some</name>
            <styleUrl>#8179</styleUrl>
            <Polygon id="8175">
                <outerBoundaryIs>
                    <LinearRing id="8177">
                        <coordinates>85.18404196169587,27.968545841149872,0.0 85.18403893948387,27.96872629687789,0.0 85.18424219046233,27.96872898000168,0.0 85.18424521233652,27.968548524253354,0.0 85.18404196169587,27.968545841149872,0.0</coordinates>
                    </LinearRing>
                </outerBoundaryIs>
            </Polygon>
        </Placemark>
        <Placemark id="8183">
            <name>Moderate - danger for some</name>
            <styleUrl>#8186</styleUrl>
            <Polygon id="8182">
                <outerBoundaryIs>
                    <LinearRing id="8184">
                        <coordinates>85.18484590176013,27.96909793917646,0.0 85.18483985984278,27.969458850759683,0.0 85.18504311228442,27.9694615327647,0.0 85.18504915352611,27.96910062114089,0.0 85.18484590176013,27.96909793917646,0.0</coordinates>
                    </LinearRing>
                </outerBoundaryIs>
            </Polygon>
        </Placemark>
        <Placemark id="8190">
            <name>Moderate - danger for some</name>
            <styleUrl>#8193</styleUrl>
            <Polygon id="8189">
                <outerBoundaryIs>
                    <LinearRing id="8191">
                        <coordinates>85.1854465972644,27.969647351719697,0.0 85.18544357724929,27.969827807559607,0.0 85.18564683045047,27.969830488705217,0.0 85.18564985012776,27.969650032845017,0.0 85.1854465972644,27.969647351719697,0.0</coordinates>
                    </LinearRing>
                </outerBoundaryIs>
            </Polygon>
        </Placemark>
        <Placemark id="8197">
            <name>Moderate - danger for some</name>
            <styleUrl>#8200</styleUrl>
            <Polygon id="8196">
                <outerBoundaryIs>
                    <LinearRing id="8198">
                        <coordinates>85.18645682518077,27.970021666223918,0.0 85.18645380679891,27.9702021221552,0.0 85.18665706081549,27.970204801841348,0.0 85.18666007885952,27.970024345889787,0.0 85.18645682518077,27.970021666223918,0.0</coordinates>
                    </LinearRing>
                </outerBoundaryIs>
            </Polygon>
        </Placemark>
        <Placemark id="8204">
            <name>Moderate - danger for some</name>
            <styleUrl>#8207</styleUrl>
            <Polygon id="8203">
                <outerBoundaryIs>
                    <LinearRing id="8205">
                        <coordinates>85.18682108213693,27.972553408403208,0.0 85.18681806403956,27.97273386430456,0.0 85.18702132284204,27.972736543674564,0.0 85.18702434060154,27.97255608775294,0.0 85.18682108213693,27.972553408403208,0.0</coordinates>
                    </LinearRing>
                </outerBoundaryIs>
            </Polygon>
        </Placemark>
        <Placemark id="8211">
            <name>Moderate - danger for some</name>
            <styleUrl>#8214</styleUrl>
            <Polygon id="8210">
                <outerBoundaryIs>
                    <LinearRing id="8212">
                        <coordinates>85.18803761727354,27.97274993602395,0.0 85.18803460117553,27.972930392041896,0.0 85.18844111981937,27.972935746921877,0.0 85.18844413524161,27.972755290863407,0.0 85.18803761727354,27.97274993602395,0.0</coordinates>
                    </LinearRing>
                </outerBoundaryIs>
            </Polygon>
        </Placemark>
        <Placemark id="8218">
            <name>Moderate - danger for some</name>
            <styleUrl>#8221</styleUrl>
            <Polygon id="8217">
                <outerBoundaryIs>
                    <LinearRing id="8219">
                        <coordinates>85.1896516360686,27.9734931728705,0.0 85.18985489661353,27.973495848120884,0.0 85.19005213149694,27.973859435466878,0.0 85.19045865407783,27.97386478454834,0.0 85.19046166626067,27.973684328312554,0.0 85.19025840529417,27.973681653942087,0.0 85.19006116998918,27.97331806686584,0.0 85.18965464954724,27.973312716705614,0.0 85.1896516360686,27.9734931728705,0.0</coordinates>
                    </LinearRing>
                </outerBoundaryIs>
            </Polygon>
        </Placemark>
        <Placemark id="8225">
            <name>Moderate - danger for some</name>
            <styleUrl>#8228</styleUrl>
            <Polygon id="8224">
                <outerBoundaryIs>
                    <LinearRing id="8226">
                        <coordinates>85.1906619154101,27.97386745863898,0.0 85.19045865407783,27.97386478454834,0.0 85.1904556418671,27.974045240779095,0.0 85.1906589035373,27.97404791488998,0.0 85.1906619154101,27.97386745863898,0.0</coordinates>
                    </LinearRing>
                </outerBoundaryIs>
            </Polygon>
        </Placemark>
        <Placemark id="8232">
            <name>Moderate - danger for some</name>
            <styleUrl>#8235</styleUrl>
            <Polygon id="8231">
                <outerBoundaryIs>
                    <LinearRing id="8233">
                        <coordinates>85.1920757169106,27.97442753803453,0.0 85.19207270731951,27.974607994412015,0.0 85.19247923316118,27.974613337654045,0.0 85.19248224207642,27.97443288123612,0.0 85.1920757169106,27.97442753803453,0.0</coordinates>
                    </LinearRing>
                </outerBoundaryIs>
            </Polygon>
        </Placemark>
        <Placemark id="8239">
            <name>Moderate - danger for some</name>
            <styleUrl>#8242</styleUrl>
            <Polygon id="8238">
                <outerBoundaryIs>
                    <LinearRing id="8240">
                        <coordinates>85.1937018182424,27.9744489036393,0.0 85.19369881135466,27.974629360178476,0.0 85.19390207448436,27.97463202954897,0.0 85.19390508103419,27.974451572989594,0.0 85.1937018182424,27.9744489036393,0.0</coordinates>
                    </LinearRing>
                </outerBoundaryIs>
            </Polygon>
        </Placemark>
        <Placemark id="8246">
            <name>Moderate - danger for some</name>
            <styleUrl>#8249</styleUrl>
            <Polygon id="8245">
                <outerBoundaryIs>
                    <LinearRing id="8247">
                        <coordinates>85.1914659293708,27.974419520981645,0.0 85.19145990813331,27.974780433610242,0.0 85.19166317129452,27.97478310630172,0.0 85.1916691918562,27.97442219363267,0.0 85.1914659293708,27.974419520981645,0.0</coordinates>
                    </LinearRing>
                </outerBoundaryIs>
            </Polygon>
        </Placemark>
        <Placemark id="8253">
            <name>Moderate - danger for some</name>
            <styleUrl>#8256</styleUrl>
            <Polygon id="8252">
                <outerBoundaryIs>
                    <LinearRing id="8254">
                        <coordinates>85.19471212205548,27.97482316066538,0.0 85.19470911680168,27.975003617295478,0.0 85.19491238074636,27.975006285206,0.0 85.19491538566223,27.97482582855571,0.0 85.19471212205548,27.97482316066538,0.0</coordinates>
                    </LinearRing>
                </outerBoundaryIs>
            </Polygon>
        </Placemark>
        <Placemark id="8260">
            <name>Moderate - danger for some</name>
            <styleUrl>#8263</styleUrl>
            <Polygon id="8259">
                <outerBoundaryIs>
                    <LinearRing id="8261">
                        <coordinates>85.1841364072375,27.975044928020456,0.0 85.18413338435595,27.975225383587485,0.0 85.18474317394866,27.975233433351793,0.0 85.18474619581646,27.97505297772385,0.0 85.1841364072375,27.975044928020456,0.0</coordinates>
                    </LinearRing>
                </outerBoundaryIs>
            </Polygon>
        </Placemark>
        <Placemark id="8267">
            <name>Moderate - danger for some</name>
            <styleUrl>#8270</styleUrl>
            <Polygon id="8266">
                <outerBoundaryIs>
                    <LinearRing id="8268">
                        <coordinates>85.19612896208243,27.975202743133895,0.0 85.19612595913848,27.975383199895205,0.0 85.1963292239537,27.97538586574554,0.0 85.1963322265597,27.975205408964058,0.0 85.19612896208243,27.975202743133895,0.0</coordinates>
                    </LinearRing>
                </outerBoundaryIs>
            </Polygon>
        </Placemark>
        <Placemark id="8274">
            <name>Moderate - danger for some</name>
            <styleUrl>#8277</styleUrl>
            <Polygon id="8273">
                <outerBoundaryIs>
                    <LinearRing id="8275">
                        <coordinates>85.18534994291119,27.975421936099256,0.0 85.18534692200123,27.975602391778033,0.0 85.18575345005577,27.975607755067944,0.0 85.18575647028989,27.975427299348585,0.0 85.18534994291119,27.975421936099256,0.0</coordinates>
                    </LinearRing>
                </outerBoundaryIs>
            </Polygon>
        </Placemark>
        <Placemark id="8281">
            <name>Moderate - danger for some</name>
            <styleUrl>#8284</styleUrl>
            <Polygon id="8280">
                <outerBoundaryIs>
                    <LinearRing id="8282">
                        <coordinates>85.1837177872606,27.975761382126603,0.0 85.18371476359124,27.975941837632867,0.0 85.18391802805657,27.975944521869103,0.0 85.183921051388,27.975764066342528,0.0 85.1837177872606,27.975761382126603,0.0</coordinates>
                    </LinearRing>
                </outerBoundaryIs>
            </Polygon>
        </Placemark>
        <Placemark id="8288">
            <name>Moderate - danger for some</name>
            <styleUrl>#8291</styleUrl>
            <Polygon id="8287">
                <outerBoundaryIs>
                    <LinearRing id="8289">
                        <coordinates>85.19286169219636,27.976062331181417,0.0 85.19285868370629,27.97624278759447,0.0 85.193061949766,27.976245458347133,0.0 85.19306495791814,27.976065001913874,0.0 85.19286169219636,27.976062331181417,0.0</coordinates>
                    </LinearRing>
                </outerBoundaryIs>
            </Polygon>
        </Placemark>
        <Placemark id="8295">
            <name>Moderate - danger for some</name>
            <styleUrl>#8298</styleUrl>
            <Polygon id="8294">
                <outerBoundaryIs>
                    <LinearRing id="8296">
                        <coordinates>85.18350242696405,27.976480519524184,0.0 85.18349940284479,27.976660974989986,0.0 85.18370266863388,27.97666365960756,0.0 85.1837056924152,27.97648320412144,0.0 85.18350242696405,27.976480519524184,0.0</coordinates>
                    </LinearRing>
                </outerBoundaryIs>
            </Polygon>
        </Placemark>
        <Placemark id="8302">
            <name>Moderate - danger for some</name>
            <styleUrl>#8305</styleUrl>
            <Polygon id="8301">
                <outerBoundaryIs>
                    <LinearRing id="8303">
                        <coordinates>85.18736447531973,27.976531475557035,0.0 85.18736145762144,27.976711931408435,0.0 85.18756472394188,27.976714610324287,0.0 85.18756774130222,27.97653415445261,0.0 85.18736447531973,27.976531475557035,0.0</coordinates>
                    </LinearRing>
                </outerBoundaryIs>
            </Polygon>
        </Placemark>
        <Placemark id="8309">
            <name>Moderate - danger for some</name>
            <styleUrl>#8312</styleUrl>
            <Polygon id="8308">
                <outerBoundaryIs>
                    <LinearRing id="8310">
                        <coordinates>85.19163306681395,27.97658766934498,0.0 85.19163005621262,27.976768125621614,0.0 85.191833323119,27.976770798235485,0.0 85.1918363333824,27.97659034193862,0.0 85.19163306681395,27.97658766934498,0.0</coordinates>
                    </LinearRing>
                </outerBoundaryIs>
            </Polygon>
        </Placemark>
        <Placemark id="8316">
            <name>Moderate - danger for some</name>
            <styleUrl>#8319</styleUrl>
            <Polygon id="8315">
                <outerBoundaryIs>
                    <LinearRing id="8317">
                        <coordinates>85.19203959997871,27.976593014232183,0.0 85.19203659005328,27.976773470549265,0.0 85.1922398570154,27.97677614256295,0.0 85.19224286660288,27.976595686225647,0.0 85.19203959997871,27.976593014232183,0.0</coordinates>
                    </LinearRing>
                </outerBoundaryIs>
            </Polygon>
        </Placemark>
        <Placemark id="8323">
            <name>Moderate - danger for some</name>
            <styleUrl>#8326</styleUrl>
            <Polygon id="8322">
                <outerBoundaryIs>
                    <LinearRing id="8324">
                        <coordinates>85.18329613708367,27.976658290072322,0.0 85.18329311259845,27.976838745512772,0.0 85.1834963786975,27.976841430450754,0.0 85.18349940284479,27.976660974989986,0.0 85.18329613708367,27.976658290072322,0.0</coordinates>
                    </LinearRing>
                </outerBoundaryIs>
            </Polygon>
        </Placemark>
        <Placemark id="8330">
            <name>Moderate - danger for some</name>
            <styleUrl>#8333</styleUrl>
            <Polygon id="8329">
                <outerBoundaryIs>
                    <LinearRing id="8331">
                        <coordinates>85.1895883465721,27.97728275117025,0.0 85.18958533247964,27.97746320722438,0.0 85.189788600459,27.977465882920193,0.0 85.1897916142135,27.97728542684581,0.0 85.1895883465721,27.97728275117025,0.0</coordinates>
                    </LinearRing>
                </outerBoundaryIs>
            </Polygon>
        </Placemark>
        <Placemark id="8337">
            <name>Moderate - danger for some</name>
            <styleUrl>#8340</styleUrl>
            <Polygon id="8336">
                <outerBoundaryIs>
                    <LinearRing id="8338">
                        <coordinates>85.18999186846628,27.9774685583159,0.0 85.18998885502184,27.977649014405493,0.0 85.19059866022492,27.97765703885271,0.0 85.19060167265546,27.977476582702398,0.0 85.18999186846628,27.9774685583159,0.0</coordinates>
                    </LinearRing>
                </outerBoundaryIs>
            </Polygon>
        </Placemark>
        <Placemark id="8344">
            <name>Moderate - danger for some</name>
            <styleUrl>#8347</styleUrl>
            <Polygon id="8343">
                <outerBoundaryIs>
                    <LinearRing id="8345">
                        <coordinates>85.1826591094685,27.978274331752814,0.0 85.18265608371735,27.978454787086964,0.0 85.18285935277405,27.978457473108136,0.0 85.18286237818722,27.978277017753665,0.0 85.1826591094685,27.978274331752814,0.0</coordinates>
                    </LinearRing>
                </outerBoundaryIs>
            </Polygon>
        </Placemark>
        <Placemark id="8351">
            <name>Moderate - danger for some</name>
            <styleUrl>#8354</styleUrl>
            <Polygon id="8350">
                <outerBoundaryIs>
                    <LinearRing id="8352">
                        <coordinates>85.18221019958604,27.980795332501284,0.0 85.1822162531407,27.980434422040233,0.0 85.18201298045012,27.980431734895067,0.0 85.18180365288086,27.980789957829483,0.0 85.18221019958604,27.980795332501284,0.0</coordinates>
                    </LinearRing>
                </outerBoundaryIs>
            </Polygon>
        </Placemark>
        <Placemark id="8358">
            <name>Moderate - danger for some</name>
            <styleUrl>#8361</styleUrl>
            <Polygon id="8357">
                <outerBoundaryIs>
                    <LinearRing id="8359">
                        <coordinates>85.18308132904177,27.989470613826594,0.0 85.18307830256805,27.989651068909374,0.0 85.18328159266935,27.98965375529007,0.0 85.18328461880489,27.989473300186965,0.0 85.18308132904177,27.989470613826594,0.0</coordinates>
                    </LinearRing>
                </outerBoundaryIs>
            </Polygon>
        </Placemark>
        <Placemark id="8365">
            <name>Moderate - danger for some</name>
            <styleUrl>#8368</styleUrl>
            <Polygon id="8364">
                <outerBoundaryIs>
                    <LinearRing id="8366">
                        <coordinates>85.18183433351768,27.991078583824958,0.0 85.18183130476267,27.99125903874041,0.0 85.18223789074433,27.991264415170598,0.0 85.18224091882297,27.991083960214475,0.0 85.18183433351768,27.991078583824958,0.0</coordinates>
                    </LinearRing>
                </outerBoundaryIs>
            </Polygon>
        </Placemark>
        <Placemark id="8372">
            <name>Moderate - danger for some</name>
            <styleUrl>#8375</styleUrl>
            <Polygon id="8371">
                <outerBoundaryIs>
                    <LinearRing id="8373">
                        <coordinates>85.18202854082172,27.9916226369621,0.0 85.18202551232079,27.991803091882772,0.0 85.18222880634025,27.99180578000874,0.0 85.18223183450297,27.99162532506773,0.0 85.18202854082172,27.9916226369621,0.0</coordinates>
                    </LinearRing>
                </outerBoundaryIs>
            </Polygon>
        </Placemark>
        <Placemark id="8379">
            <name>Moderate - danger for some</name>
            <styleUrl>#8382</styleUrl>
            <Polygon id="8378">
                <outerBoundaryIs>
                    <LinearRing id="8380">
                        <coordinates>85.1818101026925,27.992522223007487,0.0 85.18180707371319,27.992702677882626,0.0 85.18201036939568,27.99270536641055,0.0 85.18201339803676,27.992524911515073,0.0 85.1818101026925,27.992522223007487,0.0</coordinates>
                    </LinearRing>
                </outerBoundaryIs>
            </Polygon>
        </Placemark>
        <Placemark id="8386">
            <name>Significant - danger for most</name>
            <styleUrl>#8389</styleUrl>
            <Polygon id="8385">
                <outerBoundaryIs>
                    <LinearRing id="8387">
                        <coordinates>85.14065586035008,27.902266433525433,0.0 85.14065277458407,27.902446886588063,0.0 85.14085589662042,27.902449627837452,0.0 85.1408589820498,27.90226917475405,0.0 85.14065586035008,27.902266433525433,0.0</coordinates>
                    </LinearRing>
                </outerBoundaryIs>
            </Polygon>
        </Placemark>
        <Placemark id="8393">
            <name>Significant - danger for most</name>
            <styleUrl>#8396</styleUrl>
            <Polygon id="8392">
                <outerBoundaryIs>
                    <LinearRing id="8394">
                        <coordinates>85.14062500140332,27.904070963924795,0.0 85.14062191535139,27.904251416936997,0.0 85.14082504075418,27.904254158394192,0.0 85.14082812646947,27.90407370536121,0.0 85.14062500140332,27.904070963924795,0.0</coordinates>
                    </LinearRing>
                </outerBoundaryIs>
            </Polygon>
        </Placemark>
        <Placemark id="8400">
            <name>Significant - danger for most</name>
            <styleUrl>#8403</styleUrl>
            <Polygon id="8399">
                <outerBoundaryIs>
                    <LinearRing id="8401">
                        <coordinates>85.14000945222408,27.904423643715305,0.0 85.14000327795723,27.904784549589795,0.0 85.14020640428421,27.904787292006812,0.0 85.14021257787773,27.90442638609074,0.0 85.14000945222408,27.904423643715305,0.0</coordinates>
                    </LinearRing>
                </outerBoundaryIs>
            </Polygon>
        </Placemark>
        <Placemark id="8407">
            <name>Significant - danger for most</name>
            <styleUrl>#8410</styleUrl>
            <Polygon id="8406">
                <outerBoundaryIs>
                    <LinearRing id="8408">
                        <coordinates>85.13938154623087,27.905498131982753,0.0 85.13937845793008,27.90567858482989,0.0 85.13958158585461,27.905681328248356,0.0 85.13958467381873,27.90550087538043,0.0 85.13938154623087,27.905498131982753,0.0</coordinates>
                    </LinearRing>
                </outerBoundaryIs>
            </Polygon>
        </Placemark>
        <Placemark id="8414">
            <name>Significant - danger for most</name>
            <styleUrl>#8417</styleUrl>
            <Polygon id="8413">
                <outerBoundaryIs>
                    <LinearRing id="8415">
                        <coordinates>85.13917533003413,27.905675841112252,0.0 85.13917224136804,27.90585629393355,0.0 85.13937536960066,27.905859037671988,0.0 85.13937845793008,27.90567858482989,0.0 85.13917533003413,27.905675841112252,0.0</coordinates>
                    </LinearRing>
                </outerBoundaryIs>
            </Polygon>
        </Placemark>
        <Placemark id="8421">
            <name>Significant - danger for most</name>
            <styleUrl>#8424</styleUrl>
            <Polygon id="8420">
                <outerBoundaryIs>
                    <LinearRing id="8422">
                        <coordinates>85.14079726803003,27.905878235464197,0.0 85.14079418202883,27.906058688446763,0.0 85.14099731082696,27.906061429812592,0.0 85.14100039649148,27.90588097680925,0.0 85.14079726803003,27.905878235464197,0.0</coordinates>
                    </LinearRing>
                </outerBoundaryIs>
            </Polygon>
        </Placemark>
        <Placemark id="8428">
            <name>Significant - danger for most</name>
            <styleUrl>#8431</styleUrl>
            <Polygon id="8427">
                <outerBoundaryIs>
                    <LinearRing id="8429">
                        <coordinates>85.13875980622387,27.90621171110342,0.0 85.13875671679853,27.906392163867984,0.0 85.13916297519806,27.906397652367176,0.0 85.13916606395001,27.906217199561006,0.0 85.13875980622387,27.90621171110342,0.0</coordinates>
                    </LinearRing>
                </outerBoundaryIs>
            </Polygon>
        </Placemark>
        <Placemark id="8435">
            <name>Significant - danger for most</name>
            <styleUrl>#8438</styleUrl>
            <Polygon id="8434">
                <outerBoundaryIs>
                    <LinearRing id="8436">
                        <coordinates>85.13875362734457,27.906572616627514,0.0 85.138750537862,27.90675306938199,0.0 85.13895366772083,27.90675581382278,0.0 85.13895675686672,27.9065753610475,0.0 85.13875362734457,27.906572616627514,0.0</coordinates>
                    </LinearRing>
                </outerBoundaryIs>
            </Polygon>
        </Placemark>
        <Placemark id="8442">
            <name>Significant - danger for most</name>
            <styleUrl>#8445</styleUrl>
            <Polygon id="8441">
                <outerBoundaryIs>
                    <LinearRing id="8443">
                        <coordinates>85.13996622995336,27.906949984413192,0.0 85.13996314243377,27.90713043728237,0.0 85.14016627313771,27.90713317996963,0.0 85.1401693603206,27.90695272707967,0.0 85.13996622995336,27.906949984413192,0.0</coordinates>
                    </LinearRing>
                </outerBoundaryIs>
            </Polygon>
        </Placemark>
        <Placemark id="8449">
            <name>Significant - danger for most</name>
            <styleUrl>#8452</styleUrl>
            <Polygon id="8448">
                <outerBoundaryIs>
                    <LinearRing id="8450">
                        <coordinates>85.13955379289007,27.907305403832822,0.0 85.13955070463984,27.90748585665033,0.0 85.13975383596,27.907488599977558,0.0 85.13975692387352,27.907308147139258,0.0 85.13955379289007,27.907305403832822,0.0</coordinates>
                    </LinearRing>
                </outerBoundaryIs>
            </Polygon>
        </Placemark>
        <Placemark id="8456">
            <name>Significant - danger for most</name>
            <styleUrl>#8459</styleUrl>
            <Polygon id="8455">
                <outerBoundaryIs>
                    <LinearRing id="8457">
                        <coordinates>85.13852577849516,27.90801349363656,0.0 85.13852268844684,27.908193946329884,0.0 85.13892895352335,27.90819943584351,0.0 85.13893204289822,27.90801898310857,0.0 85.13852577849516,27.90801349363656,0.0</coordinates>
                    </LinearRing>
                </outerBoundaryIs>
            </Polygon>
        </Placemark>
        <Placemark id="8463">
            <name>Significant - danger for most</name>
            <styleUrl>#8466</styleUrl>
            <Polygon id="8462">
                <outerBoundaryIs>
                    <LinearRing id="8464">
                        <coordinates>85.1393321299843,27.90838537693182,0.0 85.13932904122565,27.908565829698276,0.0 85.13953217453754,27.90856857344947,0.0 85.13953526295944,27.908388120662213,0.0 85.1393321299843,27.90838537693182,0.0</coordinates>
                    </LinearRing>
                </outerBoundaryIs>
            </Polygon>
        </Placemark>
        <Placemark id="8470">
            <name>Significant - danger for most</name>
            <styleUrl>#8473</styleUrl>
            <Polygon id="8469">
                <outerBoundaryIs>
                    <LinearRing id="8471">
                        <coordinates>85.1391166404845,27.90910444385458,0.0 85.13911355127465,27.90928489658007,0.0 85.13931668590486,27.909287640713664,0.0 85.13931977477799,27.90910718796738,0.0 85.1391166404845,27.90910444385458,0.0</coordinates>
                    </LinearRing>
                </outerBoundaryIs>
            </Polygon>
        </Placemark>
        <Placemark id="8477">
            <name>Significant - danger for most</name>
            <styleUrl>#8480</styleUrl>
            <Polygon id="8476">
                <outerBoundaryIs>
                    <LinearRing id="8478">
                        <coordinates>85.13705437206198,27.91088151121668,0.0 85.13705127919815,27.91106196368362,0.0 85.13725441690961,27.911064711017577,0.0 85.13725750943668,27.91088425852982,0.0 85.13705437206198,27.91088151121668,0.0</coordinates>
                    </LinearRing>
                </outerBoundaryIs>
            </Polygon>
        </Placemark>
        <Placemark id="8484">
            <name>Significant - danger for most</name>
            <styleUrl>#8487</styleUrl>
            <Polygon id="8483">
                <outerBoundaryIs>
                    <LinearRing id="8485">
                        <coordinates>85.13664191029515,27.91123692053823,0.0 85.13663881670045,27.91141737295343,0.0 85.13684195502816,27.911420120927517,0.0 85.13684504828608,27.911239668491493,0.0 85.13664191029515,27.91123692053823,0.0</coordinates>
                    </LinearRing>
                </outerBoundaryIs>
            </Polygon>
        </Placemark>
        <Placemark id="8491">
            <name>Significant - danger for most</name>
            <styleUrl>#8494</styleUrl>
            <Polygon id="8490">
                <outerBoundaryIs>
                    <LinearRing id="8492">
                        <coordinates>85.13620159587163,27.91321639956549,0.0 85.13640473750998,27.913219148346368,0.0 85.13641092591759,27.91285824365347,0.0 85.13620778495287,27.91285549491425,0.0 85.13620159587163,27.91321639956549,0.0</coordinates>
                    </LinearRing>
                </outerBoundaryIs>
            </Polygon>
        </Placemark>
        <Placemark id="8498">
            <name>Significant - danger for most</name>
            <styleUrl>#8501</styleUrl>
            <Polygon id="8497">
                <outerBoundaryIs>
                    <LinearRing id="8499">
                        <coordinates>85.13558597991185,27.913569055933305,0.0 85.13578912213781,27.913571805653653,0.0 85.13579221742373,27.91339135338232,0.0 85.1355890755346,27.913388603682808,0.0 85.13558597991185,27.913569055933305,0.0</coordinates>
                    </LinearRing>
                </outerBoundaryIs>
            </Polygon>
        </Placemark>
        <Placemark id="8505">
            <name>Significant - danger for most</name>
            <styleUrl>#8508</styleUrl>
            <Polygon id="8504">
                <outerBoundaryIs>
                    <LinearRing id="8506">
                        <coordinates>85.13393915411247,27.91481021184161,0.0 85.13393295698997,27.91517111592325,0.0 85.13413610201786,27.915173868225445,0.0 85.13414229846667,27.914812964102083,0.0 85.13393915411247,27.91481021184161,0.0</coordinates>
                    </LinearRing>
                </outerBoundaryIs>
            </Polygon>
        </Placemark>
        <Placemark id="8512">
            <name>Significant - danger for most</name>
            <styleUrl>#8515</styleUrl>
            <Polygon id="8511">
                <outerBoundaryIs>
                    <LinearRing id="8513">
                        <coordinates>85.13473314807386,27.915903931772714,0.0 85.13473005070216,27.916084383869205,0.0 85.1349331975291,27.9160871350785,0.0 85.13493629456396,27.91590668296116,0.0 85.13473314807386,27.915903931772714,0.0</coordinates>
                    </LinearRing>
                </outerBoundaryIs>
            </Polygon>
        </Placemark>
        <Placemark id="8519">
            <name>Significant - danger for most</name>
            <styleUrl>#8522</styleUrl>
            <Polygon id="8518">
                <outerBoundaryIs>
                    <LinearRing id="8520">
                        <coordinates>85.13919619752856,27.91632529388507,0.0 85.13919001746387,27.916686198969135,0.0 85.13939316593193,27.916688943656226,0.0 85.13939934532287,27.916328038530565,0.0 85.13919619752856,27.91632529388507,0.0</coordinates>
                    </LinearRing>
                </outerBoundaryIs>
            </Polygon>
        </Placemark>
        <Placemark id="8526">
            <name>Significant - danger for most</name>
            <styleUrl>#8529</styleUrl>
            <Polygon id="8525">
                <outerBoundaryIs>
                    <LinearRing id="8527">
                        <coordinates>85.13957468801688,27.917954855970507,0.0 85.13957159841499,27.91813530851126,0.0 85.13977474963538,27.918138052766093,0.0 85.13977783890037,27.91795760020455,0.0 85.13957468801688,27.917954855970507,0.0</coordinates>
                    </LinearRing>
                </outerBoundaryIs>
            </Polygon>
        </Placemark>
        <Placemark id="8533">
            <name>Significant - danger for most</name>
            <styleUrl>#8536</styleUrl>
            <Polygon id="8532">
                <outerBoundaryIs>
                    <LinearRing id="8534">
                        <coordinates>85.14180009153507,27.91852638437504,0.0 85.14200324374393,27.918529125378804,0.0 85.14200632936019,27.918348672598746,0.0 85.14180317748824,27.91834593161575,0.0 85.14180009153507,27.91852638437504,0.0</coordinates>
                    </LinearRing>
                </outerBoundaryIs>
            </Polygon>
        </Placemark>
        <Placemark id="8540">
            <name>Significant - danger for most</name>
            <styleUrl>#8543</styleUrl>
            <Polygon id="8539">
                <outerBoundaryIs>
                    <LinearRing id="8541">
                        <coordinates>85.14220639598133,27.918531866083242,0.0 85.14200324374393,27.918529125378804,0.0 85.14200015809907,27.918709578153823,0.0 85.14220331067341,27.91871231887902,0.0 85.14220639598133,27.918531866083242,0.0</coordinates>
                    </LinearRing>
                </outerBoundaryIs>
            </Polygon>
        </Placemark>
        <Placemark id="8547">
            <name>Significant - danger for most</name>
            <styleUrl>#8550</styleUrl>
            <Polygon id="8546">
                <outerBoundaryIs>
                    <LinearRing id="8548">
                        <coordinates>85.14220331067341,27.91871231887902,0.0 85.14220022533688,27.918892771669768,0.0 85.14240337827671,27.918895512116407,0.0 85.14240646327632,27.91871505930489,0.0 85.14220331067341,27.91871231887902,0.0</coordinates>
                    </LinearRing>
                </outerBoundaryIs>
            </Polygon>
        </Placemark>
        <Placemark id="8554">
            <name>Significant - danger for most</name>
            <styleUrl>#8557</styleUrl>
            <Polygon id="8553">
                <outerBoundaryIs>
                    <LinearRing id="8555">
                        <coordinates>85.14300050102648,27.919625543105013,0.0 85.14320365542831,27.919628282437323,0.0 85.14320673919453,27.919447829562948,0.0 85.14300358512963,27.919445090251394,0.0 85.14300050102648,27.919625543105013,0.0</coordinates>
                    </LinearRing>
                </outerBoundaryIs>
            </Polygon>
        </Placemark>
        <Placemark id="8561">
            <name>Significant - danger for most</name>
            <styleUrl>#8564</styleUrl>
            <Polygon id="8560">
                <outerBoundaryIs>
                    <LinearRing id="8562">
                        <coordinates>85.14340064291439,27.91999192724542,0.0 85.1436037980472,27.919994666020536,0.0 85.14360688119669,27.919814213114737,0.0 85.14340372640082,27.919811474360372,0.0 85.14340064291439,27.91999192724542,0.0</coordinates>
                    </LinearRing>
                </outerBoundaryIs>
            </Polygon>
        </Placemark>
        <Placemark id="8568">
            <name>Significant - danger for most</name>
            <styleUrl>#8571</styleUrl>
            <Polygon id="8567">
                <outerBoundaryIs>
                    <LinearRing id="8569">
                        <coordinates>85.1468481284518,27.920399352170314,0.0 85.14684505060771,27.920579805392723,0.0 85.14704820723647,27.92058253914097,0.0 85.14705128474361,27.920402085897845,0.0 85.1468481284518,27.920399352170314,0.0</coordinates>
                    </LinearRing>
                </outerBoundaryIs>
            </Polygon>
        </Placemark>
        <Placemark id="8575">
            <name>Significant - danger for most</name>
            <styleUrl>#8578</styleUrl>
            <Polygon id="8574">
                <outerBoundaryIs>
                    <LinearRing id="8576">
                        <coordinates>85.14765767729381,27.920590738589535,0.0 85.14765460076902,27.920771191889745,0.0 85.14785775784875,27.920773924461244,0.0 85.14786083403659,27.920593471140332,0.0 85.14765767729381,27.920590738589535,0.0</coordinates>
                    </LinearRing>
                </outerBoundaryIs>
            </Polygon>
        </Placemark>
        <Placemark id="8582">
            <name>Significant - danger for most</name>
            <styleUrl>#8585</styleUrl>
            <Polygon id="8581">
                <outerBoundaryIs>
                    <LinearRing id="8583">
                        <coordinates>85.14379462167273,27.920719216152076,0.0 85.14378845573346,27.92108012194971,0.0 85.14399161294504,27.921082860250614,0.0 85.14399777821042,27.92072195441148,0.0 85.14379462167273,27.920719216152076,0.0</coordinates>
                    </LinearRing>
                </outerBoundaryIs>
            </Polygon>
        </Placemark>
        <Placemark id="8589">
            <name>Significant - danger for most</name>
            <styleUrl>#8592</styleUrl>
            <Polygon id="8588">
                <outerBoundaryIs>
                    <LinearRing id="8590">
                        <coordinates>85.14854736949103,27.928002983768263,0.0 85.14854429348294,27.92818343696527,0.0 85.14874746452277,27.92818616888846,0.0 85.14875054019379,27.92800571567075,0.0 85.14854736949103,27.928002983768263,0.0</coordinates>
                    </LinearRing>
                </outerBoundaryIs>
            </Polygon>
        </Placemark>
        <Placemark id="8596">
            <name>Significant - danger for most</name>
            <styleUrl>#8599</styleUrl>
            <Polygon id="8595">
                <outerBoundaryIs>
                    <LinearRing id="8597">
                        <coordinates>85.14935082840823,27.928555269405717,0.0 85.14934775366302,27.928735722670368,0.0 85.14975409802157,27.92874118394574,0.0 85.14975717209262,27.92856073063971,0.0 85.14935082840823,27.928555269405717,0.0</coordinates>
                    </LinearRing>
                </outerBoundaryIs>
            </Polygon>
        </Placemark>
        <Placemark id="8603">
            <name>Significant - danger for most</name>
            <styleUrl>#8606</styleUrl>
            <Polygon id="8602">
                <outerBoundaryIs>
                    <LinearRing id="8604">
                        <coordinates>85.14790708607786,27.929799317386202,0.0 85.1479040087735,27.92997977047068,0.0 85.1481071830988,27.929982503499286,0.0 85.14811026006605,27.929802050394102,0.0 85.14790708607786,27.929799317386202,0.0</coordinates>
                    </LinearRing>
                </outerBoundaryIs>
            </Polygon>
        </Placemark>
        <Placemark id="8610">
            <name>Significant - danger for most</name>
            <styleUrl>#8613</styleUrl>
            <Polygon id="8609">
                <outerBoundaryIs>
                    <LinearRing id="8611">
                        <coordinates>85.14810410610305,27.930162956599425,0.0 85.1481010290788,27.930343409694526,0.0 85.14830420410684,27.930346142465048,0.0 85.14830728079397,27.93016568934925,0.0 85.14810410610305,27.930162956599425,0.0</coordinates>
                    </LinearRing>
                </outerBoundaryIs>
            </Polygon>
        </Placemark>
        <Placemark id="8617">
            <name>Significant - danger for most</name>
            <styleUrl>#8620</styleUrl>
            <Polygon id="8616">
                <outerBoundaryIs>
                    <LinearRing id="8618">
                        <coordinates>85.14829805064706,27.930707048681526,0.0 85.14850122637783,27.930709781193972,0.0 85.14850430278484,27.930529328067554,0.0 85.14830112739119,27.93052659557581,0.0 85.14829805064706,27.930707048681526,0.0</coordinates>
                    </LinearRing>
                </outerBoundaryIs>
            </Polygon>
        </Placemark>
        <Placemark id="8624">
            <name>Significant - danger for most</name>
            <styleUrl>#8627</styleUrl>
            <Polygon id="8623">
                <outerBoundaryIs>
                    <LinearRing id="8625">
                        <coordinates>85.1478640012229,27.932325660110056,0.0 85.1480671799309,27.932328393407822,0.0 85.14807025726869,27.93214794036819,0.0 85.14786707889783,27.932145207091132,0.0 85.1478640012229,27.932325660110056,0.0</coordinates>
                    </LinearRing>
                </outerBoundaryIs>
            </Polygon>
        </Placemark>
        <Placemark id="8631">
            <name>Significant - danger for most</name>
            <styleUrl>#8634</styleUrl>
            <Polygon id="8630">
                <outerBoundaryIs>
                    <LinearRing id="8632">
                        <coordinates>85.14805794774652,27.932869752496458,0.0 85.14805487029474,27.933050205515922,0.0 85.14825805037988,27.933052938596987,0.0 85.14826112749451,27.93287248555682,0.0 85.14805794774652,27.932869752496458,0.0</coordinates>
                    </LinearRing>
                </outerBoundaryIs>
            </Polygon>
        </Placemark>
        <Placemark id="8638">
            <name>Significant - danger for most</name>
            <styleUrl>#8641</styleUrl>
            <Polygon id="8637">
                <outerBoundaryIs>
                    <LinearRing id="8639">
                        <coordinates>85.15007712477203,27.92170623065667,0.0 85.15007405211985,27.921886684174954,0.0 85.15027721156312,27.921889413278137,0.0 85.15028028387832,27.921708959739178,0.0 85.15007712477203,27.92170623065667,0.0</coordinates>
                    </LinearRing>
                </outerBoundaryIs>
            </Polygon>
        </Placemark>
        <Placemark id="8645">
            <name>Significant - danger for most</name>
            <styleUrl>#8648</styleUrl>
            <Polygon id="8644">
                <outerBoundaryIs>
                    <LinearRing id="8646">
                        <coordinates>85.15128072640049,27.92262486882221,0.0 85.15127765562791,27.92280532243933,0.0 85.1514808169268,27.922808049849554,0.0 85.1514838873624,27.922627596211772,0.0 85.15128072640049,27.92262486882221,0.0</coordinates>
                    </LinearRing>
                </outerBoundaryIs>
            </Polygon>
        </Placemark>
        <Placemark id="8652">
            <name>Significant - danger for most</name>
            <styleUrl>#8655</styleUrl>
            <Polygon id="8651">
                <outerBoundaryIs>
                    <LinearRing id="8653">
                        <coordinates>85.1498586004638,27.92260576871239,0.0 85.14985245417238,27.922966675652145,0.0 85.15005561560906,27.92296940517879,0.0 85.15006176122652,27.922608498197675,0.0 85.1498586004638,27.92260576871239,0.0</coordinates>
                    </LinearRing>
                </outerBoundaryIs>
            </Polygon>
        </Placemark>
        <Placemark id="8659">
            <name>Significant - danger for most</name>
            <styleUrl>#8662</styleUrl>
            <Polygon id="8658">
                <outerBoundaryIs>
                    <LinearRing id="8660">
                        <coordinates>85.15065895638058,27.92333849904739,0.0 85.1506528125574,27.923699406112235,0.0 85.15085597545593,27.923702134524,0.0 85.1508621186051,27.923341227417804,0.0 85.15065895638058,27.92333849904739,0.0</coordinates>
                    </LinearRing>
                </outerBoundaryIs>
            </Polygon>
        </Placemark>
        <Placemark id="8666">
            <name>Significant - danger for most</name>
            <styleUrl>#8669</styleUrl>
            <Polygon id="8665">
                <outerBoundaryIs>
                    <LinearRing id="8667">
                        <coordinates>85.15064974060313,27.923879859637097,0.0 85.15063745250147,27.924601673686144,0.0 85.15084061708505,27.92460440220127,0.0 85.15085290383867,27.92388258806953,0.0 85.15064974060313,27.923879859637097,0.0</coordinates>
                    </LinearRing>
                </outerBoundaryIs>
            </Polygon>
        </Placemark>
        <Placemark id="8673">
            <name>Significant - danger for most</name>
            <styleUrl>#8676</styleUrl>
            <Polygon id="8672">
                <outerBoundaryIs>
                    <LinearRing id="8674">
                        <coordinates>85.15125001739462,27.924429404766567,0.0 85.15124694633758,27.924609858333277,0.0 85.15165327570391,27.92461531326762,0.0 85.15165634608691,27.924434859659577,0.0 85.15125001739462,27.924429404766567,0.0</coordinates>
                    </LinearRing>
                </outerBoundaryIs>
            </Polygon>
        </Placemark>
        <Placemark id="8680">
            <name>Significant - danger for most</name>
            <styleUrl>#8683</styleUrl>
            <Polygon id="8679">
                <outerBoundaryIs>
                    <LinearRing id="8681">
                        <coordinates>85.15122851939786,27.925692579627682,0.0 85.15143168608898,27.92569530736856,0.0 85.1514347569797,27.92551485381142,0.0 85.15123159062561,27.925512126091213,0.0 85.15122851939786,27.925692579627682,0.0</coordinates>
                    </LinearRing>
                </outerBoundaryIs>
            </Polygon>
        </Placemark>
        <Placemark id="8687">
            <name>Significant - danger for most</name>
            <styleUrl>#8690</styleUrl>
            <Polygon id="8686">
                <outerBoundaryIs>
                    <LinearRing id="8688">
                        <coordinates>85.1502096134277,27.925859389859927,0.0 85.15041278031357,27.925862119118623,0.0 85.15041585291793,27.925681665669888,0.0 85.15021268636909,27.92567893643187,0.0 85.1502096134277,27.925859389859927,0.0</coordinates>
                    </LinearRing>
                </outerBoundaryIs>
            </Polygon>
        </Placemark>
        <Placemark id="8694">
            <name>Significant - danger for most</name>
            <styleUrl>#8697</styleUrl>
            <Polygon id="8693">
                <outerBoundaryIs>
                    <LinearRing id="8695">
                        <coordinates>85.1503851255936,27.927486199930392,0.0 85.15038205270461,27.927666653328718,0.0 85.15058522298952,27.92766938249474,0.0 85.15058829554144,27.927488929075746,0.0 85.1503851255936,27.927486199930392,0.0</coordinates>
                    </LinearRing>
                </outerBoundaryIs>
            </Polygon>
        </Placemark>
        <Placemark id="8701">
            <name>Significant - danger for most</name>
            <styleUrl>#8704</styleUrl>
            <Polygon id="8700">
                <outerBoundaryIs>
                    <LinearRing id="8702">
                        <coordinates>85.15037897978716,27.927847106722,0.0 85.15038205270461,27.927666653328718,0.0 85.15017888244816,27.927663923863243,0.0 85.15017580919364,27.927844377235843,0.0 85.15037897978716,27.927847106722,0.0</coordinates>
                    </LinearRing>
                </outerBoundaryIs>
            </Polygon>
        </Placemark>
        <Placemark id="8708">
            <name>Significant - danger for most</name>
            <styleUrl>#8711</styleUrl>
            <Polygon id="8707">
                <outerBoundaryIs>
                    <LinearRing id="8709">
                        <coordinates>85.15073001581362,27.931100725757243,0.0 85.15072694302958,27.931281179096086,0.0 85.15093012011349,27.93128390807665,0.0 85.15093319256039,27.931103454717135,0.0 85.15073001581362,27.931100725757243,0.0</coordinates>
                    </LinearRing>
                </outerBoundaryIs>
            </Polygon>
        </Placemark>
        <Placemark id="8715">
            <name>Significant - danger for most</name>
            <styleUrl>#8718</styleUrl>
            <Polygon id="8714">
                <outerBoundaryIs>
                    <LinearRing id="8716">
                        <coordinates>85.15417175599558,27.93186889207342,0.0 85.1541778902431,27.93150798471867,0.0 85.15377153451949,27.931502536000764,0.0 85.15376846673564,27.931682989639388,0.0 85.15417175599558,27.93186889207342,0.0</coordinates>
                    </LinearRing>
                </outerBoundaryIs>
            </Polygon>
        </Placemark>
        <Placemark id="8722">
            <name>Significant - danger for most</name>
            <styleUrl>#8725</styleUrl>
            <Polygon id="8721">
                <outerBoundaryIs>
                    <LinearRing id="8723">
                        <coordinates>85.15070543274433,27.932544352326815,0.0 85.15090861218826,27.932547081452093,0.0 85.15091168483438,27.93236662812787,0.0 85.15070850572762,27.93236389902326,0.0 85.15070543274433,27.932544352326815,0.0</coordinates>
                    </LinearRing>
                </outerBoundaryIs>
            </Polygon>
        </Placemark>
        <Placemark id="8729">
            <name>Significant - danger for most</name>
            <styleUrl>#8732</styleUrl>
            <Polygon id="8728">
                <outerBoundaryIs>
                    <LinearRing id="8730">
                        <coordinates>85.15111179166065,27.93254981027786,0.0 85.15090861218826,27.932547081452093,0.0 85.15090553951367,27.932727534771274,0.0 85.15110871932323,27.93273026361771,0.0 85.15111179166065,27.93254981027786,0.0</coordinates>
                    </LinearRing>
                </outerBoundaryIs>
            </Polygon>
        </Placemark>
        <Placemark id="8736">
            <name>Significant - danger for most</name>
            <styleUrl>#8739</styleUrl>
            <Polygon id="8735">
                <outerBoundaryIs>
                    <LinearRing id="8737">
                        <coordinates>85.14945560504998,27.934332502802622,0.0 85.14945252973044,27.934512955926614,0.0 85.14965571271244,27.93451568707654,0.0 85.14965878769478,27.93433523393186,0.0 85.14945560504998,27.934332502802622,0.0</coordinates>
                    </LinearRing>
                </outerBoundaryIs>
            </Polygon>
        </Placemark>
        <Placemark id="8743">
            <name>Significant - danger for most</name>
            <styleUrl>#8746</styleUrl>
            <Polygon id="8742">
                <outerBoundaryIs>
                    <LinearRing id="8744">
                        <coordinates>85.15207855561015,27.935450704399752,0.0 85.15228174064816,27.935453431758955,0.0 85.15228481138924,27.93527297837075,0.0 85.15208162668843,27.935270251032204,0.0 85.15207855561015,27.935450704399752,0.0</coordinates>
                    </LinearRing>
                </outerBoundaryIs>
            </Polygon>
        </Placemark>
        <Placemark id="8750">
            <name>Significant - danger for most</name>
            <styleUrl>#8753</styleUrl>
            <Polygon id="8749">
                <outerBoundaryIs>
                    <LinearRing id="8751">
                        <coordinates>85.15695500436621,27.935516078343856,0.0 85.15715819008597,27.935518798513762,0.0 85.15716125273401,27.935338344630427,0.0 85.15695806735147,27.935335624481123,0.0 85.15695500436621,27.935516078343856,0.0</coordinates>
                    </LinearRing>
                </outerBoundaryIs>
            </Polygon>
        </Placemark>
        <Placemark id="8757">
            <name>Significant - danger for most</name>
            <styleUrl>#8760</styleUrl>
            <Polygon id="8756">
                <outerBoundaryIs>
                    <LinearRing id="8758">
                        <coordinates>85.15308220323135,27.936186152033102,0.0 85.15307913369695,27.936366605478717,0.0 85.15328232056325,27.93636933144339,0.0 85.15328538976041,27.936188877977134,0.0 85.15308220323135,27.936186152033102,0.0</coordinates>
                    </LinearRing>
                </outerBoundaryIs>
            </Polygon>
        </Placemark>
        <Placemark id="8764">
            <name>Significant - danger for most</name>
            <styleUrl>#8767</styleUrl>
            <Polygon id="8763">
                <outerBoundaryIs>
                    <LinearRing id="8765">
                        <coordinates>85.15429518778153,27.93656341033773,0.0 85.15429212021365,27.936743863897114,0.0 85.15449530792492,27.93674658810567,0.0 85.15449837515555,27.936566134525656,0.0 85.15429518778153,27.93656341033773,0.0</coordinates>
                    </LinearRing>
                </outerBoundaryIs>
            </Polygon>
        </Placemark>
        <Placemark id="8771">
            <name>Significant - danger for most</name>
            <styleUrl>#8774</styleUrl>
            <Polygon id="8770">
                <outerBoundaryIs>
                    <LinearRing id="8772">
                        <coordinates>85.15589616781399,27.938028825107203,0.0 85.15589310271687,27.938209278791263,0.0 85.15609629335327,27.93821200076819,0.0 85.15609935811314,27.938031547063506,0.0 85.15589616781399,27.938028825107203,0.0</coordinates>
                    </LinearRing>
                </outerBoundaryIs>
            </Polygon>
        </Placemark>
        <Placemark id="8778">
            <name>Significant - danger for most</name>
            <styleUrl>#8781</styleUrl>
            <Polygon id="8777">
                <outerBoundaryIs>
                    <LinearRing id="8779">
                        <coordinates>85.157724881528,27.93805331192882,0.0 85.15772181946619,27.93823376579835,0.0 85.15812820127809,27.93823920405999,0.0 85.15813126266536,27.938058750149267,0.0 85.157724881528,27.93805331192882,0.0</coordinates>
                    </LinearRing>
                </outerBoundaryIs>
            </Polygon>
        </Placemark>
        <Placemark id="8785">
            <name>Significant - danger for most</name>
            <styleUrl>#8788</styleUrl>
            <Polygon id="8784">
                <outerBoundaryIs>
                    <LinearRing id="8786">
                        <coordinates>85.1566997378515,27.938581072419332,0.0 85.15669667401828,27.938761526170737,0.0 85.15689986578,27.938764247011118,0.0 85.15690292927597,27.938583793239115,0.0 85.1566997378515,27.938581072419332,0.0</coordinates>
                    </LinearRing>
                </outerBoundaryIs>
            </Polygon>
        </Placemark>
        <Placemark id="8792">
            <name>Significant - danger for most</name>
            <styleUrl>#8795</styleUrl>
            <Polygon id="8791">
                <outerBoundaryIs>
                    <LinearRing id="8793">
                        <coordinates>85.15832527004147,27.93860283058893,0.0 85.1583222089064,27.938783284505128,0.0 85.15852540089503,27.93878600294874,0.0 85.15852846169284,27.93860554901195,0.0 85.15832527004147,27.93860283058893,0.0</coordinates>
                    </LinearRing>
                </outerBoundaryIs>
            </Polygon>
        </Placemark>
        <Placemark id="8799">
            <name>Significant - danger for most</name>
            <styleUrl>#8802</styleUrl>
            <Polygon id="8798">
                <outerBoundaryIs>
                    <LinearRing id="8800">
                        <coordinates>85.159138036817,27.938613702483444,0.0 85.15913497703102,27.938794156481983,0.0 85.15933816913302,27.938796873727206,0.0 85.15934122858174,27.938616419708083,0.0 85.159138036817,27.938613702483444,0.0</coordinates>
                    </LinearRing>
                </outerBoundaryIs>
            </Polygon>
        </Placemark>
        <Placemark id="8806">
            <name>Significant - danger for most</name>
            <styleUrl>#8809</styleUrl>
            <Polygon id="8805">
                <outerBoundaryIs>
                    <LinearRing id="8807">
                        <coordinates>85.15973843578867,27.93916321542427,0.0 85.15974149461952,27.938982761374078,0.0 85.15953830212356,27.938980044707478,0.0 85.15953524295544,27.939160498737095,0.0 85.15973843578867,27.93916321542427,0.0</coordinates>
                    </LinearRing>
                </outerBoundaryIs>
            </Polygon>
        </Placemark>
        <Placemark id="8813">
            <name>Significant - danger for most</name>
            <styleUrl>#8816</styleUrl>
            <Polygon id="8812">
                <outerBoundaryIs>
                    <LinearRing id="8814">
                        <coordinates>85.15973843578867,27.93916321542427,0.0 85.1597353769295,27.939343669469423,0.0 85.15993857012832,27.939346385877574,0.0 85.15994162865023,27.93916593181184,0.0 85.15973843578867,27.93916321542427,0.0</coordinates>
                    </LinearRing>
                </outerBoundaryIs>
            </Polygon>
        </Placemark>
        <Placemark id="8820">
            <name>Significant - danger for most</name>
            <styleUrl>#8823</styleUrl>
            <Polygon id="8819">
                <outerBoundaryIs>
                    <LinearRing id="8821">
                        <coordinates>85.16012647200755,27.940251372342008,0.0 85.16012341365298,27.940431826398065,0.0 85.16032660893221,27.94043454233042,0.0 85.16032966694948,27.940254088253788,0.0 85.16012647200755,27.940251372342008,0.0</coordinates>
                    </LinearRing>
                </outerBoundaryIs>
            </Polygon>
        </Placemark>
        <Placemark id="8827">
            <name>Significant - danger for most</name>
            <styleUrl>#8830</styleUrl>
            <Polygon id="8826">
                <outerBoundaryIs>
                    <LinearRing id="8828">
                        <coordinates>85.15848560794375,27.94113190366826,0.0 85.15848254674904,27.94131235753448,0.0 85.15868574348812,27.94131507596672,0.0 85.15868880434552,27.941134622079915,0.0 85.15848560794375,27.94113190366826,0.0</coordinates>
                    </LinearRing>
                </outerBoundaryIs>
            </Polygon>
        </Placemark>
        <Placemark id="8834">
            <name>Significant - danger for most</name>
            <styleUrl>#8837</styleUrl>
            <Polygon id="8833">
                <outerBoundaryIs>
                    <LinearRing id="8835">
                        <coordinates>85.15868574348812,27.94131507596672,0.0 85.15868268260238,27.94149552984849,0.0 85.15888587970713,27.941498248001686,0.0 85.15888894025555,27.941317794099326,0.0 85.15868574348812,27.94131507596672,0.0</coordinates>
                    </LinearRing>
                </outerBoundaryIs>
            </Polygon>
        </Placemark>
        <Placemark id="8841">
            <name>Significant - danger for most</name>
            <styleUrl>#8844</styleUrl>
            <Polygon id="8840">
                <outerBoundaryIs>
                    <LinearRing id="8842">
                        <coordinates>85.15966195580961,27.943674565041114,0.0 85.1596588962421,27.943855018960267,0.0 85.15986209787395,27.943857735882776,0.0 85.15986515710411,27.943677281943057,0.0 85.15966195580961,27.943674565041114,0.0</coordinates>
                    </LinearRing>
                </outerBoundaryIs>
            </Polygon>
        </Placemark>
        <Placemark id="8848">
            <name>Significant - danger for most</name>
            <styleUrl>#8851</styleUrl>
            <Polygon id="8847">
                <outerBoundaryIs>
                    <LinearRing id="8849">
                        <coordinates>85.15984680129824,27.944760005505813,0.0 85.1598437418981,27.944940459415292,0.0 85.16004694558251,27.944943176161583,0.0 85.16005000464527,27.94476272223153,0.0 85.15984680129824,27.944760005505813,0.0</coordinates>
                    </LinearRing>
                </outerBoundaryIs>
            </Polygon>
        </Placemark>
        <Placemark id="8855">
            <name>Significant - danger for most</name>
            <styleUrl>#8858</styleUrl>
            <Polygon id="8854">
                <outerBoundaryIs>
                    <LinearRing id="8856">
                        <coordinates>85.16084141372914,27.94603676411812,0.0 85.16083529787787,27.946397672067178,0.0 85.16103850440302,27.94640038747959,0.0 85.16104461957951,27.946039479489404,0.0 85.16084141372914,27.94603676411812,0.0</coordinates>
                    </LinearRing>
                </outerBoundaryIs>
            </Polygon>
        </Placemark>
        <Placemark id="8862">
            <name>Significant - danger for most</name>
            <styleUrl>#8865</styleUrl>
            <Polygon id="8861">
                <outerBoundaryIs>
                    <LinearRing id="8863">
                        <coordinates>85.16103238911326,27.946761295449605,0.0 85.16102933142591,27.946941749427058,0.0 85.16143574658562,27.94694717947615,0.0 85.16143880359814,27.946766725457575,0.0 85.16103238911326,27.946761295449605,0.0</coordinates>
                    </LinearRing>
                </outerBoundaryIs>
            </Polygon>
        </Placemark>
        <Placemark id="8869">
            <name>Significant - danger for most</name>
            <styleUrl>#8872</styleUrl>
            <Polygon id="8868">
                <outerBoundaryIs>
                    <LinearRing id="8870">
                        <coordinates>85.16197813037054,27.95092531079196,0.0 85.16218134550168,27.950928024919946,0.0 85.16219051427323,27.950386662935127,0.0 85.16198730015454,27.950383948868794,0.0 85.16197813037054,27.95092531079196,0.0</coordinates>
                    </LinearRing>
                </outerBoundaryIs>
            </Polygon>
        </Placemark>
        <Placemark id="8876">
            <name>Significant - danger for most</name>
            <styleUrl>#8879</styleUrl>
            <Polygon id="8875">
                <outerBoundaryIs>
                    <LinearRing id="8877">
                        <coordinates>85.16196590359561,27.951647126618937,0.0 85.1621691200767,27.951649840829134,0.0 85.1621721764754,27.95146938685939,0.0 85.1619689603318,27.951466672669756,0.0 85.16196590359561,27.951647126618937,0.0</coordinates>
                    </LinearRing>
                </outerBoundaryIs>
            </Polygon>
        </Placemark>
        <Placemark id="8883">
            <name>Significant - danger for most</name>
            <styleUrl>#8886</styleUrl>
            <Polygon id="8882">
                <outerBoundaryIs>
                    <LinearRing id="8884">
                        <coordinates>85.16172294260862,27.953990312722482,0.0 85.16171988513858,27.954170766580543,0.0 85.1619231063166,27.95417348137825,0.0 85.16192616344911,27.95399302749963,0.0 85.16172294260862,27.953990312722482,0.0</coordinates>
                    </LinearRing>
                </outerBoundaryIs>
            </Polygon>
        </Placemark>
        <Placemark id="8890">
            <name>Significant - danger for most</name>
            <styleUrl>#8893</styleUrl>
            <Polygon id="8889">
                <outerBoundaryIs>
                    <LinearRing id="8891">
                        <coordinates>85.16227302175541,27.945514403030533,0.0 85.16226996629062,27.945694857166597,0.0 85.16247317166433,27.945697570398945,0.0 85.16247622679172,27.94551711624234,0.0 85.16227302175541,27.945514403030533,0.0</coordinates>
                    </LinearRing>
                </outerBoundaryIs>
            </Polygon>
        </Placemark>
        <Placemark id="8897">
            <name>Significant - danger for most</name>
            <styleUrl>#8900</styleUrl>
            <Polygon id="8896">
                <outerBoundaryIs>
                    <LinearRing id="8898">
                        <coordinates>85.1626641576234,27.946422099989814,0.0 85.16266110269194,27.94660255414177,0.0 85.16286430980924,27.946605266877455,0.0 85.1628673644033,27.94642481270496,0.0 85.1626641576234,27.946422099989814,0.0</coordinates>
                    </LinearRing>
                </outerBoundaryIs>
            </Polygon>
        </Placemark>
        <Placemark id="8904">
            <name>Significant - danger for most</name>
            <styleUrl>#8907</styleUrl>
            <Polygon id="8903">
                <outerBoundaryIs>
                    <LinearRing id="8905">
                        <coordinates>85.1634586629975,27.947515674381286,0.0 85.163455609246,27.947696128585157,0.0 85.16365881850096,27.94769884024525,0.0 85.16366187191504,27.947518386020842,0.0 85.1634586629975,27.947515674381286,0.0</coordinates>
                    </LinearRing>
                </outerBoundaryIs>
            </Polygon>
        </Placemark>
        <Placemark id="8911">
            <name>Significant - danger for most</name>
            <styleUrl>#8914</styleUrl>
            <Polygon id="8910">
                <outerBoundaryIs>
                    <LinearRing id="8912">
                        <coordinates>85.16343117821582,27.9491397620347,0.0 85.16342812420977,27.949320216193215,0.0 85.16363133650172,27.949322928038118,0.0 85.1636343901703,27.949142473859073,0.0 85.16343117821582,27.9491397620347,0.0</coordinates>
                    </LinearRing>
                </outerBoundaryIs>
            </Polygon>
        </Placemark>
        <Placemark id="8918">
            <name>Significant - danger for most</name>
            <styleUrl>#8921</styleUrl>
            <Polygon id="8917">
                <outerBoundaryIs>
                    <LinearRing id="8919">
                        <coordinates>85.16360079826048,27.951127469551423,0.0 85.16359469027286,27.951488377793595,0.0 85.1637979066428,27.951491089585165,0.0 85.16380401395543,27.951130181301917,0.0 85.16360079826048,27.951127469551423,0.0</coordinates>
                    </LinearRing>
                </outerBoundaryIs>
            </Polygon>
        </Placemark>
        <Placemark id="8925">
            <name>Significant - danger for most</name>
            <styleUrl>#8928</styleUrl>
            <Polygon id="8924">
                <outerBoundaryIs>
                    <LinearRing id="8926">
                        <coordinates>85.16337009272115,27.952748844247402,0.0 85.16336703814942,27.952929298305122,0.0 85.16377347626111,27.952934722516545,0.0 85.1637765301578,27.952754268417763,0.0 85.16337009272115,27.952748844247402,0.0</coordinates>
                    </LinearRing>
                </outerBoundaryIs>
            </Polygon>
        </Placemark>
        <Placemark id="8932">
            <name>Significant - danger for most</name>
            <styleUrl>#8935</styleUrl>
            <Polygon id="8931">
                <outerBoundaryIs>
                    <LinearRing id="8933">
                        <coordinates>85.16193533467678,27.953451665833548,0.0 85.1619322776292,27.95363211972729,0.0 85.16213549782294,27.95363483416355,0.0 85.16213855453299,27.95345438024925,0.0 85.16193533467678,27.953451665833548,0.0</coordinates>
                    </LinearRing>
                </outerBoundaryIs>
            </Polygon>
        </Placemark>
        <Placemark id="8939">
            <name>Significant - danger for most</name>
            <styleUrl>#8942</styleUrl>
            <Polygon id="8938">
                <outerBoundaryIs>
                    <LinearRing id="8940">
                        <coordinates>85.16355498559585,27.953834280876368,0.0 85.16355193119193,27.95401473492437,0.0 85.1637551522871,27.954017447003398,0.0 85.16375820635346,27.953836992934864,0.0 85.16355498559585,27.953834280876368,0.0</coordinates>
                    </LinearRing>
                </outerBoundaryIs>
            </Polygon>
        </Placemark>
        <Placemark id="8946">
            <name>Significant - danger for most</name>
            <styleUrl>#8949</styleUrl>
            <Polygon id="8945">
                <outerBoundaryIs>
                    <LinearRing id="8947">
                        <coordinates>85.16291171235478,27.95581113647523,0.0 85.16290865662704,27.955991590406175,0.0 85.16311188135043,27.955994303610524,0.0 85.16311493674063,27.95581384965904,0.0 85.16291171235478,27.95581113647523,0.0</coordinates>
                    </LinearRing>
                </outerBoundaryIs>
            </Polygon>
        </Placemark>
        <Placemark id="8953">
            <name>Significant - danger for most</name>
            <styleUrl>#8956</styleUrl>
            <Polygon id="8952">
                <outerBoundaryIs>
                    <LinearRing id="8954">
                        <coordinates>85.16636348077066,27.95603767410499,0.0 85.16636043075337,27.956218128379795,0.0 85.16656365629491,27.956220836507743,0.0 85.16656670597462,27.956040382212436,0.0 85.16636348077066,27.95603767410499,0.0</coordinates>
                    </LinearRing>
                </outerBoundaryIs>
            </Polygon>
        </Placemark>
        <Placemark id="8960">
            <name>Significant - danger for most</name>
            <styleUrl>#8963</styleUrl>
            <Polygon id="8959">
                <outerBoundaryIs>
                    <LinearRing id="8961">
                        <coordinates>85.16633602959841,27.95766176239677,0.0 85.16633297932694,27.95784221662621,0.0 85.16653620790682,27.957844924938687,0.0 85.16653925784067,27.957664470688737,0.0 85.16633602959841,27.95766176239677,0.0</coordinates>
                    </LinearRing>
                </outerBoundaryIs>
            </Polygon>
        </Placemark>
        <Placemark id="8967">
            <name>Significant - danger for most</name>
            <styleUrl>#8970</styleUrl>
            <Polygon id="8966">
                <outerBoundaryIs>
                    <LinearRing id="8968">
                        <coordinates>85.1665331579447,27.9580253791836,0.0 85.16653010795436,27.958205833423456,0.0 85.16673333723769,27.958208541477095,0.0 85.16673638689043,27.958028087216732,0.0 85.1665331579447,27.9580253791836,0.0</coordinates>
                    </LinearRing>
                </outerBoundaryIs>
            </Polygon>
        </Placemark>
        <Placemark id="8974">
            <name>Significant - danger for most</name>
            <styleUrl>#8977</styleUrl>
            <Polygon id="8973">
                <outerBoundaryIs>
                    <LinearRing id="8975">
                        <coordinates>85.16876258531886,27.95841605998206,0.0 85.16875953898584,27.95859651443724,0.0 85.16896276925488,27.9585992192335,0.0 85.16896581525027,27.958418764757845,0.0 85.16876258531886,27.95841605998206,0.0</coordinates>
                    </LinearRing>
                </outerBoundaryIs>
            </Polygon>
        </Placemark>
        <Placemark id="8981">
            <name>Significant - danger for most</name>
            <styleUrl>#8984</styleUrl>
            <Polygon id="8980">
                <outerBoundaryIs>
                    <LinearRing id="8982">
                        <coordinates>85.1671275996967,27.958935773839883,0.0 85.16712150143111,27.959296682387173,0.0 85.1673247328249,27.959299389664245,0.0 85.16733083041522,27.958938481075958,0.0 85.1671275996967,27.958935773839883,0.0</coordinates>
                    </LinearRing>
                </outerBoundaryIs>
            </Polygon>
        </Placemark>
        <Placemark id="8988">
            <name>Significant - danger for most</name>
            <styleUrl>#8991</styleUrl>
            <Polygon id="8987">
                <outerBoundaryIs>
                    <LinearRing id="8989">
                        <coordinates>85.16751881866259,27.95984345954754,0.0 85.16772205112575,27.959846166286358,0.0 85.16772509934444,27.95966571196887,0.0 85.16752186721892,27.95966300525055,0.0 85.16751881866259,27.95984345954754,0.0</coordinates>
                    </LinearRing>
                </outerBoundaryIs>
            </Polygon>
        </Placemark>
        <Placemark id="8995">
            <name>Significant - danger for most</name>
            <styleUrl>#8998</styleUrl>
            <Polygon id="8994">
                <outerBoundaryIs>
                    <LinearRing id="8996">
                        <coordinates>85.16809499129673,27.961836576474802,0.0 85.16850146384911,27.961841988303973,0.0 85.16850451102759,27.96166153395998,0.0 85.16809803915055,27.961656122171778,0.0 85.16809499129673,27.961836576474802,0.0</coordinates>
                    </LinearRing>
                </outerBoundaryIs>
            </Polygon>
        </Placemark>
        <Placemark id="9002">
            <name>Significant - danger for most</name>
            <styleUrl>#9005</styleUrl>
            <Polygon id="9001">
                <outerBoundaryIs>
                    <LinearRing id="9003">
                        <coordinates>85.17155305370098,27.96170208413525,0.0 85.17155001158766,27.961882538786202,0.0 85.17175324832903,27.961885239752522,0.0 85.17175629010465,27.961704785081125,0.0 85.17155305370098,27.96170208413525,0.0</coordinates>
                    </LinearRing>
                </outerBoundaryIs>
            </Polygon>
        </Placemark>
        <Placemark id="9009">
            <name>Significant - danger for most</name>
            <styleUrl>#9012</styleUrl>
            <Polygon id="9008">
                <outerBoundaryIs>
                    <LinearRing id="9010">
                        <coordinates>85.17154392727653,27.962243448072986,0.0 85.17154088507871,27.96242390270882,0.0 85.17174412283313,27.962426603736485,0.0 85.17174716469326,27.962246149080197,0.0 85.17154392727653,27.962243448072986,0.0</coordinates>
                    </LinearRing>
                </outerBoundaryIs>
            </Polygon>
        </Placemark>
        <Placemark id="9016">
            <name>Significant - danger for most</name>
            <styleUrl>#9019</styleUrl>
            <Polygon id="9015">
                <outerBoundaryIs>
                    <LinearRing id="9017">
                        <coordinates>85.16849232214439,27.9623833513057,0.0 85.16848927485306,27.962563805629536,0.0 85.1686925125223,27.9625665111762,0.0 85.16869555947594,27.96238605683189,0.0 85.16849232214439,27.9623833513057,0.0</coordinates>
                    </LinearRing>
                </outerBoundaryIs>
            </Polygon>
        </Placemark>
        <Placemark id="9023">
            <name>Significant - danger for most</name>
            <styleUrl>#9026</styleUrl>
            <Polygon id="9022">
                <outerBoundaryIs>
                    <LinearRing id="9024">
                        <coordinates>85.17174412283313,27.962426603736485,0.0 85.17174108094483,27.96260705838772,0.0 85.17194431906512,27.962609759135923,0.0 85.17194736061572,27.962429304464234,0.0 85.17174412283313,27.962426603736485,0.0</coordinates>
                    </LinearRing>
                </outerBoundaryIs>
            </Polygon>
        </Placemark>
        <Placemark id="9030">
            <name>Significant - danger for most</name>
            <styleUrl>#9033</styleUrl>
            <Polygon id="9029">
                <outerBoundaryIs>
                    <LinearRing id="9031">
                        <coordinates>85.17234775448678,27.96279561444012,0.0 85.17234471355526,27.96297606914261,0.0 85.1725479524354,27.96297876903197,0.0 85.17255099302923,27.962798314309044,0.0 85.17234775448678,27.96279561444012,0.0</coordinates>
                    </LinearRing>
                </outerBoundaryIs>
            </Polygon>
        </Placemark>
        <Placemark id="9037">
            <name>Significant - danger for most</name>
            <styleUrl>#9040</styleUrl>
            <Polygon id="9036">
                <outerBoundaryIs>
                    <LinearRing id="9038">
                        <coordinates>85.17738626908567,27.965389393710186,0.0 85.17738323620357,27.965569848852404,0.0 85.17758648051479,27.96557254152928,0.0 85.17758951305917,27.96539208636668,0.0 85.17738626908567,27.965389393710186,0.0</coordinates>
                    </LinearRing>
                </outerBoundaryIs>
            </Polygon>
        </Placemark>
        <Placemark id="9044">
            <name>Significant - danger for most</name>
            <styleUrl>#9047</styleUrl>
            <Polygon id="9043">
                <outerBoundaryIs>
                    <LinearRing id="9045">
                        <coordinates>85.17391593243502,27.966245846585053,0.0 85.17391289367056,27.96642630135525,0.0 85.17411613919275,27.966428999233294,0.0 85.17411917761946,27.966248544442674,0.0 85.17391593243502,27.966245846585053,0.0</coordinates>
                    </LinearRing>
                </outerBoundaryIs>
            </Polygon>
        </Placemark>
        <Placemark id="9051">
            <name>Significant - danger for most</name>
            <styleUrl>#9054</styleUrl>
            <Polygon id="9050">
                <outerBoundaryIs>
                    <LinearRing id="9052">
                        <coordinates>85.17818105554028,27.966482893803352,0.0 85.17838430165259,27.96648558538231,0.0 85.1783873329863,27.96630513016338,0.0 85.17818408721175,27.966302438604803,0.0 85.17818105554028,27.966482893803352,0.0</coordinates>
                    </LinearRing>
                </outerBoundaryIs>
            </Polygon>
        </Placemark>
        <Placemark id="9058">
            <name>Significant - danger for most</name>
            <styleUrl>#9061</styleUrl>
            <Polygon id="9057">
                <outerBoundaryIs>
                    <LinearRing id="9059">
                        <coordinates>85.17552975027981,27.966989240751097,0.0 85.17573299704028,27.9669919362907,0.0 85.17573603284923,27.966811481351918,0.0 85.17553278642653,27.96680878583271,0.0 85.17552975027981,27.966989240751097,0.0</coordinates>
                    </LinearRing>
                </outerBoundaryIs>
            </Polygon>
        </Placemark>
        <Placemark id="9065">
            <name>Significant - danger for most</name>
            <styleUrl>#9068</styleUrl>
            <Polygon id="9064">
                <outerBoundaryIs>
                    <LinearRing id="9066">
                        <coordinates>85.17431027030744,27.966973061214258,0.0 85.17430723210597,27.96715351600514,0.0 85.1745104790355,27.967156213364934,0.0 85.1745135168992,27.96697575855364,0.0 85.17431027030744,27.966973061214258,0.0</coordinates>
                    </LinearRing>
                </outerBoundaryIs>
            </Polygon>
        </Placemark>
        <Placemark id="9072">
            <name>Significant - danger for most</name>
            <styleUrl>#9075</styleUrl>
            <Polygon id="9071">
                <outerBoundaryIs>
                    <LinearRing id="9073">
                        <coordinates>85.17389769942616,27.967328575130665,0.0 85.17389466049288,27.96750902987063,0.0 85.17409790804169,27.967511727871194,0.0 85.1741009466372,27.967331273110805,0.0 85.17389769942616,27.967328575130665,0.0</coordinates>
                    </LinearRing>
                </outerBoundaryIs>
            </Polygon>
        </Placemark>
        <Placemark id="9079">
            <name>Significant - danger for most</name>
            <styleUrl>#9082</styleUrl>
            <Polygon id="9078">
                <outerBoundaryIs>
                    <LinearRing id="9080">
                        <coordinates>85.17694034278307,27.967729923423324,0.0 85.17693730886029,27.967910378459294,0.0 85.17714055750636,27.967913072001082,0.0 85.17714359109134,27.967732616944726,0.0 85.17694034278307,27.967729923423324,0.0</coordinates>
                    </LinearRing>
                </outerBoundaryIs>
            </Polygon>
        </Placemark>
        <Placemark id="9086">
            <name>Significant - danger for most</name>
            <styleUrl>#9089</styleUrl>
            <Polygon id="9085">
                <outerBoundaryIs>
                    <LinearRing id="9087">
                        <coordinates>85.17852692198039,27.97009738038936,0.0 85.17852389039506,27.970277835522875,0.0 85.17872714365728,27.970280526929663,0.0 85.17873017490479,27.970100071775775,0.0 85.17852692198039,27.97009738038936,0.0</coordinates>
                    </LinearRing>
                </outerBoundaryIs>
            </Polygon>
        </Placemark>
        <Placemark id="9093">
            <name>Significant - danger for most</name>
            <styleUrl>#9096</styleUrl>
            <Polygon id="9092">
                <outerBoundaryIs>
                    <LinearRing id="9094">
                        <coordinates>85.17832063716091,27.97027514381608,0.0 85.17831760520968,27.97045559892418,0.0 85.17852085878167,27.970458290651344,0.0 85.17852389039506,27.970277835522875,0.0 85.17832063716091,27.97027514381608,0.0</coordinates>
                    </LinearRing>
                </outerBoundaryIs>
            </Polygon>
        </Placemark>
        <Placemark id="9100">
            <name>Significant - danger for most</name>
            <styleUrl>#9103</styleUrl>
            <Polygon id="9099">
                <outerBoundaryIs>
                    <LinearRing id="9101">
                        <coordinates>85.17710712635674,27.981991245705764,0.0 85.17710409089031,27.98217170038446,0.0 85.17730736628768,27.982174394936713,0.0 85.1773104014161,27.981993940237633,0.0 85.17710712635674,27.981991245705764,0.0</coordinates>
                    </LinearRing>
                </outerBoundaryIs>
            </Polygon>
        </Placemark>
        <Placemark id="9107">
            <name>Significant - danger for most</name>
            <styleUrl>#9110</styleUrl>
            <Polygon id="9106">
                <outerBoundaryIs>
                    <LinearRing id="9108">
                        <coordinates>85.17547788872314,27.982150133160847,0.0 85.17547485052428,27.982330587671317,0.0 85.17567812603482,27.98233328464522,0.0 85.17568116389563,27.982152830114337,0.0 85.17547788872314,27.982150133160847,0.0</coordinates>
                    </LinearRing>
                </outerBoundaryIs>
            </Polygon>
        </Placemark>
        <Placemark id="9114">
            <name>Significant - danger for most</name>
            <styleUrl>#9117</styleUrl>
            <Polygon id="9113">
                <outerBoundaryIs>
                    <LinearRing id="9115">
                        <coordinates>85.17649122835813,27.982344069539245,0.0 85.17689777968845,27.982349460185315,0.0 85.17690081552102,27.982169005532043,0.0 85.17649426486679,27.982163614926762,0.0 85.17649122835813,27.982344069539245,0.0</coordinates>
                    </LinearRing>
                </outerBoundaryIs>
            </Polygon>
        </Placemark>
        <Placemark id="9121">
            <name>Significant - danger for most</name>
            <styleUrl>#9124</styleUrl>
            <Polygon id="9120">
                <outerBoundaryIs>
                    <LinearRing id="9122">
                        <coordinates>85.17383344251492,27.98321127273467,0.0 85.17403671949059,27.98321397221193,0.0 85.17403976019642,27.983033517869558,0.0 85.17383648355882,27.98303081841273,0.0 85.17383344251492,27.98321127273467,0.0</coordinates>
                    </LinearRing>
                </outerBoundaryIs>
            </Polygon>
        </Placemark>
        <Placemark id="9128">
            <name>Significant - danger for most</name>
            <styleUrl>#9131</styleUrl>
            <Polygon id="9127">
                <outerBoundaryIs>
                    <LinearRing id="9129">
                        <coordinates>85.174840709445,27.9837661303612,0.0 85.17483766997883,27.983946584765082,0.0 85.17504094844743,27.98394928282316,0.0 85.17504398757553,27.983768828398865,0.0 85.174840709445,27.9837661303612,0.0</coordinates>
                    </LinearRing>
                </outerBoundaryIs>
            </Polygon>
        </Placemark>
        <Placemark id="9135">
            <name>Significant - danger for most</name>
            <styleUrl>#9138</styleUrl>
            <Polygon id="9134">
                <outerBoundaryIs>
                    <LinearRing id="9136">
                        <coordinates>85.1762636569495,27.98378501032122,0.0 85.17626061984978,27.983965464867946,0.0 85.17646389851525,27.98396816082479,0.0 85.1764669352769,27.983787706257665,0.0 85.1762636569495,27.98378501032122,0.0</coordinates>
                    </LinearRing>
                </outerBoundaryIs>
            </Polygon>
        </Placemark>
        <Placemark id="9142">
            <name>Significant - danger for most</name>
            <styleUrl>#9145</styleUrl>
            <Polygon id="9141">
                <outerBoundaryIs>
                    <LinearRing id="9143">
                        <coordinates>85.18121158995217,27.96760596890962,0.0 85.181208563151,27.96778642437827,0.0 85.18141181204845,27.967789111600208,0.0 85.18141483851183,27.967608656111217,0.0 85.18121158995217,27.96760596890962,0.0</coordinates>
                    </LinearRing>
                </outerBoundaryIs>
            </Polygon>
        </Placemark>
        <Placemark id="9149">
            <name>Significant - danger for most</name>
            <styleUrl>#9152</styleUrl>
            <Polygon id="9148">
                <outerBoundaryIs>
                    <LinearRing id="9150">
                        <coordinates>85.17937629446615,27.96794268116239,0.0 85.17937932433546,27.96776222588193,0.0 85.17958257298058,27.96776491580364,0.0 85.17958560248404,27.967584460497797,0.0 85.17917910589742,27.967579080395105,0.0 85.1791730455113,27.967939990920335,0.0 85.17937629446615,27.96794268116239,0.0</coordinates>
                    </LinearRing>
                </outerBoundaryIs>
            </Polygon>
        </Placemark>
        <Placemark id="9156">
            <name>Significant - danger for most</name>
            <styleUrl>#9159</styleUrl>
            <Polygon id="9155">
                <outerBoundaryIs>
                    <LinearRing id="9157">
                        <coordinates>85.18161203482032,27.967972254026453,0.0 85.1816090086387,27.968152709525707,0.0 85.18181225826778,27.968155396188358,0.0 85.18181528411161,27.967974940668775,0.0 85.18161203482032,27.967972254026453,0.0</coordinates>
                    </LinearRing>
                </outerBoundaryIs>
            </Polygon>
        </Placemark>
        <Placemark id="9163">
            <name>Significant - danger for most</name>
            <styleUrl>#9166</styleUrl>
            <Polygon id="9162">
                <outerBoundaryIs>
                    <LinearRing id="9164">
                        <coordinates>85.18201550792486,27.96815808255103,0.0 85.18201248239082,27.968338538085913,0.0 85.18221573241372,27.968341224168938,0.0 85.18221875760997,27.96816076861372,0.0 85.18201550792486,27.96815808255103,0.0</coordinates>
                    </LinearRing>
                </outerBoundaryIs>
            </Polygon>
        </Placemark>
        <Placemark id="9170">
            <name>Significant - danger for most</name>
            <styleUrl>#9173</styleUrl>
            <Polygon id="9169">
                <outerBoundaryIs>
                    <LinearRing id="9171">
                        <coordinates>85.18323198294831,27.968354650084276,0.0 85.18322895941307,27.96853510573607,0.0 85.18343220994178,27.968537790039502,0.0 85.18343523313922,27.96835733436739,0.0 85.18323198294831,27.968354650084276,0.0</coordinates>
                    </LinearRing>
                </outerBoundaryIs>
            </Polygon>
        </Placemark>
        <Placemark id="9177">
            <name>Significant - danger for most</name>
            <styleUrl>#9180</styleUrl>
            <Polygon id="9176">
                <outerBoundaryIs>
                    <LinearRing id="9178">
                        <coordinates>85.17997695476295,27.968492116083052,0.0 85.1801802048434,27.96849480518626,0.0 85.18018323344565,27.968314349839485,0.0 85.17977673398842,27.9683089713738,0.0 85.17977067540464,27.968669881980894,0.0 85.17997392579484,27.968672571404433,0.0 85.17997695476295,27.968492116083052,0.0</coordinates>
                    </LinearRing>
                </outerBoundaryIs>
            </Polygon>
        </Placemark>
        <Placemark id="9184">
            <name>Significant - danger for most</name>
            <styleUrl>#9187</styleUrl>
            <Polygon id="9183">
                <outerBoundaryIs>
                    <LinearRing id="9185">
                        <coordinates>85.18464567127664,27.968914801133177,0.0 85.18484892267685,27.968917483377304,0.0 85.18485194356558,27.96873702757311,0.0 85.18464869250319,27.968734345349286,0.0 85.18464567127664,27.968914801133177,0.0</coordinates>
                    </LinearRing>
                </outerBoundaryIs>
            </Polygon>
        </Placemark>
        <Placemark id="9191">
            <name>Significant - danger for most</name>
            <styleUrl>#9194</styleUrl>
            <Polygon id="9190">
                <outerBoundaryIs>
                    <LinearRing id="9192">
                        <coordinates>85.18504613291924,27.969281076955316,0.0 85.18504311228442,27.9694615327647,0.0 85.185246364754,27.96946421446973,0.0 85.18524938505101,27.969283758640042,0.0 85.18504613291924,27.969281076955316,0.0</coordinates>
                    </LinearRing>
                </outerBoundaryIs>
            </Polygon>
        </Placemark>
        <Placemark id="9198">
            <name>Significant - danger for most</name>
            <styleUrl>#9201</styleUrl>
            <Polygon id="9197">
                <outerBoundaryIs>
                    <LinearRing id="9199">
                        <coordinates>85.18722458167248,27.972739222744526,0.0 85.18722156422294,27.972919678681393,0.0 85.18742482341918,27.97292235747159,0.0 85.18742784053084,27.972741901514446,0.0 85.18722458167248,27.972739222744526,0.0</coordinates>
                    </LinearRing>
                </outerBoundaryIs>
            </Polygon>
        </Placemark>
        <Placemark id="9205">
            <name>Significant - danger for most</name>
            <styleUrl>#9208</styleUrl>
            <Polygon id="9204">
                <outerBoundaryIs>
                    <LinearRing id="9206">
                        <coordinates>85.18763109941715,27.972744579984326,0.0 85.18762808264337,27.972925035961733,0.0 85.18783134189549,27.97292771415184,0.0 85.18783435833139,27.97274725815416,0.0 85.18763109941715,27.972744579984326,0.0</coordinates>
                    </LinearRing>
                </outerBoundaryIs>
            </Polygon>
        </Placemark>
        <Placemark id="9212">
            <name>Significant - danger for most</name>
            <styleUrl>#9215</styleUrl>
            <Polygon id="9211">
                <outerBoundaryIs>
                    <LinearRing id="9213">
                        <coordinates>85.17970099362725,27.972820352514304,0.0 85.17969796364814,27.973000807694444,0.0 85.17990122214655,27.973003497606534,0.0 85.17990425178776,27.97282304240604,0.0 85.17970099362725,27.972820352514304,0.0</coordinates>
                    </LinearRing>
                </outerBoundaryIs>
            </Polygon>
        </Placemark>
        <Placemark id="9219">
            <name>Significant - danger for most</name>
            <styleUrl>#9222</styleUrl>
            <Polygon id="9218">
                <outerBoundaryIs>
                    <LinearRing id="9220">
                        <coordinates>85.18069305760763,27.97427744108674,0.0 85.18068700055159,27.974638351564902,0.0 85.18089026223126,27.974641040159906,0.0 85.18089631861149,27.974280129641045,0.0 85.18069305760763,27.97427744108674,0.0</coordinates>
                    </LinearRing>
                </outerBoundaryIs>
            </Polygon>
        </Placemark>
        <Placemark id="9226">
            <name>Significant - danger for most</name>
            <styleUrl>#9229</styleUrl>
            <Polygon id="9225">
                <outerBoundaryIs>
                    <LinearRing id="9227">
                        <coordinates>85.191056393203,27.974594631055744,0.0 85.19105338189448,27.974775087327075,0.0 85.19125664499995,27.974777760618693,0.0 85.19125965597055,27.974597304327137,0.0 85.191056393203,27.974594631055744,0.0</coordinates>
                    </LinearRing>
                </outerBoundaryIs>
            </Polygon>
        </Placemark>
        <Placemark id="9233">
            <name>Significant - danger for most</name>
            <styleUrl>#9236</styleUrl>
            <Polygon id="9232">
                <outerBoundaryIs>
                    <LinearRing id="9234">
                        <coordinates>85.19308902213261,27.97462135026657,0.0 85.19308601420327,27.9748018067401,0.0 85.19328927758735,27.97480447703101,0.0 85.19329228517879,27.974624020537277,0.0 85.19308902213261,27.97462135026657,0.0</coordinates>
                    </LinearRing>
                </outerBoundaryIs>
            </Polygon>
        </Placemark>
        <Placemark id="9240">
            <name>Significant - danger for most</name>
            <styleUrl>#9243</styleUrl>
            <Polygon id="9239">
                <outerBoundaryIs>
                    <LinearRing id="9241">
                        <coordinates>85.19531590445132,27.975192076812444,0.0 85.19551916881738,27.975194743842923,0.0 85.1955221727473,27.975014287137117,0.0 85.19531890871919,27.975011620126818,0.0 85.19531590445132,27.975192076812444,0.0</coordinates>
                    </LinearRing>
                </outerBoundaryIs>
            </Polygon>
        </Placemark>
        <Placemark id="9247">
            <name>Significant - danger for most</name>
            <styleUrl>#9250</styleUrl>
            <Polygon id="9246">
                <outerBoundaryIs>
                    <LinearRing id="9248">
                        <coordinates>85.18474317394866,27.975233433351793,0.0 85.1849464372022,27.97523611600642,0.0 85.18494945873208,27.97505566035817,0.0 85.18474619581646,27.97505297772385,0.0 85.18474317394866,27.975233433351793,0.0</coordinates>
                    </LinearRing>
                </outerBoundaryIs>
            </Polygon>
        </Placemark>
        <Placemark id="9254">
            <name>Significant - danger for most</name>
            <styleUrl>#9257</styleUrl>
            <Polygon id="9253">
                <outerBoundaryIs>
                    <LinearRing id="9255">
                        <coordinates>85.19572243321126,27.975197410573326,0.0 85.19571942959146,27.97537786729428,0.0 85.19592269435108,27.975380533744783,0.0 85.19592569763294,27.97520007700365,0.0 85.19572243321126,27.975197410573326,0.0</coordinates>
                    </LinearRing>
                </outerBoundaryIs>
            </Polygon>
        </Placemark>
        <Placemark id="9261">
            <name>Significant - danger for most</name>
            <styleUrl>#9264</styleUrl>
            <Polygon id="9260">
                <outerBoundaryIs>
                    <LinearRing id="9262">
                        <coordinates>85.1963322265597,27.975205408964058,0.0 85.1963292239537,27.97538586574554,0.0 85.19653248879672,27.975388531295806,0.0 85.1965354910648,27.97520807449415,0.0 85.1963322265597,27.975205408964058,0.0</coordinates>
                    </LinearRing>
                </outerBoundaryIs>
            </Polygon>
        </Placemark>
        <Placemark id="9268">
            <name>Significant - danger for most</name>
            <styleUrl>#9271</styleUrl>
            <Polygon id="9267">
                <outerBoundaryIs>
                    <LinearRing id="9269">
                        <coordinates>85.1849464372022,27.97523611600642,0.0 85.18494341564436,27.975416571649628,0.0 85.18514667926378,27.97541925402448,0.0 85.1851497004837,27.975238798360973,0.0 85.1849464372022,27.97523611600642,0.0</coordinates>
                    </LinearRing>
                </outerBoundaryIs>
            </Polygon>
        </Placemark>
        <Placemark id="9275">
            <name>Significant - danger for most</name>
            <styleUrl>#9278</styleUrl>
            <Polygon id="9274">
                <outerBoundaryIs>
                    <LinearRing id="9276">
                        <coordinates>85.18392709796687,27.97540315527426,0.0 85.18392407469143,27.97558361081091,0.0 85.18412733850889,27.975586294706442,0.0 85.1841303614464,27.975405839149484,0.0 85.18392709796687,27.97540315527426,0.0</coordinates>
                    </LinearRing>
                </outerBoundaryIs>
            </Polygon>
        </Placemark>
        <Placemark id="9282">
            <name>Significant - danger for most</name>
            <styleUrl>#9285</styleUrl>
            <Polygon id="9281">
                <outerBoundaryIs>
                    <LinearRing id="9283">
                        <coordinates>85.19306495791814,27.976065001913874,0.0 85.193061949766,27.976245458347133,0.0 85.19326521585356,27.976248128799707,0.0 85.19326822366774,27.97606767234624,0.0 85.19306495791814,27.976065001913874,0.0</coordinates>
                    </LinearRing>
                </outerBoundaryIs>
            </Polygon>
        </Placemark>
        <Placemark id="9289">
            <name>Significant - danger for most</name>
            <styleUrl>#9292</styleUrl>
            <Polygon id="9288">
                <outerBoundaryIs>
                    <LinearRing id="9290">
                        <coordinates>85.19407828048223,27.976258807609113,0.0 85.19407527399198,27.97643926413836,0.0 85.1942785405567,27.976441933110685,0.0 85.19428154670898,27.976261476561238,0.0 85.19407828048223,27.976258807609113,0.0</coordinates>
                    </LinearRing>
                </outerBoundaryIs>
            </Polygon>
        </Placemark>
        <Placemark id="9296">
            <name>Significant - danger for most</name>
            <styleUrl>#9299</styleUrl>
            <Polygon id="9295">
                <outerBoundaryIs>
                    <LinearRing id="9297">
                        <coordinates>85.19224587616252,27.976415229883308,0.0 85.19224286660288,27.976595686225647,0.0 85.19244613325493,27.976598357919013,0.0 85.1924491424766,27.97641790155646,0.0 85.19224587616252,27.976415229883308,0.0</coordinates>
                    </LinearRing>
                </outerBoundaryIs>
            </Polygon>
        </Placemark>
        <Placemark id="9303">
            <name>Significant - danger for most</name>
            <styleUrl>#9306</styleUrl>
            <Polygon id="9302">
                <outerBoundaryIs>
                    <LinearRing id="9304">
                        <coordinates>85.18797427335099,27.976539511343493,0.0 85.18777100731263,27.976536833048097,0.0 85.18756170655358,27.976895066190927,0.0 85.18796823995416,27.97690042316288,0.0 85.18797427335099,27.976539511343493,0.0</coordinates>
                    </LinearRing>
                </outerBoundaryIs>
            </Polygon>
        </Placemark>
        <Placemark id="9310">
            <name>Significant - danger for most</name>
            <styleUrl>#9313</styleUrl>
            <Polygon id="9309">
                <outerBoundaryIs>
                    <LinearRing id="9311">
                        <coordinates>85.18817150669635,27.976903101198715,0.0 85.18837477346645,27.97690577893445,0.0 85.18837778950292,27.97672532298675,0.0 85.18817452307077,27.97672264527127,0.0 85.18817150669635,27.976903101198715,0.0</coordinates>
                    </LinearRing>
                </outerBoundaryIs>
            </Polygon>
        </Placemark>
        <Placemark id="9317">
            <name>Significant - danger for most</name>
            <styleUrl>#9320</styleUrl>
            <Polygon id="9316">
                <outerBoundaryIs>
                    <LinearRing id="9318">
                        <coordinates>85.19081397688473,27.97693788835585,0.0 85.19081096487581,27.9771183445415,0.0 85.19101423234662,27.97712101839622,0.0 85.19101724401759,27.976940562190336,0.0 85.19081397688473,27.97693788835585,0.0</coordinates>
                    </LinearRing>
                </outerBoundaryIs>
            </Polygon>
        </Placemark>
        <Placemark id="9324">
            <name>Significant - danger for most</name>
            <styleUrl>#9327</styleUrl>
            <Polygon id="9323">
                <outerBoundaryIs>
                    <LinearRing id="9325">
                        <coordinates>85.18898155889374,27.977094266344544,0.0 85.18897854381531,27.977274722342955,0.0 85.18918181137299,27.97727739891882,0.0 85.18918482611348,27.977096942900154,0.0 85.18898155889374,27.977094266344544,0.0</coordinates>
                    </LinearRing>
                </outerBoundaryIs>
            </Polygon>
        </Placemark>
        <Placemark id="9331">
            <name>Significant - danger for most</name>
            <styleUrl>#9334</styleUrl>
            <Polygon id="9330">
                <outerBoundaryIs>
                    <LinearRing id="9332">
                        <coordinates>85.19060769743288,27.977115670386674,0.0 85.19060468505812,27.977296126547056,0.0 85.190807952839,27.977298800722114,0.0 85.19081096487581,27.9771183445415,0.0 85.19060769743288,27.977115670386674,0.0</coordinates>
                    </LinearRing>
                </outerBoundaryIs>
            </Polygon>
        </Placemark>
        <Placemark id="9338">
            <name>Significant - danger for most</name>
            <styleUrl>#9341</styleUrl>
            <Polygon id="9337">
                <outerBoundaryIs>
                    <LinearRing id="9339">
                        <coordinates>85.18288053007814,27.977194285521033,0.0 85.18287750483299,27.977374740905734,0.0 85.18308077188989,27.977377426504862,0.0 85.18308379679708,27.977196971099847,0.0 85.18288053007814,27.977194285521033,0.0</coordinates>
                    </LinearRing>
                </outerBoundaryIs>
            </Polygon>
        </Placemark>
        <Placemark id="9345">
            <name>Significant - danger for most</name>
            <styleUrl>#9348</styleUrl>
            <Polygon id="9344">
                <outerBoundaryIs>
                    <LinearRing id="9346">
                        <coordinates>85.18022897628181,27.97770071103367,0.0 85.18022594655912,27.977881166138857,0.0 85.18042921426557,27.977883855700313,0.0 85.1804322436503,27.977703400574764,0.0 85.18022897628181,27.97770071103367,0.0</coordinates>
                    </LinearRing>
                </outerBoundaryIs>
            </Polygon>
        </Placemark>
        <Placemark id="9352">
            <name>Significant - danger for most</name>
            <styleUrl>#9355</styleUrl>
            <Polygon id="9351">
                <outerBoundaryIs>
                    <LinearRing id="9353">
                        <coordinates>85.18222533326255,27.97989305631087,0.0 85.18222230658328,27.98007351155903,0.0 85.18242557862587,27.980076198363403,0.0 85.18242860496713,27.97989574309491,0.0 85.18222533326255,27.97989305631087,0.0</coordinates>
                    </LinearRing>
                </outerBoundaryIs>
            </Polygon>
        </Placemark>
        <Placemark id="9359">
            <name>Significant - danger for most</name>
            <styleUrl>#9362</styleUrl>
            <Polygon id="9358">
                <outerBoundaryIs>
                    <LinearRing id="9360">
                        <coordinates>85.18201600752344,27.980251279677315,0.0 85.18201298045012,27.980431734895067,0.0 85.1822162531407,27.980434422040233,0.0 85.18221927987601,27.980253966802145,0.0 85.18201600752344,27.980251279677315,0.0</coordinates>
                    </LinearRing>
                </outerBoundaryIs>
            </Polygon>
        </Placemark>
        <Placemark id="9366">
            <name>Significant - danger for most</name>
            <styleUrl>#9369</styleUrl>
            <Polygon id="9365">
                <outerBoundaryIs>
                    <LinearRing id="9367">
                        <coordinates>85.18136076638038,27.98295004332412,0.0 85.18156404371932,27.982952731654446,0.0 85.18157009997479,27.982591821436312,0.0 85.18136682331195,27.982589133146668,0.0 85.18136076638038,27.98295004332412,0.0</coordinates>
                    </LinearRing>
                </outerBoundaryIs>
            </Polygon>
        </Placemark>
        <Placemark id="9373">
            <name>Significant - danger for most</name>
            <styleUrl>#9376</styleUrl>
            <Polygon id="9372">
                <outerBoundaryIs>
                    <LinearRing id="9374">
                        <coordinates>85.1791186530221,27.983281361589036,0.0 85.17952520846316,27.983286744634643,0.0 85.17952824004153,27.983106289741674,0.0 85.1791216852766,27.983100906736798,0.0 85.1791186530221,27.983281361589036,0.0</coordinates>
                    </LinearRing>
                </outerBoundaryIs>
            </Polygon>
        </Placemark>
        <Placemark id="9380">
            <name>Extreme - danger for all</name>
            <styleUrl>#9383</styleUrl>
            <Polygon id="9379">
                <outerBoundaryIs>
                    <LinearRing id="9381">
                        <coordinates>85.13578912213781,27.913571805653653,0.0 85.13599226439243,27.91357455507473,0.0 85.13599535934154,27.913394102782558,0.0 85.13579221742373,27.91339135338232,0.0 85.13578912213781,27.913571805653653,0.0</coordinates>
                    </LinearRing>
                </outerBoundaryIs>
            </Polygon>
        </Placemark>
        <Placemark id="9387">
            <name>Extreme - danger for all</name>
            <styleUrl>#9410</styleUrl>
            <Polygon id="9386">
                <outerBoundaryIs>
                    <LinearRing id="9388">
                        <coordinates>85.14769160138127,27.93051839630366,0.0 85.14768852362577,27.93069884934727,0.0 85.14748534800901,27.93069611563687,0.0 85.14747919173824,27.93105702166753,0.0 85.14768236802925,27.931059755419348,0.0 85.1476762123187,27.931420661471257,0.0 85.14787938931248,27.931423394964998,0.0 85.1476700564941,27.931781567503,0.0 85.14787323416216,27.93178430103815,0.0 85.14786707889783,27.932145207091132,0.0 85.14807025726869,27.93214794036819,0.0 85.14806410256462,27.932508846442417,0.0 85.14826728163827,27.932511579461373,0.0 85.14805794774652,27.932869752496458,0.0 85.14826112749451,27.93287248555682,0.0 85.1484519999901,27.933597030530873,0.0 85.14865518114374,27.933599763074994,0.0 85.14865210458944,27.933780216136384,0.0 85.14885528610877,27.93378294840168,0.0 85.14885220986315,27.933963401478728,0.0 85.14905539174813,27.933966133465187,0.0 85.14925242243365,27.93432977137385,0.0 85.14986197036808,27.93433796476156,0.0 85.14985889572293,27.93451841792693,0.0 85.15006207876188,27.93452114847778,0.0 85.15005900442544,27.93470160165879,0.0 85.15026218783008,27.93470433193078,0.0 85.15025911380236,27.934884785127423,0.0 85.15046229757266,27.934887515120558,0.0 85.15045922385367,27.935067968332838,0.0 85.15066240798964,27.9350706980471,0.0 85.15085944597949,27.935434333953957,0.0 85.15146900066678,27.935442520524838,0.0 85.15146592854842,27.935622973825353,0.0 85.15187229915665,27.93562843008285,0.0 85.15208162668843,27.935270251032204,0.0 85.1524879961185,27.935275705409737,0.0 85.15268504071443,27.935639339003174,0.0 85.15309141166395,27.93564479166602,0.0 85.15308527273731,27.936005698582452,0.0 85.15328845892915,27.936008424505832,0.0 85.15328232056325,27.93636933144339,0.0 85.15348550745794,27.936372057108503,0.0 85.15348243856957,27.936552510590378,0.0 85.15388881311871,27.936557961063187,0.0 85.15388574487638,27.93673841458129,0.0 85.15408893253081,27.93674113938899,0.0 85.15409200043592,27.936560685850246,0.0 85.15449837515555,27.936566134525656,0.0 85.15449530792492,27.93674658810567,0.0 85.15510487122913,27.936754758933922,0.0 85.15510180498177,27.93693521257078,0.0 85.15530499314389,27.936937935601684,0.0 85.15530192720539,27.93711838925413,0.0 85.15550511573312,27.937121112006082,0.0 85.15550205010345,27.93730156567412,0.0 85.15590536293503,27.93748746402476,0.0 85.15589923288272,27.93784837141809,0.0 85.15610242284463,27.937851093353782,0.0 85.15609322856503,27.938392454467827,0.0 85.15690292927597,27.938583793239115,0.0 85.15689986578,27.938764247011118,0.0 85.15710305757011,27.938766967551913,0.0 85.15709693116763,27.939127875122008,0.0 85.15750025361278,27.939313769205906,0.0 85.1574941283892,27.939674676828165,0.0 85.1576973219508,27.939677396573156,0.0 85.15769425963376,27.939857850397328,0.0 85.15789745356099,27.939860569863306,0.0 85.15789439155287,27.94004102370304,0.0 85.15829771880512,27.940226915653227,0.0 85.15829159599626,27.94058782338985,0.0 85.15849479135777,27.94059054203936,0.0 85.15828547307399,27.94094873110631,0.0 85.1584886691101,27.940951449797,0.0 85.15848560794375,27.94113190366826,0.0 85.15888894025555,27.941317794099326,0.0 85.15888281913034,27.941678701898997,0.0 85.15928615416904,27.941864591281103,0.0 85.1592769742076,27.942405953051175,0.0 85.15968031261959,27.94259184142036,0.0 85.15947099387951,27.94295003219482,0.0 85.15967419379626,27.94295274931411,0.0 85.15966501534878,27.943494111116923,0.0 85.15986821630591,27.943496827998285,0.0 85.15985292001352,27.944399097671717,0.0 85.1600561226858,27.944401814356286,0.0 85.16004082737197,27.94530408400658,0.0 85.15983762301282,27.94530136721914,0.0 85.15983456352768,27.945481821113507,0.0 85.16003776822421,27.94548453792152,0.0 85.16023485524337,27.945848162285746,0.0 85.16104461957951,27.946039479489404,0.0 85.16103850440302,27.94640038747959,0.0 85.16083529787787,27.946397672067178,0.0 85.16083223990974,27.946578126034144,0.0 85.1610354467723,27.94658084146712,0.0 85.16103238911326,27.946761295449605,0.0 85.16143880359814,27.946766725457575,0.0 85.16122948161336,27.947124918594426,0.0 85.16143268954478,27.947127633489682,0.0 85.16142963247563,27.94730808749817,0.0 85.1616328407728,27.94731080211427,0.0 85.16162672722442,27.947671710157245,0.0 85.16182993622473,27.947674424514744,0.0 85.1618268797455,27.94785487854923,0.0 85.16203008911155,27.947857592627575,0.0 85.16202703294145,27.948038046677564,0.0 85.1624303969098,27.948223928062262,0.0 85.16242734135797,27.94840438214327,0.0 85.16222413092302,27.948401668602713,0.0 85.16221190708293,27.94912348479415,0.0 85.1620086953265,27.94912077087167,0.0 85.16200258256174,27.94948167889605,0.0 85.1622057949931,27.949484392859635,0.0 85.16219968279006,27.949845300904954,0.0 85.16199646968379,27.94984258690027,0.0 85.16199341320234,27.95002304089482,0.0 85.16219662664608,27.95002575492005,0.0 85.16218134550168,27.950928024919946,0.0 85.16197813037054,27.95092531079196,0.0 85.1619689603318,27.951466672669756,0.0 85.1621721764754,27.95146938685939,0.0 85.1621691200767,27.951649840829134,0.0 85.16196590359561,27.951647126618937,0.0 85.1619567332172,27.95218848843625,0.0 85.16215995071079,27.952191202708093,0.0 85.16215078109013,27.952732564541694,0.0 85.16194756258402,27.952729850208193,0.0 85.16194450564967,27.9529103041221,0.0 85.16214772449331,27.952913018476146,0.0 85.16214161121472,27.953273926329928,0.0 85.16193839169604,27.953271211934773,0.0 85.16193533467678,27.953451665833548,0.0 85.16213855453299,27.95345438024925,0.0 85.16213549782294,27.95363483416355,0.0 85.1619322776292,27.95363211972729,0.0 85.1619200491558,27.95435393525183,0.0 85.16171682764022,27.95435122043356,0.0 85.16171071255857,27.95471212812448,0.0 85.16191393474924,27.95471484298385,0.0 85.16190782022943,27.95507575069571,0.0 85.16170459736367,27.955073035795223,0.0 85.16170153972375,27.95525348962304,0.0 85.16190476292708,27.955256204544074,0.0 85.16210187214416,27.95561982688802,0.0 85.16271154403428,27.955627969076158,0.0 85.16270848799725,27.9558084229916,0.0 85.16311493674063,27.95581384965904,0.0 85.16310882593196,27.956174757556976,0.0 85.16351222136717,27.956360637089794,0.0 85.16350611173907,27.95672154503963,0.0 85.16370933789766,27.956724257426682,0.0 85.16370628337876,27.956904711414573,0.0 85.16390950990322,27.956907423522317,0.0 85.16391256408453,27.9567269695139,0.0 85.16431901654313,27.956732392788847,0.0 85.164315963037,27.95691284683833,0.0 85.1645191896463,27.956915558046596,0.0 85.16452224281484,27.95673510397658,0.0 85.16533514818437,27.95674594572925,0.0 85.16553227160794,27.957109563758024,0.0 85.16593872586914,27.95711498231778,0.0 85.16593567500722,27.95729543652132,0.0 85.16613890251779,27.95729814537196,0.0 85.16613585196521,27.95747859959098,0.0 85.16653925784067,27.957664470688737,0.0 85.1665331579447,27.9580253791836,0.0 85.16673638689043,27.958028087216732,0.0 85.16692741843448,27.95875261204325,0.0 85.16733083041522,27.958938481075958,0.0 85.1673247328249,27.959299389664245,0.0 85.1675279642469,27.95930209664144,0.0 85.16752186721892,27.95966300525055,0.0 85.16772509934444,27.95966571196887,0.0 85.16771900287883,27.9600266205988,0.0 85.16792223570785,27.960029327058233,0.0 85.16791613980463,27.96039023570898,0.0 85.16811937333719,27.960392941909507,0.0 85.1681132779964,27.96075385058107,0.0 85.16831651223247,27.9607565565227,0.0 85.16830127507497,27.961658828215825,0.0 85.16850451102759,27.96166153395998,0.0 85.16829518001443,27.9620197368578,0.0 85.16849841664242,27.96202244264293,0.0 85.16849232214439,27.9623833513057,0.0 85.16869555947594,27.96238605683189,0.0 85.16868946554044,27.96274696551547,0.0 85.1688927035756,27.96274967078271,0.0 85.16888965690322,27.96293012513742,0.0 85.16868641853037,27.9629274198497,0.0 85.16868032442558,27.963288328503047,0.0 85.16847708540553,27.96328562287445,0.0 85.16846794302363,27.963826985755226,0.0 85.16867118305679,27.963829691445255,0.0 85.16846184796127,27.964187894317206,0.0 85.16886832940668,27.964193305479267,0.0 85.1688652825086,27.964373759793656,0.0 85.16988148830434,27.964387282552494,0.0 85.16987844306668,27.964567736964206,0.0 85.17008168464815,27.964570440636663,0.0 85.17027883704884,27.96493405289934,0.0 85.1710918064712,27.9649448635538,0.0 85.17108876317536,27.96512531807315,0.0 85.17149829135147,27.964950267081424,0.0 85.17169544924043,27.965313877551697,0.0 85.17210193564065,27.96531927936148,0.0 85.17209585228551,27.96568018857945,0.0 85.17249929910507,27.96586604391355,0.0 85.17249017580318,27.966407407810234,0.0 85.17228693050616,27.966404707532565,0.0 85.17228388901144,27.966585162134283,0.0 85.17248713464623,27.966587862432394,0.0 85.17248105224787,27.96694877166158,0.0 85.17268429858635,27.966951471700614,0.0 85.1726812576827,27.96713192632808,0.0 85.17308775111965,27.967137325547128,0.0 85.17308471086339,27.96731778021043,0.0 85.1734912050885,27.96732317827048,0.0 85.17348816547965,27.967503632969596,0.0 85.17430419387638,27.967333970790985,0.0 85.17431330848079,27.966792606418338,0.0 85.17390985487795,27.966606756120417,0.0 85.17391593243502,27.966245846585053,0.0 85.17411917761946,27.966248544442674,0.0 85.174316346626,27.96661215161738,0.0 85.17472587592812,27.966437091067686,0.0 85.17472283848656,27.966617545914517,0.0 85.17492608445903,27.966620242613146,0.0 85.17512325684321,27.966983848772,0.0 85.17532650354745,27.96698654491153,0.0 85.17532954003195,27.966806090013545,0.0 85.17573603284923,27.966811481351918,0.0 85.17573299704028,27.9669919362907,0.0 85.17593624382886,27.966994631530337,0.0 85.17593320832957,27.967175086484488,0.0 85.17613645548403,27.96717778144456,0.0 85.1761334202944,27.967358236414068,0.0 85.17633666781474,27.96736093109458,0.0 85.17653384625078,27.967724535480595,0.0 85.17714359109134,27.967732616944726,0.0 85.1771375238933,27.968093527052396,0.0 85.17734077290523,27.9680962203146,0.0 85.1773316729109,27.968637585499472,0.0 85.17753492296431,27.96864027852284,0.0 85.17753188991449,27.96882073359477,0.0 85.1779383907812,27.968826118782317,0.0 85.1779353583789,27.96900657388997,0.0 85.17813860919219,27.969009266054137,0.0 85.17813557709964,27.96918972117713,0.0 85.1783388282788,27.96919241306168,0.0 85.17853601656796,27.969556014958606,0.0 85.17894252041786,27.969561397309217,0.0 85.17894555121529,27.96938094211482,0.0 85.17914880284451,27.969383632819767,0.0 85.17915183327607,27.969203177599965,0.0 85.17935508459553,27.969205867984556,0.0 85.17935811466121,27.969025412739356,0.0 85.17976764607069,27.968850337276884,0.0 85.17957045468621,27.968486736976693,0.0 85.17896070478149,27.968478666067277,0.0 85.17896676601156,27.968117755612997,0.0 85.17917001527614,27.968120446175387,0.0 85.17897282712937,27.96775684513857,0.0 85.17917607571839,27.96775953566024,0.0 85.17917910589742,27.967579080395105,0.0 85.17958863195945,27.9674040051869,0.0 85.17959469082612,27.967043094550007,0.0 85.17939144353214,27.967040404709728,0.0 85.17939447326118,27.96685994940409,0.0 85.17919122633303,27.966857259284204,0.0 85.17899404015793,27.966493658319415,0.0 85.17879079396143,27.966490967640336,0.0 85.17878776327518,27.96667142289496,0.0 85.17858451676896,27.966668731895556,0.0 85.17858754779299,27.966488276661295,0.0 85.17818105554028,27.966482893803352,0.0 85.17818711885515,27.966121983401216,0.0 85.17778366035662,27.965936144257068,0.0 85.17778972485411,27.96557523390621,0.0 85.17738323620357,27.965569848852404,0.0 85.17718605833205,27.965206245626867,0.0 85.17677957120098,27.96520085885494,0.0 85.17678260504016,27.965020403763795,0.0 85.17657936185451,27.96501770994831,0.0 85.17658239600334,27.964837254872524,0.0 85.1763791531835,27.964834560777486,0.0 85.17638218764198,27.96465410571706,0.0 85.17617894518797,27.964651411342487,0.0 85.17598177294565,27.96428780661358,0.0 85.17557528952906,27.964282416446363,0.0 85.17557832525415,27.96410196145241,0.0 85.17516880622492,27.96427702507943,0.0 85.1749716380634,27.96391341907556,0.0 85.17456211889328,27.964088480887654,0.0 85.17456515627883,27.963908025990705,0.0 85.17436191542873,27.963905328998393,0.0 85.17436495312391,27.96372487411682,0.0 85.17395847218353,27.96371947927326,0.0 85.173961510526,27.963539024427487,0.0 85.17355199135568,27.96371408323001,0.0 85.17355503037356,27.963533628425086,0.0 85.17335179033955,27.963530929974002,0.0 85.17335482966702,27.963350475184466,0.0 85.17315158999885,27.963347776453897,0.0 85.17315462963589,27.96316732167975,0.0 85.17295139033358,27.963164622669698,0.0 85.17275423159984,27.962801013878046,0.0 85.17234471355526,27.96297606914261,0.0 85.17214755721356,27.962612459584207,0.0 85.17174108094483,27.96260705838772,0.0 85.17174412283313,27.962426603736485,0.0 85.17154088507871,27.96242390270882,0.0 85.17155609578612,27.96152162947926,0.0 85.17135285974828,27.961518928253945,0.0 85.17116179449884,27.960794408217986,0.0 85.17095855986803,27.960791706474694,0.0 85.17096160282532,27.960611251854864,0.0 85.17075836856033,27.96060854983215,0.0 85.1707614118271,27.96042809522773,0.0 85.17035798797087,27.960242235755032,0.0 85.1703640757141,27.959881326602833,0.0 85.16996065458726,27.95969546607921,0.0 85.17016997530065,27.959337260057627,0.0 85.16996674351194,27.959334556978632,0.0 85.16996978793199,27.959154102420783,0.0 85.16936009374787,27.95914599144603,0.0 85.16936313915262,27.958965536944543,0.0 85.16915990815193,27.958962832707048,0.0 85.1691629538661,27.958782378220995,0.0 85.16875953898584,27.95859651443724,0.0 85.16876258531886,27.95841605998206,0.0 85.16896581525027,27.958418764757845,0.0 85.16897495306725,27.957877401300642,0.0 85.16877172414868,27.95787469658629,0.0 85.16877477036887,27.95769424211095,0.0 85.16857154181612,27.95769153711723,0.0 85.16857458834572,27.957511082657337,0.0 85.16837136015877,27.95750837738425,0.0 85.168174226325,27.957144762958357,0.0 85.1677677714426,27.957139350994932,0.0 85.16777081923793,27.95695889660185,0.0 85.16756759217665,27.956956190190887,0.0 85.16737046199997,27.956592574760776,0.0 85.16696400936893,27.956587160521654,0.0 85.16676688186469,27.956223544335863,0.0 85.16615720524008,27.95621541995203,0.0 85.16616025559493,27.95603496569773,0.0 85.16555058023728,27.956026838677026,0.0 85.16555363157659,27.95584638447922,0.0 85.16474073284559,27.955835544336214,0.0 85.16474989074484,27.955294181958767,0.0 85.16454666714544,27.95529147123504,0.0 85.16454972005954,27.955111017119666,0.0 85.16414632718165,27.95492514073449,0.0 85.16415243421872,27.954564232560646,0.0 85.1637490440695,27.95437835512536,0.0 85.1637551522871,27.954017447003398,0.0 85.16355193119193,27.95401473492437,0.0 85.16355803997146,27.953653826823317,0.0 85.16376126039157,27.95365653886128,0.0 85.16376431440138,27.95347608478265,0.0 85.16356109431881,27.953473372765227,0.0 85.16357025719113,27.952932010560723,0.0 85.16336703814942,27.952929298305122,0.0 85.16337009272115,27.952748844247402,0.0 85.16357331142534,27.952751556482472,0.0 85.1635794198089,27.95239064831085,0.0 85.16378263786633,27.952393360205075,0.0 85.16378569167819,27.952212906091173,0.0 85.16358247395826,27.952210194217482,0.0 85.16358552807932,27.952029740119073,0.0 85.16378874546176,27.952032451972233,0.0 85.1637979066428,27.951491089585165,0.0 85.16359469027286,27.951488377793595,0.0 85.16360385221186,27.95094701542277,0.0 85.16380706756932,27.950949727152732,0.0 85.1636160677346,27.950225198857765,0.0 85.16381928174214,27.9502279105056,0.0 85.16382538865889,27.949867002151795,0.0 85.16342201611285,27.94968112449513,0.0 85.16344339395717,27.948417945350247,0.0 85.16364660456185,27.948420657092477,0.0 85.16365881850096,27.94769884024525,0.0 85.163455609246,27.947696128585157,0.0 85.16346171672073,27.947335220172373,0.0 85.16325850816892,27.947332508253634,0.0 85.16326156220128,27.947152054060226,0.0 85.16285820053626,27.94696617520733,0.0 85.16286430980924,27.946605266877455,0.0 85.16266110269194,27.94660255414177,0.0 85.16287041896905,27.94624435852743,0.0 85.16266721252657,27.946241645832824,0.0 85.16267332224804,27.94588073750372,0.0 85.16226996629062,27.945694857166597,0.0 85.1622760771919,27.94533394888943,0.0 85.16247928189084,27.94533666208069,0.0 85.16248233696166,27.945156207913996,0.0 85.16207592826686,27.945150781272897,0.0 85.16208509533381,27.944609418865888,0.0 85.16188189204101,27.94460670515747,0.0 85.16189105986538,27.944065342766752,0.0 85.16168785761299,27.94406262882032,0.0 85.1618971716068,27.94370443448108,0.0 85.16169397002912,27.943701720575753,0.0 85.16170008233203,27.94334081231102,0.0 85.16149688145737,27.94333809814714,0.0 85.16150910707292,27.942616281639435,0.0 85.16130590757597,27.942613567258125,0.0 85.16131202088857,27.942252659015146,0.0 85.16110882209459,27.942249944375305,0.0 85.16111799286318,27.941708582034718,0.0 85.16091479510948,27.941705867156923,0.0 85.16091785231305,27.941525413053874,0.0 85.16051451541514,27.941339528373536,0.0 85.16052368879488,27.94079816614243,0.0 85.16032049281272,27.940795450468563,0.0 85.16032660893221,27.94043454233042,0.0 85.16012341365298,27.940431826398065,0.0 85.16012953033378,27.940070918280906,0.0 85.16033272493841,27.94007363417212,0.0 85.16033578289904,27.93989318008541,0.0 85.15993245299956,27.939707293993905,0.0 85.15993857012832,27.939346385877574,0.0 85.15953524295544,27.939160498737095,0.0 85.15954136126335,27.938799590672822,0.0 85.15872859291201,27.938788721092752,0.0 85.15873165337254,27.93860826713538,0.0 85.1583222089064,27.938783284505128,0.0 85.15832527004147,27.93860283058893,0.0 85.15812207841847,27.938600111866315,0.0 85.15812513986246,27.938419657965675,0.0 85.15772181946619,27.93823376579835,0.0 85.15793113377869,27.93787557729367,0.0 85.15712449908514,27.937503790897804,0.0 85.15733381376015,27.93714560329274,0.0 85.15713062497697,27.93714288323697,0.0 85.15713981360194,27.93660152170794,0.0 85.15693662585886,27.9365988014144,0.0 85.15693968901434,27.936418347581906,0.0 85.15714287642021,27.936421067854837,0.0 85.1571490019716,27.93606016013353,0.0 85.1573521887314,27.936062880065688,0.0 85.15735525112733,27.935882426176864,0.0 85.15715206470476,27.935879706265315,0.0 85.15715819008597,27.935518798513762,0.0 85.15695500436621,27.935516078343856,0.0 85.15696419323689,27.93497471674054,0.0 85.15676100855711,27.9349719963329,0.0 85.15697031900882,27.9346138089798,0.0 85.15676713500346,27.934611088613373,0.0 85.15677326133631,27.934250180873676,0.0 85.15657007803371,27.93424746024892,0.0 85.15637302232759,27.933883831647208,0.0 85.15596359276879,27.934058842782456,0.0 85.15597278601633,27.93351748136733,0.0 85.155769604176,27.93351475962689,0.0 85.15577266887226,27.93333430583239,0.0 85.1553693712933,27.93314840773584,0.0 85.15537550189256,27.932787500204114,0.0 85.15517232148606,27.932784777647576,0.0 85.15517538708028,27.932604323894772,0.0 85.15477209326693,27.932418424207796,0.0 85.15477822566199,27.932057516759496,0.0 85.15457504668933,27.932054793386918,0.0 85.15437800137511,27.931691162328896,0.0 85.15396857744527,27.93186616782295,0.0 85.15377153451949,27.931502536000764,0.0 85.15336517890954,27.931497086084846,0.0 85.15315586352823,27.931855267825973,0.0 85.15234315006597,27.931844363036877,0.0 85.15234007986525,27.932024816520872,0.0 85.151930651727,27.9321998157256,0.0 85.15192143884595,27.932741176008278,0.0 85.15131189916123,27.932732992164624,0.0 85.1513149711615,27.932552538804103,0.0 85.15090553951367,27.932727534771274,0.0 85.15090861218826,27.932547081452093,0.0 85.15070543274433,27.932544352326815,0.0 85.15070850572762,27.93236389902326,0.0 85.15091168483438,27.93236662812787,0.0 85.15091475745206,27.932186174798606,0.0 85.15111793625013,27.93218890358302,0.0 85.15132725887803,27.9318307253116,0.0 85.15112408072578,27.931827996868034,0.0 85.15113329722585,27.93128663675772,0.0 85.15072694302958,27.931281179096086,0.0 85.15052991218803,27.93091754317464,0.0 85.1501204857441,27.931092537080584,0.0 85.15012663324957,27.93073163051184,0.0 85.14992345729092,27.930728900395316,0.0 85.15013278064116,27.930370723922916,0.0 85.14992960535675,27.930367993847767,0.0 85.14993575330868,27.930007087280053,0.0 85.149732578727,27.930004356946785,0.0 85.14973872723925,27.92964345040026,0.0 85.14953555336025,27.92964071980888,0.0 85.14974487563761,27.929282543833583,0.0 85.14934160408714,27.929096629184563,0.0 85.14935082840823,27.928555269405717,0.0 85.14996034397751,27.928563460807506,0.0 85.14996341768298,27.928383007475748,0.0 85.15016658925929,27.928385737323406,0.0 85.15017888244816,27.927663923863243,0.0 85.15058829554144,27.927488929075746,0.0 85.15080375409251,27.92676984411254,0.0 85.1512131628324,27.9265948472344,0.0 85.15101613787014,27.92623121210452,0.0 85.15121930554395,27.92623394020684,0.0 85.15122544814167,27.92587303315911,0.0 85.15142861516982,27.92587576092065,0.0 85.15143168608898,27.92569530736856,0.0 85.15122851939786,27.925692579627682,0.0 85.15123159062561,27.925512126091213,0.0 85.1514347569797,27.92551485381142,0.0 85.15145011100651,27.92461258595015,0.0 85.15124694633758,27.924609858333277,0.0 85.15125001739462,27.924429404766567,0.0 85.15145318172654,27.924432132362778,0.0 85.1514808169268,27.922808049849554,0.0 85.15127765562791,27.92280532243933,0.0 85.15108677862501,27.922080780313674,0.0 85.15068045886532,27.92207532416163,0.0 85.15048344301309,27.921711688522297,0.0 85.15007405211985,27.921886684174954,0.0 85.14987703865486,27.92152304777214,0.0 85.14947072125854,27.921517588151612,0.0 85.1492737104608,27.921153950995997,0.0 85.14886739458316,27.921148489661977,0.0 85.14887046914322,27.920968036247654,0.0 85.14846415405343,27.92096257375754,0.0 85.14846722925891,27.92078212037956,0.0 85.14805783907758,27.920957110069963,0.0 85.14806091495699,27.920776656733377,0.0 85.14765460076902,27.920771191889745,0.0 85.14765767729381,27.920590738589535,0.0 85.14684505060771,27.920579805392723,0.0 85.1468481284518,27.920399352170314,0.0 85.1466449721885,27.920396618143428,0.0 85.14664189400747,27.920577071345114,0.0 85.14623558089252,27.920571602351817,0.0 85.14623865974743,27.92039114919156,0.0 85.14542603520759,27.920380207695537,0.0 85.14542911538176,27.920199754613147,0.0 85.14522595965505,27.92019701851148,0.0 85.14522287914396,27.920377471573136,0.0 85.14481656710232,27.920371998430248,0.0 85.1448196482873,27.920191545410063,0.0 85.14441025517485,27.920366524089932,0.0 85.1444133370337,27.920186071111228,0.0 85.14421018144974,27.920183333512778,0.0 85.14421326361698,27.920002880549774,0.0 85.14380695320857,27.9199974044963,0.0 85.14360996431762,27.919633760203897,0.0 85.14300050102648,27.919625543105013,0.0 85.14300666920421,27.91926463739273,0.0 85.14280351550482,27.919261897802592,0.0 85.14260653124512,27.918898252263702,0.0 85.14220022533688,27.918892771669768,0.0 85.14220331067341,27.91871231887902,0.0 85.14180009153507,27.91852638437504,0.0 85.14180626341283,27.91816547885142,0.0 85.14160311190639,27.918162737589864,0.0 85.14160619813929,27.91798228484126,0.0 85.14140304699833,27.917979543301147,0.0 85.14140613353953,27.917799090568277,0.0 85.14120298276406,27.91779634874962,0.0 85.14100600636138,27.917432701233874,0.0 85.14019649483181,27.917241277311682,0.0 85.13980255198993,27.916513979530578,0.0 85.13939625564171,27.91650849109591,0.0 85.13939316593193,27.916688943656226,0.0 85.13919001746387,27.916686198969135,0.0 85.13899304976287,27.91632254894028,0.0 85.13797731136397,27.91630881972674,0.0 85.13798040337456,27.91612836730199,0.0 85.13757410888921,27.91612287356309,0.0 85.13757720154487,27.91594242117492,0.0 85.13717090784786,27.915936926280455,0.0 85.13717400114861,27.915756473928884,0.0 85.13697085467994,27.91575372605353,0.0 85.13696776104234,27.91593417838428,0.0 85.13656146751728,27.915928681694027,0.0 85.13636451006539,27.91556502835839,0.0 85.13575507209997,27.915556780305412,0.0 85.13575816770134,27.915376328089565,0.0 85.13535497278787,27.915190375753586,0.0 85.13536116519458,27.91482947138004,0.0 85.13515802066821,27.914826720915244,0.0 85.13516111716538,27.914646268741752,0.0 85.13536426135492,27.914649019185696,0.0 85.13537354966383,27.9141076625724,0.0 85.13557669287155,27.91411041265453,0.0 85.13558288426044,27.913749508178764,0.0 85.13578602682321,27.91375225791995,0.0 85.1355890755346,27.913388603682808,0.0 85.13579221742373,27.91339135338232,0.0 85.13579531268097,27.913210901105934,0.0 85.13599845426195,27.913213650485343,0.0 85.13600154915373,27.913033198183083,0.0 85.13620469042658,27.913035947242395,0.0 85.13620778495287,27.91285549491425,0.0 85.13641092591759,27.91285824365347,0.0 85.13641402007839,27.91267779129946,0.0 85.13661716073497,27.91268053971858,0.0 85.13662025453031,27.912500087338692,0.0 85.13682339487877,27.91250283543774,0.0 85.13682648830864,27.91232238303198,0.0 85.13702962834896,27.91232513081095,0.0 85.13703272141338,27.91214467837932,0.0 85.13723586114554,27.91214742583821,0.0 85.13723895384453,27.91196697338071,0.0 85.13744209326855,27.911969720519537,0.0 85.13744518560209,27.911789268036177,0.0 85.13785455549382,27.911614308844406,0.0 85.13786073867053,27.911253403769198,0.0 85.13806387683336,27.911256149927027,0.0 85.13786692173264,27.91089249867382,0.0 85.13827319673983,27.910897990606994,0.0 85.13827628755439,27.910717538010115,0.0 85.13847942476417,27.910720283507032,0.0 85.13848869602575,27.91017892562371,0.0 85.13869183225385,27.910181670758984,0.0 85.13869801227823,27.909820765436606,0.0 85.1391042834733,27.909826254726266,0.0 85.1391166404845,27.90910444385458,0.0 85.13931977477799,27.90910718796738,0.0 85.13912281881838,27.90874353838848,0.0 85.13932595243838,27.90874628245969,0.0 85.1393321299843,27.90838537693182,0.0 85.13953526295944,27.908388120662213,0.0 85.13954761636099,27.907666309462794,0.0 85.13975074801786,27.907669052810814,0.0 85.13975383596,27.907488599977558,0.0 85.13955070463984,27.90748585665033,0.0 85.13955688111169,27.90712495101027,0.0 85.13996314243377,27.90713043728237,0.0 85.13996622995336,27.906949984413192,0.0 85.14036940387027,27.90713592235771,0.0 85.14037249071644,27.906955469446956,0.0 85.14057562114088,27.906958211515065,0.0 85.14058179407402,27.90659730563687,0.0 85.14078492385366,27.906600047364222,0.0 85.14079109599903,27.906239141424287,0.0 85.14099422513387,27.9062418828109,0.0 85.14099731082696,27.906061429812592,0.0 85.14079418202883,27.906058688446763,0.0 85.14080035400264,27.905697782476587,0.0 85.1410034821274,27.905700523800853,0.0 85.14100656773473,27.905520070787425,0.0 85.14080343994665,27.905517329483928,0.0 85.14081886923785,27.90461506444504,0.0 85.14102199534256,27.904617805644637,0.0 85.14102508077835,27.904437352600954,0.0 85.14082195501031,27.904434611422133,0.0 85.14062500140332,27.904070963924795,0.0 85.14103433691422,27.90389599343966,0.0 85.14104050752853,27.90353508730692,0.0 85.14124363164187,27.903537828082705,0.0 85.141252886339,27.902996468783456,0.0 85.14044039409686,27.902985504134808,0.0 85.14044656644509,27.902624598076343,0.0 85.14064968878948,27.902627339645647,0.0 85.14065894608751,27.902085980457773,0.0 85.1408620674506,27.902088721665603,0.0 85.1408651528228,27.901908268572118,0.0 85.14045891079844,27.9019027858989,0.0 85.1404619968153,27.901722332841935,0.0 85.14025887618263,27.901719591077423,0.0 85.14006192887292,27.901355942967882,0.0 85.13945256925199,27.901347715107008,0.0 85.13944330623801,27.90188907398119,0.0 85.1396464270929,27.90189181696298,0.0 85.13964333970097,27.902072269931754,0.0 85.1400464954225,27.902258208044852,0.0 85.1400434086466,27.90243866104511,0.0 85.13984028672465,27.902435918599206,0.0 85.13982485073299,27.90333818342097,0.0 85.14002797433814,27.90334092597083,0.0 85.14001871340982,27.90388228486576,0.0 85.1402218380535,27.903885027178834,0.0 85.14021875135685,27.904065480154514,0.0 85.14001562637651,27.904062737820645,0.0 85.14020640428421,27.904787292006812,0.0 85.13980015165886,27.904781806873622,0.0 85.13979088903403,27.905323165585166,0.0 85.13958776175424,27.905320422507454,0.0 85.13958158585461,27.905681328248356,0.0 85.13937845793008,27.90567858482989,0.0 85.13937536960066,27.905859037671988,0.0 85.13896602413264,27.906034002691396,0.0 85.13896293507263,27.906214455481805,0.0 85.13916606395001,27.906217199561006,0.0 85.13916297519806,27.906397652367176,0.0 85.13895984598399,27.90639490826717,0.0 85.13895366772083,27.90675581382278,0.0 85.138750537862,27.90675306938199,0.0 85.13872891068237,27.90801623852216,0.0 85.13893204289822,27.90801898310857,0.0 85.13892895352335,27.90819943584351,0.0 85.13872582097078,27.9081966912363,0.0 85.13872273123056,27.90837714394539,0.0 85.13831337509555,27.908552106454195,0.0 85.13829792245451,27.909454369690746,0.0 85.13809478763066,27.90945162404027,0.0 85.13808551469218,27.909992981859254,0.0 85.13788237888673,27.909990235847115,0.0 85.1378792875132,27.910170688422546,0.0 85.13767615139963,27.91016794209037,0.0 85.13767305966068,27.91034839463994,0.0 85.137469923239,27.910345647987718,0.0 85.13746683113466,27.910526100511433,0.0 85.13705746489717,27.9107010587447,0.0 85.13725441690961,27.911064711017577,0.0 85.13705127919815,27.91106196368362,0.0 85.13684195502816,27.911420120927517,0.0 85.13643567840141,27.91141462468011,0.0 85.13642949045244,27.911775529453706,0.0 85.1362263515085,27.911772780839478,0.0 85.13622325715423,27.911953233197888,0.0 85.13602011790216,27.911950484263578,0.0 85.13601702318243,27.912130936596107,0.0 85.13560764866875,27.912305890073895,0.0 85.13560145773874,27.912666794630375,0.0 85.13539831722552,27.912664044714962,0.0 85.1353952213807,27.9128444969648,0.0 85.13498584321958,27.913019448397627,0.0 85.13497965003928,27.913380352788696,0.0 85.13457026921236,27.91355530284257,0.0 85.13456407451267,27.91391620711998,0.0 85.1343609317852,27.913913455562327,0.0 85.13435473629704,27.914274359777842,0.0 85.13394535112015,27.91444930773978,0.0 85.13393915411247,27.91481021184161,0.0 85.13414229846667,27.914812964102083,0.0 85.13413300375039,27.915354320279558,0.0 85.1345361969435,27.915540276118566,0.0 85.13453000161248,27.915901180284976,0.0 85.13493629456396,27.91590668296116,0.0 85.1349331975291,27.9160871350785,0.0 85.13513634438473,27.91608988598849,0.0 85.1351301509027,27.916450790249726,0.0 85.1355364460475,27.916456291255187,0.0 85.13573340208734,27.916819945675076,0.0 85.13593655040518,27.916822695471218,0.0 85.13593964587044,27.916642243269848,0.0 85.13614279388008,27.916644992745862,0.0 85.13613969875169,27.91682544496806,0.0 85.13674914396329,27.91683369166273,0.0 85.13674604981685,27.91701414394239,0.0 85.13694919861491,27.917016892262815,0.0 85.13714616041032,27.917380544911413,0.0 85.13755245949729,27.917386040139007,0.0 85.1375493666124,27.91756649248682,0.0 85.13795257424799,27.917752438943182,0.0 85.13794638968254,27.918113343696845,0.0 85.13814954067387,27.918116090346288,0.0 85.13814644868506,27.91829654273637,0.0 85.13855275142744,27.9183020351789,0.0 85.13855893402881,27.91794113031046,0.0 85.13876208476916,27.91794387604111,0.0 85.13876517568998,27.91776342357852,0.0 85.13896832612208,27.917766168989054,0.0 85.13896523553814,27.91794662147245,0.0 85.139371537162,27.917952111437142,0.0 85.13936844722323,27.9181325639571,0.0 85.13977783890037,27.91795760020455,0.0 85.1399748119277,27.9183212492989,0.0 85.14038420346826,27.918146283734632,0.0 85.14038111518536,27.91832673635351,0.0 85.14058426685712,27.918329479431822,0.0 85.14058117888251,27.918509932066435,0.0 85.14078433091977,27.918512674866207,0.0 85.14078124325347,27.918693127516562,0.0 85.14098439565625,27.918695870037773,0.0 85.14098130829827,27.918876322703877,0.0 85.14118446106654,27.918879064946537,0.0 85.14118137401687,27.91905951762837,0.0 85.14138452715066,27.91906225959247,0.0 85.1413814404093,27.919242712290032,0.0 85.14158459390862,27.919245453975574,0.0 85.14158150747558,27.91942590668888,0.0 85.14178466134041,27.91942864809584,0.0 85.1417815752157,27.91960910082487,0.0 85.14198472944605,27.919611841953262,0.0 85.14198164362968,27.919792294698016,0.0 85.14218479822554,27.919795035547825,0.0 85.14218171271752,27.919975488308317,0.0 85.14238486767889,27.919978228879543,0.0 85.14258185291479,27.920341874740323,0.0 85.14298816432817,27.92034735446907,0.0 85.14298508008217,27.920527807297475,0.0 85.14318823616865,27.920530546733566,0.0 85.14338522505378,27.920894191595014,0.0 85.14420093477668,27.920724692371525,0.0 85.14419785249522,27.92090514531436,0.0 85.14521363743944,27.920918830727842,0.0 85.1452074761604,27.921279736805776,0.0 85.14541063390878,27.92128247303184,0.0 85.14540755356342,27.921462926083972,0.0 85.14601702799064,27.921471133028135,0.0 85.14601394862763,27.92165158613742,0.0 85.14763921771751,27.92167345831518,0.0 85.1476361410217,27.921853911585146,0.0 85.14783930012321,27.921856644280886,0.0 85.14784237648205,27.921676190990215,0.0 85.14824869409658,27.921681655442146,0.0 85.14824561841169,27.921862108774217,0.0 85.1488550960581,27.921870303268882,0.0 85.14885202135562,27.922050756658,0.0 85.14905518096502,27.922053487578154,0.0 85.14905210657105,27.92223394098293,0.0 85.14925526654592,27.922236671624393,0.0 85.14925219246042,27.922417125044813,0.0 85.14945535280076,27.92241985540758,0.0 85.1496523662611,27.922783492379423,0.0 85.15006176122652,27.922608498197675,0.0 85.15005868843203,27.922788951690748,0.0 85.1502618495602,27.922791680897326,0.0 85.15025877707423,27.92297213440605,0.0 85.15046193856784,27.92297486333391,0.0 85.15045886639041,27.923155316858253,0.0 85.1508621186051,27.923341227417804,0.0 85.15085597545593,27.923702134524,0.0 85.1506528125574,27.923699406112235,0.0 85.15064974060313,27.923879859637097,0.0 85.15085290383867,27.92388258806953,0.0 85.15084061708505,27.92460440220127,0.0 85.15063745250147,27.924601673686144,0.0 85.15063130827988,27.92496258068042,0.0 85.1504281430507,27.924959851824532,0.0 85.15040970768077,27.92604257256232,0.0 85.15020654045784,27.926039843282947,0.0 85.15020039443274,27.926400750113856,0.0 85.14979405872411,27.92639529057408,0.0 85.14978483745062,27.92693665065855,0.0 85.14958166862786,27.92693392037745,0.0 85.14957552029571,27.927294827033858,0.0 85.1493723508273,27.927292096411936,0.0 85.14956937184967,27.927655733670086,0.0 85.14936620170711,27.927653003006792,0.0 85.1493631271043,27.927833456296668,0.0 85.14915995665315,27.927830725313235,0.0 85.1489506355911,27.928188900512186,0.0 85.14854429348294,27.92818343696527,0.0 85.14854121744636,27.92836389015724,0.0 85.14813179803876,27.92853887851661,0.0 85.14811641391503,27.9294411441686,0.0 85.14730372083014,27.929430210505792,0.0 85.14729140762444,27.9301520226053,0.0 85.14749458220133,27.930154756553055,0.0 85.14748842610163,27.93051566261397,0.0 85.14769160138127,27.93051839630366,0.0</coordinates>
                    </LinearRing>
                </outerBoundaryIs>
                <innerBoundaryIs>
                    <LinearRing id="9390">
                        <coordinates>85.1436037980472,27.919994666020536,0.0 85.14340064291439,27.91999192724542,0.0 85.14340372640082,27.919811474360372,0.0 85.14360688119669,27.919814213114737,0.0 85.1436037980472,27.919994666020536,0.0</coordinates>
                    </LinearRing>
                    <LinearRing id="9394">
                        <coordinates>85.14831958725752,27.929443876835617,0.0 85.14831343408274,27.929804783102515,0.0 85.1487167062457,27.92999070078821,0.0 85.14850737916336,27.930348874936087,0.0 85.1481010290788,27.930343409694526,0.0 85.1481071830988,27.929982503499286,0.0 85.1479040087735,27.92997977047068,0.0 85.14790708607786,27.929799317386202,0.0 85.14811026006605,27.929802050394102,0.0 85.14811641391503,27.9294411441686,0.0 85.14831958725752,27.929443876835617,0.0</coordinates>
                    </LinearRing>
                    <LinearRing id="9398">
                        <coordinates>85.14890450216359,27.930895698483155,0.0 85.14890142637385,27.93107615164088,0.0 85.14869824991185,27.931073419686033,0.0 85.14870132603872,27.930892966548996,0.0 85.14890450216359,27.930895698483155,0.0</coordinates>
                    </LinearRing>
                    <LinearRing id="9402">
                        <coordinates>85.14849814994233,27.93089023431535,0.0 85.14850122637783,27.930709781193972,0.0 85.1487044021371,27.930712513406924,0.0 85.14870132603872,27.930892966548996,0.0 85.14849814994233,27.93089023431535,0.0</coordinates>
                    </LinearRing>
                    <LinearRing id="9406">
                        <coordinates>85.14829805064706,27.930707048681526,0.0 85.14830112739119,27.93052659557581,0.0 85.14850430278484,27.930529328067554,0.0 85.14850122637783,27.930709781193972,0.0 85.14829805064706,27.930707048681526,0.0</coordinates>
                    </LinearRing>
                </innerBoundaryIs>
            </Polygon>
        </Placemark>
        <Placemark id="9414">
            <name>Extreme - danger for all</name>
            <styleUrl>#9417</styleUrl>
            <Polygon id="9413">
                <outerBoundaryIs>
                    <LinearRing id="9415">
                        <coordinates>85.18262223254355,27.968346595435026,0.0 85.1826252570642,27.968166139839163,0.0 85.18242200732308,27.968163454376427,0.0 85.18241898246464,27.968343909951976,0.0 85.18262223254355,27.968346595435026,0.0</coordinates>
                    </LinearRing>
                </outerBoundaryIs>
            </Polygon>
        </Placemark>
        <Placemark id="9421">
            <name>Extreme - danger for all</name>
            <styleUrl>#9424</styleUrl>
            <Polygon id="9420">
                <outerBoundaryIs>
                    <LinearRing id="9422">
                        <coordinates>85.18322895941307,27.96853510573607,0.0 85.18323198294831,27.968354650084276,0.0 85.18282548265047,27.968349280618092,0.0 85.18282245843963,27.96852973622925,0.0 85.18322895941307,27.96853510573607,0.0</coordinates>
                    </LinearRing>
                </outerBoundaryIs>
            </Polygon>
        </Placemark>
        <Placemark id="9428">
            <name>Extreme - danger for all</name>
            <styleUrl>#9431</styleUrl>
            <Polygon id="9427">
                <outerBoundaryIs>
                    <LinearRing id="9429">
                        <coordinates>85.18403893948387,27.96872629687789,0.0 85.18404196169587,27.968545841149872,0.0 85.1838387110832,27.968543157746403,0.0 85.18383568853338,27.968723613454102,0.0 85.18403893948387,27.96872629687789,0.0</coordinates>
                    </LinearRing>
                </outerBoundaryIs>
            </Polygon>
        </Placemark>
        <Placemark id="9435">
            <name>Extreme - danger for all</name>
            <styleUrl>#9438</styleUrl>
            <Polygon id="9434">
                <outerBoundaryIs>
                    <LinearRing id="9436">
                        <coordinates>85.1844424199044,27.96891211858907,0.0 85.18444544146878,27.968731662825476,0.0 85.18424219046233,27.96872898000168,0.0 85.18423916856015,27.96890943574496,0.0 85.1844424199044,27.96891211858907,0.0</coordinates>
                    </LinearRing>
                </outerBoundaryIs>
            </Polygon>
        </Placemark>
        <Placemark id="9442">
            <name>Extreme - danger for all</name>
            <styleUrl>#9445</styleUrl>
            <Polygon id="9441">
                <outerBoundaryIs>
                    <LinearRing id="9443">
                        <coordinates>85.18544357724929,27.969827807559607,0.0 85.18544961725156,27.969466895874756,0.0 85.185246364754,27.96946421446973,0.0 85.18524032407609,27.969825126113992,0.0 85.18544357724929,27.969827807559607,0.0</coordinates>
                    </LinearRing>
                </outerBoundaryIs>
            </Polygon>
        </Placemark>
        <Placemark id="9449">
            <name>Extreme - danger for all</name>
            <styleUrl>#9452</styleUrl>
            <Polygon id="9448">
                <outerBoundaryIs>
                    <LinearRing id="9450">
                        <coordinates>85.18584706431217,27.970013625426276,0.0 85.18585008367958,27.969833169550824,0.0 85.18564683045047,27.969830488705217,0.0 85.18564381074522,27.970010944560382,0.0 85.18584706431217,27.970013625426276,0.0</coordinates>
                    </LinearRing>
                </outerBoundaryIs>
            </Polygon>
        </Placemark>
        <Placemark id="9456">
            <name>Extreme - danger for all</name>
            <styleUrl>#9459</styleUrl>
            <Polygon id="9455">
                <outerBoundaryIs>
                    <LinearRing id="9457">
                        <coordinates>85.17870592413898,27.971543712865778,0.0 85.17890311749778,27.971907314377987,0.0 85.17930963024376,27.971912696058077,0.0 85.17911243547742,27.971549095064454,0.0 85.17870592413898,27.971543712865778,0.0</coordinates>
                    </LinearRing>
                </outerBoundaryIs>
            </Polygon>
        </Placemark>
        <Placemark id="9463">
            <name>Extreme - danger for all</name>
            <styleUrl>#9466</styleUrl>
            <Polygon id="9462">
                <outerBoundaryIs>
                    <LinearRing id="9464">
                        <coordinates>85.18010145134161,27.9731866424344,0.0 85.18010448067301,27.973006187218584,0.0 85.17990122214655,27.973003497606534,0.0 85.17989819247727,27.973183952801985,0.0 85.18010145134161,27.9731866424344,0.0</coordinates>
                    </LinearRing>
                </outerBoundaryIs>
            </Polygon>
        </Placemark>
        <Placemark id="9470">
            <name>Extreme - danger for all</name>
            <styleUrl>#9473</styleUrl>
            <Polygon id="9469">
                <outerBoundaryIs>
                    <LinearRing id="9471">
                        <coordinates>85.18555320658655,27.97542461787396,0.0 85.18555622713063,27.975244162169858,0.0 85.18535296379318,27.97524148041545,0.0 85.18534994291119,27.975421936099256,0.0 85.18555320658655,27.97542461787396,0.0</coordinates>
                    </LinearRing>
                </outerBoundaryIs>
            </Polygon>
        </Placemark>
        <Placemark id="9477">
            <name>Extreme - danger for all</name>
            <styleUrl>#9480</styleUrl>
            <Polygon id="9476">
                <outerBoundaryIs>
                    <LinearRing id="9478">
                        <coordinates>85.17980122824954,27.978958516396716,0.0 85.17980425881647,27.97877806136247,0.0 85.17960098950432,27.978775370798918,0.0 85.1795979585994,27.978955825812815,0.0 85.17980122824954,27.978958516396716,0.0</coordinates>
                    </LinearRing>
                </outerBoundaryIs>
            </Polygon>
        </Placemark>
        <Placemark id="9484">
            <name>Extreme - danger for all</name>
            <styleUrl>#9487</styleUrl>
            <Polygon id="9483">
                <outerBoundaryIs>
                    <LinearRing id="9485">
                        <coordinates>85.17938256372508,27.979674954852516,0.0 85.17938559508023,27.979494499879138,0.0 85.17918232447227,27.979491808633902,0.0 85.17917929277911,27.979672263586917,0.0 85.17938256372508,27.979674954852516,0.0</coordinates>
                    </LinearRing>
                </outerBoundaryIs>
            </Polygon>
        </Placemark>
        <Placemark id="9491">
            <name>Extreme - danger for all</name>
            <styleUrl>#9494</styleUrl>
            <Polygon id="9490">
                <outerBoundaryIs>
                    <LinearRing id="9492">
                        <coordinates>85.17751064171316,27.982177089188813,0.0 85.17751367650354,27.98199663446935,0.0 85.1773104014161,27.981993940237633,0.0 85.17730736628768,27.982174394936713,0.0 85.17751064171316,27.982177089188813,0.0</coordinates>
                    </LinearRing>
                </outerBoundaryIs>
            </Polygon>
        </Placemark>
        <Placemark id="9498">
            <name>Extreme - danger for all</name>
            <styleUrl>#9501</styleUrl>
            <Polygon id="9497">
                <outerBoundaryIs>
                    <LinearRing id="9499">
                        <coordinates>85.17466174876347,27.982319796774178,0.0 85.17466478831444,27.982139342345345,0.0 85.17446151328261,27.982136643891085,0.0 85.17445847339359,27.9823170982995,0.0 85.17466174876347,27.982319796774178,0.0</coordinates>
                    </LinearRing>
                </outerBoundaryIs>
            </Polygon>
        </Placemark>
        <Placemark id="9505">
            <name>Extreme - danger for all</name>
            <styleUrl>#9508</styleUrl>
            <Polygon id="9504">
                <outerBoundaryIs>
                    <LinearRing id="9506">
                        <coordinates>85.17507133846253,27.9821447383534,0.0 85.17486806337442,27.98214204049945,0.0 85.17486502416148,27.982322494948694,0.0 85.17506829958761,27.98232519282306,0.0 85.17507133846253,27.9821447383534,0.0</coordinates>
                    </LinearRing>
                </outerBoundaryIs>
            </Polygon>
        </Placemark>
        <Placemark id="9512">
            <name>Extreme - danger for all</name>
            <styleUrl>#9515</styleUrl>
            <Polygon id="9511">
                <outerBoundaryIs>
                    <LinearRing id="9513">
                        <coordinates>85.17547788872314,27.982150133160847,0.0 85.17527461357878,27.9821474359072,0.0 85.17527157504189,27.98232789039727,0.0 85.17547485052428,27.982330587671317,0.0 85.17547788872314,27.982150133160847,0.0</coordinates>
                    </LinearRing>
                </outerBoundaryIs>
            </Polygon>
        </Placemark>
        <Placemark id="9519">
            <name>Extreme - danger for all</name>
            <styleUrl>#9522</styleUrl>
            <Polygon id="9518">
                <outerBoundaryIs>
                    <LinearRing id="9520">
                        <coordinates>85.17710105539577,27.98235215505812,0.0 85.17710409089031,27.98217170038446,0.0 85.17690081552102,27.982169005532043,0.0 85.17689777968845,27.982349460185315,0.0 85.17710105539577,27.98235215505812,0.0</coordinates>
                    </LinearRing>
                </outerBoundaryIs>
            </Polygon>
        </Placemark>
        <Placemark id="9526">
            <name>Extreme - danger for all</name>
            <styleUrl>#9529</styleUrl>
            <Polygon id="9525">
                <outerBoundaryIs>
                    <LinearRing id="9527">
                        <coordinates>85.18605333693668,27.969835850096423,0.0 85.18604729884956,27.970196761882878,0.0 85.18645380679891,27.9702021221552,0.0 85.18645682518077,27.970021666223918,0.0 85.18605333693668,27.969835850096423,0.0</coordinates>
                    </LinearRing>
                </outerBoundaryIs>
            </Polygon>
        </Placemark>
        <Placemark id="9533">
            <name>Extreme - danger for all</name>
            <styleUrl>#9536</styleUrl>
            <Polygon id="9532">
                <outerBoundaryIs>
                    <LinearRing id="9534">
                        <coordinates>85.1864175840367,27.972367592937818,0.0 85.1862143259938,27.972364912708255,0.0 85.18621130691075,27.972545368553792,0.0 85.18641456529153,27.972548048803638,0.0 85.1864175840367,27.972367592937818,0.0</coordinates>
                    </LinearRing>
                </outerBoundaryIs>
            </Polygon>
        </Placemark>
        <Placemark id="9540">
            <name>Extreme - danger for all</name>
            <styleUrl>#9543</styleUrl>
            <Polygon id="9539">
                <outerBoundaryIs>
                    <LinearRing id="9541">
                        <coordinates>85.1864115465184,27.972728504664428,0.0 85.18681806403956,27.97273386430456,0.0 85.18682108213693,27.972553408403208,0.0 85.18641456529153,27.972548048803638,0.0 85.1864115465184,27.972728504664428,0.0</coordinates>
                    </LinearRing>
                </outerBoundaryIs>
            </Polygon>
        </Placemark>
        <Placemark id="9547">
            <name>Extreme - danger for all</name>
            <styleUrl>#9550</styleUrl>
            <Polygon id="9546">
                <outerBoundaryIs>
                    <LinearRing id="9548">
                        <coordinates>85.18722156422294,27.972919678681393,0.0 85.18722458167248,27.972739222744526,0.0 85.18702132284204,27.972736543674564,0.0 85.18701830505462,27.97291699959116,0.0 85.18722156422294,27.972919678681393,0.0</coordinates>
                    </LinearRing>
                </outerBoundaryIs>
            </Polygon>
        </Placemark>
        <Placemark id="9554">
            <name>Extreme - danger for all</name>
            <styleUrl>#9557</styleUrl>
            <Polygon id="9553">
                <outerBoundaryIs>
                    <LinearRing id="9555">
                        <coordinates>85.18884462380049,27.97312155669563,0.0 85.18884160899819,27.973302012784547,0.0 85.18904486909359,27.973304689214896,0.0 85.1890508979945,27.972943776991514,0.0 85.18844111981937,27.972935746921877,0.0 85.1884381043692,27.973116202975316,0.0 85.18884462380049,27.97312155669563,0.0</coordinates>
                    </LinearRing>
                </outerBoundaryIs>
            </Polygon>
        </Placemark>
        <Placemark id="9561">
            <name>Extreme - danger for all</name>
            <styleUrl>#9564</styleUrl>
            <Polygon id="9560">
                <outerBoundaryIs>
                    <LinearRing id="9562">
                        <coordinates>85.18945440315676,27.97312958502575,0.0 85.18925114334343,27.973126909215758,0.0 85.1892481292169,27.973307365345182,0.0 85.18945138936812,27.973310041175424,0.0 85.18945440315676,27.97312958502575,0.0</coordinates>
                    </LinearRing>
                </outerBoundaryIs>
            </Polygon>
        </Placemark>
        <Placemark id="9568">
            <name>Extreme - danger for all</name>
            <styleUrl>#9571</styleUrl>
            <Polygon id="9567">
                <outerBoundaryIs>
                    <LinearRing id="9569">
                        <coordinates>85.18965464954724,27.973312716705614,0.0 85.18945138936812,27.973310041175424,0.0 85.18944837555159,27.973490497320064,0.0 85.1896516360686,27.9734931728705,0.0 85.18965464954724,27.973312716705614,0.0</coordinates>
                    </LinearRing>
                </outerBoundaryIs>
            </Polygon>
        </Placemark>
        <Placemark id="9575">
            <name>Extreme - danger for all</name>
            <styleUrl>#9578</styleUrl>
            <Polygon id="9574">
                <outerBoundaryIs>
                    <LinearRing id="9576">
                        <coordinates>85.19431160670125,27.97445691078998,0.0 85.1941083438538,27.974454242039823,0.0 85.19410533764189,27.974634698619397,0.0 85.19430860082724,27.97463736738975,0.0 85.19431160670125,27.97445691078998,0.0</coordinates>
                    </LinearRing>
                </outerBoundaryIs>
            </Polygon>
        </Placemark>
        <Placemark id="9582">
            <name>Extreme - danger for all</name>
            <styleUrl>#9585</styleUrl>
            <Polygon id="9581">
                <outerBoundaryIs>
                    <LinearRing id="9583">
                        <coordinates>85.19145990813331,27.974780433610242,0.0 85.19146291876599,27.974599977298457,0.0 85.19125965597055,27.974597304327137,0.0 85.19125664499995,27.974777760618693,0.0 85.19145990813331,27.974780433610242,0.0</coordinates>
                    </LinearRing>
                </outerBoundaryIs>
            </Polygon>
        </Placemark>
        <Placemark id="9589">
            <name>Extreme - danger for all</name>
            <styleUrl>#9592</styleUrl>
            <Polygon id="9588">
                <outerBoundaryIs>
                    <LinearRing id="9590">
                        <coordinates>85.19288275084702,27.974799136149116,0.0 85.19288575911429,27.974618679695794,0.0 85.19247923316118,27.974613337654045,0.0 85.19247622421808,27.974793794066933,0.0 85.19288275084702,27.974799136149116,0.0</coordinates>
                    </LinearRing>
                </outerBoundaryIs>
            </Polygon>
        </Placemark>
        <Placemark id="9596">
            <name>Extreme - danger for all</name>
            <styleUrl>#9599</styleUrl>
            <Polygon id="9595">
                <outerBoundaryIs>
                    <LinearRing id="9597">
                        <coordinates>85.1934925409993,27.974807147021853,0.0 85.1934955482528,27.97462669050791,0.0 85.19329228517879,27.974624020537277,0.0 85.19328927758735,27.97480447703101,0.0 85.1934925409993,27.974807147021853,0.0</coordinates>
                    </LinearRing>
                </outerBoundaryIs>
            </Polygon>
        </Placemark>
        <Placemark id="9603">
            <name>Extreme - danger for all</name>
            <styleUrl>#9606</styleUrl>
            <Polygon id="9602">
                <outerBoundaryIs>
                    <LinearRing id="9604">
                        <coordinates>85.19389906790668,27.974812486103318,0.0 85.19390207448436,27.97463202954897,0.0 85.19369881135466,27.974629360178476,0.0 85.19369580443907,27.974809816712618,0.0 85.19389906790668,27.974812486103318,0.0</coordinates>
                    </LinearRing>
                </outerBoundaryIs>
            </Polygon>
        </Placemark>
        <Placemark id="9610">
            <name>Extreme - danger for all</name>
            <styleUrl>#9613</styleUrl>
            <Polygon id="9609">
                <outerBoundaryIs>
                    <LinearRing id="9611">
                        <coordinates>85.19367174811221,27.97625346880459,0.0 85.19367475525051,27.97607301231071,0.0 85.1934714894452,27.97607034247852,0.0 85.19346848196896,27.97625079895219,0.0 85.19367174811221,27.97625346880459,0.0</coordinates>
                    </LinearRing>
                </outerBoundaryIs>
            </Polygon>
        </Placemark>
        <Placemark id="9617">
            <name>Extreme - danger for all</name>
            <styleUrl>#9620</styleUrl>
            <Polygon id="9616">
                <outerBoundaryIs>
                    <LinearRing id="9618">
                        <coordinates>85.19407527399198,27.97643926413836,0.0 85.19407828048223,27.976258807609113,0.0 85.1938750142833,27.976256138356895,0.0 85.19387200745511,27.976436594865945,0.0 85.19407527399198,27.97643926413836,0.0</coordinates>
                    </LinearRing>
                </outerBoundaryIs>
            </Polygon>
        </Placemark>
        <Placemark id="9624">
            <name>Extreme - danger for all</name>
            <styleUrl>#9627</styleUrl>
            <Polygon id="9623">
                <outerBoundaryIs>
                    <LinearRing id="9625">
                        <coordinates>85.19488834041778,27.976449938227095,0.0 85.19489134555621,27.976269481617063,0.0 85.19468807924598,27.976266813565214,0.0 85.19468507376959,27.976447270155052,0.0 85.19488834041778,27.976449938227095,0.0</coordinates>
                    </LinearRing>
                </outerBoundaryIs>
            </Polygon>
        </Placemark>
        <Placemark id="9631">
            <name>Extreme - danger for all</name>
            <styleUrl>#9634</styleUrl>
            <Polygon id="9630">
                <outerBoundaryIs>
                    <LinearRing id="9632">
                        <coordinates>85.1893850789586,27.977280075194585,0.0 85.18918181137299,27.97727739891882,0.0 85.1891787966046,27.977457854932446,0.0 85.18938206452816,27.977460531228466,0.0 85.1893850789586,27.977280075194585,0.0</coordinates>
                    </LinearRing>
                </outerBoundaryIs>
            </Polygon>
        </Placemark>
        <Placemark id="9638">
            <name>Extreme - danger for all</name>
            <styleUrl>#9641</styleUrl>
            <Polygon id="9637">
                <outerBoundaryIs>
                    <LinearRing id="9639">
                        <coordinates>85.19060468505812,27.977296126547056,0.0 85.19040141730513,27.977293452071898,0.0 85.1903984045645,27.977473908207003,0.0 85.19060167265546,27.977476582702398,0.0 85.19060468505812,27.977296126547056,0.0</coordinates>
                    </LinearRing>
                </outerBoundaryIs>
            </Polygon>
        </Placemark>
    </Document>
</kml>
