<?xml version="1.0" encoding="UTF-8"?>
<kml xmlns="http://www.opengis.net/kml/2.2" xmlns:gx="http://www.google.com/kml/ext/2.2">
    <Document id="5268">
        <Style id="5293">
            <LineStyle id="5295">
                <colorMode>normal</colorMode>
                <width>0.5</width>
            </LineStyle>
            <PolyStyle id="5294">
                <color>7fff7f00</color>
                <colorMode>normal</colorMode>
                <fill>1</fill>
                <outline>1</outline>
            </PolyStyle>
        </Style>
        <Style id="5300">
            <LineStyle id="5302">
                <colorMode>normal</colorMode>
                <width>0.5</width>
            </LineStyle>
            <PolyStyle id="5301">
                <color>7fff7f00</color>
                <colorMode>normal</colorMode>
                <fill>1</fill>
                <outline>1</outline>
            </PolyStyle>
        </Style>
        <Style id="5307">
            <LineStyle id="5309">
                <colorMode>normal</colorMode>
                <width>0.5</width>
            </LineStyle>
            <PolyStyle id="5308">
                <color>7fff7f00</color>
                <colorMode>normal</colorMode>
                <fill>1</fill>
                <outline>1</outline>
            </PolyStyle>
        </Style>
        <Style id="5314">
            <LineStyle id="5316">
                <colorMode>normal</colorMode>
                <width>0.5</width>
            </LineStyle>
            <PolyStyle id="5315">
                <color>7fff7f00</color>
                <colorMode>normal</colorMode>
                <fill>1</fill>
                <outline>1</outline>
            </PolyStyle>
        </Style>
        <Style id="5321">
            <LineStyle id="5323">
                <colorMode>normal</colorMode>
                <width>0.5</width>
            </LineStyle>
            <PolyStyle id="5322">
                <color>7fff7f00</color>
                <colorMode>normal</colorMode>
                <fill>1</fill>
                <outline>1</outline>
            </PolyStyle>
        </Style>
        <Style id="5328">
            <LineStyle id="5330">
                <colorMode>normal</colorMode>
                <width>0.5</width>
            </LineStyle>
            <PolyStyle id="5329">
                <color>7fff7f00</color>
                <colorMode>normal</colorMode>
                <fill>1</fill>
                <outline>1</outline>
            </PolyStyle>
        </Style>
        <Style id="5335">
            <LineStyle id="5337">
                <colorMode>normal</colorMode>
                <width>0.5</width>
            </LineStyle>
            <PolyStyle id="5336">
                <color>7fff7f00</color>
                <colorMode>normal</colorMode>
                <fill>1</fill>
                <outline>1</outline>
            </PolyStyle>
        </Style>
        <Style id="5342">
            <LineStyle id="5344">
                <colorMode>normal</colorMode>
                <width>0.5</width>
            </LineStyle>
            <PolyStyle id="5343">
                <color>7fff7f00</color>
                <colorMode>normal</colorMode>
                <fill>1</fill>
                <outline>1</outline>
            </PolyStyle>
        </Style>
        <Style id="5349">
            <LineStyle id="5351">
                <colorMode>normal</colorMode>
                <width>0.5</width>
            </LineStyle>
            <PolyStyle id="5350">
                <color>7fff7f00</color>
                <colorMode>normal</colorMode>
                <fill>1</fill>
                <outline>1</outline>
            </PolyStyle>
        </Style>
        <Style id="5356">
            <LineStyle id="5358">
                <colorMode>normal</colorMode>
                <width>0.5</width>
            </LineStyle>
            <PolyStyle id="5357">
                <color>7fff7f00</color>
                <colorMode>normal</colorMode>
                <fill>1</fill>
                <outline>1</outline>
            </PolyStyle>
        </Style>
        <Style id="5363">
            <LineStyle id="5365">
                <colorMode>normal</colorMode>
                <width>0.5</width>
            </LineStyle>
            <PolyStyle id="5364">
                <color>7fff7f00</color>
                <colorMode>normal</colorMode>
                <fill>1</fill>
                <outline>1</outline>
            </PolyStyle>
        </Style>
        <Style id="5370">
            <LineStyle id="5372">
                <colorMode>normal</colorMode>
                <width>0.5</width>
            </LineStyle>
            <PolyStyle id="5371">
                <color>7fff7f00</color>
                <colorMode>normal</colorMode>
                <fill>1</fill>
                <outline>1</outline>
            </PolyStyle>
        </Style>
        <Style id="5377">
            <LineStyle id="5379">
                <colorMode>normal</colorMode>
                <width>0.5</width>
            </LineStyle>
            <PolyStyle id="5378">
                <color>7fff7f00</color>
                <colorMode>normal</colorMode>
                <fill>1</fill>
                <outline>1</outline>
            </PolyStyle>
        </Style>
        <Style id="5384">
            <LineStyle id="5386">
                <colorMode>normal</colorMode>
                <width>0.5</width>
            </LineStyle>
            <PolyStyle id="5385">
                <color>7fff7f00</color>
                <colorMode>normal</colorMode>
                <fill>1</fill>
                <outline>1</outline>
            </PolyStyle>
        </Style>
        <Style id="5391">
            <LineStyle id="5393">
                <colorMode>normal</colorMode>
                <width>0.5</width>
            </LineStyle>
            <PolyStyle id="5392">
                <color>7fff7f00</color>
                <colorMode>normal</colorMode>
                <fill>1</fill>
                <outline>1</outline>
            </PolyStyle>
        </Style>
        <Style id="5398">
            <LineStyle id="5400">
                <colorMode>normal</colorMode>
                <width>0.5</width>
            </LineStyle>
            <PolyStyle id="5399">
                <color>7fff7f00</color>
                <colorMode>normal</colorMode>
                <fill>1</fill>
                <outline>1</outline>
            </PolyStyle>
        </Style>
        <Style id="5405">
            <LineStyle id="5407">
                <colorMode>normal</colorMode>
                <width>0.5</width>
            </LineStyle>
            <PolyStyle id="5406">
                <color>7fff7f00</color>
                <colorMode>normal</colorMode>
                <fill>1</fill>
                <outline>1</outline>
            </PolyStyle>
        </Style>
        <Style id="5412">
            <LineStyle id="5414">
                <colorMode>normal</colorMode>
                <width>0.5</width>
            </LineStyle>
            <PolyStyle id="5413">
                <color>7fff7f00</color>
                <colorMode>normal</colorMode>
                <fill>1</fill>
                <outline>1</outline>
            </PolyStyle>
        </Style>
        <Style id="5419">
            <LineStyle id="5421">
                <colorMode>normal</colorMode>
                <width>0.5</width>
            </LineStyle>
            <PolyStyle id="5420">
                <color>7fff7f00</color>
                <colorMode>normal</colorMode>
                <fill>1</fill>
                <outline>1</outline>
            </PolyStyle>
        </Style>
        <Style id="5426">
            <LineStyle id="5428">
                <colorMode>normal</colorMode>
                <width>0.5</width>
            </LineStyle>
            <PolyStyle id="5427">
                <color>7fff7f00</color>
                <colorMode>normal</colorMode>
                <fill>1</fill>
                <outline>1</outline>
            </PolyStyle>
        </Style>
        <Style id="5433">
            <LineStyle id="5435">
                <colorMode>normal</colorMode>
                <width>0.5</width>
            </LineStyle>
            <PolyStyle id="5434">
                <color>7fff7f00</color>
                <colorMode>normal</colorMode>
                <fill>1</fill>
                <outline>1</outline>
            </PolyStyle>
        </Style>
        <Style id="5440">
            <LineStyle id="5442">
                <colorMode>normal</colorMode>
                <width>0.5</width>
            </LineStyle>
            <PolyStyle id="5441">
                <color>7fff7f00</color>
                <colorMode>normal</colorMode>
                <fill>1</fill>
                <outline>1</outline>
            </PolyStyle>
        </Style>
        <Style id="5447">
            <LineStyle id="5449">
                <colorMode>normal</colorMode>
                <width>0.5</width>
            </LineStyle>
            <PolyStyle id="5448">
                <color>7fff7f00</color>
                <colorMode>normal</colorMode>
                <fill>1</fill>
                <outline>1</outline>
            </PolyStyle>
        </Style>
        <Style id="5454">
            <LineStyle id="5456">
                <colorMode>normal</colorMode>
                <width>0.5</width>
            </LineStyle>
            <PolyStyle id="5455">
                <color>7fff7f00</color>
                <colorMode>normal</colorMode>
                <fill>1</fill>
                <outline>1</outline>
            </PolyStyle>
        </Style>
        <Style id="5461">
            <LineStyle id="5463">
                <colorMode>normal</colorMode>
                <width>0.5</width>
            </LineStyle>
            <PolyStyle id="5462">
                <color>7fff7f00</color>
                <colorMode>normal</colorMode>
                <fill>1</fill>
                <outline>1</outline>
            </PolyStyle>
        </Style>
        <Style id="5468">
            <LineStyle id="5470">
                <colorMode>normal</colorMode>
                <width>0.5</width>
            </LineStyle>
            <PolyStyle id="5469">
                <color>7fff7f00</color>
                <colorMode>normal</colorMode>
                <fill>1</fill>
                <outline>1</outline>
            </PolyStyle>
        </Style>
        <Style id="5475">
            <LineStyle id="5477">
                <colorMode>normal</colorMode>
                <width>0.5</width>
            </LineStyle>
            <PolyStyle id="5476">
                <color>7fff7f00</color>
                <colorMode>normal</colorMode>
                <fill>1</fill>
                <outline>1</outline>
            </PolyStyle>
        </Style>
        <Style id="5482">
            <LineStyle id="5484">
                <colorMode>normal</colorMode>
                <width>0.5</width>
            </LineStyle>
            <PolyStyle id="5483">
                <color>7fff7f00</color>
                <colorMode>normal</colorMode>
                <fill>1</fill>
                <outline>1</outline>
            </PolyStyle>
        </Style>
        <Style id="5489">
            <LineStyle id="5491">
                <colorMode>normal</colorMode>
                <width>0.5</width>
            </LineStyle>
            <PolyStyle id="5490">
                <color>7fff7f00</color>
                <colorMode>normal</colorMode>
                <fill>1</fill>
                <outline>1</outline>
            </PolyStyle>
        </Style>
        <Style id="5496">
            <LineStyle id="5498">
                <colorMode>normal</colorMode>
                <width>0.5</width>
            </LineStyle>
            <PolyStyle id="5497">
                <color>7fff7f00</color>
                <colorMode>normal</colorMode>
                <fill>1</fill>
                <outline>1</outline>
            </PolyStyle>
        </Style>
        <Style id="5503">
            <LineStyle id="5505">
                <colorMode>normal</colorMode>
                <width>0.5</width>
            </LineStyle>
            <PolyStyle id="5504">
                <color>7fff7f00</color>
                <colorMode>normal</colorMode>
                <fill>1</fill>
                <outline>1</outline>
            </PolyStyle>
        </Style>
        <Style id="5510">
            <LineStyle id="5512">
                <colorMode>normal</colorMode>
                <width>0.5</width>
            </LineStyle>
            <PolyStyle id="5511">
                <color>7fff7f00</color>
                <colorMode>normal</colorMode>
                <fill>1</fill>
                <outline>1</outline>
            </PolyStyle>
        </Style>
        <Style id="5517">
            <LineStyle id="5519">
                <colorMode>normal</colorMode>
                <width>0.5</width>
            </LineStyle>
            <PolyStyle id="5518">
                <color>7fff7f00</color>
                <colorMode>normal</colorMode>
                <fill>1</fill>
                <outline>1</outline>
            </PolyStyle>
        </Style>
        <Style id="5524">
            <LineStyle id="5526">
                <colorMode>normal</colorMode>
                <width>0.5</width>
            </LineStyle>
            <PolyStyle id="5525">
                <color>7fff7f00</color>
                <colorMode>normal</colorMode>
                <fill>1</fill>
                <outline>1</outline>
            </PolyStyle>
        </Style>
        <Style id="5531">
            <LineStyle id="5533">
                <colorMode>normal</colorMode>
                <width>0.5</width>
            </LineStyle>
            <PolyStyle id="5532">
                <color>7fff7f00</color>
                <colorMode>normal</colorMode>
                <fill>1</fill>
                <outline>1</outline>
            </PolyStyle>
        </Style>
        <Style id="5538">
            <LineStyle id="5540">
                <colorMode>normal</colorMode>
                <width>0.5</width>
            </LineStyle>
            <PolyStyle id="5539">
                <color>7fff7f00</color>
                <colorMode>normal</colorMode>
                <fill>1</fill>
                <outline>1</outline>
            </PolyStyle>
        </Style>
        <Style id="5545">
            <LineStyle id="5547">
                <colorMode>normal</colorMode>
                <width>0.5</width>
            </LineStyle>
            <PolyStyle id="5546">
                <color>7fff7f00</color>
                <colorMode>normal</colorMode>
                <fill>1</fill>
                <outline>1</outline>
            </PolyStyle>
        </Style>
        <Style id="5552">
            <LineStyle id="5554">
                <colorMode>normal</colorMode>
                <width>0.5</width>
            </LineStyle>
            <PolyStyle id="5553">
                <color>7fff7f00</color>
                <colorMode>normal</colorMode>
                <fill>1</fill>
                <outline>1</outline>
            </PolyStyle>
        </Style>
        <Style id="5559">
            <LineStyle id="5561">
                <colorMode>normal</colorMode>
                <width>0.5</width>
            </LineStyle>
            <PolyStyle id="5560">
                <color>7fff7f00</color>
                <colorMode>normal</colorMode>
                <fill>1</fill>
                <outline>1</outline>
            </PolyStyle>
        </Style>
        <Style id="5566">
            <LineStyle id="5568">
                <colorMode>normal</colorMode>
                <width>0.5</width>
            </LineStyle>
            <PolyStyle id="5567">
                <color>7fff7f00</color>
                <colorMode>normal</colorMode>
                <fill>1</fill>
                <outline>1</outline>
            </PolyStyle>
        </Style>
        <Style id="5573">
            <LineStyle id="5575">
                <colorMode>normal</colorMode>
                <width>0.5</width>
            </LineStyle>
            <PolyStyle id="5574">
                <color>7fff7f00</color>
                <colorMode>normal</colorMode>
                <fill>1</fill>
                <outline>1</outline>
            </PolyStyle>
        </Style>
        <Style id="5580">
            <LineStyle id="5582">
                <colorMode>normal</colorMode>
                <width>0.5</width>
            </LineStyle>
            <PolyStyle id="5581">
                <color>7fff7f00</color>
                <colorMode>normal</colorMode>
                <fill>1</fill>
                <outline>1</outline>
            </PolyStyle>
        </Style>
        <Style id="5587">
            <LineStyle id="5589">
                <colorMode>normal</colorMode>
                <width>0.5</width>
            </LineStyle>
            <PolyStyle id="5588">
                <color>7fff7f00</color>
                <colorMode>normal</colorMode>
                <fill>1</fill>
                <outline>1</outline>
            </PolyStyle>
        </Style>
        <Style id="5594">
            <LineStyle id="5596">
                <colorMode>normal</colorMode>
                <width>0.5</width>
            </LineStyle>
            <PolyStyle id="5595">
                <color>7fff7f00</color>
                <colorMode>normal</colorMode>
                <fill>1</fill>
                <outline>1</outline>
            </PolyStyle>
        </Style>
        <Style id="5601">
            <LineStyle id="5603">
                <colorMode>normal</colorMode>
                <width>0.5</width>
            </LineStyle>
            <PolyStyle id="5602">
                <color>7fff7f00</color>
                <colorMode>normal</colorMode>
                <fill>1</fill>
                <outline>1</outline>
            </PolyStyle>
        </Style>
        <Style id="5608">
            <LineStyle id="5610">
                <colorMode>normal</colorMode>
                <width>0.5</width>
            </LineStyle>
            <PolyStyle id="5609">
                <color>7fff7f00</color>
                <colorMode>normal</colorMode>
                <fill>1</fill>
                <outline>1</outline>
            </PolyStyle>
        </Style>
        <Style id="5615">
            <LineStyle id="5617">
                <colorMode>normal</colorMode>
                <width>0.5</width>
            </LineStyle>
            <PolyStyle id="5616">
                <color>7fff7f00</color>
                <colorMode>normal</colorMode>
                <fill>1</fill>
                <outline>1</outline>
            </PolyStyle>
        </Style>
        <Style id="5622">
            <LineStyle id="5624">
                <colorMode>normal</colorMode>
                <width>0.5</width>
            </LineStyle>
            <PolyStyle id="5623">
                <color>7fff7f00</color>
                <colorMode>normal</colorMode>
                <fill>1</fill>
                <outline>1</outline>
            </PolyStyle>
        </Style>
        <Style id="5629">
            <LineStyle id="5631">
                <colorMode>normal</colorMode>
                <width>0.5</width>
            </LineStyle>
            <PolyStyle id="5630">
                <color>7fff7f00</color>
                <colorMode>normal</colorMode>
                <fill>1</fill>
                <outline>1</outline>
            </PolyStyle>
        </Style>
        <Style id="5636">
            <LineStyle id="5638">
                <colorMode>normal</colorMode>
                <width>0.5</width>
            </LineStyle>
            <PolyStyle id="5637">
                <color>7fff7f00</color>
                <colorMode>normal</colorMode>
                <fill>1</fill>
                <outline>1</outline>
            </PolyStyle>
        </Style>
        <Style id="5643">
            <LineStyle id="5645">
                <colorMode>normal</colorMode>
                <width>0.5</width>
            </LineStyle>
            <PolyStyle id="5644">
                <color>7fff7f00</color>
                <colorMode>normal</colorMode>
                <fill>1</fill>
                <outline>1</outline>
            </PolyStyle>
        </Style>
        <Style id="5650">
            <LineStyle id="5652">
                <colorMode>normal</colorMode>
                <width>0.5</width>
            </LineStyle>
            <PolyStyle id="5651">
                <color>7fff7f00</color>
                <colorMode>normal</colorMode>
                <fill>1</fill>
                <outline>1</outline>
            </PolyStyle>
        </Style>
        <Style id="5657">
            <LineStyle id="5659">
                <colorMode>normal</colorMode>
                <width>0.5</width>
            </LineStyle>
            <PolyStyle id="5658">
                <color>7fff7f00</color>
                <colorMode>normal</colorMode>
                <fill>1</fill>
                <outline>1</outline>
            </PolyStyle>
        </Style>
        <Style id="5664">
            <LineStyle id="5666">
                <colorMode>normal</colorMode>
                <width>0.5</width>
            </LineStyle>
            <PolyStyle id="5665">
                <color>7fff7f00</color>
                <colorMode>normal</colorMode>
                <fill>1</fill>
                <outline>1</outline>
            </PolyStyle>
        </Style>
        <Style id="5671">
            <LineStyle id="5673">
                <colorMode>normal</colorMode>
                <width>0.5</width>
            </LineStyle>
            <PolyStyle id="5672">
                <color>7fff7f00</color>
                <colorMode>normal</colorMode>
                <fill>1</fill>
                <outline>1</outline>
            </PolyStyle>
        </Style>
        <Style id="5678">
            <LineStyle id="5680">
                <colorMode>normal</colorMode>
                <width>0.5</width>
            </LineStyle>
            <PolyStyle id="5679">
                <color>7fff7f00</color>
                <colorMode>normal</colorMode>
                <fill>1</fill>
                <outline>1</outline>
            </PolyStyle>
        </Style>
        <Style id="5685">
            <LineStyle id="5687">
                <colorMode>normal</colorMode>
                <width>0.5</width>
            </LineStyle>
            <PolyStyle id="5686">
                <color>7fff7f00</color>
                <colorMode>normal</colorMode>
                <fill>1</fill>
                <outline>1</outline>
            </PolyStyle>
        </Style>
        <Style id="5692">
            <LineStyle id="5694">
                <colorMode>normal</colorMode>
                <width>0.5</width>
            </LineStyle>
            <PolyStyle id="5693">
                <color>7fff7f00</color>
                <colorMode>normal</colorMode>
                <fill>1</fill>
                <outline>1</outline>
            </PolyStyle>
        </Style>
        <Style id="5699">
            <LineStyle id="5701">
                <colorMode>normal</colorMode>
                <width>0.5</width>
            </LineStyle>
            <PolyStyle id="5700">
                <color>7fff7f00</color>
                <colorMode>normal</colorMode>
                <fill>1</fill>
                <outline>1</outline>
            </PolyStyle>
        </Style>
        <Style id="5706">
            <LineStyle id="5708">
                <colorMode>normal</colorMode>
                <width>0.5</width>
            </LineStyle>
            <PolyStyle id="5707">
                <color>7fff7f00</color>
                <colorMode>normal</colorMode>
                <fill>1</fill>
                <outline>1</outline>
            </PolyStyle>
        </Style>
        <Style id="5713">
            <LineStyle id="5715">
                <colorMode>normal</colorMode>
                <width>0.5</width>
            </LineStyle>
            <PolyStyle id="5714">
                <color>7fff7f00</color>
                <colorMode>normal</colorMode>
                <fill>1</fill>
                <outline>1</outline>
            </PolyStyle>
        </Style>
        <Style id="5720">
            <LineStyle id="5722">
                <colorMode>normal</colorMode>
                <width>0.5</width>
            </LineStyle>
            <PolyStyle id="5721">
                <color>7fff7f00</color>
                <colorMode>normal</colorMode>
                <fill>1</fill>
                <outline>1</outline>
            </PolyStyle>
        </Style>
        <Style id="5727">
            <LineStyle id="5729">
                <colorMode>normal</colorMode>
                <width>0.5</width>
            </LineStyle>
            <PolyStyle id="5728">
                <color>7fff7f00</color>
                <colorMode>normal</colorMode>
                <fill>1</fill>
                <outline>1</outline>
            </PolyStyle>
        </Style>
        <Style id="5734">
            <LineStyle id="5736">
                <colorMode>normal</colorMode>
                <width>0.5</width>
            </LineStyle>
            <PolyStyle id="5735">
                <color>7fff7f00</color>
                <colorMode>normal</colorMode>
                <fill>1</fill>
                <outline>1</outline>
            </PolyStyle>
        </Style>
        <Style id="5741">
            <LineStyle id="5743">
                <colorMode>normal</colorMode>
                <width>0.5</width>
            </LineStyle>
            <PolyStyle id="5742">
                <color>7fff7f00</color>
                <colorMode>normal</colorMode>
                <fill>1</fill>
                <outline>1</outline>
            </PolyStyle>
        </Style>
        <Style id="5748">
            <LineStyle id="5750">
                <colorMode>normal</colorMode>
                <width>0.5</width>
            </LineStyle>
            <PolyStyle id="5749">
                <color>7fff7f00</color>
                <colorMode>normal</colorMode>
                <fill>1</fill>
                <outline>1</outline>
            </PolyStyle>
        </Style>
        <Style id="5755">
            <LineStyle id="5757">
                <colorMode>normal</colorMode>
                <width>0.5</width>
            </LineStyle>
            <PolyStyle id="5756">
                <color>7fff7f00</color>
                <colorMode>normal</colorMode>
                <fill>1</fill>
                <outline>1</outline>
            </PolyStyle>
        </Style>
        <Style id="5762">
            <LineStyle id="5764">
                <colorMode>normal</colorMode>
                <width>0.5</width>
            </LineStyle>
            <PolyStyle id="5763">
                <color>7fff7f00</color>
                <colorMode>normal</colorMode>
                <fill>1</fill>
                <outline>1</outline>
            </PolyStyle>
        </Style>
        <Style id="5769">
            <LineStyle id="5771">
                <colorMode>normal</colorMode>
                <width>0.5</width>
            </LineStyle>
            <PolyStyle id="5770">
                <color>7fff7f00</color>
                <colorMode>normal</colorMode>
                <fill>1</fill>
                <outline>1</outline>
            </PolyStyle>
        </Style>
        <Style id="5776">
            <LineStyle id="5778">
                <colorMode>normal</colorMode>
                <width>0.5</width>
            </LineStyle>
            <PolyStyle id="5777">
                <color>7fff7f00</color>
                <colorMode>normal</colorMode>
                <fill>1</fill>
                <outline>1</outline>
            </PolyStyle>
        </Style>
        <Style id="5783">
            <LineStyle id="5785">
                <colorMode>normal</colorMode>
                <width>0.5</width>
            </LineStyle>
            <PolyStyle id="5784">
                <color>7fff7f00</color>
                <colorMode>normal</colorMode>
                <fill>1</fill>
                <outline>1</outline>
            </PolyStyle>
        </Style>
        <Style id="5790">
            <LineStyle id="5792">
                <colorMode>normal</colorMode>
                <width>0.5</width>
            </LineStyle>
            <PolyStyle id="5791">
                <color>7fff7f00</color>
                <colorMode>normal</colorMode>
                <fill>1</fill>
                <outline>1</outline>
            </PolyStyle>
        </Style>
        <Style id="5797">
            <LineStyle id="5799">
                <colorMode>normal</colorMode>
                <width>0.5</width>
            </LineStyle>
            <PolyStyle id="5798">
                <color>7fff7f00</color>
                <colorMode>normal</colorMode>
                <fill>1</fill>
                <outline>1</outline>
            </PolyStyle>
        </Style>
        <Style id="5804">
            <LineStyle id="5806">
                <colorMode>normal</colorMode>
                <width>0.5</width>
            </LineStyle>
            <PolyStyle id="5805">
                <color>7fff7f00</color>
                <colorMode>normal</colorMode>
                <fill>1</fill>
                <outline>1</outline>
            </PolyStyle>
        </Style>
        <Style id="5811">
            <LineStyle id="5813">
                <colorMode>normal</colorMode>
                <width>0.5</width>
            </LineStyle>
            <PolyStyle id="5812">
                <color>7fff7f00</color>
                <colorMode>normal</colorMode>
                <fill>1</fill>
                <outline>1</outline>
            </PolyStyle>
        </Style>
        <Style id="5818">
            <LineStyle id="5820">
                <colorMode>normal</colorMode>
                <width>0.5</width>
            </LineStyle>
            <PolyStyle id="5819">
                <color>7fff7f00</color>
                <colorMode>normal</colorMode>
                <fill>1</fill>
                <outline>1</outline>
            </PolyStyle>
        </Style>
        <Style id="5825">
            <LineStyle id="5827">
                <colorMode>normal</colorMode>
                <width>0.5</width>
            </LineStyle>
            <PolyStyle id="5826">
                <color>7fff7f00</color>
                <colorMode>normal</colorMode>
                <fill>1</fill>
                <outline>1</outline>
            </PolyStyle>
        </Style>
        <Style id="5832">
            <LineStyle id="5834">
                <colorMode>normal</colorMode>
                <width>0.5</width>
            </LineStyle>
            <PolyStyle id="5833">
                <color>7fff7f00</color>
                <colorMode>normal</colorMode>
                <fill>1</fill>
                <outline>1</outline>
            </PolyStyle>
        </Style>
        <Style id="5839">
            <LineStyle id="5841">
                <colorMode>normal</colorMode>
                <width>0.5</width>
            </LineStyle>
            <PolyStyle id="5840">
                <color>7fff7f00</color>
                <colorMode>normal</colorMode>
                <fill>1</fill>
                <outline>1</outline>
            </PolyStyle>
        </Style>
        <Style id="5846">
            <LineStyle id="5848">
                <colorMode>normal</colorMode>
                <width>0.5</width>
            </LineStyle>
            <PolyStyle id="5847">
                <color>7fff7f00</color>
                <colorMode>normal</colorMode>
                <fill>1</fill>
                <outline>1</outline>
            </PolyStyle>
        </Style>
        <Style id="5853">
            <LineStyle id="5855">
                <colorMode>normal</colorMode>
                <width>0.5</width>
            </LineStyle>
            <PolyStyle id="5854">
                <color>7fff7f00</color>
                <colorMode>normal</colorMode>
                <fill>1</fill>
                <outline>1</outline>
            </PolyStyle>
        </Style>
        <Style id="5860">
            <LineStyle id="5862">
                <colorMode>normal</colorMode>
                <width>0.5</width>
            </LineStyle>
            <PolyStyle id="5861">
                <color>7fff7f00</color>
                <colorMode>normal</colorMode>
                <fill>1</fill>
                <outline>1</outline>
            </PolyStyle>
        </Style>
        <Style id="5867">
            <LineStyle id="5869">
                <colorMode>normal</colorMode>
                <width>0.5</width>
            </LineStyle>
            <PolyStyle id="5868">
                <color>7fff7f00</color>
                <colorMode>normal</colorMode>
                <fill>1</fill>
                <outline>1</outline>
            </PolyStyle>
        </Style>
        <Style id="5874">
            <LineStyle id="5876">
                <colorMode>normal</colorMode>
                <width>0.5</width>
            </LineStyle>
            <PolyStyle id="5875">
                <color>7fff7f00</color>
                <colorMode>normal</colorMode>
                <fill>1</fill>
                <outline>1</outline>
            </PolyStyle>
        </Style>
        <Style id="5881">
            <LineStyle id="5883">
                <colorMode>normal</colorMode>
                <width>0.5</width>
            </LineStyle>
            <PolyStyle id="5882">
                <color>7fff7f00</color>
                <colorMode>normal</colorMode>
                <fill>1</fill>
                <outline>1</outline>
            </PolyStyle>
        </Style>
        <Style id="5888">
            <LineStyle id="5890">
                <colorMode>normal</colorMode>
                <width>0.5</width>
            </LineStyle>
            <PolyStyle id="5889">
                <color>7fff7f00</color>
                <colorMode>normal</colorMode>
                <fill>1</fill>
                <outline>1</outline>
            </PolyStyle>
        </Style>
        <Style id="5895">
            <LineStyle id="5897">
                <colorMode>normal</colorMode>
                <width>0.5</width>
            </LineStyle>
            <PolyStyle id="5896">
                <color>7fff7f00</color>
                <colorMode>normal</colorMode>
                <fill>1</fill>
                <outline>1</outline>
            </PolyStyle>
        </Style>
        <Style id="5902">
            <LineStyle id="5904">
                <colorMode>normal</colorMode>
                <width>0.5</width>
            </LineStyle>
            <PolyStyle id="5903">
                <color>7fff7f00</color>
                <colorMode>normal</colorMode>
                <fill>1</fill>
                <outline>1</outline>
            </PolyStyle>
        </Style>
        <Style id="5909">
            <LineStyle id="5911">
                <colorMode>normal</colorMode>
                <width>0.5</width>
            </LineStyle>
            <PolyStyle id="5910">
                <color>7fff7f00</color>
                <colorMode>normal</colorMode>
                <fill>1</fill>
                <outline>1</outline>
            </PolyStyle>
        </Style>
        <Style id="5916">
            <LineStyle id="5918">
                <colorMode>normal</colorMode>
                <width>0.5</width>
            </LineStyle>
            <PolyStyle id="5917">
                <color>7fff7f00</color>
                <colorMode>normal</colorMode>
                <fill>1</fill>
                <outline>1</outline>
            </PolyStyle>
        </Style>
        <Style id="5923">
            <LineStyle id="5925">
                <colorMode>normal</colorMode>
                <width>0.5</width>
            </LineStyle>
            <PolyStyle id="5924">
                <color>7fff7f00</color>
                <colorMode>normal</colorMode>
                <fill>1</fill>
                <outline>1</outline>
            </PolyStyle>
        </Style>
        <Style id="5930">
            <LineStyle id="5932">
                <colorMode>normal</colorMode>
                <width>0.5</width>
            </LineStyle>
            <PolyStyle id="5931">
                <color>7fff7f00</color>
                <colorMode>normal</colorMode>
                <fill>1</fill>
                <outline>1</outline>
            </PolyStyle>
        </Style>
        <Style id="5937">
            <LineStyle id="5939">
                <colorMode>normal</colorMode>
                <width>0.5</width>
            </LineStyle>
            <PolyStyle id="5938">
                <color>7fff7f00</color>
                <colorMode>normal</colorMode>
                <fill>1</fill>
                <outline>1</outline>
            </PolyStyle>
        </Style>
        <Style id="5944">
            <LineStyle id="5946">
                <colorMode>normal</colorMode>
                <width>0.5</width>
            </LineStyle>
            <PolyStyle id="5945">
                <color>7fff7f00</color>
                <colorMode>normal</colorMode>
                <fill>1</fill>
                <outline>1</outline>
            </PolyStyle>
        </Style>
        <Style id="5951">
            <LineStyle id="5953">
                <colorMode>normal</colorMode>
                <width>0.5</width>
            </LineStyle>
            <PolyStyle id="5952">
                <color>7fff7f00</color>
                <colorMode>normal</colorMode>
                <fill>1</fill>
                <outline>1</outline>
            </PolyStyle>
        </Style>
        <Style id="5958">
            <LineStyle id="5960">
                <colorMode>normal</colorMode>
                <width>0.5</width>
            </LineStyle>
            <PolyStyle id="5959">
                <color>7fff7f00</color>
                <colorMode>normal</colorMode>
                <fill>1</fill>
                <outline>1</outline>
            </PolyStyle>
        </Style>
        <Style id="5965">
            <LineStyle id="5967">
                <colorMode>normal</colorMode>
                <width>0.5</width>
            </LineStyle>
            <PolyStyle id="5966">
                <color>7fff7f00</color>
                <colorMode>normal</colorMode>
                <fill>1</fill>
                <outline>1</outline>
            </PolyStyle>
        </Style>
        <Style id="5972">
            <LineStyle id="5974">
                <colorMode>normal</colorMode>
                <width>0.5</width>
            </LineStyle>
            <PolyStyle id="5973">
                <color>7fff7f00</color>
                <colorMode>normal</colorMode>
                <fill>1</fill>
                <outline>1</outline>
            </PolyStyle>
        </Style>
        <Style id="5979">
            <LineStyle id="5981">
                <colorMode>normal</colorMode>
                <width>0.5</width>
            </LineStyle>
            <PolyStyle id="5980">
                <color>7fff7f00</color>
                <colorMode>normal</colorMode>
                <fill>1</fill>
                <outline>1</outline>
            </PolyStyle>
        </Style>
        <Style id="5986">
            <LineStyle id="5988">
                <colorMode>normal</colorMode>
                <width>0.5</width>
            </LineStyle>
            <PolyStyle id="5987">
                <color>7fff7f00</color>
                <colorMode>normal</colorMode>
                <fill>1</fill>
                <outline>1</outline>
            </PolyStyle>
        </Style>
        <Style id="5993">
            <LineStyle id="5995">
                <colorMode>normal</colorMode>
                <width>0.5</width>
            </LineStyle>
            <PolyStyle id="5994">
                <color>7fff7f00</color>
                <colorMode>normal</colorMode>
                <fill>1</fill>
                <outline>1</outline>
            </PolyStyle>
        </Style>
        <Style id="6000">
            <LineStyle id="6002">
                <colorMode>normal</colorMode>
                <width>0.5</width>
            </LineStyle>
            <PolyStyle id="6001">
                <color>7fff7f00</color>
                <colorMode>normal</colorMode>
                <fill>1</fill>
                <outline>1</outline>
            </PolyStyle>
        </Style>
        <Style id="6007">
            <LineStyle id="6009">
                <colorMode>normal</colorMode>
                <width>0.5</width>
            </LineStyle>
            <PolyStyle id="6008">
                <color>7fff7f00</color>
                <colorMode>normal</colorMode>
                <fill>1</fill>
                <outline>1</outline>
            </PolyStyle>
        </Style>
        <Style id="6014">
            <LineStyle id="6016">
                <colorMode>normal</colorMode>
                <width>0.5</width>
            </LineStyle>
            <PolyStyle id="6015">
                <color>7fff7f00</color>
                <colorMode>normal</colorMode>
                <fill>1</fill>
                <outline>1</outline>
            </PolyStyle>
        </Style>
        <Style id="6021">
            <LineStyle id="6023">
                <colorMode>normal</colorMode>
                <width>0.5</width>
            </LineStyle>
            <PolyStyle id="6022">
                <color>7fff7f00</color>
                <colorMode>normal</colorMode>
                <fill>1</fill>
                <outline>1</outline>
            </PolyStyle>
        </Style>
        <Style id="6028">
            <LineStyle id="6030">
                <colorMode>normal</colorMode>
                <width>0.5</width>
            </LineStyle>
            <PolyStyle id="6029">
                <color>7fff7f00</color>
                <colorMode>normal</colorMode>
                <fill>1</fill>
                <outline>1</outline>
            </PolyStyle>
        </Style>
        <Style id="6035">
            <LineStyle id="6037">
                <colorMode>normal</colorMode>
                <width>0.5</width>
            </LineStyle>
            <PolyStyle id="6036">
                <color>7fff7f00</color>
                <colorMode>normal</colorMode>
                <fill>1</fill>
                <outline>1</outline>
            </PolyStyle>
        </Style>
        <Style id="6042">
            <LineStyle id="6044">
                <colorMode>normal</colorMode>
                <width>0.5</width>
            </LineStyle>
            <PolyStyle id="6043">
                <color>7fff7f00</color>
                <colorMode>normal</colorMode>
                <fill>1</fill>
                <outline>1</outline>
            </PolyStyle>
        </Style>
        <Style id="6049">
            <LineStyle id="6051">
                <colorMode>normal</colorMode>
                <width>0.5</width>
            </LineStyle>
            <PolyStyle id="6050">
                <color>7fff7f00</color>
                <colorMode>normal</colorMode>
                <fill>1</fill>
                <outline>1</outline>
            </PolyStyle>
        </Style>
        <Style id="6056">
            <LineStyle id="6058">
                <colorMode>normal</colorMode>
                <width>0.5</width>
            </LineStyle>
            <PolyStyle id="6057">
                <color>7fff7f00</color>
                <colorMode>normal</colorMode>
                <fill>1</fill>
                <outline>1</outline>
            </PolyStyle>
        </Style>
        <Style id="6063">
            <LineStyle id="6065">
                <colorMode>normal</colorMode>
                <width>0.5</width>
            </LineStyle>
            <PolyStyle id="6064">
                <color>7fff7f00</color>
                <colorMode>normal</colorMode>
                <fill>1</fill>
                <outline>1</outline>
            </PolyStyle>
        </Style>
        <Style id="6070">
            <LineStyle id="6072">
                <colorMode>normal</colorMode>
                <width>0.5</width>
            </LineStyle>
            <PolyStyle id="6071">
                <color>7fff7f00</color>
                <colorMode>normal</colorMode>
                <fill>1</fill>
                <outline>1</outline>
            </PolyStyle>
        </Style>
        <Style id="6077">
            <LineStyle id="6079">
                <colorMode>normal</colorMode>
                <width>0.5</width>
            </LineStyle>
            <PolyStyle id="6078">
                <color>7fff7f00</color>
                <colorMode>normal</colorMode>
                <fill>1</fill>
                <outline>1</outline>
            </PolyStyle>
        </Style>
        <Style id="6084">
            <LineStyle id="6086">
                <colorMode>normal</colorMode>
                <width>0.5</width>
            </LineStyle>
            <PolyStyle id="6085">
                <color>7fff7f00</color>
                <colorMode>normal</colorMode>
                <fill>1</fill>
                <outline>1</outline>
            </PolyStyle>
        </Style>
        <Style id="6091">
            <LineStyle id="6093">
                <colorMode>normal</colorMode>
                <width>0.5</width>
            </LineStyle>
            <PolyStyle id="6092">
                <color>7fff7f00</color>
                <colorMode>normal</colorMode>
                <fill>1</fill>
                <outline>1</outline>
            </PolyStyle>
        </Style>
        <Style id="6098">
            <LineStyle id="6100">
                <colorMode>normal</colorMode>
                <width>0.5</width>
            </LineStyle>
            <PolyStyle id="6099">
                <color>7fff7f00</color>
                <colorMode>normal</colorMode>
                <fill>1</fill>
                <outline>1</outline>
            </PolyStyle>
        </Style>
        <Style id="6105">
            <LineStyle id="6107">
                <colorMode>normal</colorMode>
                <width>0.5</width>
            </LineStyle>
            <PolyStyle id="6106">
                <color>7fff7f00</color>
                <colorMode>normal</colorMode>
                <fill>1</fill>
                <outline>1</outline>
            </PolyStyle>
        </Style>
        <Style id="6112">
            <LineStyle id="6114">
                <colorMode>normal</colorMode>
                <width>0.5</width>
            </LineStyle>
            <PolyStyle id="6113">
                <color>7fff7f00</color>
                <colorMode>normal</colorMode>
                <fill>1</fill>
                <outline>1</outline>
            </PolyStyle>
        </Style>
        <Style id="6119">
            <LineStyle id="6121">
                <colorMode>normal</colorMode>
                <width>0.5</width>
            </LineStyle>
            <PolyStyle id="6120">
                <color>7fff7f00</color>
                <colorMode>normal</colorMode>
                <fill>1</fill>
                <outline>1</outline>
            </PolyStyle>
        </Style>
        <Style id="6126">
            <LineStyle id="6128">
                <colorMode>normal</colorMode>
                <width>0.5</width>
            </LineStyle>
            <PolyStyle id="6127">
                <color>7fff7f00</color>
                <colorMode>normal</colorMode>
                <fill>1</fill>
                <outline>1</outline>
            </PolyStyle>
        </Style>
        <Style id="6133">
            <LineStyle id="6135">
                <colorMode>normal</colorMode>
                <width>0.5</width>
            </LineStyle>
            <PolyStyle id="6134">
                <color>7fff7f00</color>
                <colorMode>normal</colorMode>
                <fill>1</fill>
                <outline>1</outline>
            </PolyStyle>
        </Style>
        <Style id="6140">
            <LineStyle id="6142">
                <colorMode>normal</colorMode>
                <width>0.5</width>
            </LineStyle>
            <PolyStyle id="6141">
                <color>7fff7f00</color>
                <colorMode>normal</colorMode>
                <fill>1</fill>
                <outline>1</outline>
            </PolyStyle>
        </Style>
        <Style id="6147">
            <LineStyle id="6149">
                <colorMode>normal</colorMode>
                <width>0.5</width>
            </LineStyle>
            <PolyStyle id="6148">
                <color>7fff7f00</color>
                <colorMode>normal</colorMode>
                <fill>1</fill>
                <outline>1</outline>
            </PolyStyle>
        </Style>
        <Style id="6154">
            <LineStyle id="6156">
                <colorMode>normal</colorMode>
                <width>0.5</width>
            </LineStyle>
            <PolyStyle id="6155">
                <color>7fff7f00</color>
                <colorMode>normal</colorMode>
                <fill>1</fill>
                <outline>1</outline>
            </PolyStyle>
        </Style>
        <Style id="6161">
            <LineStyle id="6163">
                <colorMode>normal</colorMode>
                <width>0.5</width>
            </LineStyle>
            <PolyStyle id="6162">
                <color>7fff7f00</color>
                <colorMode>normal</colorMode>
                <fill>1</fill>
                <outline>1</outline>
            </PolyStyle>
        </Style>
        <Style id="6168">
            <LineStyle id="6170">
                <colorMode>normal</colorMode>
                <width>0.5</width>
            </LineStyle>
            <PolyStyle id="6169">
                <color>7fff7f00</color>
                <colorMode>normal</colorMode>
                <fill>1</fill>
                <outline>1</outline>
            </PolyStyle>
        </Style>
        <Style id="6175">
            <LineStyle id="6177">
                <colorMode>normal</colorMode>
                <width>0.5</width>
            </LineStyle>
            <PolyStyle id="6176">
                <color>7fff7f00</color>
                <colorMode>normal</colorMode>
                <fill>1</fill>
                <outline>1</outline>
            </PolyStyle>
        </Style>
        <Style id="6182">
            <LineStyle id="6184">
                <colorMode>normal</colorMode>
                <width>0.5</width>
            </LineStyle>
            <PolyStyle id="6183">
                <color>7fff7f00</color>
                <colorMode>normal</colorMode>
                <fill>1</fill>
                <outline>1</outline>
            </PolyStyle>
        </Style>
        <Style id="6189">
            <LineStyle id="6191">
                <colorMode>normal</colorMode>
                <width>0.5</width>
            </LineStyle>
            <PolyStyle id="6190">
                <color>7fff7f00</color>
                <colorMode>normal</colorMode>
                <fill>1</fill>
                <outline>1</outline>
            </PolyStyle>
        </Style>
        <Style id="6196">
            <LineStyle id="6198">
                <colorMode>normal</colorMode>
                <width>0.5</width>
            </LineStyle>
            <PolyStyle id="6197">
                <color>7fff7f00</color>
                <colorMode>normal</colorMode>
                <fill>1</fill>
                <outline>1</outline>
            </PolyStyle>
        </Style>
        <Style id="6203">
            <LineStyle id="6205">
                <colorMode>normal</colorMode>
                <width>0.5</width>
            </LineStyle>
            <PolyStyle id="6204">
                <color>7fff7f00</color>
                <colorMode>normal</colorMode>
                <fill>1</fill>
                <outline>1</outline>
            </PolyStyle>
        </Style>
        <Style id="6210">
            <LineStyle id="6212">
                <colorMode>normal</colorMode>
                <width>0.5</width>
            </LineStyle>
            <PolyStyle id="6211">
                <color>7fff7f00</color>
                <colorMode>normal</colorMode>
                <fill>1</fill>
                <outline>1</outline>
            </PolyStyle>
        </Style>
        <Style id="6217">
            <LineStyle id="6219">
                <colorMode>normal</colorMode>
                <width>0.5</width>
            </LineStyle>
            <PolyStyle id="6218">
                <color>7fff7f00</color>
                <colorMode>normal</colorMode>
                <fill>1</fill>
                <outline>1</outline>
            </PolyStyle>
        </Style>
        <Style id="6224">
            <LineStyle id="6226">
                <colorMode>normal</colorMode>
                <width>0.5</width>
            </LineStyle>
            <PolyStyle id="6225">
                <color>7fff7f00</color>
                <colorMode>normal</colorMode>
                <fill>1</fill>
                <outline>1</outline>
            </PolyStyle>
        </Style>
        <Style id="6231">
            <LineStyle id="6233">
                <colorMode>normal</colorMode>
                <width>0.5</width>
            </LineStyle>
            <PolyStyle id="6232">
                <color>7fff7f00</color>
                <colorMode>normal</colorMode>
                <fill>1</fill>
                <outline>1</outline>
            </PolyStyle>
        </Style>
        <Style id="6238">
            <LineStyle id="6240">
                <colorMode>normal</colorMode>
                <width>0.5</width>
            </LineStyle>
            <PolyStyle id="6239">
                <color>7fff7f00</color>
                <colorMode>normal</colorMode>
                <fill>1</fill>
                <outline>1</outline>
            </PolyStyle>
        </Style>
        <Style id="6245">
            <LineStyle id="6247">
                <colorMode>normal</colorMode>
                <width>0.5</width>
            </LineStyle>
            <PolyStyle id="6246">
                <color>7fff7f00</color>
                <colorMode>normal</colorMode>
                <fill>1</fill>
                <outline>1</outline>
            </PolyStyle>
        </Style>
        <Style id="6252">
            <LineStyle id="6254">
                <colorMode>normal</colorMode>
                <width>0.5</width>
            </LineStyle>
            <PolyStyle id="6253">
                <color>7fff7f00</color>
                <colorMode>normal</colorMode>
                <fill>1</fill>
                <outline>1</outline>
            </PolyStyle>
        </Style>
        <Style id="6259">
            <LineStyle id="6261">
                <colorMode>normal</colorMode>
                <width>0.5</width>
            </LineStyle>
            <PolyStyle id="6260">
                <color>7fff7f00</color>
                <colorMode>normal</colorMode>
                <fill>1</fill>
                <outline>1</outline>
            </PolyStyle>
        </Style>
        <Style id="6266">
            <LineStyle id="6268">
                <colorMode>normal</colorMode>
                <width>0.5</width>
            </LineStyle>
            <PolyStyle id="6267">
                <color>7fff7f00</color>
                <colorMode>normal</colorMode>
                <fill>1</fill>
                <outline>1</outline>
            </PolyStyle>
        </Style>
        <Style id="6273">
            <LineStyle id="6275">
                <colorMode>normal</colorMode>
                <width>0.5</width>
            </LineStyle>
            <PolyStyle id="6274">
                <color>7fff7f00</color>
                <colorMode>normal</colorMode>
                <fill>1</fill>
                <outline>1</outline>
            </PolyStyle>
        </Style>
        <Style id="6280">
            <LineStyle id="6282">
                <colorMode>normal</colorMode>
                <width>0.5</width>
            </LineStyle>
            <PolyStyle id="6281">
                <color>7fff7f00</color>
                <colorMode>normal</colorMode>
                <fill>1</fill>
                <outline>1</outline>
            </PolyStyle>
        </Style>
        <Style id="6287">
            <LineStyle id="6289">
                <colorMode>normal</colorMode>
                <width>0.5</width>
            </LineStyle>
            <PolyStyle id="6288">
                <color>7fff7f00</color>
                <colorMode>normal</colorMode>
                <fill>1</fill>
                <outline>1</outline>
            </PolyStyle>
        </Style>
        <Style id="6294">
            <LineStyle id="6296">
                <colorMode>normal</colorMode>
                <width>0.5</width>
            </LineStyle>
            <PolyStyle id="6295">
                <color>7fff7f00</color>
                <colorMode>normal</colorMode>
                <fill>1</fill>
                <outline>1</outline>
            </PolyStyle>
        </Style>
        <Style id="6301">
            <LineStyle id="6303">
                <colorMode>normal</colorMode>
                <width>0.5</width>
            </LineStyle>
            <PolyStyle id="6302">
                <color>7fff7f00</color>
                <colorMode>normal</colorMode>
                <fill>1</fill>
                <outline>1</outline>
            </PolyStyle>
        </Style>
        <Style id="6308">
            <LineStyle id="6310">
                <colorMode>normal</colorMode>
                <width>0.5</width>
            </LineStyle>
            <PolyStyle id="6309">
                <color>7fff7f00</color>
                <colorMode>normal</colorMode>
                <fill>1</fill>
                <outline>1</outline>
            </PolyStyle>
        </Style>
        <name>sph flood_extent</name>
        <Placemark id="5270">
            <name>Inundated</name>
            <styleUrl>#5293</styleUrl>
            <Polygon id="5269">
                <outerBoundaryIs>
                    <LinearRing id="5271">
                        <coordinates>85.14709439041017,27.929788382359817,0.0 85.14709131175738,27.92996883536146,0.0 85.14729448596864,27.929971569587988,0.0 85.14728832925174,27.930332475617565,0.0 85.14749150416574,27.930335209586033,0.0 85.14728217242077,27.930693381626977,0.0 85.14748534800901,27.93069611563687,0.0 85.14747919173824,27.93105702166753,0.0 85.14768236802925,27.931059755419348,0.0 85.1476762123187,27.931420661471257,0.0 85.14787938931248,27.931423394964998,0.0 85.1476700564941,27.931781567503,0.0 85.14787323416216,27.93178430103815,0.0 85.1478640012229,27.932325660110056,0.0 85.1480671799309,27.932328393407822,0.0 85.14805487029474,27.933050205515922,0.0 85.14845815368754,27.93323612443436,0.0 85.1484519999901,27.933597030530873,0.0 85.14865518114374,27.933599763074994,0.0 85.14865210458944,27.933780216136384,0.0 85.14885528610877,27.93378294840168,0.0 85.14885220986315,27.933963401478728,0.0 85.14905539174813,27.933966133465187,0.0 85.1490523158112,27.934146586557883,0.0 85.14925549806186,27.9341493182655,0.0 85.14945252973044,27.934512955926614,0.0 85.14986197036808,27.93433796476156,0.0 85.14985889572293,27.93451841792693,0.0 85.15006207876188,27.93452114847778,0.0 85.15005900442544,27.93470160165879,0.0 85.15026218783008,27.93470433193078,0.0 85.15025911380236,27.934884785127423,0.0 85.15046229757266,27.934887515120558,0.0 85.15045922385367,27.935067968332838,0.0 85.15066240798964,27.9350706980471,0.0 85.15065933457937,27.93525115127502,0.0 85.15086251908102,27.935253880710405,0.0 85.15105955805403,27.93561751636965,0.0 85.15126274328699,27.93562024524728,0.0 85.15126581574256,27.935439791967426,0.0 85.15146900066678,27.935442520524838,0.0 85.15146592854842,27.935622973825353,0.0 85.15187229915665,27.93562843008285,0.0 85.15187537060058,27.935447976740996,0.0 85.15228174064816,27.935453431758955,0.0 85.15228481138924,27.93527297837075,0.0 85.1524879961185,27.935275705409737,0.0 85.15248492571462,27.935456158818607,0.0 85.15268811080952,27.935458885578697,0.0 85.15268504071443,27.935639339003174,0.0 85.15288822617497,27.93564206548437,0.0 85.15288515638865,27.935822518924464,0.0 85.15328845892915,27.936008424505832,0.0 85.15307913369695,27.936366605478717,0.0 85.15348550745794,27.936372057108503,0.0 85.15368255725036,27.93673568947403,0.0 85.15510487122913,27.936754758933922,0.0 85.15510180498177,27.93693521257078,0.0 85.15530499314389,27.936937935601684,0.0 85.15530192720539,27.93711838925413,0.0 85.15550511573312,27.937121112006082,0.0 85.15550205010345,27.93730156567412,0.0 85.15590536293503,27.93748746402476,0.0 85.15589923288272,27.93784837141809,0.0 85.15610242284463,27.937851093353782,0.0 85.15589310271687,27.938209278791263,0.0 85.15609629335327,27.93821200076819,0.0 85.15609322856503,27.938392454467827,0.0 85.15649961059752,27.938397897564133,0.0 85.15649654645541,27.93857835129996,0.0 85.1566997378515,27.938581072419332,0.0 85.15669667401828,27.938761526170737,0.0 85.15689986578,27.938764247011118,0.0 85.15689680225569,27.938944700778084,0.0 85.15709999438306,27.938947421339478,0.0 85.15709693116763,27.939127875122008,0.0 85.15750025361278,27.939313769205906,0.0 85.1574941283892,27.939674676828165,0.0 85.1576973219508,27.939677396573156,0.0 85.15769425963376,27.939857850397328,0.0 85.15789745356099,27.939860569863306,0.0 85.15789439155287,27.94004102370304,0.0 85.15829771880512,27.940226915653227,0.0 85.15829159599626,27.94058782338985,0.0 85.15849479135777,27.94059054203936,0.0 85.15849173024812,27.940770995920705,0.0 85.1582885345493,27.940768277250605,0.0 85.15828547307399,27.94094873110631,0.0 85.1584886691101,27.940951449797,0.0 85.15848254674904,27.94131235753448,0.0 85.15868574348812,27.94131507596672,0.0 85.15868268260238,27.94149552984849,0.0 85.15908601660075,27.941681419773154,0.0 85.1592769742076,27.942405953051175,0.0 85.15968031261959,27.94259184142036,0.0 85.15967725322209,27.942772295369757,0.0 85.15947405364268,27.942769578271047,0.0 85.15947099387951,27.94295003219482,0.0 85.15967419379626,27.94295274931411,0.0 85.15966501534878,27.943494111116923,0.0 85.15986821630591,27.943496827998285,0.0 85.15986515710411,27.943677281943057,0.0 85.15966195580961,27.943674565041114,0.0 85.15965583664627,27.944035472874376,0.0 85.15985903861548,27.944038189817462,0.0 85.15985292001352,27.944399097671717,0.0 85.1600561226858,27.944401814356286,0.0 85.16005306367971,27.94458226829643,0.0 85.15984986067005,27.944579551591282,0.0 85.1598437418981,27.944940459415292,0.0 85.16004694558251,27.944943176161583,0.0 85.16004082737197,27.94530408400658,0.0 85.15983762301282,27.94530136721914,0.0 85.15983456352768,27.945481821113507,0.0 85.1602379141104,27.945667708360318,0.0 85.16023179634803,27.946028616206128,0.0 85.16084141372914,27.94603676411812,0.0 85.16083223990974,27.946578126034144,0.0 85.1610354467723,27.94658084146712,0.0 85.16102933142591,27.946941749427058,0.0 85.16123253899161,27.946944464601458,0.0 85.16122948161336,27.947124918594426,0.0 85.16143268954478,27.947127633489682,0.0 85.16142657537817,27.94748854150162,0.0 85.16162978401276,27.94749125613828,0.0 85.16162672722442,27.947671710157245,0.0 85.16182993622473,27.947674424514744,0.0 85.1618268797455,27.94785487854923,0.0 85.16203008911155,27.947857592627575,0.0 85.16202703294145,27.948038046677564,0.0 85.1624303969098,27.948223928062262,0.0 85.16242734135797,27.94840438214327,0.0 85.16222413092302,27.948401668602713,0.0 85.16221801905958,27.94876257670851,0.0 85.16180854027573,27.94893760265027,0.0 85.16180548359836,27.94911805664946,0.0 85.1620086953265,27.94912077087167,0.0 85.16200258256174,27.94948167889605,0.0 85.1622057949931,27.949484392859635,0.0 85.16219968279006,27.949845300904954,0.0 85.16199646968379,27.94984258690027,0.0 85.16199341320234,27.95002304089482,0.0 85.16219662664608,27.95002575492005,0.0 85.1621935704738,27.950206208930112,0.0 85.1619903566926,27.950203494884327,0.0 85.16195367636777,27.952368942365265,0.0 85.16215689419887,27.952371656657665,0.0 85.16215383765865,27.952552110602202,0.0 85.16195061949004,27.952549396289253,0.0 85.16192616344911,27.95399302749963,0.0 85.16172294260862,27.953990312722482,0.0 85.16171988513858,27.954170766580543,0.0 85.1619231063166,27.95417348137825,0.0 85.1619200491558,27.95435393525183,0.0 85.16171682764022,27.95435122043356,0.0 85.16190782022943,27.95507575069571,0.0 85.16170459736367,27.955073035795223,0.0 85.16170153972375,27.95525348962304,0.0 85.16190476292708,27.955256204544074,0.0 85.16189864823741,27.95561711222569,0.0 85.1625083200426,27.955625255313258,0.0 85.16250526366801,27.955805709208153,0.0 85.16291171235478,27.95581113647523,0.0 85.16290865662704,27.955991590406175,0.0 85.16311188135043,27.955994303610524,0.0 85.16310882593196,27.956174757556976,0.0 85.16351222136717,27.956360637089794,0.0 85.16350611173907,27.95672154503963,0.0 85.16370933789766,27.956724257426682,0.0 85.16370628337876,27.956904711414573,0.0 85.1645191896463,27.956915558046596,0.0 85.16452224281484,27.95673510397658,0.0 85.16492869544308,27.956740525452574,0.0 85.16492564294971,27.95692097956363,0.0 85.1655353231168,27.956929109590458,0.0 85.16553227160794,27.957109563758024,0.0 85.16593872586914,27.95711498231778,0.0 85.16593567500722,27.95729543652132,0.0 85.16633907984163,27.95748130816229,0.0 85.16633297932694,27.95784221662621,0.0 85.16653620790682,27.957844924938687,0.0 85.16652400788894,27.958566741888074,0.0 85.16672723784751,27.95856944998272,0.0 85.16672418811005,27.95874990422796,0.0 85.16713064878715,27.95875531955868,0.0 85.16712150143111,27.959296682387173,0.0 85.16752491574704,27.95948255094852,0.0 85.16771595460368,27.9602070749062,0.0 85.16791918777035,27.96020978138612,0.0 85.16791613980463,27.96039023570898,0.0 85.16811937333719,27.960392941909507,0.0 85.1681132779964,27.96075385058107,0.0 85.16831651223247,27.9607565565227,0.0 85.16831346485739,27.9609370108714,0.0 85.16811023028366,27.96093430490929,0.0 85.16810718254271,27.96111475923248,0.0 85.16831041745412,27.96111746521507,0.0 85.16830127507497,27.961658828215825,0.0 85.16809803915055,27.961656122171778,0.0 85.16809499129673,27.961836576474802,0.0 85.16829822755881,27.96183928253933,0.0 85.16829213244185,27.962200191171224,0.0 85.16849536940751,27.96220289697683,0.0 85.16848927485306,27.962563805629536,0.0 85.1686925125223,27.9625665111762,0.0 85.16868946554044,27.96274696551547,0.0 85.16848622753349,27.962744259948327,0.0 85.16848013280973,27.96310516857078,0.0 85.16868337149208,27.96310787417889,0.0 85.16868032442558,27.963288328503047,0.0 85.16847708540553,27.96328562287445,0.0 85.16845880038777,27.964368348590636,0.0 85.16927176474229,27.964379169796974,0.0 85.16926871849147,27.964559624147277,0.0 85.16967824708878,27.96438457860058,0.0 85.16967520151341,27.96456503299183,0.0 85.17008168464815,27.964570440636663,0.0 85.17007863972003,27.964750895063794,0.0 85.17028188166742,27.964753598456785,0.0 85.17047903505312,27.965117210470837,0.0 85.17088552043977,27.965122615838983,0.0 85.17088856407334,27.96494216134009,0.0 85.1710918064712,27.9649448635538,0.0 85.17128896295286,27.96530847454214,0.0 85.17169849155123,27.965133422976034,0.0 85.17169544924043,27.965313877551697,0.0 85.17209889397716,27.965499733972983,0.0 85.1720928105657,27.965860643180886,0.0 85.1724962580326,27.966046498550817,0.0 85.17249321693197,27.966226953183046,0.0 85.1722899719727,27.966224252925816,0.0 85.17228084748858,27.966765616730957,0.0 85.17248409346112,27.96676831704951,0.0 85.17248105224787,27.96694877166158,0.0 85.17268429858635,27.966951471700614,0.0 85.1726812576827,27.96713192632808,0.0 85.1728845043871,27.967134626087585,0.0 85.17288146379308,27.967315080730454,0.0 85.17308471086339,27.96731778021043,0.0 85.17328187804048,27.967681388742783,0.0 85.17348512584266,27.967684087663674,0.0 85.17348816547965,27.967503632969596,0.0 85.17450440322372,27.967517122972414,0.0 85.17450744114367,27.9673366681712,0.0 85.17430419387638,27.967333970790985,0.0 85.1745135168992,27.96697575855364,0.0 85.17431027030744,27.966973061214258,0.0 85.17431330848079,27.966792606418338,0.0 85.17411006225493,27.966789908799417,0.0 85.17391289367056,27.96642630135525,0.0 85.17431938474307,27.966431696811377,0.0 85.174316346626,27.96661215161738,0.0 85.17492608445903,27.966620242613146,0.0 85.17512325684321,27.966983848772,0.0 85.17532650354745,27.96698654491153,0.0 85.17532954003195,27.966806090013545,0.0 85.17553278642653,27.96680878583271,0.0 85.17552975027981,27.966989240751097,0.0 85.17593624382886,27.966994631530337,0.0 85.17593320832957,27.967175086484488,0.0 85.17613645548403,27.96717778144456,0.0 85.1761334202944,27.967358236414068,0.0 85.17633666781474,27.96736093109458,0.0 85.17653384625078,27.967724535480595,0.0 85.17694034278307,27.967729923423324,0.0 85.17693730886029,27.967910378459294,0.0 85.17734077290523,27.9680962203146,0.0 85.1773316729109,27.968637585499472,0.0 85.17753492296431,27.96864027852284,0.0 85.17753188991449,27.96882073359477,0.0 85.1779383907812,27.968826118782317,0.0 85.1779353583789,27.96900657388997,0.0 85.17813860919219,27.969009266054137,0.0 85.17813557709964,27.96918972117713,0.0 85.1783388282788,27.96919241306168,0.0 85.17833579649599,27.969372868200015,0.0 85.17853904804103,27.969375559804945,0.0 85.17853601656796,27.969556014958606,0.0 85.17893948959238,27.969741852498576,0.0 85.17894555121529,27.96938094211482,0.0 85.17914880284451,27.969383632819767,0.0 85.17915183327607,27.969203177599965,0.0 85.17935508459553,27.969205867984556,0.0 85.17935811466121,27.969025412739356,0.0 85.17976764607069,27.968850337276884,0.0 85.17957045468621,27.968486736976693,0.0 85.17896070478149,27.968478666067277,0.0 85.17896676601156,27.968117755612997,0.0 85.17917001527614,27.968120446175387,0.0 85.1791730455113,27.967939990920335,0.0 85.17958257298058,27.96776491580364,0.0 85.17958560248404,27.967584460497797,0.0 85.17938235417671,27.967581770596436,0.0 85.1793853839899,27.967401315305906,0.0 85.17958863195945,27.9674040051869,0.0 85.17959469082612,27.967043094550007,0.0 85.17939144353214,27.967040404709728,0.0 85.17939447326118,27.96685994940409,0.0 85.17919122633303,27.966857259284204,0.0 85.17919425637179,27.966676803993888,0.0 85.17899100980945,27.966674113594408,0.0 85.1787938246196,27.96631051238068,0.0 85.17838430165259,27.96648558538231,0.0 85.1783873329863,27.96630513016338,0.0 85.17818408721175,27.966302438604803,0.0 85.17818711885515,27.966121983401216,0.0 85.17778366035662,27.965936144257068,0.0 85.17778972485411,27.96557523390621,0.0 85.17758648051479,27.96557254152928,0.0 85.17758951305917,27.96539208636668,0.0 85.17718302514028,27.965386700753747,0.0 85.17718909149575,27.965025790494956,0.0 85.17698584825392,27.965023097279342,0.0 85.17678867263426,27.964659493566405,0.0 85.17617894518797,27.964651411342487,0.0 85.17618197995608,27.964470956297408,0.0 85.17597873786791,27.964468261643294,0.0 85.17598177294565,27.96428780661358,0.0 85.17557528952906,27.964282416446363,0.0 85.17557832525415,27.96410196145241,0.0 85.17516880622492,27.96427702507943,0.0 85.1749716380634,27.96391341907556,0.0 85.17456211889328,27.964088480887654,0.0 85.17456515627883,27.963908025990705,0.0 85.17436191542873,27.963905328998393,0.0 85.1741647506444,27.96354172197881,0.0 85.17375827043571,27.963536326576243,0.0 85.17376130908775,27.963355871745854,0.0 85.17335179033955,27.963530929974002,0.0 85.17335482966702,27.963350475184466,0.0 85.17315158999885,27.963347776453897,0.0 85.17315462963589,27.96316732167975,0.0 85.17295139033358,27.963164622669698,0.0 85.17275423159984,27.962801013878046,0.0 85.17214451597249,27.962792914271297,0.0 85.17214755721356,27.962612459584207,0.0 85.17174412283313,27.962426603736485,0.0 85.17175629010465,27.961704785081125,0.0 85.17155305370098,27.96170208413525,0.0 85.17155913784309,27.961341174818237,0.0 85.17135590214292,27.96133847361337,0.0 85.17135894450941,27.961158018967748,0.0 85.17115570917508,27.961155317483442,0.0 85.17116179449884,27.960794408217986,0.0 85.17095855986803,27.960791706474694,0.0 85.17116787970994,27.96043349893238,0.0 85.17096464575444,27.960430797229993,0.0 85.1707674982761,27.96006718600378,0.0 85.17036103185657,27.960061781181455,0.0 85.1703640757141,27.959881326602833,0.0 85.17016084288427,27.95987862376232,0.0 85.1701730193831,27.959156805479314,0.0 85.16956332511438,27.959148695404142,0.0 85.1695663701815,27.95896824088219,0.0 85.16936313915262,27.958965536944543,0.0 85.16936618452917,27.958785082438034,0.0 85.16896276925488,27.9585992192335,0.0 85.16897495306725,27.957877401300642,0.0 85.16877172414868,27.95787469658629,0.0 85.16877781656086,27.957513787630578,0.0 85.16857458834572,27.957511082657337,0.0 85.16837745380853,27.957147468490305,0.0 85.1677677714426,27.957139350994932,0.0 85.16777081923793,27.95695889660185,0.0 85.16756759217665,27.956956190190887,0.0 85.16757064028135,27.95677573581326,0.0 85.1673674135859,27.956773029122946,0.0 85.16717028439376,27.956409413444412,0.0 85.16676383249433,27.95640399864664,0.0 85.16656670597462,27.956040382212436,0.0 85.16615720524008,27.95621541995203,0.0 85.16616025559493,27.95603496569773,0.0 85.16555058023728,27.956026838677026,0.0 85.16555363157659,27.95584638447922,0.0 85.16474378550694,27.955655090215437,0.0 85.16474989074484,27.955294181958767,0.0 85.16454666714544,27.95529147123504,0.0 85.16454972005954,27.955111017119666,0.0 85.16414632718165,27.95492514073449,0.0 85.16415243421872,27.954564232560646,0.0 85.16394921205438,27.954561521019617,0.0 85.16395837341054,27.954020158782633,0.0 85.16355498559585,27.953834280876368,0.0 85.16355803997146,27.953653826823317,0.0 85.16376126039157,27.95365653886128,0.0 85.16376431440138,27.95347608478265,0.0 85.16356109431881,27.953473372765227,0.0 85.16357025719113,27.952932010560723,0.0 85.16377347626111,27.952934722516545,0.0 85.1637765301578,27.952754268417763,0.0 85.16357331142534,27.952751556482472,0.0 85.1635794198089,27.95239064831085,0.0 85.16378263786633,27.952393360205075,0.0 85.16378569167819,27.952212906091173,0.0 85.16358247395826,27.952210194217482,0.0 85.16358552807932,27.952029740119073,0.0 85.16378874546176,27.952032451972233,0.0 85.16380401395543,27.951130181301917,0.0 85.16360079826048,27.951127469551423,0.0 85.16360385221186,27.95094701542277,0.0 85.16380706756932,27.950949727152732,0.0 85.16381317471229,27.950588818839243,0.0 85.1636099600298,27.95058610715035,0.0 85.16361301389634,27.950405653006577,0.0 85.16381622824136,27.950408364674942,0.0 85.16382538865889,27.949867002151795,0.0 85.16342201611285,27.94968112449513,0.0 85.16342812420977,27.949320216193215,0.0 85.16363133650172,27.949322928038118,0.0 85.1636343901703,27.949142473859073,0.0 85.16343117821582,27.9491397620347,0.0 85.16344339395717,27.948417945350247,0.0 85.16364660456185,27.948420657092477,0.0 85.16385592154606,27.948062460080386,0.0 85.16365271158796,27.94805974867894,0.0 85.16366187191504,27.947518386020842,0.0 85.16325850816892,27.947332508253634,0.0 85.16326461620537,27.94697159986177,0.0 85.1628612551869,27.94678572104491,0.0 85.16287347350654,27.94606390434485,0.0 85.16267026740145,27.946061191670783,0.0 85.16267332224804,27.94588073750372,0.0 85.16247011650864,27.945878024550506,0.0 85.16247622679172,27.94551711624234,0.0 85.16227302175541,27.945514403030533,0.0 85.1622760771919,27.94533394888943,0.0 85.16247928189084,27.94533666208069,0.0 85.16248539200417,27.944975753742277,0.0 85.16228218798001,27.944973040592114,0.0 85.16228524333161,27.9447925864359,0.0 85.16208203967312,27.944789873006606,0.0 85.16208815096621,27.944428964720135,0.0 85.16188494801078,27.94442625103227,0.0 85.1618971716068,27.94370443448108,0.0 85.16169397002912,27.943701720575753,0.0 85.16170008233203,27.94334081231102,0.0 85.16149688145737,27.94333809814714,0.0 85.16150299432176,27.942977189903363,0.0 85.16170619452171,27.942979904026135,0.0 85.16170925057412,27.942799449876134,0.0 85.1615060507115,27.94279673577392,0.0 85.16151216340606,27.942435827499903,0.0 85.16130896424643,27.942433113139156,0.0 85.16111799286318,27.941708582034718,0.0 85.16071465492499,27.941522697897003,0.0 85.16072382737774,27.940981335619313,0.0 85.16052063102995,27.940978620224506,0.0 85.16052674653149,27.940617712055303,0.0 85.16032355088663,27.940614996402005,0.0 85.16032966694948,27.940254088253788,0.0 85.16012647200755,27.940251372342008,0.0 85.16033578289904,27.93989318008541,0.0 85.1601325886317,27.939890464214763,0.0 85.15994162865023,27.93916593181184,0.0 85.15973843578867,27.93916321542427,0.0 85.15974149461952,27.938982761374078,0.0 85.15953830212356,27.938980044707478,0.0 85.15934122858174,27.938616419708083,0.0 85.159138036817,27.938613702483444,0.0 85.15913497703102,27.938794156481983,0.0 85.15893178495733,27.93879143893717,0.0 85.15893484508061,27.93861098495921,0.0 85.15852846169284,27.93860554901195,0.0 85.1585315224623,27.93842509507013,0.0 85.1583283311482,27.938422376667702,0.0 85.15833139222657,27.938241922741426,0.0 85.15812820127809,27.93823920405999,0.0 85.15813126266536,27.938058750149267,0.0 85.15792807208251,27.93805603118884,0.0 85.1577310055665,27.937692404174637,0.0 85.15732462589159,27.93768696483823,0.0 85.15732768854281,27.937506510994776,0.0 85.15712449908514,27.937503790897804,0.0 85.15712756204525,27.937323337069913,0.0 85.15733075116566,27.93732605714628,0.0 85.15733381376015,27.93714560329274,0.0 85.15713062497697,27.93714288323697,0.0 85.15713981360194,27.93660152170794,0.0 85.1573430013734,27.936604241701897,0.0 85.15734606385445,27.936423787828193,0.0 85.15714287642021,27.936421067854837,0.0 85.1571490019716,27.93606016013353,0.0 85.1573521887314,27.936062880065688,0.0 85.15735525112733,27.935882426176864,0.0 85.15715206470476,27.935879706265315,0.0 85.15716125273401,27.935338344630427,0.0 85.15695806735147,27.935335624481123,0.0 85.15696419323689,27.93497471674054,0.0 85.15676100855711,27.9349719963329,0.0 85.15676407179448,27.93479154247565,0.0 85.15696725613704,27.934794262862695,0.0 85.15697031900882,27.9346138089798,0.0 85.15676713500346,27.934611088613373,0.0 85.15677632446017,27.934069726996267,0.0 85.15636995855772,27.93406428548844,0.0 85.15637302232759,27.933883831647208,0.0 85.15596359276879,27.934058842782456,0.0 85.15597278601633,27.93351748136733,0.0 85.15556948739747,27.93333158381303,0.0 85.15557561737918,27.932970676250136,0.0 85.15537243660712,27.932967953972494,0.0 85.15537550189256,27.932787500204114,0.0 85.15517232148606,27.932784777647576,0.0 85.15517538708028,27.932604323894772,0.0 85.15477209326693,27.932418424207796,0.0 85.15477822566199,27.932057516759496,0.0 85.15457504668933,27.932054793386918,0.0 85.1545781131814,27.931874339675844,0.0 85.15437493457429,27.931871616024385,0.0 85.15437800137511,27.931691162328896,0.0 85.15417482313354,27.931688438398567,0.0 85.1539777797854,27.931324806845176,0.0 85.15377460227492,27.93132208235711,0.0 85.15377153451949,27.931502536000764,0.0 85.15336517890954,27.931497086084846,0.0 85.15336211045141,27.93167753968218,0.0 85.15254939822402,27.931666636173713,0.0 85.15234007986525,27.932024816520872,0.0 85.15193372263045,27.932019362287964,0.0 85.151930651727,27.9321998157256,0.0 85.15172747281511,27.932197088139226,0.0 85.15171825892259,27.93273844835991,0.0 85.15090861218826,27.932547081452093,0.0 85.15091475745206,27.932186174798606,0.0 85.15132418699157,27.93201117869229,0.0 85.15132725887803,27.9318307253116,0.0 85.15112408072578,27.931827996868034,0.0 85.15113329722585,27.93128663675772,0.0 85.15093012011349,27.93128390807665,0.0 85.15093319256039,27.931103454717135,0.0 85.1505268390953,27.93109799649785,0.0 85.15052991218803,27.93091754317464,0.0 85.1501204857441,27.931092537080584,0.0 85.15012663324957,27.93073163051184,0.0 85.14992345729092,27.930728900395316,0.0 85.15013278064116,27.930370723922916,0.0 85.14992960535675,27.930367993847767,0.0 85.14993575330868,27.930007087280053,0.0 85.149732578727,27.930004356946785,0.0 85.14973872723925,27.92964345040026,0.0 85.14953555336025,27.92964071980888,0.0 85.14974487563761,27.929282543833583,0.0 85.14934160408714,27.929096629184563,0.0 85.14934775366302,27.928735722670368,0.0 85.14975409802157,27.92874118394574,0.0 85.14975717209262,27.92856073063971,0.0 85.15016658925929,27.928385737323406,0.0 85.15017580919364,27.927844377235843,0.0 85.15037897978716,27.927847106722,0.0 85.15038205270461,27.927666653328718,0.0 85.15058522298952,27.92766938249474,0.0 85.15058829554144,27.927488929075746,0.0 85.15099770737179,27.927313933002704,0.0 85.15100077919266,27.927133479532277,0.0 85.15079760986204,27.92713075102717,0.0 85.15080375409251,27.92676984411254,0.0 85.1512131628324,27.9265948472344,0.0 85.15101613787014,27.92623121210452,0.0 85.15142554422223,27.9260562144677,0.0 85.15145011100651,27.92461258595015,0.0 85.15165327570391,27.92461531326762,0.0 85.15165634608691,27.924434859659577,0.0 85.15145318172654,27.924432132362778,0.0 85.15145932308127,27.924071225172895,0.0 85.1516624867676,27.924073952428373,0.0 85.15166862733454,27.923713045177013,0.0 85.15146546432221,27.923710317962865,0.0 85.1514838873624,27.922627596211772,0.0 85.15108063654814,27.922441687531773,0.0 85.15108677862501,27.922080780313674,0.0 85.15068045886532,27.92207532416163,0.0 85.15048344301309,27.921711688522297,0.0 85.14987396569418,27.921703501274788,0.0 85.14987703865486,27.92152304777214,0.0 85.14947072125854,27.921517588151612,0.0 85.14947379486468,27.921337134685302,0.0 85.14927063654618,27.92133440444666,0.0 85.14927678434694,27.920973497540285,0.0 85.14866731158409,27.920965305152283,0.0 85.14867038645261,27.920784851753606,0.0 85.1482640720937,27.92077938870616,0.0 85.14826099655126,27.92095984206344,0.0 85.14805783907758,27.920957110069963,0.0 85.14786083403659,27.920593471140332,0.0 85.14704820723647,27.92058253914097,0.0 85.14705128474361,27.920402085897845,0.0 85.1466449721885,27.920396618143428,0.0 85.14664189400747,27.920577071345114,0.0 85.14643873743573,27.92057433699815,0.0 85.14644181595371,27.920393883817177,0.0 85.14562919129976,27.92038294351858,0.0 85.14563227113699,27.920202490415463,0.0 85.14522595965505,27.92019701851148,0.0 85.14522287914396,27.920377471573136,0.0 85.14501972310887,27.920374735151366,0.0 85.1450228039569,27.92019428211045,0.0 85.14421018144974,27.920183333512778,0.0 85.14421326361698,27.920002880549774,0.0 85.14380695320857,27.9199974044963,0.0 85.14381003602112,27.91981695156975,0.0 85.14360688119669,27.919814213114737,0.0 85.14340989328798,27.91945056857515,0.0 85.14300358512963,27.919445090251394,0.0 85.14300666920421,27.91926463739273,0.0 85.14280351550482,27.919261897802592,0.0 85.14280659988775,27.919081444959648,0.0 85.14260344655385,27.919078705090925,0.0 85.14260653124512,27.918898252263702,0.0 85.14240337827671,27.918895512116407,0.0 85.14240646327632,27.91871505930489,0.0 85.14220331067341,27.91871231887902,0.0 85.14220639598133,27.918531866083242,0.0 85.14200324374393,27.918529125378804,0.0 85.14200632936019,27.918348672598746,0.0 85.14180317748824,27.91834593161575,0.0 85.14180626341283,27.91816547885142,0.0 85.14160311190639,27.918162737589864,0.0 85.14160619813929,27.91798228484126,0.0 85.14140304699833,27.917979543301147,0.0 85.14140613353953,27.917799090568277,0.0 85.14120298276406,27.91779634874962,0.0 85.14100600636138,27.917432701233874,0.0 85.14059970630102,27.917427216183068,0.0 85.14060279410398,27.91724676351819,0.0 85.1403996444536,27.917244020564592,0.0 85.14040273256484,27.917063567915456,0.0 85.14019958327995,27.91706082468333,0.0 85.14020267169946,27.916880372049942,0.0 85.13999952278004,27.916877628539293,0.0 85.13980255198993,27.916513979530578,0.0 85.13939625564171,27.91650849109591,0.0 85.13939934532287,27.916328038530565,0.0 85.13919619752856,27.91632529388507,0.0 85.13919310751054,27.916505746429625,0.0 85.13898995940798,27.916503001464022,0.0 85.13899304976287,27.91632254894028,0.0 85.13818045898647,27.91631156616806,0.0 85.1381835506602,27.916131113722493,0.0 85.13757410888921,27.91612287356309,0.0 85.13757720154487,27.91594242117492,0.0 85.13717090784786,27.915936926280455,0.0 85.13717400114861,27.915756473928884,0.0 85.13656456182858,27.91574822940494,0.0 85.13656765611123,27.9155677771108,0.0 85.13575507209997,27.915556780305412,0.0 85.13575816770134,27.915376328089565,0.0 85.13535497278787,27.915190375753586,0.0 85.13536116519458,27.91482947138004,0.0 85.13515802066821,27.914826720915244,0.0 85.13516111716538,27.914646268741752,0.0 85.13536426135492,27.914649019185696,0.0 85.13536735748657,27.9144685669863,0.0 85.13577674070734,27.914293614688557,0.0 85.13577983610799,27.914113162437395,0.0 85.13557669287155,27.91411041265453,0.0 85.13558288426044,27.913749508178764,0.0 85.13599226439243,27.91357455507473,0.0 85.13579531268097,27.913210901105934,0.0 85.13640473750998,27.913219148346368,0.0 85.13640783172812,27.91303869600245,0.0 85.1366109730583,27.91304144446324,0.0 85.13641402007839,27.91267779129946,0.0 85.13661716073497,27.91268053971858,0.0 85.13662025453031,27.912500087338692,0.0 85.13702653525587,27.91250558323753,0.0 85.13703272141338,27.91214467837932,0.0 85.13723586114554,27.91214742583821,0.0 85.13723895384453,27.91196697338071,0.0 85.13744209326855,27.911969720519537,0.0 85.13744518560209,27.911789268036177,0.0 85.13785455549382,27.911614308844406,0.0 85.13807005922193,27.91089524479002,0.0 85.13827319673983,27.910897990606994,0.0 85.13827628755439,27.910717538010115,0.0 85.13868565211497,27.91054257606118,0.0 85.13848869602575,27.91017892562371,0.0 85.13869183225385,27.910181670758984,0.0 85.13869492228035,27.910001218100316,0.0 85.1391042834733,27.909826254726266,0.0 85.13911355127465,27.90928489658007,0.0 85.13931668590486,27.909287640713664,0.0 85.13932286362248,27.908926735216053,0.0 85.13952599760785,27.908929479008847,0.0 85.13932904122565,27.908565829698276,0.0 85.13953217453754,27.90856857344947,0.0 85.13954761636099,27.907666309462794,0.0 85.13975074801786,27.907669052810814,0.0 85.13976001175843,27.907127694295912,0.0 85.14036940387027,27.90713592235771,0.0 85.14037249071644,27.906955469446956,0.0 85.14057562114088,27.906958211515065,0.0 85.14058179407402,27.90659730563687,0.0 85.14099113941217,27.906422335804166,0.0 85.14100965331346,27.90533961776895,0.0 85.14080652586208,27.905336876486235,0.0 85.1408096117489,27.905156423483497,0.0 85.14101273886364,27.905159164745434,0.0 85.14103125156419,27.90407644649847,0.0 85.14082812646947,27.90407370536121,0.0 85.14083121215616,27.903893252323176,0.0 85.14123746170087,27.903898734256995,0.0 85.14124054668568,27.903718281172374,0.0 85.14103742223567,27.903715540375806,0.0 85.14104050752853,27.90353508730692,0.0 85.14124363164187,27.903537828082705,0.0 85.141252886339,27.902996468783456,0.0 85.14044039409686,27.902985504134808,0.0 85.14044656644509,27.902624598076343,0.0 85.14085589662042,27.902449627837452,0.0 85.1408589820498,27.90226917475405,0.0 85.14065586035008,27.902266433525433,0.0 85.1408651528228,27.901908268572118,0.0 85.14045891079844,27.9019027858989,0.0 85.1404619968153,27.901722332841935,0.0 85.14025887618263,27.901719591077423,0.0 85.14006192887292,27.901355942967882,0.0 85.13924944943557,27.901344971888488,0.0 85.13924636145624,27.901525424830794,0.0 85.13944948160928,27.901528168070115,0.0 85.13944330623801,27.90188907398119,0.0 85.1396464270929,27.90189181696298,0.0 85.13964333970097,27.902072269931754,0.0 85.1400464954225,27.902258208044852,0.0 85.1400434086466,27.90243866104511,0.0 85.13984028672465,27.902435918599206,0.0 85.13983411241381,27.902796824543035,0.0 85.13963098984719,27.90279408175642,0.0 85.13962481474864,27.9031549876385,0.0 85.14002797433814,27.90334092597083,0.0 85.14002488739064,27.903521378940844,0.0 85.13982176344885,27.9035186363702,0.0 85.13981250142479,27.904059995187634,0.0 85.14001562637651,27.904062737820645,0.0 85.14000327795723,27.904784549589795,0.0 85.1395939375394,27.904959516746388,0.0 85.13979088903403,27.905323165585166,0.0 85.13958776175424,27.905320422507454,0.0 85.13958467381873,27.90550087538043,0.0 85.13938154623087,27.905498131982753,0.0 85.13937845793008,27.90567858482989,0.0 85.13896911316405,27.905853549895948,0.0 85.13896293507263,27.906214455481805,0.0 85.13875980622387,27.90621171110342,0.0 85.13895675686672,27.9065753610475,0.0 85.13875362734457,27.906572616627514,0.0 85.13872891068237,27.90801623852216,0.0 85.13831955595154,27.908191201124275,0.0 85.13830101303999,27.90927391705353,0.0 85.1380978785529,27.909271171423853,0.0 85.1380886057003,27.909812529257962,0.0 85.13767924310991,27.90998748953576,0.0 85.13767305966068,27.91034839463994,0.0 85.13726678684596,27.91034290103628,0.0 85.13726369440485,27.91052335353917,0.0 85.1370605577037,27.91052060626767,0.0 85.13704818630566,27.911242416145516,0.0 85.13664191029515,27.91123692053823,0.0 85.13663881670045,27.91141737295343,0.0 85.13643567840141,27.91141462468011,0.0 85.13642949045244,27.911775529453706,0.0 85.1362263515085,27.911772780839478,0.0 85.13622325715423,27.911953233197888,0.0 85.13602011790216,27.911950484263578,0.0 85.13601702318243,27.912130936596107,0.0 85.13560764866875,27.912305890073895,0.0 85.13560145773874,27.912666794630375,0.0 85.13539831722552,27.912664044714962,0.0 85.1353952213807,27.9128444969648,0.0 85.13498584321958,27.913019448397627,0.0 85.13497965003928,27.913380352788696,0.0 85.13457026921236,27.91355530284257,0.0 85.13435473629704,27.914274359777842,0.0 85.13394535112015,27.91444930773978,0.0 85.13393295698997,27.91517111592325,0.0 85.13433614914383,27.915357072303316,0.0 85.13412680712936,27.91571522437264,0.0 85.13453309929233,27.915720728204292,0.0 85.13453000161248,27.915901180284976,0.0 85.13473314807386,27.915903931772714,0.0 85.13473005070216,27.916084383869205,0.0 85.1349331975291,27.9160871350785,0.0 85.13493010046557,27.916267587190795,0.0 85.13513324765806,27.916270338121628,0.0 85.13533020201358,27.916633993046002,0.0 85.13573649788947,27.916639493494547,0.0 85.13573340208734,27.916819945675076,0.0 85.13634284712688,27.91682819416559,0.0 85.13633975230671,27.91700864640359,0.0 85.13654290104745,27.917011395322643,0.0 85.136739861438,27.91737504848655,0.0 85.13734930993948,27.91738329267487,0.0 85.13734621671772,27.917563745001864,0.0 85.13775251653576,27.91756923967246,0.0 85.13774633135381,27.917930144394585,0.0 85.13794948197959,27.917932891322536,0.0 85.13794329735684,27.918293796066116,0.0 85.13814644868506,27.91829654273637,0.0 85.13814335666763,27.91847699512141,0.0 85.13855275142744,27.9183020351789,0.0 85.13855893402881,27.91794113031046,0.0 85.13876208476916,27.91794387604111,0.0 85.13876517568998,27.91776342357852,0.0 85.13896832612208,27.917766168989054,0.0 85.13896523553814,27.91794662147245,0.0 85.139371537162,27.917952111437142,0.0 85.13936844722323,27.9181325639571,0.0 85.1399779008844,27.918140796721605,0.0 85.1399748119277,27.9183212492989,0.0 85.14038420346826,27.918146283734632,0.0 85.14038111518536,27.91832673635351,0.0 85.14058426685712,27.918329479431822,0.0 85.14058117888251,27.918509932066435,0.0 85.14078433091977,27.918512674866207,0.0 85.14078124325347,27.918693127516562,0.0 85.14098439565625,27.918695870037773,0.0 85.14098130829827,27.918876322703877,0.0 85.14118446106654,27.918879064946537,0.0 85.14118137401687,27.91905951762837,0.0 85.14138452715066,27.91906225959247,0.0 85.1413814404093,27.919242712290032,0.0 85.14178466134041,27.91942864809584,0.0 85.14177848906242,27.919789553548856,0.0 85.14218479822554,27.919795035547825,0.0 85.14218171271752,27.919975488308317,0.0 85.14238486767889,27.919978228879543,0.0 85.14238178247922,27.92015868165575,0.0 85.14278500860719,27.920344614754377,0.0 85.14277883941273,27.920705520364617,0.0 85.14318823616865,27.920530546733566,0.0 85.14318515223103,27.92071099957769,0.0 85.14338830868303,27.920713738735174,0.0 85.14338522505378,27.920894191595014,0.0 85.14379153871738,27.92089966905341,0.0 85.14378845573346,27.92108012194971,0.0 85.14399161294504,27.921082860250614,0.0 85.14399469559201,27.920902407333568,0.0 85.14440100942697,27.920907882995785,0.0 85.1443979274539,27.92108833595432,0.0 85.14480424207696,27.921093810460555,0.0 85.14480732337611,27.92091335746054,0.0 85.14501048039351,27.92091609424388,0.0 85.14500739943131,27.921096547264625,0.0 85.14521055681419,27.92109928376933,0.0 85.14520439547807,27.921460189837173,0.0 85.14601702799064,27.921471133028135,0.0 85.14601394862763,27.92165158613742,0.0 85.14763921771751,27.92167345831518,0.0 85.1476361410217,27.921853911585146,0.0 85.14783930012321,27.921856644280886,0.0 85.14784237648205,27.921676190990215,0.0 85.14824869409658,27.921681655442146,0.0 85.1482425426983,27.92204256210125,0.0 85.14844570222226,27.922045293919542,0.0 85.14844877759866,27.921864840571818,0.0 85.1488550960581,27.921870303268882,0.0 85.14884894662467,27.922231210042085,0.0 85.14925526654592,27.922236671624393,0.0 85.14925219246042,27.922417125044813,0.0 85.14945535280076,27.92241985540758,0.0 85.14945227902378,27.922600308843645,0.0 85.14965543972956,27.922603038927708,0.0 85.14985245417238,27.922966675652145,0.0 85.15005561560906,27.92296940517879,0.0 85.15005868843203,27.922788951690748,0.0 85.15046193856784,27.92297486333391,0.0 85.15045579418451,27.923335770377566,0.0 85.15065895638058,27.92333849904739,0.0 85.15063438040491,27.924782127185797,0.0 85.15043121551275,27.924779398350584,0.0 85.15041585291793,27.925681665669888,0.0 85.15021268636909,27.92567893643187,0.0 85.15040970768077,27.92604257256232,0.0 85.15020654045784,27.926039843282947,0.0 85.15020346745953,27.92622029670092,0.0 85.14979405872411,27.92639529057408,0.0 85.14978483745062,27.92693665065855,0.0 85.14958166862786,27.92693392037745,0.0 85.14957552029571,27.927294827033858,0.0 85.14916610650444,27.927469818769836,0.0 85.14915995665315,27.927830725313235,0.0 85.14875361583631,27.927825262448003,0.0 85.14875054019379,27.92800571567075,0.0 85.14854736949103,27.928002983768263,0.0 85.14854121744636,27.92836389015724,0.0 85.14813179803876,27.92853887851661,0.0 85.14811641391503,27.9294411441686,0.0 85.14791324060104,27.929438411202106,0.0 85.1479163178199,27.9292579581025,0.0 85.14750997195164,27.929252491312514,0.0 85.1475068940586,27.929432944370706,0.0 85.14730372083014,27.929430210505792,0.0 85.14729756428433,27.92979111656563,0.0 85.14709439041017,27.929788382359817,0.0</coordinates>
                    </LinearRing>
                </outerBoundaryIs>
                <innerBoundaryIs>
                    <LinearRing id="5273">
                        <coordinates>85.1707614118271,27.96042809522773,0.0 85.17055817792794,27.960425392925586,0.0 85.17056122150419,27.960244938336594,0.0 85.17076445506568,27.960247640618274,0.0 85.1707614118271,27.96042809522773,0.0</coordinates>
                    </LinearRing>
                    <LinearRing id="5277">
                        <coordinates>85.13872582097078,27.9081966912363,0.0 85.13872273123056,27.90837714394539,0.0 85.1385195983699,27.908374399018175,0.0 85.13852268844684,27.908193946329884,0.0 85.13872582097078,27.9081966912363,0.0</coordinates>
                    </LinearRing>
                    <LinearRing id="5281">
                        <coordinates>85.13654599553075,27.916830943063818,0.0 85.13674914396329,27.91683369166273,0.0 85.13674604981685,27.91701414394239,0.0 85.13654290104745,27.917011395322643,0.0 85.13654599553075,27.916830943063818,0.0</coordinates>
                    </LinearRing>
                    <LinearRing id="5285">
                        <coordinates>85.14895371092504,27.928008447273786,0.0 85.1489506355911,27.928188900512186,0.0 85.14874746452277,27.92818616888846,0.0 85.14875054019379,27.92800571567075,0.0 85.14895371092504,27.928008447273786,0.0</coordinates>
                    </LinearRing>
                    <LinearRing id="5289">
                        <coordinates>85.14831958725752,27.929443876835617,0.0 85.14831343408274,27.929804783102515,0.0 85.14851660812792,27.929807515511463,0.0 85.14850737916336,27.930348874936087,0.0 85.14810410610305,27.930162956599425,0.0 85.14811641391503,27.9294411441686,0.0 85.14831958725752,27.929443876835617,0.0</coordinates>
                    </LinearRing>
                </innerBoundaryIs>
            </Polygon>
        </Placemark>
        <Placemark id="5297">
            <name>Inundated</name>
            <styleUrl>#5300</styleUrl>
            <Polygon id="5296">
                <outerBoundaryIs>
                    <LinearRing id="5298">
                        <coordinates>85.17852692198039,27.97009738038936,0.0 85.17852389039506,27.970277835522875,0.0 85.17872714365728,27.970280526929663,0.0 85.17873017490479,27.970100071775775,0.0 85.17852692198039,27.97009738038936,0.0</coordinates>
                    </LinearRing>
                </outerBoundaryIs>
            </Polygon>
        </Placemark>
        <Placemark id="5304">
            <name>Inundated</name>
            <styleUrl>#5307</styleUrl>
            <Polygon id="5303">
                <outerBoundaryIs>
                    <LinearRing id="5305">
                        <coordinates>85.17832063716091,27.97027514381608,0.0 85.17831760520968,27.97045559892418,0.0 85.17852085878167,27.970458290651344,0.0 85.17852389039506,27.970277835522875,0.0 85.17832063716091,27.97027514381608,0.0</coordinates>
                    </LinearRing>
                </outerBoundaryIs>
            </Polygon>
        </Placemark>
        <Placemark id="5311">
            <name>Inundated</name>
            <styleUrl>#5314</styleUrl>
            <Polygon id="5310">
                <outerBoundaryIs>
                    <LinearRing id="5312">
                        <coordinates>85.17831457323038,27.970636054027246,0.0 85.17831760520968,27.97045559892418,0.0 85.17811435166577,27.970452906897012,0.0 85.17811131934863,27.9706333619797,0.0 85.17831457323038,27.970636054027246,0.0</coordinates>
                    </LinearRing>
                </outerBoundaryIs>
            </Polygon>
        </Placemark>
        <Placemark id="5318">
            <name>Inundated</name>
            <styleUrl>#5321</styleUrl>
            <Polygon id="5317">
                <outerBoundaryIs>
                    <LinearRing id="5319">
                        <coordinates>85.17790806549495,27.970630669632147,0.0 85.1779050328119,27.970811124689426,0.0 85.17810828700343,27.97081381705736,0.0 85.17811131934863,27.9706333619797,0.0 85.17790806549495,27.970630669632147,0.0</coordinates>
                    </LinearRing>
                </outerBoundaryIs>
            </Polygon>
        </Placemark>
        <Placemark id="5325">
            <name>Inundated</name>
            <styleUrl>#5328</styleUrl>
            <Polygon id="5324">
                <outerBoundaryIs>
                    <LinearRing id="5326">
                        <coordinates>85.17830244503247,27.97135787438913,0.0 85.1782994129128,27.971538329467005,0.0 85.17850266851187,27.971541021316405,0.0 85.17850570029367,27.971360566218156,0.0 85.17830244503247,27.97135787438913,0.0</coordinates>
                    </LinearRing>
                </outerBoundaryIs>
            </Polygon>
        </Placemark>
        <Placemark id="5332">
            <name>Inundated</name>
            <styleUrl>#5335</styleUrl>
            <Polygon id="5331">
                <outerBoundaryIs>
                    <LinearRing id="5333">
                        <coordinates>85.17890614866,27.971726859249078,0.0 85.17890311749778,27.971907314377987,0.0 85.17930963024376,27.971912696058077,0.0 85.17911243547742,27.971549095064454,0.0 85.17870592413898,27.971543712865778,0.0 85.17870289266696,27.971724167979357,0.0 85.17890614866,27.971726859249078,0.0</coordinates>
                    </LinearRing>
                </outerBoundaryIs>
            </Polygon>
        </Placemark>
        <Placemark id="5339">
            <name>Inundated</name>
            <styleUrl>#5342</styleUrl>
            <Polygon id="5338">
                <outerBoundaryIs>
                    <LinearRing id="5340">
                        <coordinates>85.17969796364814,27.973000807694444,0.0 85.17990122214655,27.973003497606534,0.0 85.17990425178776,27.97282304240604,0.0 85.17970099362725,27.972820352514304,0.0 85.17969796364814,27.973000807694444,0.0</coordinates>
                    </LinearRing>
                </outerBoundaryIs>
            </Polygon>
        </Placemark>
        <Placemark id="5346">
            <name>Inundated</name>
            <styleUrl>#5349</styleUrl>
            <Polygon id="5345">
                <outerBoundaryIs>
                    <LinearRing id="5347">
                        <coordinates>85.1795979585994,27.978955825812815,0.0 85.17980122824954,27.978958516396716,0.0 85.17980425881647,27.97877806136247,0.0 85.17960098950432,27.978775370798918,0.0 85.1795979585994,27.978955825812815,0.0</coordinates>
                    </LinearRing>
                </outerBoundaryIs>
            </Polygon>
        </Placemark>
        <Placemark id="5353">
            <name>Inundated</name>
            <styleUrl>#5356</styleUrl>
            <Polygon id="5352">
                <outerBoundaryIs>
                    <LinearRing id="5354">
                        <coordinates>85.17959189670538,27.97931673582547,0.0 85.1795979585994,27.978955825812815,0.0 85.17939468897733,27.978953134928787,0.0 85.17918535613735,27.979311353675854,0.0 85.17959189670538,27.97931673582547,0.0</coordinates>
                    </LinearRing>
                </outerBoundaryIs>
            </Polygon>
        </Placemark>
        <Placemark id="5360">
            <name>Inundated</name>
            <styleUrl>#5363</styleUrl>
            <Polygon id="5359">
                <outerBoundaryIs>
                    <LinearRing id="5361">
                        <coordinates>85.17918232447227,27.979491808633902,0.0 85.17917929277911,27.979672263586917,0.0 85.17938256372508,27.979674954852516,0.0 85.17938559508023,27.979494499879138,0.0 85.17918232447227,27.979491808633902,0.0</coordinates>
                    </LinearRing>
                </outerBoundaryIs>
            </Polygon>
        </Placemark>
        <Placemark id="5367">
            <name>Inundated</name>
            <styleUrl>#5370</styleUrl>
            <Polygon id="5366">
                <outerBoundaryIs>
                    <LinearRing id="5368">
                        <coordinates>85.17815080465707,27.980380622111312,0.0 85.17814473758193,27.9807415317582,0.0 85.17834801041556,27.98074422464667,0.0 85.17835407681467,27.98038331495903,0.0 85.17815080465707,27.980380622111312,0.0</coordinates>
                    </LinearRing>
                </outerBoundaryIs>
            </Polygon>
        </Placemark>
        <Placemark id="5374">
            <name>Inundated</name>
            <styleUrl>#5377</styleUrl>
            <Polygon id="5373">
                <outerBoundaryIs>
                    <LinearRing id="5375">
                        <coordinates>85.17793236293903,27.98128020294099,0.0 85.17792629490704,27.98164111249674,0.0 85.17812956940269,27.98164380578724,0.0 85.17813563675864,27.981282896190734,0.0 85.17793236293903,27.98128020294099,0.0</coordinates>
                    </LinearRing>
                </outerBoundaryIs>
            </Polygon>
        </Placemark>
        <Placemark id="5381">
            <name>Inundated</name>
            <styleUrl>#5384</styleUrl>
            <Polygon id="5380">
                <outerBoundaryIs>
                    <LinearRing id="5382">
                        <coordinates>85.17772302043947,27.981638418906087,0.0 85.17771998604331,27.981818873656014,0.0 85.1779232608489,27.981821567267048,0.0 85.17792629490704,27.98164111249674,0.0 85.17772302043947,27.981638418906087,0.0</coordinates>
                    </LinearRing>
                </outerBoundaryIs>
            </Polygon>
        </Placemark>
        <Placemark id="5388">
            <name>Inundated</name>
            <styleUrl>#5391</styleUrl>
            <Polygon id="5387">
                <outerBoundaryIs>
                    <LinearRing id="5389">
                        <coordinates>85.17284139914334,27.98175413694642,0.0 85.17283835660636,27.981934591201494,0.0 85.17324490557172,27.98193999257143,0.0 85.17324794743263,27.981759538275487,0.0 85.17284139914334,27.98175413694642,0.0</coordinates>
                    </LinearRing>
                </outerBoundaryIs>
            </Polygon>
        </Placemark>
        <Placemark id="5395">
            <name>Inundated</name>
            <styleUrl>#5398</styleUrl>
            <Polygon id="5394">
                <outerBoundaryIs>
                    <LinearRing id="5396">
                        <coordinates>85.17345122161953,27.9817622384898,0.0 85.17344818009663,27.981942692806175,0.0 85.17365145464971,27.981945392740766,0.0 85.17365449583457,27.98176493840396,0.0 85.17345122161953,27.9817622384898,0.0</coordinates>
                    </LinearRing>
                </outerBoundaryIs>
            </Polygon>
        </Placemark>
        <Placemark id="5402">
            <name>Inundated</name>
            <styleUrl>#5405</styleUrl>
            <Polygon id="5401">
                <outerBoundaryIs>
                    <LinearRing id="5403">
                        <coordinates>85.17385472923092,27.98194809237521,0.0 85.17405800384032,27.981950791709497,0.0 85.17406104434912,27.98177033733185,0.0 85.17385777007776,27.981767638017978,0.0 85.17385472923092,27.98194809237521,0.0</coordinates>
                    </LinearRing>
                </outerBoundaryIs>
            </Polygon>
        </Placemark>
        <Placemark id="5409">
            <name>Inundated</name>
            <styleUrl>#5412</styleUrl>
            <Polygon id="5408">
                <outerBoundaryIs>
                    <LinearRing id="5410">
                        <coordinates>85.17751367650354,27.98199663446935,0.0 85.17771695161908,27.981999328400914,0.0 85.17771998604331,27.981818873656014,0.0 85.17751671126582,27.981816179744833,0.0 85.17751367650354,27.98199663446935,0.0</coordinates>
                    </LinearRing>
                </outerBoundaryIs>
            </Polygon>
        </Placemark>
        <Placemark id="5416">
            <name>Inundated</name>
            <styleUrl>#5419</styleUrl>
            <Polygon id="5415">
                <outerBoundaryIs>
                    <LinearRing id="5417">
                        <coordinates>85.17405800384032,27.981950791709497,0.0 85.17405496330336,27.982131246082112,0.0 85.17425823827891,27.982133945136674,0.0 85.17426127847783,27.981953490743646,0.0 85.17405800384032,27.981950791709497,0.0</coordinates>
                    </LinearRing>
                </outerBoundaryIs>
            </Polygon>
        </Placemark>
        <Placemark id="5423">
            <name>Inundated</name>
            <styleUrl>#5426</styleUrl>
            <Polygon id="5422">
                <outerBoundaryIs>
                    <LinearRing id="5424">
                        <coordinates>85.17710712635674,27.981991245705764,0.0 85.17710409089031,27.98217170038446,0.0 85.17751064171316,27.982177089188813,0.0 85.17751367650354,27.98199663446935,0.0 85.17710712635674,27.981991245705764,0.0</coordinates>
                    </LinearRing>
                </outerBoundaryIs>
            </Polygon>
        </Placemark>
        <Placemark id="5430">
            <name>Inundated</name>
            <styleUrl>#5433</styleUrl>
            <Polygon id="5429">
                <outerBoundaryIs>
                    <LinearRing id="5431">
                        <coordinates>85.17608771432498,27.98215822312086,0.0 85.17608467714024,27.982338677692546,0.0 85.17710105539577,27.98235215505812,0.0 85.17710409089031,27.98217170038446,0.0 85.17608771432498,27.98215822312086,0.0</coordinates>
                    </LinearRing>
                </outerBoundaryIs>
            </Polygon>
        </Placemark>
        <Placemark id="5437">
            <name>Inundated</name>
            <styleUrl>#5440</styleUrl>
            <Polygon id="5436">
                <outerBoundaryIs>
                    <LinearRing id="5438">
                        <coordinates>85.17486806337442,27.98214204049945,0.0 85.17486502416148,27.982322494948694,0.0 85.17588140157346,27.98233598131896,0.0 85.17588443909624,27.982155526767674,0.0 85.17486806337442,27.98214204049945,0.0</coordinates>
                    </LinearRing>
                </outerBoundaryIs>
            </Polygon>
        </Placemark>
        <Placemark id="5444">
            <name>Inundated</name>
            <styleUrl>#5447</styleUrl>
            <Polygon id="5443">
                <outerBoundaryIs>
                    <LinearRing id="5445">
                        <coordinates>85.17446151328261,27.982136643891085,0.0 85.17445847339359,27.9823170982995,0.0 85.17466174876347,27.982319796774178,0.0 85.17466478831444,27.982139342345345,0.0 85.17446151328261,27.982136643891085,0.0</coordinates>
                    </LinearRing>
                </outerBoundaryIs>
            </Polygon>
        </Placemark>
        <Placemark id="5451">
            <name>Inundated</name>
            <styleUrl>#5454</styleUrl>
            <Polygon id="5450">
                <outerBoundaryIs>
                    <LinearRing id="5452">
                        <coordinates>85.17343601372353,27.98266451002126,0.0 85.17343297205987,27.98284496431243,0.0 85.17363624830313,27.982847664349165,0.0 85.17363928962875,27.98266721003756,0.0 85.17343601372353,27.98266451002126,0.0</coordinates>
                    </LinearRing>
                </outerBoundaryIs>
            </Polygon>
        </Placemark>
        <Placemark id="5458">
            <name>Inundated</name>
            <styleUrl>#5461</styleUrl>
            <Polygon id="5457">
                <outerBoundaryIs>
                    <LinearRing id="5459">
                        <coordinates>85.17363320694933,27.983028118655728,0.0 85.17383648355882,27.98303081841273,0.0 85.17383952457453,27.98285036408574,0.0 85.17363624830313,27.982847664349165,0.0 85.17363320694933,27.983028118655728,0.0</coordinates>
                    </LinearRing>
                </outerBoundaryIs>
            </Polygon>
        </Placemark>
        <Placemark id="5465">
            <name>Inundated</name>
            <styleUrl>#5468</styleUrl>
            <Polygon id="5464">
                <outerBoundaryIs>
                    <LinearRing id="5466">
                        <coordinates>85.17403671949059,27.98321397221193,0.0 85.17403976019642,27.983033517869558,0.0 85.17383648355882,27.98303081841273,0.0 85.17383344251492,27.98321127273467,0.0 85.17403671949059,27.98321397221193,0.0</coordinates>
                    </LinearRing>
                </outerBoundaryIs>
            </Polygon>
        </Placemark>
        <Placemark id="5472">
            <name>Inundated</name>
            <styleUrl>#5475</styleUrl>
            <Polygon id="5471">
                <outerBoundaryIs>
                    <LinearRing id="5473">
                        <coordinates>85.17403671949059,27.98321397221193,0.0 85.1740336787566,27.983394426549257,0.0 85.17423695609848,27.983397125746773,0.0 85.17423999649439,27.983216671389027,0.0 85.17403671949059,27.98321397221193,0.0</coordinates>
                    </LinearRing>
                </outerBoundaryIs>
            </Polygon>
        </Placemark>
        <Placemark id="5479">
            <name>Inundated</name>
            <styleUrl>#5482</styleUrl>
            <Polygon id="5478">
                <outerBoundaryIs>
                    <LinearRing id="5480">
                        <coordinates>85.17951914522219,27.983647654405456,0.0 85.17952824004153,27.983106289741674,0.0 85.1791216852766,27.983100906736798,0.0 85.17911562073954,27.98346181643623,0.0 85.17951914522219,27.983647654405456,0.0</coordinates>
                    </LinearRing>
                </outerBoundaryIs>
            </Polygon>
        </Placemark>
        <Placemark id="5486">
            <name>Inundated</name>
            <styleUrl>#5489</styleUrl>
            <Polygon id="5485">
                <outerBoundaryIs>
                    <LinearRing id="5487">
                        <coordinates>85.17423695609848,27.983397125746773,0.0 85.1742339156744,27.98357758009949,0.0 85.17443719338246,27.983580279017257,0.0 85.17444023346849,27.983399824644128,0.0 85.17423695609848,27.983397125746773,0.0</coordinates>
                    </LinearRing>
                </outerBoundaryIs>
            </Polygon>
        </Placemark>
        <Placemark id="5493">
            <name>Inundated</name>
            <styleUrl>#5496</styleUrl>
            <Polygon id="5492">
                <outerBoundaryIs>
                    <LinearRing id="5494">
                        <coordinates>85.17443719338246,27.983580279017257,0.0 85.17443415326832,27.983760733385346,0.0 85.17463743134259,27.98376343202336,0.0 85.17464047111868,27.983582977634853,0.0 85.17443719338246,27.983580279017257,0.0</coordinates>
                    </LinearRing>
                </outerBoundaryIs>
            </Polygon>
        </Placemark>
        <Placemark id="5500">
            <name>Inundated</name>
            <styleUrl>#5503</styleUrl>
            <Polygon id="5499">
                <outerBoundaryIs>
                    <LinearRing id="5501">
                        <coordinates>85.1784966867156,27.983995103883473,0.0 85.17849972009658,27.983814649112496,0.0 85.17870299873304,27.983817341747017,0.0 85.17870603174788,27.98363688695063,0.0 85.17829947517919,27.983631501422167,0.0 85.17829340776916,27.98399241092841,0.0 85.1784966867156,27.983995103883473,0.0</coordinates>
                    </LinearRing>
                </outerBoundaryIs>
            </Polygon>
        </Placemark>
        <Placemark id="5507">
            <name>Inundated</name>
            <styleUrl>#5510</styleUrl>
            <Polygon id="5506">
                <outerBoundaryIs>
                    <LinearRing id="5508">
                        <coordinates>85.1762636569495,27.98378501032122,0.0 85.17626061984978,27.983965464867946,0.0 85.17666717720884,27.98397085648146,0.0 85.17667021363242,27.983790401893938,0.0 85.1762636569495,27.98378501032122,0.0</coordinates>
                    </LinearRing>
                </outerBoundaryIs>
            </Polygon>
        </Placemark>
        <Placemark id="5514">
            <name>Inundated</name>
            <styleUrl>#5517</styleUrl>
            <Polygon id="5513">
                <outerBoundaryIs>
                    <LinearRing id="5515">
                        <coordinates>85.17565382213596,27.983776920710827,0.0 85.17565078402205,27.983957375196347,0.0 85.17605734121241,27.983962768610922,0.0 85.1760603786502,27.983782314084596,0.0 85.17565382213596,27.983776920710827,0.0</coordinates>
                    </LinearRing>
                </outerBoundaryIs>
            </Polygon>
        </Placemark>
        <Placemark id="5521">
            <name>Inundated</name>
            <styleUrl>#5524</styleUrl>
            <Polygon id="5520">
                <outerBoundaryIs>
                    <LinearRing id="5522">
                        <coordinates>85.174840709445,27.9837661303612,0.0 85.17483766997883,27.983946584765082,0.0 85.17524422694419,27.983951980581068,0.0 85.17524726573421,27.983771526136366,0.0 85.174840709445,27.9837661303612,0.0</coordinates>
                    </LinearRing>
                </outerBoundaryIs>
            </Polygon>
        </Placemark>
        <Placemark id="5528">
            <name>Inundated</name>
            <styleUrl>#5531</styleUrl>
            <Polygon id="5527">
                <outerBoundaryIs>
                    <LinearRing id="5529">
                        <coordinates>85.17930980278216,27.984005872701946,0.0 85.17951308186896,27.98400856415612,0.0 85.1795161135596,27.983828109283312,0.0 85.17931283481087,27.9838254178495,0.0 85.17930980278216,27.984005872701946,0.0</coordinates>
                    </LinearRing>
                </outerBoundaryIs>
            </Polygon>
        </Placemark>
        <Placemark id="5535">
            <name>Inundated</name>
            <styleUrl>#5538</styleUrl>
            <Polygon id="5534">
                <outerBoundaryIs>
                    <LinearRing id="5536">
                        <coordinates>85.17687045593054,27.98397355183795,0.0 85.1780901288508,27.983989717673158,0.0 85.17809316290791,27.98380926294294,0.0 85.17687349201606,27.983793097230038,0.0 85.17687045593054,27.98397355183795,0.0</coordinates>
                    </LinearRing>
                </outerBoundaryIs>
            </Polygon>
        </Placemark>
        <Placemark id="5542">
            <name>Inundated</name>
            <styleUrl>#5545</styleUrl>
            <Polygon id="5541">
                <outerBoundaryIs>
                    <LinearRing id="5543">
                        <coordinates>85.17930070652761,27.984547237229055,0.0 85.17929464221757,27.984908146888603,0.0 85.17949792299478,27.984910838444595,0.0 85.17950398662866,27.98454992874432,0.0 85.17930070652761,27.984547237229055,0.0</coordinates>
                    </LinearRing>
                </outerBoundaryIs>
            </Polygon>
        </Placemark>
        <Placemark id="5549">
            <name>Inundated</name>
            <styleUrl>#5552</styleUrl>
            <Polygon id="5548">
                <outerBoundaryIs>
                    <LinearRing id="5550">
                        <coordinates>85.18060487222783,27.967417450092334,0.0 85.18060184444134,27.96759790550498,0.0 85.18080509291693,27.96760059360651,0.0 85.18080812036563,27.967420138173505,0.0 85.18060487222783,27.967417450092334,0.0</coordinates>
                    </LinearRing>
                </outerBoundaryIs>
            </Polygon>
        </Placemark>
        <Placemark id="5556">
            <name>Inundated</name>
            <styleUrl>#5559</styleUrl>
            <Polygon id="5555">
                <outerBoundaryIs>
                    <LinearRing id="5557">
                        <coordinates>85.18101136853146,27.967422825954703,0.0 85.18100834142054,27.96760328140805,0.0 85.18121158995217,27.96760596890962,0.0 85.1812146167253,27.967425513435938,0.0 85.18101136853146,27.967422825954703,0.0</coordinates>
                    </LinearRing>
                </outerBoundaryIs>
            </Polygon>
        </Placemark>
        <Placemark id="5563">
            <name>Inundated</name>
            <styleUrl>#5566</styleUrl>
            <Polygon id="5562">
                <outerBoundaryIs>
                    <LinearRing id="5564">
                        <coordinates>85.18039859599381,27.967595217103494,0.0 85.18039556784149,27.967775672490763,0.0 85.18059881662683,27.967778360912604,0.0 85.18060184444134,27.96759790550498,0.0 85.18039859599381,27.967595217103494,0.0</coordinates>
                    </LinearRing>
                </outerBoundaryIs>
            </Polygon>
        </Placemark>
        <Placemark id="5570">
            <name>Inundated</name>
            <styleUrl>#5573</styleUrl>
            <Polygon id="5569">
                <outerBoundaryIs>
                    <LinearRing id="5571">
                        <coordinates>85.18121158995217,27.96760596890962,0.0 85.181208563151,27.96778642437827,0.0 85.18141181204845,27.967789111600208,0.0 85.18141483851183,27.967608656111217,0.0 85.18121158995217,27.96760596890962,0.0</coordinates>
                    </LinearRing>
                </outerBoundaryIs>
            </Polygon>
        </Placemark>
        <Placemark id="5577">
            <name>Inundated</name>
            <styleUrl>#5580</styleUrl>
            <Polygon id="5576">
                <outerBoundaryIs>
                    <LinearRing id="5578">
                        <coordinates>85.1801923190842,27.967772983768945,0.0 85.18018929056605,27.96795343913083,0.0 85.18039253966114,27.967956127872995,0.0 85.18039556784149,27.967775672490763,0.0 85.1801923190842,27.967772983768945,0.0</coordinates>
                    </LinearRing>
                </outerBoundaryIs>
            </Polygon>
        </Placemark>
        <Placemark id="5584">
            <name>Inundated</name>
            <styleUrl>#5587</styleUrl>
            <Polygon id="5583">
                <outerBoundaryIs>
                    <LinearRing id="5585">
                        <coordinates>85.18140878555705,27.96796956708416,0.0 85.18161203482032,27.967972254026453,0.0 85.18161506097393,27.967791798522168,0.0 85.18141181204845,27.967789111600208,0.0 85.18140878555705,27.96796956708416,0.0</coordinates>
                    </LinearRing>
                </outerBoundaryIs>
            </Polygon>
        </Placemark>
        <Placemark id="5591">
            <name>Inundated</name>
            <styleUrl>#5594</styleUrl>
            <Polygon id="5590">
                <outerBoundaryIs>
                    <LinearRing id="5592">
                        <coordinates>85.17998301261504,27.96813120542518,0.0 85.18018626201987,27.968133894487675,0.0 85.18018929056605,27.96795343913083,0.0 85.17998604149902,27.96795075008869,0.0 85.17998301261504,27.96813120542518,0.0</coordinates>
                    </LinearRing>
                </outerBoundaryIs>
            </Polygon>
        </Placemark>
        <Placemark id="5598">
            <name>Inundated</name>
            <styleUrl>#5601</styleUrl>
            <Polygon id="5597">
                <outerBoundaryIs>
                    <LinearRing id="5599">
                        <coordinates>85.1816090086387,27.968152709525707,0.0 85.18181225826778,27.968155396188358,0.0 85.18181528411161,27.967974940668775,0.0 85.18161203482032,27.967972254026453,0.0 85.1816090086387,27.968152709525707,0.0</coordinates>
                    </LinearRing>
                </outerBoundaryIs>
            </Polygon>
        </Placemark>
        <Placemark id="5605">
            <name>Inundated</name>
            <styleUrl>#5608</styleUrl>
            <Polygon id="5604">
                <outerBoundaryIs>
                    <LinearRing id="5606">
                        <coordinates>85.18201550792486,27.96815808255103,0.0 85.18201248239082,27.968338538085913,0.0 85.18221573241372,27.968341224168938,0.0 85.18221875760997,27.96816076861372,0.0 85.18201550792486,27.96815808255103,0.0</coordinates>
                    </LinearRing>
                </outerBoundaryIs>
            </Polygon>
        </Placemark>
        <Placemark id="5612">
            <name>Inundated</name>
            <styleUrl>#5615</styleUrl>
            <Polygon id="5611">
                <outerBoundaryIs>
                    <LinearRing id="5613">
                        <coordinates>85.17997392579484,27.968672571404433,0.0 85.17997695476295,27.968492116083052,0.0 85.1801802048434,27.96849480518626,0.0 85.18018323344565,27.968314349839485,0.0 85.17977673398842,27.9683089713738,0.0 85.17977067540464,27.968669881980894,0.0 85.17997392579484,27.968672571404433,0.0</coordinates>
                    </LinearRing>
                </outerBoundaryIs>
            </Polygon>
        </Placemark>
        <Placemark id="5619">
            <name>Inundated</name>
            <styleUrl>#5622</styleUrl>
            <Polygon id="5618">
                <outerBoundaryIs>
                    <LinearRing id="5620">
                        <coordinates>85.17990122214655,27.973003497606534,0.0 85.17989819247727,27.973183952801985,0.0 85.18010145134161,27.9731866424344,0.0 85.18010448067301,27.973006187218584,0.0 85.17990122214655,27.973003497606534,0.0</coordinates>
                    </LinearRing>
                </outerBoundaryIs>
            </Polygon>
        </Placemark>
        <Placemark id="5626">
            <name>Inundated</name>
            <styleUrl>#5629</styleUrl>
            <Polygon id="5625">
                <outerBoundaryIs>
                    <LinearRing id="5627">
                        <coordinates>85.18009842198218,27.973367097645166,0.0 85.1800953925947,27.973547552850906,0.0 85.18029865216285,27.97355024222398,0.0 85.18030168121244,27.973369786997882,0.0 85.18009842198218,27.973367097645166,0.0</coordinates>
                    </LinearRing>
                </outerBoundaryIs>
            </Polygon>
        </Placemark>
        <Placemark id="5633">
            <name>Inundated</name>
            <styleUrl>#5636</styleUrl>
            <Polygon id="5632">
                <outerBoundaryIs>
                    <LinearRing id="5634">
                        <coordinates>85.18029865216285,27.97355024222398,0.0 85.1802956230852,27.973730697445024,0.0 85.1804988830193,27.973733386538388,0.0 85.18050191175904,27.97355293129699,0.0 85.18029865216285,27.97355024222398,0.0</coordinates>
                    </LinearRing>
                </outerBoundaryIs>
            </Polygon>
        </Placemark>
        <Placemark id="5640">
            <name>Inundated</name>
            <styleUrl>#5643</styleUrl>
            <Polygon id="5639">
                <outerBoundaryIs>
                    <LinearRing id="5641">
                        <coordinates>85.18029259397953,27.973911152661035,0.0 85.18028956484581,27.974091607872015,0.0 85.18049282545569,27.974094297006086,0.0 85.1804958542515,27.973913841774756,0.0 85.18029259397953,27.973911152661035,0.0</coordinates>
                    </LinearRing>
                </outerBoundaryIs>
            </Polygon>
        </Placemark>
        <Placemark id="5647">
            <name>Inundated</name>
            <styleUrl>#5650</styleUrl>
            <Polygon id="5646">
                <outerBoundaryIs>
                    <LinearRing id="5648">
                        <coordinates>85.18089026223126,27.974641040159906,0.0 85.18089631861149,27.974280129641045,0.0 85.1804897966318,27.974274752232375,0.0 85.1804867677799,27.974455207453627,0.0 85.18089026223126,27.974641040159906,0.0</coordinates>
                    </LinearRing>
                </outerBoundaryIs>
            </Polygon>
        </Placemark>
        <Placemark id="5654">
            <name>Inundated</name>
            <styleUrl>#5657</styleUrl>
            <Polygon id="5653">
                <outerBoundaryIs>
                    <LinearRing id="5655">
                        <coordinates>85.18088420573888,27.975001950658616,0.0 85.1810874681224,27.975004638994236,0.0 85.1810904960447,27.97482418372706,0.0 85.18088723399909,27.974821495411778,0.0 85.18088420573888,27.975001950658616,0.0</coordinates>
                    </LinearRing>
                </outerBoundaryIs>
            </Polygon>
        </Placemark>
        <Placemark id="5661">
            <name>Inundated</name>
            <styleUrl>#5664</styleUrl>
            <Polygon id="5660">
                <outerBoundaryIs>
                    <LinearRing id="5662">
                        <coordinates>85.18107535615292,27.975726460012584,0.0 85.18087209241769,27.97572377159558,0.0 85.18066277120585,27.97608199327607,0.0 85.18106929999995,27.976087370491527,0.0 85.18107535615292,27.975726460012584,0.0</coordinates>
                    </LinearRing>
                </outerBoundaryIs>
            </Polygon>
        </Placemark>
        <Placemark id="5668">
            <name>Inundated</name>
            <styleUrl>#5671</styleUrl>
            <Polygon id="5667">
                <outerBoundaryIs>
                    <LinearRing id="5669">
                        <coordinates>85.18065974241144,27.976262448467295,0.0 85.18065671358902,27.97644290365349,0.0 85.18085997864793,27.976445592451956,0.0 85.18086300713242,27.976265137245413,0.0 85.18065974241144,27.976262448467295,0.0</coordinates>
                    </LinearRing>
                </outerBoundaryIs>
            </Polygon>
        </Placemark>
        <Placemark id="5675">
            <name>Inundated</name>
            <styleUrl>#5678</styleUrl>
            <Polygon id="5674">
                <outerBoundaryIs>
                    <LinearRing id="5676">
                        <coordinates>85.18045041936972,27.97662066971574,0.0 85.18044739015325,27.97680112487151,0.0 85.18065065586,27.976803814010754,0.0 85.18065368473853,27.97662335883464,0.0 85.18045041936972,27.97662066971574,0.0</coordinates>
                    </LinearRing>
                </outerBoundaryIs>
            </Polygon>
        </Placemark>
        <Placemark id="5682">
            <name>Inundated</name>
            <styleUrl>#5685</styleUrl>
            <Polygon id="5681">
                <outerBoundaryIs>
                    <LinearRing id="5683">
                        <coordinates>85.18023503564305,27.97733980080818,0.0 85.18023200597645,27.977520255923444,0.0 85.18063854006554,27.97752563466484,0.0 85.18064156905623,27.977345179508877,0.0 85.18023503564305,27.97733980080818,0.0</coordinates>
                    </LinearRing>
                </outerBoundaryIs>
            </Polygon>
        </Placemark>
        <Placemark id="5689">
            <name>Inundated</name>
            <styleUrl>#5692</styleUrl>
            <Polygon id="5688">
                <outerBoundaryIs>
                    <LinearRing id="5690">
                        <coordinates>85.18022897628181,27.97770071103367,0.0 85.18022594655912,27.977881166138857,0.0 85.18042921426557,27.977883855700313,0.0 85.1804322436503,27.977703400574764,0.0 85.18022897628181,27.97770071103367,0.0</coordinates>
                    </LinearRing>
                </outerBoundaryIs>
            </Polygon>
        </Placemark>
        <Placemark id="5696">
            <name>Inundated</name>
            <styleUrl>#5699</styleUrl>
            <Polygon id="5695">
                <outerBoundaryIs>
                    <LinearRing id="5697">
                        <coordinates>85.18002267888072,27.97787847627731,0.0 85.18001964879201,27.978058931357104,0.0 85.18022291680838,27.978061621239004,0.0 85.18022594655912,27.977881166138857,0.0 85.18002267888072,27.97787847627731,0.0</coordinates>
                    </LinearRing>
                </outerBoundaryIs>
            </Polygon>
        </Placemark>
        <Placemark id="5703">
            <name>Inundated</name>
            <styleUrl>#5706</styleUrl>
            <Polygon id="5702">
                <outerBoundaryIs>
                    <LinearRing id="5704">
                        <coordinates>85.18001055835761,27.97860029656626,0.0 85.18001358853046,27.978419841501587,0.0 85.18021685722276,27.978422531424194,0.0 85.1802198870296,27.978242076334123,0.0 85.17981335034898,27.9782366962295,0.0 85.17980728935537,27.978597606323184,0.0 85.18001055835761,27.97860029656626,0.0</coordinates>
                    </LinearRing>
                </outerBoundaryIs>
            </Polygon>
        </Placemark>
        <Placemark id="5710">
            <name>Inundated</name>
            <styleUrl>#5713</styleUrl>
            <Polygon id="5709">
                <outerBoundaryIs>
                    <LinearRing id="5711">
                        <coordinates>85.18221019958604,27.980795332501284,0.0 85.18221927987601,27.980253966802145,0.0 85.18201600752344,27.980251279677315,0.0 85.18200995334878,27.98061219010778,0.0 85.18180668034823,27.980609502642146,0.0 85.18180365288086,27.980789957829483,0.0 85.18221019958604,27.980795332501284,0.0</coordinates>
                    </LinearRing>
                </outerBoundaryIs>
            </Polygon>
        </Placemark>
        <Placemark id="5717">
            <name>Inundated</name>
            <styleUrl>#5720</styleUrl>
            <Polygon id="5716">
                <outerBoundaryIs>
                    <LinearRing id="5718">
                        <coordinates>85.18158826806847,27.981509090661,0.0 85.1817915427311,27.98151177852846,0.0 85.18179457031057,27.981331323361278,0.0 85.18159129598595,27.981328635514156,0.0 85.18158826806847,27.981509090661,0.0</coordinates>
                    </LinearRing>
                </outerBoundaryIs>
            </Polygon>
        </Placemark>
        <Placemark id="5724">
            <name>Inundated</name>
            <styleUrl>#5727</styleUrl>
            <Polygon id="5723">
                <outerBoundaryIs>
                    <LinearRing id="5725">
                        <coordinates>85.18158221214935,27.98187000093959,0.0 85.18178548748806,27.981872688847726,0.0 85.1817885151236,27.981692233690616,0.0 85.18158524012293,27.98168954580282,0.0 85.18158221214935,27.98187000093959,0.0</coordinates>
                    </LinearRing>
                </outerBoundaryIs>
            </Polygon>
        </Placemark>
        <Placemark id="5731">
            <name>Inundated</name>
            <styleUrl>#5734</styleUrl>
            <Polygon id="5730">
                <outerBoundaryIs>
                    <LinearRing id="5732">
                        <coordinates>85.18137893683868,27.981867312731307,0.0 85.18137590849905,27.982047767842705,0.0 85.18157918414776,27.982050456071327,0.0 85.18158221214935,27.98187000093959,0.0 85.18137893683868,27.981867312731307,0.0</coordinates>
                    </LinearRing>
                </outerBoundaryIs>
            </Polygon>
        </Placemark>
        <Placemark id="5738">
            <name>Inundated</name>
            <styleUrl>#5741</styleUrl>
            <Polygon id="5737">
                <outerBoundaryIs>
                    <LinearRing id="5739">
                        <coordinates>85.18136985173568,27.982408678050387,0.0 85.18136076638038,27.98295004332412,0.0 85.18156404371932,27.982952731654446,0.0 85.18157312806048,27.982411366319692,0.0 85.18136985173568,27.982408678050387,0.0</coordinates>
                    </LinearRing>
                </outerBoundaryIs>
            </Polygon>
        </Placemark>
        <Placemark id="5745">
            <name>Inundated</name>
            <styleUrl>#5748</styleUrl>
            <Polygon id="5744">
                <outerBoundaryIs>
                    <LinearRing id="5746">
                        <coordinates>85.18156101554952,27.983133186755957,0.0 85.18155798735171,27.983313641852426,0.0 85.1817612653948,27.983316329923262,0.0 85.18176429325456,27.983135874806454,0.0 85.18156101554952,27.983133186755957,0.0</coordinates>
                    </LinearRing>
                </outerBoundaryIs>
            </Polygon>
        </Placemark>
        <Placemark id="5752">
            <name>Inundated</name>
            <styleUrl>#5755</styleUrl>
            <Polygon id="5751">
                <outerBoundaryIs>
                    <LinearRing id="5753">
                        <coordinates>85.18175520959119,27.983677240141773,0.0 85.18195848833844,27.983679927953105,0.0 85.18196151591619,27.983499472826033,0.0 85.181758237507,27.983496785035033,0.0 85.18175520959119,27.983677240141773,0.0</coordinates>
                    </LinearRing>
                </outerBoundaryIs>
            </Polygon>
        </Placemark>
        <Placemark id="5759">
            <name>Inundated</name>
            <styleUrl>#5762</styleUrl>
            <Polygon id="5758">
                <outerBoundaryIs>
                    <LinearRing id="5760">
                        <coordinates>85.1794888273335,27.98545220295721,0.0 85.17969210915304,27.98545489427409,0.0 85.1796951407301,27.98527443942123,0.0 85.17949185924866,27.98527174812471,0.0 85.1794888273335,27.98545220295721,0.0</coordinates>
                    </LinearRing>
                </outerBoundaryIs>
            </Polygon>
        </Placemark>
        <Placemark id="5766">
            <name>Inundated</name>
            <styleUrl>#5769</styleUrl>
            <Polygon id="5765">
                <outerBoundaryIs>
                    <LinearRing id="5767">
                        <coordinates>85.17948579539028,27.98563265778467,0.0 85.17948276341897,27.98581311260709,0.0 85.17988932843852,27.985818495022095,0.0 85.17989235973361,27.985638040158957,0.0 85.17948579539028,27.98563265778467,0.0</coordinates>
                    </LinearRing>
                </outerBoundaryIs>
            </Polygon>
        </Placemark>
        <Placemark id="5773">
            <name>Inundated</name>
            <styleUrl>#5776</styleUrl>
            <Polygon id="5772">
                <outerBoundaryIs>
                    <LinearRing id="5774">
                        <coordinates>85.17968301425346,27.985996258802437,0.0 85.17967998256414,27.98617671363514,0.0 85.17988326576415,27.986179404733264,0.0 85.17988629711536,27.985998949880198,0.0 85.17968301425346,27.985996258802437,0.0</coordinates>
                    </LinearRing>
                </outerBoundaryIs>
            </Polygon>
        </Placemark>
        <Placemark id="5780">
            <name>Inundated</name>
            <styleUrl>#5783</styleUrl>
            <Polygon id="5779">
                <outerBoundaryIs>
                    <LinearRing id="5781">
                        <coordinates>85.1796739191013,27.98653762328544,0.0 85.1796708873278,27.986718078103024,0.0 85.18007745578456,27.986723460121212,0.0 85.18008048688183,27.98654300526291,0.0 85.1796739191013,27.98653762328544,0.0</coordinates>
                    </LinearRing>
                </outerBoundaryIs>
            </Polygon>
        </Placemark>
        <Placemark id="5787">
            <name>Inundated</name>
            <styleUrl>#5790</styleUrl>
            <Polygon id="5786">
                <outerBoundaryIs>
                    <LinearRing id="5788">
                        <coordinates>85.17986204551995,27.987442588563624,0.0 85.18006533111486,27.98744527950404,0.0 85.18007139350583,27.98708436982271,0.0 85.17986810858717,27.98708167892301,0.0 85.17986204551995,27.987442588563624,0.0</coordinates>
                    </LinearRing>
                </outerBoundaryIs>
            </Polygon>
        </Placemark>
        <Placemark id="5794">
            <name>Inundated</name>
            <styleUrl>#5797</styleUrl>
            <Polygon id="5793">
                <outerBoundaryIs>
                    <LinearRing id="5795">
                        <coordinates>85.18024739985258,27.988711154012677,0.0 85.18045068787059,27.98871384449512,0.0 85.18045674930178,27.988352934802915,0.0 85.18005320599622,27.98816709880625,0.0 85.18004714326854,27.98852800842712,0.0 85.18025043092035,27.988530699189447,0.0 85.18024739985258,27.988711154012677,0.0</coordinates>
                    </LinearRing>
                </outerBoundaryIs>
            </Polygon>
        </Placemark>
        <Placemark id="5801">
            <name>Inundated</name>
            <styleUrl>#5804</styleUrl>
            <Polygon id="5800">
                <outerBoundaryIs>
                    <LinearRing id="5802">
                        <coordinates>85.18065094549712,27.988896989536226,0.0 85.18064791504955,27.98907744439008,0.0 85.18085120379999,27.989080134312754,0.0 85.18085423390939,27.98889967943854,0.0 85.18065094549712,27.988896989536226,0.0</coordinates>
                    </LinearRing>
                </outerBoundaryIs>
            </Polygon>
        </Placemark>
        <Placemark id="5808">
            <name>Inundated</name>
            <styleUrl>#5811</styleUrl>
            <Polygon id="5807">
                <outerBoundaryIs>
                    <LinearRing id="5809">
                        <coordinates>85.18242200732308,27.968163454376427,0.0 85.18241898246464,27.968343909951976,0.0 85.18262223254355,27.968346595435026,0.0 85.1826252570642,27.968166139839163,0.0 85.18242200732308,27.968163454376427,0.0</coordinates>
                    </LinearRing>
                </outerBoundaryIs>
            </Polygon>
        </Placemark>
        <Placemark id="5815">
            <name>Inundated</name>
            <styleUrl>#5818</styleUrl>
            <Polygon id="5814">
                <outerBoundaryIs>
                    <LinearRing id="5816">
                        <coordinates>85.18343220994178,27.968537790039502,0.0 85.18343523313922,27.96835733436739,0.0 85.18302873278539,27.968351965501174,0.0 85.18303175663044,27.968171509864668,0.0 85.18282850683332,27.9681688250019,0.0 85.18282245843963,27.96852973622925,0.0 85.18343220994178,27.968537790039502,0.0</coordinates>
                    </LinearRing>
                </outerBoundaryIs>
            </Polygon>
        </Placemark>
        <Placemark id="5822">
            <name>Inundated</name>
            <styleUrl>#5825</styleUrl>
            <Polygon id="5821">
                <outerBoundaryIs>
                    <LinearRing id="5823">
                        <coordinates>85.18424219046233,27.96872898000168,0.0 85.18424521233652,27.968548524253354,0.0 85.1838387110832,27.968543157746403,0.0 85.18384173360502,27.968362702033666,0.0 85.18363848335812,27.968360018350523,0.0 85.18363243761087,27.96872092973034,0.0 85.18424219046233,27.96872898000168,0.0</coordinates>
                    </LinearRing>
                </outerBoundaryIs>
            </Polygon>
        </Placemark>
        <Placemark id="5829">
            <name>Inundated</name>
            <styleUrl>#5832</styleUrl>
            <Polygon id="5828">
                <outerBoundaryIs>
                    <LinearRing id="5830">
                        <coordinates>85.18464869250319,27.968734345349286,0.0 85.18464567127664,27.968914801133177,0.0 85.18484892267685,27.968917483377304,0.0 85.18485194356558,27.96873702757311,0.0 85.18464869250319,27.968734345349286,0.0</coordinates>
                    </LinearRing>
                </outerBoundaryIs>
            </Polygon>
        </Placemark>
        <Placemark id="5836">
            <name>Inundated</name>
            <styleUrl>#5839</styleUrl>
            <Polygon id="5835">
                <outerBoundaryIs>
                    <LinearRing id="5837">
                        <coordinates>85.18424219046233,27.96872898000168,0.0 85.18423916856015,27.96890943574496,0.0 85.1844424199044,27.96891211858907,0.0 85.18444544146878,27.968731662825476,0.0 85.18424219046233,27.96872898000168,0.0</coordinates>
                    </LinearRing>
                </outerBoundaryIs>
            </Polygon>
        </Placemark>
        <Placemark id="5843">
            <name>Inundated</name>
            <styleUrl>#5846</styleUrl>
            <Polygon id="5842">
                <outerBoundaryIs>
                    <LinearRing id="5844">
                        <coordinates>85.18524938505101,27.969283758640042,0.0 85.18504613291924,27.969281076955316,0.0 85.18505217410501,27.968920165321432,0.0 85.18484892267685,27.968917483377304,0.0 85.18483985984278,27.969458850759683,0.0 85.185246364754,27.96946421446973,0.0 85.18524938505101,27.969283758640042,0.0</coordinates>
                    </LinearRing>
                </outerBoundaryIs>
            </Polygon>
        </Placemark>
        <Placemark id="5850">
            <name>Inundated</name>
            <styleUrl>#5853</styleUrl>
            <Polygon id="5849">
                <outerBoundaryIs>
                    <LinearRing id="5851">
                        <coordinates>85.1854465972644,27.969647351719697,0.0 85.18544961725156,27.969466895874756,0.0 85.185246364754,27.96946421446973,0.0 85.18524032407609,27.969825126113992,0.0 85.18564683045047,27.969830488705217,0.0 85.18564985012776,27.969650032845017,0.0 85.1854465972644,27.969647351719697,0.0</coordinates>
                    </LinearRing>
                </outerBoundaryIs>
            </Polygon>
        </Placemark>
        <Placemark id="5857">
            <name>Inundated</name>
            <styleUrl>#5860</styleUrl>
            <Polygon id="5856">
                <outerBoundaryIs>
                    <LinearRing id="5858">
                        <coordinates>85.18564683045047,27.969830488705217,0.0 85.18564381074522,27.970010944560382,0.0 85.18584706431217,27.970013625426276,0.0 85.18585008367958,27.969833169550824,0.0 85.18564683045047,27.969830488705217,0.0</coordinates>
                    </LinearRing>
                </outerBoundaryIs>
            </Polygon>
        </Placemark>
        <Placemark id="5864">
            <name>Inundated</name>
            <styleUrl>#5867</styleUrl>
            <Polygon id="5863">
                <outerBoundaryIs>
                    <LinearRing id="5865">
                        <coordinates>85.18665706081549,27.970204801841348,0.0 85.18666007885952,27.970024345889787,0.0 85.18625357152995,27.970018986258047,0.0 85.1862565902217,27.969838530342017,0.0 85.18605333693668,27.969835850096423,0.0 85.18604729884956,27.970196761882878,0.0 85.18665706081549,27.970204801841348,0.0</coordinates>
                    </LinearRing>
                </outerBoundaryIs>
            </Polygon>
        </Placemark>
        <Placemark id="5871">
            <name>Inundated</name>
            <styleUrl>#5874</styleUrl>
            <Polygon id="5870">
                <outerBoundaryIs>
                    <LinearRing id="5872">
                        <coordinates>85.18643871447038,27.971104401736067,0.0 85.18643569592084,27.971284857637134,0.0 85.18663895196451,27.971287537444976,0.0 85.1866419701762,27.97110708152362,0.0 85.18643871447038,27.971104401736067,0.0</coordinates>
                    </LinearRing>
                </outerBoundaryIs>
            </Polygon>
        </Placemark>
        <Placemark id="5878">
            <name>Inundated</name>
            <styleUrl>#5881</styleUrl>
            <Polygon id="5877">
                <outerBoundaryIs>
                    <LinearRing id="5879">
                        <coordinates>85.186023145383,27.971640408827295,0.0 85.1860201260739,27.971820864672683,0.0 85.18622338307523,27.971823545141422,0.0 85.18622640204649,27.971643089275744,0.0 85.186023145383,27.971640408827295,0.0</coordinates>
                    </LinearRing>
                </outerBoundaryIs>
            </Polygon>
        </Placemark>
        <Placemark id="5885">
            <name>Inundated</name>
            <styleUrl>#5888</styleUrl>
            <Polygon id="5884">
                <outerBoundaryIs>
                    <LinearRing id="5886">
                        <coordinates>85.18601710673683,27.972001320513048,0.0 85.18601408737182,27.972181776348368,0.0 85.1862173450489,27.97218445685768,0.0 85.18622036407604,27.972004001002073,0.0 85.18601710673683,27.972001320513048,0.0</coordinates>
                    </LinearRing>
                </outerBoundaryIs>
            </Polygon>
        </Placemark>
        <Placemark id="5892">
            <name>Inundated</name>
            <styleUrl>#5895</styleUrl>
            <Polygon id="5891">
                <outerBoundaryIs>
                    <LinearRing id="5893">
                        <coordinates>85.18621130691075,27.972545368553792,0.0 85.18641456529153,27.972548048803638,0.0 85.1864175840367,27.972367592937818,0.0 85.1862143259938,27.972364912708255,0.0 85.18621130691075,27.972545368553792,0.0</coordinates>
                    </LinearRing>
                </outerBoundaryIs>
            </Polygon>
        </Placemark>
        <Placemark id="5899">
            <name>Inundated</name>
            <styleUrl>#5902</styleUrl>
            <Polygon id="5898">
                <outerBoundaryIs>
                    <LinearRing id="5900">
                        <coordinates>85.1864115465184,27.972728504664428,0.0 85.18702132284204,27.972736543674564,0.0 85.18701830505462,27.97291699959116,0.0 85.18742482341918,27.97292235747159,0.0 85.18743085761459,27.972561445552273,0.0 85.18641456529153,27.972548048803638,0.0 85.1864115465184,27.972728504664428,0.0</coordinates>
                    </LinearRing>
                </outerBoundaryIs>
            </Polygon>
        </Placemark>
        <Placemark id="5906">
            <name>Inundated</name>
            <styleUrl>#5909</styleUrl>
            <Polygon id="5905">
                <outerBoundaryIs>
                    <LinearRing id="5907">
                        <coordinates>85.18413338435595,27.975225383587485,0.0 85.1849464372022,27.97523611600642,0.0 85.18494945873208,27.97505566035817,0.0 85.1841364072375,27.975044928020456,0.0 85.18413338435595,27.975225383587485,0.0</coordinates>
                    </LinearRing>
                </outerBoundaryIs>
            </Polygon>
        </Placemark>
        <Placemark id="5913">
            <name>Inundated</name>
            <styleUrl>#5916</styleUrl>
            <Polygon id="5912">
                <outerBoundaryIs>
                    <LinearRing id="5914">
                        <coordinates>85.18494341564436,27.975416571649628,0.0 85.18514667926378,27.97541925402448,0.0 85.1851497004837,27.975238798360973,0.0 85.1849464372022,27.97523611600642,0.0 85.18494341564436,27.975416571649628,0.0</coordinates>
                    </LinearRing>
                </outerBoundaryIs>
            </Polygon>
        </Placemark>
        <Placemark id="5920">
            <name>Inundated</name>
            <styleUrl>#5923</styleUrl>
            <Polygon id="5919">
                <outerBoundaryIs>
                    <LinearRing id="5921">
                        <coordinates>85.18392407469143,27.97558361081091,0.0 85.18412733850889,27.975586294706442,0.0 85.18413338435595,27.975225383587485,0.0 85.18393012121433,27.975222699732576,0.0 85.18392407469143,27.97558361081091,0.0</coordinates>
                    </LinearRing>
                </outerBoundaryIs>
            </Polygon>
        </Placemark>
        <Placemark id="5927">
            <name>Inundated</name>
            <styleUrl>#5930</styleUrl>
            <Polygon id="5926">
                <outerBoundaryIs>
                    <LinearRing id="5928">
                        <coordinates>85.18514667926378,27.97541925402448,0.0 85.1851436580159,27.975599709682964,0.0 85.18575345005577,27.975607755067944,0.0 85.18555622713063,27.975244162169858,0.0 85.18514667926378,27.97541925402448,0.0</coordinates>
                    </LinearRing>
                </outerBoundaryIs>
            </Polygon>
        </Placemark>
        <Placemark id="5934">
            <name>Inundated</name>
            <styleUrl>#5937</styleUrl>
            <Polygon id="5933">
                <outerBoundaryIs>
                    <LinearRing id="5935">
                        <coordinates>85.18595671412498,27.975610436262787,0.0 85.18595369420085,27.975790891997402,0.0 85.18615695863596,27.975793572912455,0.0 85.18615997822216,27.97561311715755,0.0 85.18595671412498,27.975610436262787,0.0</coordinates>
                    </LinearRing>
                </outerBoundaryIs>
            </Polygon>
        </Placemark>
        <Placemark id="5941">
            <name>Inundated</name>
            <styleUrl>#5944</styleUrl>
            <Polygon id="5940">
                <outerBoundaryIs>
                    <LinearRing id="5942">
                        <coordinates>85.1837177872606,27.975761382126603,0.0 85.18371173989388,27.976122293134093,0.0 85.18391500469716,27.976124977390636,0.0 85.183921051388,27.975764066342528,0.0 85.1837177872606,27.975761382126603,0.0</coordinates>
                    </LinearRing>
                </outerBoundaryIs>
            </Polygon>
        </Placemark>
        <Placemark id="5948">
            <name>Inundated</name>
            <styleUrl>#5951</styleUrl>
            <Polygon id="5947">
                <outerBoundaryIs>
                    <LinearRing id="5949">
                        <coordinates>85.18656046865175,27.975979389632744,0.0 85.18655443069132,27.97634030119851,0.0 85.18675769622409,27.976342981274165,0.0 85.1867546775399,27.97652343706977,0.0 85.18716120936517,27.976528796361368,0.0 85.18716422737347,27.976348340525206,0.0 85.18696096178482,27.976345661049727,0.0 85.18696398010313,27.976165205228803,0.0 85.18656046865175,27.975979389632744,0.0</coordinates>
                    </LinearRing>
                </outerBoundaryIs>
            </Polygon>
        </Placemark>
        <Placemark id="5955">
            <name>Inundated</name>
            <styleUrl>#5958</styleUrl>
            <Polygon id="5954">
                <outerBoundaryIs>
                    <LinearRing id="5956">
                        <coordinates>85.18350242696405,27.976480519524184,0.0 85.18349940284479,27.976660974989986,0.0 85.18370266863388,27.97666365960756,0.0 85.1837056924152,27.97648320412144,0.0 85.18350242696405,27.976480519524184,0.0</coordinates>
                    </LinearRing>
                </outerBoundaryIs>
            </Polygon>
        </Placemark>
        <Placemark id="5962">
            <name>Inundated</name>
            <styleUrl>#5965</styleUrl>
            <Polygon id="5961">
                <outerBoundaryIs>
                    <LinearRing id="5963">
                        <coordinates>85.1834963786975,27.976841430450754,0.0 85.18349940284479,27.976660974989986,0.0 85.18329613708367,27.976658290072322,0.0 85.18329311259845,27.976838745512772,0.0 85.1834963786975,27.976841430450754,0.0</coordinates>
                    </LinearRing>
                </outerBoundaryIs>
            </Polygon>
        </Placemark>
        <Placemark id="5969">
            <name>Inundated</name>
            <styleUrl>#5972</styleUrl>
            <Polygon id="5968">
                <outerBoundaryIs>
                    <LinearRing id="5970">
                        <coordinates>85.18288053007814,27.977194285521033,0.0 85.18287750483299,27.977374740905734,0.0 85.1832840389748,27.977380111803896,0.0 85.18328706354403,27.977199656378556,0.0 85.18288053007814,27.977194285521033,0.0</coordinates>
                    </LinearRing>
                </outerBoundaryIs>
            </Polygon>
        </Placemark>
        <Placemark id="5976">
            <name>Inundated</name>
            <styleUrl>#5979</styleUrl>
            <Polygon id="5975">
                <outerBoundaryIs>
                    <LinearRing id="5977">
                        <coordinates>85.18266213519165,27.978093876413624,0.0 85.18306867198116,27.978099248074567,0.0 85.18307169700034,27.9779187926897,0.0 85.18266516088678,27.9779134210694,0.0 85.18266213519165,27.978093876413624,0.0</coordinates>
                    </LinearRing>
                </outerBoundaryIs>
            </Polygon>
        </Placemark>
        <Placemark id="5983">
            <name>Inundated</name>
            <styleUrl>#5986</styleUrl>
            <Polygon id="5982">
                <outerBoundaryIs>
                    <LinearRing id="5984">
                        <coordinates>85.18265608371735,27.978454787086964,0.0 85.18285935277405,27.978457473108136,0.0 85.18286237818722,27.978277017753665,0.0 85.1826591094685,27.978274331752814,0.0 85.18265608371735,27.978454787086964,0.0</coordinates>
                    </LinearRing>
                </outerBoundaryIs>
            </Polygon>
        </Placemark>
        <Placemark id="5990">
            <name>Inundated</name>
            <styleUrl>#5993</styleUrl>
            <Polygon id="5989">
                <outerBoundaryIs>
                    <LinearRing id="5991">
                        <coordinates>85.18244071005202,27.979173921970588,0.0 85.18243768382281,27.979354377259224,0.0 85.18284422528805,27.979359749804953,0.0 85.18284725084126,27.979179294475664,0.0 85.18244071005202,27.979173921970588,0.0</coordinates>
                    </LinearRing>
                </outerBoundaryIs>
            </Polygon>
        </Placemark>
        <Placemark id="5997">
            <name>Inundated</name>
            <styleUrl>#6000</styleUrl>
            <Polygon id="5996">
                <outerBoundaryIs>
                    <LinearRing id="5998">
                        <coordinates>85.18222533326255,27.97989305631087,0.0 85.18222230658328,27.98007351155903,0.0 85.18242557862587,27.980076198363403,0.0 85.18242860496713,27.97989574309491,0.0 85.18222533326255,27.97989305631087,0.0</coordinates>
                    </LinearRing>
                </outerBoundaryIs>
            </Polygon>
        </Placemark>
        <Placemark id="6004">
            <name>Inundated</name>
            <styleUrl>#6007</styleUrl>
            <Polygon id="6003">
                <outerBoundaryIs>
                    <LinearRing id="6005">
                        <coordinates>85.18269896579126,27.988021599686665,0.0 85.18269593886535,27.988202054769104,0.0 85.18289922620535,27.98820474158769,0.0 85.18290225279311,27.98802428648492,0.0 85.18269896579126,27.988021599686665,0.0</coordinates>
                    </LinearRing>
                </outerBoundaryIs>
            </Polygon>
        </Placemark>
        <Placemark id="6011">
            <name>Inundated</name>
            <styleUrl>#6014</styleUrl>
            <Polygon id="6010">
                <outerBoundaryIs>
                    <LinearRing id="6012">
                        <coordinates>85.18308132904177,27.989470613826594,0.0 85.18307830256805,27.989651068909374,0.0 85.18328159266935,27.98965375529007,0.0 85.18328461880489,27.989473300186965,0.0 85.18308132904177,27.989470613826594,0.0</coordinates>
                    </LinearRing>
                </outerBoundaryIs>
            </Polygon>
        </Placemark>
        <Placemark id="6018">
            <name>Inundated</name>
            <styleUrl>#6021</styleUrl>
            <Polygon id="6017">
                <outerBoundaryIs>
                    <LinearRing id="6019">
                        <coordinates>85.18346975339166,27.990558716912062,0.0 85.1834637014328,27.99091962709341,0.0 85.18366699395739,27.990922313015826,0.0 85.18367304523987,27.990561402793837,0.0 85.18346975339166,27.990558716912062,0.0</coordinates>
                    </LinearRing>
                </outerBoundaryIs>
            </Polygon>
        </Placemark>
        <Placemark id="6025">
            <name>Inundated</name>
            <styleUrl>#6028</styleUrl>
            <Polygon id="6024">
                <outerBoundaryIs>
                    <LinearRing id="6026">
                        <coordinates>85.18223789074433,27.991264415170598,0.0 85.18224091882297,27.991083960214475,0.0 85.18183736224469,27.990898128904462,0.0 85.18183130476267,27.99125903874041,0.0 85.18223789074433,27.991264415170598,0.0</coordinates>
                    </LinearRing>
                </outerBoundaryIs>
            </Polygon>
        </Placemark>
        <Placemark id="6032">
            <name>Inundated</name>
            <styleUrl>#6035</styleUrl>
            <Polygon id="6031">
                <outerBoundaryIs>
                    <LinearRing id="6033">
                        <coordinates>85.18366396827413,27.991102768119262,0.0 85.1836609425629,27.991283223217668,0.0 85.18386423579187,27.99128590888044,0.0 85.18386726116493,27.991105453761723,0.0 85.18366396827413,27.991102768119262,0.0</coordinates>
                    </LinearRing>
                </outerBoundaryIs>
            </Polygon>
        </Placemark>
        <Placemark id="6039">
            <name>Inundated</name>
            <styleUrl>#6042</styleUrl>
            <Polygon id="6038">
                <outerBoundaryIs>
                    <LinearRing id="6040">
                        <coordinates>85.18202551232079,27.991803091882772,0.0 85.18222880634025,27.99180578000874,0.0 85.18223183450297,27.99162532506773,0.0 85.18202854082172,27.9916226369621,0.0 85.18202551232079,27.991803091882772,0.0</coordinates>
                    </LinearRing>
                </outerBoundaryIs>
            </Polygon>
        </Placemark>
        <Placemark id="6046">
            <name>Inundated</name>
            <styleUrl>#6049</styleUrl>
            <Polygon id="6045">
                <outerBoundaryIs>
                    <LinearRing id="6047">
                        <coordinates>85.18180707371319,27.992702677882626,0.0 85.18201036939568,27.99270536641055,0.0 85.18201339803676,27.992524911515073,0.0 85.1818101026925,27.992522223007487,0.0 85.18180707371319,27.992702677882626,0.0</coordinates>
                    </LinearRing>
                </outerBoundaryIs>
            </Polygon>
        </Placemark>
        <Placemark id="6053">
            <name>Inundated</name>
            <styleUrl>#6056</styleUrl>
            <Polygon id="6052">
                <outerBoundaryIs>
                    <LinearRing id="6054">
                        <coordinates>85.18200734072656,27.99288582130099,0.0 85.1820043120294,27.99306627618639,0.0 85.18220760841639,27.993068964454697,0.0 85.18221063677531,27.99288850954896,0.0 85.18200734072656,27.99288582130099,0.0</coordinates>
                    </LinearRing>
                </outerBoundaryIs>
            </Polygon>
        </Placemark>
        <Placemark id="6060">
            <name>Inundated</name>
            <styleUrl>#6063</styleUrl>
            <Polygon id="6059">
                <outerBoundaryIs>
                    <LinearRing id="6061">
                        <coordinates>85.18259906244172,27.99397661474681,0.0 85.18260511805889,27.99361570489937,0.0 85.18219852317142,27.99361032914166,0.0 85.18219549470037,27.993790784027237,0.0 85.18259906244172,27.99397661474681,0.0</coordinates>
                    </LinearRing>
                </outerBoundaryIs>
            </Polygon>
        </Placemark>
        <Placemark id="6067">
            <name>Inundated</name>
            <styleUrl>#6070</styleUrl>
            <Polygon id="6066">
                <outerBoundaryIs>
                    <LinearRing id="6068">
                        <coordinates>85.18763109941715,27.972744579984326,0.0 85.18762808264337,27.972925035961733,0.0 85.18783134189549,27.97292771415184,0.0 85.18783435833139,27.97274725815416,0.0 85.18763109941715,27.972744579984326,0.0</coordinates>
                    </LinearRing>
                </outerBoundaryIs>
            </Polygon>
        </Placemark>
        <Placemark id="6074">
            <name>Inundated</name>
            <styleUrl>#6077</styleUrl>
            <Polygon id="6073">
                <outerBoundaryIs>
                    <LinearRing id="6075">
                        <coordinates>85.18803761727354,27.97274993602395,0.0 85.18803460117553,27.972930392041896,0.0 85.18844111981937,27.972935746921877,0.0 85.18844413524161,27.972755290863407,0.0 85.18803761727354,27.97274993602395,0.0</coordinates>
                    </LinearRing>
                </outerBoundaryIs>
            </Polygon>
        </Placemark>
        <Placemark id="6081">
            <name>Inundated</name>
            <styleUrl>#6084</styleUrl>
            <Polygon id="6080">
                <outerBoundaryIs>
                    <LinearRing id="6082">
                        <coordinates>85.18904486909359,27.973304689214896,0.0 85.1890508979945,27.972943776991514,0.0 85.18844111981937,27.972935746921877,0.0 85.1884381043692,27.973116202975316,0.0 85.18884462380049,27.97312155669563,0.0 85.18884160899819,27.973302012784547,0.0 85.18904486909359,27.973304689214896,0.0</coordinates>
                    </LinearRing>
                </outerBoundaryIs>
            </Polygon>
        </Placemark>
        <Placemark id="6088">
            <name>Inundated</name>
            <styleUrl>#6091</styleUrl>
            <Polygon id="6087">
                <outerBoundaryIs>
                    <LinearRing id="6089">
                        <coordinates>85.18925114334343,27.973126909215758,0.0 85.1892481292169,27.973307365345182,0.0 85.18945138936812,27.973310041175424,0.0 85.18945440315676,27.97312958502575,0.0 85.18925114334343,27.973126909215758,0.0</coordinates>
                    </LinearRing>
                </outerBoundaryIs>
            </Polygon>
        </Placemark>
        <Placemark id="6095">
            <name>Inundated</name>
            <styleUrl>#6098</styleUrl>
            <Polygon id="6094">
                <outerBoundaryIs>
                    <LinearRing id="6096">
                        <coordinates>85.18944837555159,27.973490497320064,0.0 85.18985489661353,27.973495848120884,0.0 85.19005213149694,27.973859435466878,0.0 85.19045865407783,27.97386478454834,0.0 85.19046166626067,27.973684328312554,0.0 85.19025840529417,27.973681653942087,0.0 85.19006116998918,27.97331806686584,0.0 85.18945138936812,27.973310041175424,0.0 85.18944837555159,27.973490497320064,0.0</coordinates>
                    </LinearRing>
                </outerBoundaryIs>
            </Polygon>
        </Placemark>
        <Placemark id="6102">
            <name>Inundated</name>
            <styleUrl>#6105</styleUrl>
            <Polygon id="6101">
                <outerBoundaryIs>
                    <LinearRing id="6103">
                        <coordinates>85.1904556418671,27.974045240779095,0.0 85.1906589035373,27.97404791488998,0.0 85.1906619154101,27.97386745863898,0.0 85.19045865407783,27.97386478454834,0.0 85.1904556418671,27.974045240779095,0.0</coordinates>
                    </LinearRing>
                </outerBoundaryIs>
            </Polygon>
        </Placemark>
        <Placemark id="6109">
            <name>Inundated</name>
            <styleUrl>#6112</styleUrl>
            <Polygon id="6108">
                <outerBoundaryIs>
                    <LinearRing id="6110">
                        <coordinates>85.19207270731951,27.974607994412015,0.0 85.19247923316118,27.974613337654045,0.0 85.19248224207642,27.97443288123612,0.0 85.1920757169106,27.97442753803453,0.0 85.19207270731951,27.974607994412015,0.0</coordinates>
                    </LinearRing>
                </outerBoundaryIs>
            </Polygon>
        </Placemark>
        <Placemark id="6116">
            <name>Inundated</name>
            <styleUrl>#6119</styleUrl>
            <Polygon id="6115">
                <outerBoundaryIs>
                    <LinearRing id="6117">
                        <coordinates>85.1941083438538,27.974454242039823,0.0 85.19410533764189,27.974634698619397,0.0 85.19430860082724,27.97463736738975,0.0 85.19431160670125,27.97445691078998,0.0 85.1941083438538,27.974454242039823,0.0</coordinates>
                    </LinearRing>
                </outerBoundaryIs>
            </Polygon>
        </Placemark>
        <Placemark id="6123">
            <name>Inundated</name>
            <styleUrl>#6126</styleUrl>
            <Polygon id="6122">
                <outerBoundaryIs>
                    <LinearRing id="6124">
                        <coordinates>85.1937018182424,27.9744489036393,0.0 85.19369580443907,27.974809816712618,0.0 85.19389906790668,27.974812486103318,0.0 85.19390508103419,27.974451572989594,0.0 85.1937018182424,27.9744489036393,0.0</coordinates>
                    </LinearRing>
                </outerBoundaryIs>
            </Polygon>
        </Placemark>
        <Placemark id="6130">
            <name>Inundated</name>
            <styleUrl>#6133</styleUrl>
            <Polygon id="6129">
                <outerBoundaryIs>
                    <LinearRing id="6131">
                        <coordinates>85.19166317129452,27.97478310630172,0.0 85.1916691918562,27.97442219363267,0.0 85.1914659293708,27.974419520981645,0.0 85.19146291876599,27.974599977298457,0.0 85.191056393203,27.974594631055744,0.0 85.19105338189448,27.974775087327075,0.0 85.19166317129452,27.97478310630172,0.0</coordinates>
                    </LinearRing>
                </outerBoundaryIs>
            </Polygon>
        </Placemark>
        <Placemark id="6137">
            <name>Inundated</name>
            <styleUrl>#6140</styleUrl>
            <Polygon id="6136">
                <outerBoundaryIs>
                    <LinearRing id="6138">
                        <coordinates>85.19308902213261,27.97462135026657,0.0 85.19308601420327,27.9748018067401,0.0 85.1934925409993,27.974807147021853,0.0 85.1934955482528,27.97462669050791,0.0 85.19308902213261,27.97462135026657,0.0</coordinates>
                    </LinearRing>
                </outerBoundaryIs>
            </Polygon>
        </Placemark>
        <Placemark id="6144">
            <name>Inundated</name>
            <styleUrl>#6147</styleUrl>
            <Polygon id="6143">
                <outerBoundaryIs>
                    <LinearRing id="6145">
                        <coordinates>85.19247923316118,27.974613337654045,0.0 85.19247622421808,27.974793794066933,0.0 85.19288275084702,27.974799136149116,0.0 85.19288575911429,27.974618679695794,0.0 85.19247923316118,27.974613337654045,0.0</coordinates>
                    </LinearRing>
                </outerBoundaryIs>
            </Polygon>
        </Placemark>
        <Placemark id="6151">
            <name>Inundated</name>
            <styleUrl>#6154</styleUrl>
            <Polygon id="6150">
                <outerBoundaryIs>
                    <LinearRing id="6152">
                        <coordinates>85.19471212205548,27.97482316066538,0.0 85.19470911680168,27.975003617295478,0.0 85.19491238074636,27.975006285206,0.0 85.19491538566223,27.97482582855571,0.0 85.19471212205548,27.97482316066538,0.0</coordinates>
                    </LinearRing>
                </outerBoundaryIs>
            </Polygon>
        </Placemark>
        <Placemark id="6158">
            <name>Inundated</name>
            <styleUrl>#6161</styleUrl>
            <Polygon id="6157">
                <outerBoundaryIs>
                    <LinearRing id="6159">
                        <coordinates>85.19531890871919,27.975011620126818,0.0 85.19531590445132,27.975192076812444,0.0 85.19551916881738,27.975194743842923,0.0 85.1955221727473,27.975014287137117,0.0 85.19531890871919,27.975011620126818,0.0</coordinates>
                    </LinearRing>
                </outerBoundaryIs>
            </Polygon>
        </Placemark>
        <Placemark id="6165">
            <name>Inundated</name>
            <styleUrl>#6168</styleUrl>
            <Polygon id="6164">
                <outerBoundaryIs>
                    <LinearRing id="6166">
                        <coordinates>85.1965354910648,27.97520807449415,0.0 85.19673875559766,27.975210739724155,0.0 85.19674175750002,27.975030282897304,0.0 85.19653849330507,27.975027617687463,0.0 85.1965354910648,27.97520807449415,0.0</coordinates>
                    </LinearRing>
                </outerBoundaryIs>
            </Polygon>
        </Placemark>
        <Placemark id="6172">
            <name>Inundated</name>
            <styleUrl>#6175</styleUrl>
            <Polygon id="6171">
                <outerBoundaryIs>
                    <LinearRing id="6173">
                        <coordinates>85.19693901856613,27.975393861496084,0.0 85.19714228349252,27.9753965261461,0.0 85.19714828597327,27.975035612416754,0.0 85.19694502172275,27.975032947807062,0.0 85.19693901856613,27.975393861496084,0.0</coordinates>
                    </LinearRing>
                </outerBoundaryIs>
            </Polygon>
        </Placemark>
        <Placemark id="6179">
            <name>Inundated</name>
            <styleUrl>#6182</styleUrl>
            <Polygon id="6178">
                <outerBoundaryIs>
                    <LinearRing id="6180">
                        <coordinates>85.19572543680326,27.975016953847337,0.0 85.19571942959146,27.97537786729428,0.0 85.19592269435108,27.975380533744783,0.0 85.195928700887,27.97501962025748,0.0 85.19572543680326,27.975016953847337,0.0</coordinates>
                    </LinearRing>
                </outerBoundaryIs>
            </Polygon>
        </Placemark>
        <Placemark id="6186">
            <name>Inundated</name>
            <styleUrl>#6189</styleUrl>
            <Polygon id="6185">
                <outerBoundaryIs>
                    <LinearRing id="6187">
                        <coordinates>85.19612896208243,27.975202743133895,0.0 85.19612595913848,27.975383199895205,0.0 85.19653248879672,27.975388531295806,0.0 85.1965354910648,27.97520807449415,0.0 85.19612896208243,27.975202743133895,0.0</coordinates>
                    </LinearRing>
                </outerBoundaryIs>
            </Polygon>
        </Placemark>
        <Placemark id="6193">
            <name>Inundated</name>
            <styleUrl>#6196</styleUrl>
            <Polygon id="6192">
                <outerBoundaryIs>
                    <LinearRing id="6194">
                        <coordinates>85.19286169219636,27.976062331181417,0.0 85.19285868370629,27.97624278759447,0.0 85.19326521585356,27.976248128799707,0.0 85.19326822366774,27.97606767234624,0.0 85.19286169219636,27.976062331181417,0.0</coordinates>
                    </LinearRing>
                </outerBoundaryIs>
            </Polygon>
        </Placemark>
        <Placemark id="6200">
            <name>Inundated</name>
            <styleUrl>#6203</styleUrl>
            <Polygon id="6199">
                <outerBoundaryIs>
                    <LinearRing id="6201">
                        <coordinates>85.1934714894452,27.97607034247852,0.0 85.19346547446489,27.976431255420835,0.0 85.19366874094607,27.97643392529344,0.0 85.19367475525051,27.97607301231071,0.0 85.1934714894452,27.97607034247852,0.0</coordinates>
                    </LinearRing>
                </outerBoundaryIs>
            </Polygon>
        </Placemark>
        <Placemark id="6207">
            <name>Inundated</name>
            <styleUrl>#6210</styleUrl>
            <Polygon id="6206">
                <outerBoundaryIs>
                    <LinearRing id="6208">
                        <coordinates>85.1938750142833,27.976256138356895,0.0 85.19387200745511,27.976436594865945,0.0 85.1942785405567,27.976441933110685,0.0 85.19428154670898,27.976261476561238,0.0 85.1938750142833,27.976256138356895,0.0</coordinates>
                    </LinearRing>
                </outerBoundaryIs>
            </Polygon>
        </Placemark>
        <Placemark id="6214">
            <name>Inundated</name>
            <styleUrl>#6217</styleUrl>
            <Polygon id="6213">
                <outerBoundaryIs>
                    <LinearRing id="6215">
                        <coordinates>85.19468807924598,27.976266813565214,0.0 85.19468507376959,27.976447270155052,0.0 85.19509160709379,27.97645260599904,0.0 85.19509461189428,27.976272149368825,0.0 85.19468807924598,27.976266813565214,0.0</coordinates>
                    </LinearRing>
                </outerBoundaryIs>
            </Polygon>
        </Placemark>
        <Placemark id="6221">
            <name>Inundated</name>
            <styleUrl>#6224</styleUrl>
            <Polygon id="6220">
                <outerBoundaryIs>
                    <LinearRing id="6222">
                        <coordinates>85.19529787826016,27.9762748168205,0.0 85.19529487379762,27.976455273470897,0.0 85.19549814052927,27.97645794064266,0.0 85.19550114465386,27.97627748397208,0.0 85.19529787826016,27.9762748168205,0.0</coordinates>
                    </LinearRing>
                </outerBoundaryIs>
            </Polygon>
        </Placemark>
        <Placemark id="6228">
            <name>Inundated</name>
            <styleUrl>#6231</styleUrl>
            <Polygon id="6227">
                <outerBoundaryIs>
                    <LinearRing id="6229">
                        <coordinates>85.19224286660288,27.976595686225647,0.0 85.19244613325493,27.976598357919013,0.0 85.1924491424766,27.97641790155646,0.0 85.19224587616252,27.976415229883308,0.0 85.19224286660288,27.976595686225647,0.0</coordinates>
                    </LinearRing>
                </outerBoundaryIs>
            </Polygon>
        </Placemark>
        <Placemark id="6235">
            <name>Inundated</name>
            <styleUrl>#6238</styleUrl>
            <Polygon id="6234">
                <outerBoundaryIs>
                    <LinearRing id="6236">
                        <coordinates>85.19163005621262,27.976768125621614,0.0 85.191833323119,27.976770798235485,0.0 85.1918363333824,27.97659034193862,0.0 85.19163306681395,27.97658766934498,0.0 85.19163005621262,27.976768125621614,0.0</coordinates>
                    </LinearRing>
                </outerBoundaryIs>
            </Polygon>
        </Placemark>
        <Placemark id="6242">
            <name>Inundated</name>
            <styleUrl>#6245</styleUrl>
            <Polygon id="6241">
                <outerBoundaryIs>
                    <LinearRing id="6243">
                        <coordinates>85.18736447531973,27.976531475557035,0.0 85.18736145762144,27.976711931408435,0.0 85.18756472394188,27.976714610324287,0.0 85.18756774130222,27.97653415445261,0.0 85.18736447531973,27.976531475557035,0.0</coordinates>
                    </LinearRing>
                </outerBoundaryIs>
            </Polygon>
        </Placemark>
        <Placemark id="6249">
            <name>Inundated</name>
            <styleUrl>#6252</styleUrl>
            <Polygon id="6248">
                <outerBoundaryIs>
                    <LinearRing id="6250">
                        <coordinates>85.19203959997871,27.976593014232183,0.0 85.19203659005328,27.976773470549265,0.0 85.1922398570154,27.97677614256295,0.0 85.19224286660288,27.976595686225647,0.0 85.19203959997871,27.976593014232183,0.0</coordinates>
                    </LinearRing>
                </outerBoundaryIs>
            </Polygon>
        </Placemark>
        <Placemark id="6256">
            <name>Inundated</name>
            <styleUrl>#6259</styleUrl>
            <Polygon id="6255">
                <outerBoundaryIs>
                    <LinearRing id="6257">
                        <coordinates>85.18756472394188,27.976714610324287,0.0 85.18756170655358,27.976895066190927,0.0 85.18837477346645,27.97690577893445,0.0 85.18837778950292,27.97672532298675,0.0 85.18797125666654,27.976719967255704,0.0 85.18797427335099,27.976539511343493,0.0 85.18756472394188,27.976714610324287,0.0</coordinates>
                    </LinearRing>
                </outerBoundaryIs>
            </Polygon>
        </Placemark>
        <Placemark id="6263">
            <name>Inundated</name>
            <styleUrl>#6266</styleUrl>
            <Polygon id="6262">
                <outerBoundaryIs>
                    <LinearRing id="6264">
                        <coordinates>85.19122051117832,27.976943235724725,0.0 85.19142377836691,27.97694590895902,0.0 85.19142678933409,27.976765452707646,0.0 85.19122352248344,27.976762779493576,0.0 85.19122051117832,27.976943235724725,0.0</coordinates>
                    </LinearRing>
                </outerBoundaryIs>
            </Polygon>
        </Placemark>
        <Placemark id="6270">
            <name>Inundated</name>
            <styleUrl>#6273</styleUrl>
            <Polygon id="6269">
                <outerBoundaryIs>
                    <LinearRing id="6271">
                        <coordinates>85.19081096487581,27.9771183445415,0.0 85.19101423234662,27.97712101839622,0.0 85.19101724401759,27.976940562190336,0.0 85.19081397688473,27.97693788835585,0.0 85.19081096487581,27.9771183445415,0.0</coordinates>
                    </LinearRing>
                </outerBoundaryIs>
            </Polygon>
        </Placemark>
        <Placemark id="6277">
            <name>Inundated</name>
            <styleUrl>#6280</styleUrl>
            <Polygon id="6276">
                <outerBoundaryIs>
                    <LinearRing id="6278">
                        <coordinates>85.18837477346645,27.97690577893445,0.0 85.18837175740204,27.97708623487712,0.0 85.18857502453803,27.977088912333024,0.0 85.18857804026447,27.976908456370094,0.0 85.18837477346645,27.97690577893445,0.0</coordinates>
                    </LinearRing>
                </outerBoundaryIs>
            </Polygon>
        </Placemark>
        <Placemark id="6284">
            <name>Inundated</name>
            <styleUrl>#6287</styleUrl>
            <Polygon id="6283">
                <outerBoundaryIs>
                    <LinearRing id="6285">
                        <coordinates>85.19060769743288,27.977115670386674,0.0 85.19060468505812,27.977296126547056,0.0 85.190807952839,27.977298800722114,0.0 85.19081096487581,27.9771183445415,0.0 85.19060769743288,27.977115670386674,0.0</coordinates>
                    </LinearRing>
                </outerBoundaryIs>
            </Polygon>
        </Placemark>
        <Placemark id="6291">
            <name>Inundated</name>
            <styleUrl>#6294</styleUrl>
            <Polygon id="6290">
                <outerBoundaryIs>
                    <LinearRing id="6292">
                        <coordinates>85.18857200878367,27.97726936829092,0.0 85.18918181137299,27.97727739891882,0.0 85.18918482611348,27.977096942900154,0.0 85.18857502453803,27.977088912333024,0.0 85.18857200878367,27.97726936829092,0.0</coordinates>
                    </LinearRing>
                </outerBoundaryIs>
            </Polygon>
        </Placemark>
        <Placemark id="6298">
            <name>Inundated</name>
            <styleUrl>#6301</styleUrl>
            <Polygon id="6297">
                <outerBoundaryIs>
                    <LinearRing id="6299">
                        <coordinates>85.1891787966046,27.977457854932446,0.0 85.18938206452816,27.977460531228466,0.0 85.1893850789586,27.977280075194585,0.0 85.18918181137299,27.97727739891882,0.0 85.1891787966046,27.977457854932446,0.0</coordinates>
                    </LinearRing>
                </outerBoundaryIs>
            </Polygon>
        </Placemark>
        <Placemark id="6305">
            <name>Inundated</name>
            <styleUrl>#6308</styleUrl>
            <Polygon id="6304">
                <outerBoundaryIs>
                    <LinearRing id="6306">
                        <coordinates>85.18958231835926,27.977643663273472,0.0 85.19059866022492,27.97765703885271,0.0 85.19060468505812,27.977296126547056,0.0 85.19040141730513,27.977293452071898,0.0 85.1903984045645,27.977473908207003,0.0 85.189788600459,27.977465882920193,0.0 85.1897916142135,27.97728542684581,0.0 85.1895883465721,27.97728275117025,0.0 85.18958231835926,27.977643663273472,0.0</coordinates>
                    </LinearRing>
                </outerBoundaryIs>
            </Polygon>
        </Placemark>
    </Document>
</kml>
